table_name,record_identifier,rejection_reason,rejected_at,raw_payload
customers,CUST_006968,DUPLICATE_CUSTOMER_ID,2026-09-08T16:00:15.279862+00:00,"{""customer_id"": ""CUST_006968"", ""name"": ""Shirley Reyes"", ""gender"": ""Female"", ""age"": 29.0, ""city"": ""Detroit"", ""state"": ""MI"", ""signup_date"": ""2022-07-06"", ""is_age_imputed"": false}"
customers,CUST_006520,DUPLICATE_CUSTOMER_ID,2026-09-08T16:00:15.279862+00:00,"{""customer_id"": ""CUST_006520"", ""name"": ""Victoria Rodriguez"", ""gender"": ""Female"", ""age"": 56.0, ""city"": ""Los Angeles"", ""state"": ""CA"", ""signup_date"": ""2023-02-03"", ""is_age_imputed"": false}"
customers,CUST_006550,DUPLICATE_CUSTOMER_ID,2026-09-08T16:00:15.279862+00:00,"{""customer_id"": ""CUST_006550"", ""name"": ""Samantha Walker"", ""gender"": ""Female"", ""age"": 24.0, ""city"": ""New York"", ""state"": ""NY"", ""signup_date"": ""2023-09-08"", ""is_age_imputed"": false}"
customers,CUST_004235,DUPLICATE_CUSTOMER_ID,2026-09-08T16:00:15.279862+00:00,"{""customer_id"": ""CUST_004235"", ""name"": ""Kimberly Sanchez"", ""gender"": ""Female"", ""age"": 33.0, ""city"": ""Chicago"", ""state"": ""IL"", ""signup_date"": ""2022-09-22"", ""is_age_imputed"": false}"
customers,CUST_007903,DUPLICATE_CUSTOMER_ID,2026-09-08T16:00:15.279862+00:00,"{""customer_id"": ""CUST_007903"", ""name"": ""Bryan King"", ""gender"": ""Male"", ""age"": 32.0, ""city"": ""Charlotte"", ""state"": ""NC"", ""signup_date"": ""2023-11-05"", ""is_age_imputed"": false}"
customers,CUST_006198,DUPLICATE_CUSTOMER_ID,2026-09-08T16:00:15.279862+00:00,"{""customer_id"": ""CUST_006198"", ""name"": ""Amanda Lopez"", ""gender"": ""Female"", ""age"": 20.0, ""city"": ""Los Angeles"", ""state"": ""CA"", ""signup_date"": ""2022-11-18"", ""is_age_imputed"": false}"
customers,CUST_008081,DUPLICATE_CUSTOMER_ID,2026-09-08T16:00:15.279862+00:00,"{""customer_id"": ""CUST_008081"", ""name"": ""Kathryn Gutierrez"", ""gender"": ""Female"", ""age"": 29.0, ""city"": ""San Diego"", ""state"": ""CA"", ""signup_date"": ""2023-03-02"", ""is_age_imputed"": false}"
customers,CUST_009797,DUPLICATE_CUSTOMER_ID,2026-09-08T16:00:15.279862+00:00,"{""customer_id"": ""CUST_009797"", ""name"": ""Christina Taylor"", ""gender"": ""Female"", ""age"": 18.0, ""city"": ""Los Angeles"", ""state"": ""CA"", ""signup_date"": ""2022-02-16"", ""is_age_imputed"": false}"
customers,CUST_009237,DUPLICATE_CUSTOMER_ID,2026-09-08T16:00:15.279862+00:00,"{""customer_id"": ""CUST_009237"", ""name"": ""Kelly Edwards"", ""gender"": ""Female"", ""age"": 25.0, ""city"": ""Austin"", ""state"": ""TX"", ""signup_date"": ""2023-08-03"", ""is_age_imputed"": false}"
customers,CUST_002299,DUPLICATE_CUSTOMER_ID,2026-09-08T16:00:15.279862+00:00,"{""customer_id"": ""CUST_002299"", ""name"": ""Emily Torres"", ""gender"": ""Female"", ""age"": 42.0, ""city"": ""Miami"", ""state"": ""FL"", ""signup_date"": ""2023-09-12"", ""is_age_imputed"": false}"
customers,CUST_006439,DUPLICATE_CUSTOMER_ID,2026-09-08T16:00:15.279862+00:00,"{""customer_id"": ""CUST_006439"", ""name"": ""Scott Mendoza"", ""gender"": ""Male"", ""age"": 39.0, ""city"": ""Portland"", ""state"": ""OR"", ""signup_date"": ""2024-01-29"", ""is_age_imputed"": false}"
customers,CUST_008305,DUPLICATE_CUSTOMER_ID,2026-09-08T16:00:15.279862+00:00,"{""customer_id"": ""CUST_008305"", ""name"": ""Kyle Young"", ""gender"": ""Male"", ""age"": 35.0, ""city"": ""San Diego"", ""state"": ""CA"", ""signup_date"": ""2023-02-05"", ""is_age_imputed"": false}"
customers,CUST_007894,DUPLICATE_CUSTOMER_ID,2026-09-08T16:00:15.279862+00:00,"{""customer_id"": ""CUST_007894"", ""name"": ""Donna Martinez"", ""gender"": ""Female"", ""age"": 49.0, ""city"": ""Denver"", ""state"": ""CO"", ""signup_date"": ""2023-02-07"", ""is_age_imputed"": false}"
customers,CUST_001058,DUPLICATE_CUSTOMER_ID,2026-09-08T16:00:15.279862+00:00,"{""customer_id"": ""CUST_001058"", ""name"": ""Amanda Davis"", ""gender"": ""Female"", ""age"": 56.0, ""city"": ""Philadelphia"", ""state"": ""PA"", ""signup_date"": ""2023-05-03"", ""is_age_imputed"": false}"
customers,CUST_003288,DUPLICATE_CUSTOMER_ID,2026-09-08T16:00:15.279862+00:00,"{""customer_id"": ""CUST_003288"", ""name"": ""Sophia Moore"", ""gender"": ""Female"", ""age"": 39.0, ""city"": ""Denver"", ""state"": ""CO"", ""signup_date"": ""2022-06-06"", ""is_age_imputed"": true}"
customers,CUST_009179,DUPLICATE_CUSTOMER_ID,2026-09-08T16:00:15.279862+00:00,"{""customer_id"": ""CUST_009179"", ""name"": ""Walter Bailey"", ""gender"": ""Male"", ""age"": 61.0, ""city"": ""Phoenix"", ""state"": ""AZ"", ""signup_date"": ""2023-01-10"", ""is_age_imputed"": false}"
customers,CUST_001946,DUPLICATE_CUSTOMER_ID,2026-09-08T16:00:15.279862+00:00,"{""customer_id"": ""CUST_001946"", ""name"": ""Tyler King"", ""gender"": ""Male"", ""age"": 38.0, ""city"": ""Dallas"", ""state"": ""TX"", ""signup_date"": ""2022-02-20"", ""is_age_imputed"": false}"
customers,CUST_006034,DUPLICATE_CUSTOMER_ID,2026-09-08T16:00:15.279862+00:00,"{""customer_id"": ""CUST_006034"", ""name"": ""Stephanie Gutierrez"", ""gender"": ""Female"", ""age"": 38.0, ""city"": ""Chicago"", ""state"": ""IL"", ""signup_date"": ""2023-01-21"", ""is_age_imputed"": false}"
customers,CUST_000981,DUPLICATE_CUSTOMER_ID,2026-09-08T16:00:15.279862+00:00,"{""customer_id"": ""CUST_000981"", ""name"": ""Jason Miller"", ""gender"": ""Male"", ""age"": 51.0, ""city"": ""Chicago"", ""state"": ""IL"", ""signup_date"": ""2023-11-11"", ""is_age_imputed"": false}"
customers,CUST_001651,DUPLICATE_CUSTOMER_ID,2026-09-08T16:00:15.279862+00:00,"{""customer_id"": ""CUST_001651"", ""name"": ""Brenda Gomez"", ""gender"": ""Female"", ""age"": 25.0, ""city"": ""San Jose"", ""state"": ""CA"", ""signup_date"": ""2023-03-08"", ""is_age_imputed"": false}"
customers,CUST_005107,DUPLICATE_CUSTOMER_ID,2026-09-08T16:00:15.279862+00:00,"{""customer_id"": ""CUST_005107"", ""name"": ""Helen White"", ""gender"": ""Female"", ""age"": 59.0, ""city"": ""Portland"", ""state"": ""OR"", ""signup_date"": ""2022-04-14"", ""is_age_imputed"": false}"
customers,CUST_006685,DUPLICATE_CUSTOMER_ID,2026-09-08T16:00:15.279862+00:00,"{""customer_id"": ""CUST_006685"", ""name"": ""Anna Smith"", ""gender"": ""Female"", ""age"": 32.0, ""city"": ""San Antonio"", ""state"": ""TX"", ""signup_date"": ""2022-02-08"", ""is_age_imputed"": false}"
customers,CUST_004371,DUPLICATE_CUSTOMER_ID,2026-09-08T16:00:15.279862+00:00,"{""customer_id"": ""CUST_004371"", ""name"": ""Joyce Ramos"", ""gender"": ""Female"", ""age"": 55.0, ""city"": ""Denver"", ""state"": ""CO"", ""signup_date"": ""2023-03-30"", ""is_age_imputed"": false}"
customers,CUST_008368,DUPLICATE_CUSTOMER_ID,2026-09-08T16:00:15.279862+00:00,"{""customer_id"": ""CUST_008368"", ""name"": ""Samuel Allen"", ""gender"": ""Male"", ""age"": 19.0, ""city"": ""Chicago"", ""state"": ""IL"", ""signup_date"": ""2022-12-10"", ""is_age_imputed"": false}"
customers,CUST_008978,DUPLICATE_CUSTOMER_ID,2026-09-08T16:00:15.279862+00:00,"{""customer_id"": ""CUST_008978"", ""name"": ""Carl Carter"", ""gender"": ""Male"", ""age"": 26.0, ""city"": ""Houston"", ""state"": ""TX"", ""signup_date"": ""2022-01-03"", ""is_age_imputed"": false}"
customers,CUST_006963,DUPLICATE_CUSTOMER_ID,2026-09-08T16:00:15.279862+00:00,"{""customer_id"": ""CUST_006963"", ""name"": ""Timothy Morales"", ""gender"": ""Male"", ""age"": 40.0, ""city"": ""San Jose"", ""state"": ""CA"", ""signup_date"": ""2022-05-30"", ""is_age_imputed"": false}"
customers,CUST_002792,DUPLICATE_CUSTOMER_ID,2026-09-08T16:00:15.279862+00:00,"{""customer_id"": ""CUST_002792"", ""name"": ""Betty Gutierrez"", ""gender"": ""Female"", ""age"": 25.0, ""city"": ""Boston"", ""state"": ""MA"", ""signup_date"": ""2022-08-23"", ""is_age_imputed"": false}"
customers,CUST_009823,DUPLICATE_CUSTOMER_ID,2026-09-08T16:00:15.279862+00:00,"{""customer_id"": ""CUST_009823"", ""name"": ""William Cruz"", ""gender"": ""Male"", ""age"": 52.0, ""city"": ""Miami"", ""state"": ""FL"", ""signup_date"": ""2023-06-18"", ""is_age_imputed"": false}"
customers,CUST_003814,DUPLICATE_CUSTOMER_ID,2026-09-08T16:00:15.279862+00:00,"{""customer_id"": ""CUST_003814"", ""name"": ""Victoria Young"", ""gender"": ""Female"", ""age"": 47.0, ""city"": ""San Jose"", ""state"": ""CA"", ""signup_date"": ""2023-09-19"", ""is_age_imputed"": false}"
customers,CUST_001263,DUPLICATE_CUSTOMER_ID,2026-09-08T16:00:15.279862+00:00,"{""customer_id"": ""CUST_001263"", ""name"": ""Janet Adams"", ""gender"": ""Unknown"", ""age"": 50.0, ""city"": ""Denver"", ""state"": ""CO"", ""signup_date"": ""2024-01-24"", ""is_age_imputed"": false}"
customers,CUST_009869,DUPLICATE_CUSTOMER_ID,2026-09-08T16:00:15.279862+00:00,"{""customer_id"": ""CUST_009869"", ""name"": ""Abigail Hernandez"", ""gender"": ""Female"", ""age"": 40.0, ""city"": ""San Antonio"", ""state"": ""TX"", ""signup_date"": ""2022-04-21"", ""is_age_imputed"": false}"
customers,CUST_000043,DUPLICATE_CUSTOMER_ID,2026-09-08T16:00:15.279862+00:00,"{""customer_id"": ""CUST_000043"", ""name"": ""Jerry Robinson"", ""gender"": ""Male"", ""age"": 60.0, ""city"": ""Portland"", ""state"": ""OR"", ""signup_date"": ""2023-09-26"", ""is_age_imputed"": false}"
customers,CUST_009405,DUPLICATE_CUSTOMER_ID,2026-09-08T16:00:15.279862+00:00,"{""customer_id"": ""CUST_009405"", ""name"": ""Alexander Anderson"", ""gender"": ""Male"", ""age"": 30.0, ""city"": ""Charlotte"", ""state"": ""NC"", ""signup_date"": ""2022-07-25"", ""is_age_imputed"": false}"
customers,CUST_000667,DUPLICATE_CUSTOMER_ID,2026-09-08T16:00:15.279862+00:00,"{""customer_id"": ""CUST_000667"", ""name"": ""George Mitchell"", ""gender"": ""Male"", ""age"": 51.0, ""city"": ""Phoenix"", ""state"": ""AZ"", ""signup_date"": ""2023-01-23"", ""is_age_imputed"": false}"
customers,CUST_009051,DUPLICATE_CUSTOMER_ID,2026-09-08T16:00:15.279862+00:00,"{""customer_id"": ""CUST_009051"", ""name"": ""Brenda Richardson"", ""gender"": ""Female"", ""age"": 46.0, ""city"": ""Denver"", ""state"": ""CO"", ""signup_date"": ""2022-10-16"", ""is_age_imputed"": false}"
customers,CUST_003635,DUPLICATE_CUSTOMER_ID,2026-09-08T16:00:15.279862+00:00,"{""customer_id"": ""CUST_003635"", ""name"": ""Walter Green"", ""gender"": ""Male"", ""age"": 47.0, ""city"": ""Seattle"", ""state"": ""WA"", ""signup_date"": ""2023-05-27"", ""is_age_imputed"": false}"
customers,CUST_003825,DUPLICATE_CUSTOMER_ID,2026-09-08T16:00:15.279862+00:00,"{""customer_id"": ""CUST_003825"", ""name"": ""Joseph Hernandez"", ""gender"": ""Male"", ""age"": 48.0, ""city"": ""Charlotte"", ""state"": ""NC"", ""signup_date"": ""2022-08-06"", ""is_age_imputed"": false}"
customers,CUST_003690,DUPLICATE_CUSTOMER_ID,2026-09-08T16:00:15.279862+00:00,"{""customer_id"": ""CUST_003690"", ""name"": ""Rebecca Lopez"", ""gender"": ""Female"", ""age"": 26.0, ""city"": ""Seattle"", ""state"": ""WA"", ""signup_date"": ""2022-09-16"", ""is_age_imputed"": false}"
customers,CUST_003544,DUPLICATE_CUSTOMER_ID,2026-09-08T16:00:15.279862+00:00,"{""customer_id"": ""CUST_003544"", ""name"": ""Dorothy Wilson"", ""gender"": ""Female"", ""age"": 27.0, ""city"": ""Austin"", ""state"": ""TX"", ""signup_date"": ""2024-01-19"", ""is_age_imputed"": false}"
customers,CUST_000396,DUPLICATE_CUSTOMER_ID,2026-09-08T16:00:15.279862+00:00,"{""customer_id"": ""CUST_000396"", ""name"": ""Emma Evans"", ""gender"": ""Female"", ""age"": 56.0, ""city"": ""Houston"", ""state"": ""TX"", ""signup_date"": ""2022-07-08"", ""is_age_imputed"": false}"
customers,CUST_009090,DUPLICATE_CUSTOMER_ID,2026-09-08T16:00:15.279862+00:00,"{""customer_id"": ""CUST_009090"", ""name"": ""Emma Ramos"", ""gender"": ""Female"", ""age"": 46.0, ""city"": ""Seattle"", ""state"": ""WA"", ""signup_date"": ""2024-01-13"", ""is_age_imputed"": false}"
customers,CUST_000805,DUPLICATE_CUSTOMER_ID,2026-09-08T16:00:15.279862+00:00,"{""customer_id"": ""CUST_000805"", ""name"": ""Janet Scott"", ""gender"": ""Female"", ""age"": 31.0, ""city"": ""Los Angeles"", ""state"": ""CA"", ""signup_date"": ""2022-12-01"", ""is_age_imputed"": false}"
customers,CUST_005749,DUPLICATE_CUSTOMER_ID,2026-09-08T16:00:15.279862+00:00,"{""customer_id"": ""CUST_005749"", ""name"": ""Samuel Harris"", ""gender"": ""Male"", ""age"": 39.0, ""city"": ""San Jose"", ""state"": ""CA"", ""signup_date"": ""2022-10-19"", ""is_age_imputed"": false}"
customers,CUST_004617,DUPLICATE_CUSTOMER_ID,2026-09-08T16:00:15.279862+00:00,"{""customer_id"": ""CUST_004617"", ""name"": ""Kathleen Robinson"", ""gender"": ""Female"", ""age"": 60.0, ""city"": ""San Antonio"", ""state"": ""TX"", ""signup_date"": ""2023-08-28"", ""is_age_imputed"": false}"
customers,CUST_007597,DUPLICATE_CUSTOMER_ID,2026-09-08T16:00:15.279862+00:00,"{""customer_id"": ""CUST_007597"", ""name"": ""Elizabeth Ramos"", ""gender"": ""Female"", ""age"": 58.0, ""city"": ""Miami"", ""state"": ""FL"", ""signup_date"": ""2022-03-05"", ""is_age_imputed"": false}"
customers,CUST_006322,DUPLICATE_CUSTOMER_ID,2026-09-08T16:00:15.279862+00:00,"{""customer_id"": ""CUST_006322"", ""name"": ""Virginia Martin"", ""gender"": ""Female"", ""age"": 35.0, ""city"": ""Chicago"", ""state"": ""IL"", ""signup_date"": ""2022-09-20"", ""is_age_imputed"": false}"
customers,CUST_001101,DUPLICATE_CUSTOMER_ID,2026-09-08T16:00:15.279862+00:00,"{""customer_id"": ""CUST_001101"", ""name"": ""Madison Murphy"", ""gender"": ""Female"", ""age"": 29.0, ""city"": ""Phoenix"", ""state"": ""AZ"", ""signup_date"": ""2022-02-10"", ""is_age_imputed"": false}"
customers,CUST_008989,DUPLICATE_CUSTOMER_ID,2026-09-08T16:00:15.279862+00:00,"{""customer_id"": ""CUST_008989"", ""name"": ""Debra Cox"", ""gender"": ""Unknown"", ""age"": 59.0, ""city"": ""Chicago"", ""state"": ""IL"", ""signup_date"": ""2023-07-20"", ""is_age_imputed"": false}"
customers,CUST_008447,DUPLICATE_CUSTOMER_ID,2026-09-08T16:00:15.279862+00:00,"{""customer_id"": ""CUST_008447"", ""name"": ""Katherine Moore"", ""gender"": ""Female"", ""age"": 38.0, ""city"": ""Boston"", ""state"": ""MA"", ""signup_date"": ""2022-07-20"", ""is_age_imputed"": false}"
customers,CUST_007174,DUPLICATE_CUSTOMER_ID,2026-09-08T16:00:15.279862+00:00,"{""customer_id"": ""CUST_007174"", ""name"": ""Kenneth Martin"", ""gender"": ""Male"", ""age"": 26.0, ""city"": ""Denver"", ""state"": ""CO"", ""signup_date"": ""2022-12-07"", ""is_age_imputed"": false}"
customers,CUST_000600,DUPLICATE_CUSTOMER_ID,2026-09-08T16:00:15.279862+00:00,"{""customer_id"": ""CUST_000600"", ""name"": ""Sean Thompson"", ""gender"": ""Male"", ""age"": 18.0, ""city"": ""Phoenix"", ""state"": ""AZ"", ""signup_date"": ""2023-02-08"", ""is_age_imputed"": false}"
customers,CUST_004182,DUPLICATE_CUSTOMER_ID,2026-09-08T16:00:15.279862+00:00,"{""customer_id"": ""CUST_004182"", ""name"": ""Ann Rogers"", ""gender"": ""Female"", ""age"": 50.0, ""city"": ""Charlotte"", ""state"": ""NC"", ""signup_date"": ""2023-08-03"", ""is_age_imputed"": false}"
customers,CUST_004218,DUPLICATE_CUSTOMER_ID,2026-09-08T16:00:15.279862+00:00,"{""customer_id"": ""CUST_004218"", ""name"": ""Victoria Martinez"", ""gender"": ""Female"", ""age"": 44.0, ""city"": ""Chicago"", ""state"": ""IL"", ""signup_date"": ""2022-11-11"", ""is_age_imputed"": false}"
customers,CUST_002048,DUPLICATE_CUSTOMER_ID,2026-09-08T16:00:15.279862+00:00,"{""customer_id"": ""CUST_002048"", ""name"": ""Jacob Rogers"", ""gender"": ""Male"", ""age"": 41.0, ""city"": ""New York"", ""state"": ""NY"", ""signup_date"": ""2022-06-27"", ""is_age_imputed"": false}"
customers,CUST_002222,DUPLICATE_CUSTOMER_ID,2026-09-08T16:00:15.279862+00:00,"{""customer_id"": ""CUST_002222"", ""name"": ""Debra Robinson"", ""gender"": ""Female"", ""age"": 32.0, ""city"": ""Austin"", ""state"": ""TX"", ""signup_date"": ""2022-09-08"", ""is_age_imputed"": false}"
customers,CUST_002333,DUPLICATE_CUSTOMER_ID,2026-09-08T16:00:15.279862+00:00,"{""customer_id"": ""CUST_002333"", ""name"": ""Henry Young"", ""gender"": ""Male"", ""age"": 19.0, ""city"": ""New York"", ""state"": ""NY"", ""signup_date"": ""2023-10-11"", ""is_age_imputed"": false}"
customers,CUST_005685,DUPLICATE_CUSTOMER_ID,2026-09-08T16:00:15.279862+00:00,"{""customer_id"": ""CUST_005685"", ""name"": ""Lisa Martin"", ""gender"": ""Female"", ""age"": 37.0, ""city"": ""New York"", ""state"": ""NY"", ""signup_date"": ""2023-06-26"", ""is_age_imputed"": false}"
customers,CUST_006208,DUPLICATE_CUSTOMER_ID,2026-09-08T16:00:15.279862+00:00,"{""customer_id"": ""CUST_006208"", ""name"": ""Sharon King"", ""gender"": ""Female"", ""age"": 50.0, ""city"": ""Los Angeles"", ""state"": ""CA"", ""signup_date"": ""2022-11-10"", ""is_age_imputed"": false}"
customers,CUST_004408,DUPLICATE_CUSTOMER_ID,2026-09-08T16:00:15.279862+00:00,"{""customer_id"": ""CUST_004408"", ""name"": ""Olivia Reed"", ""gender"": ""Female"", ""age"": 18.0, ""city"": ""Los Angeles"", ""state"": ""CA"", ""signup_date"": ""2022-01-07"", ""is_age_imputed"": false}"
customers,CUST_006096,DUPLICATE_CUSTOMER_ID,2026-09-08T16:00:15.279862+00:00,"{""customer_id"": ""CUST_006096"", ""name"": ""Rebecca Phillips"", ""gender"": ""Female"", ""age"": 45.0, ""city"": ""Denver"", ""state"": ""CO"", ""signup_date"": ""2023-08-27"", ""is_age_imputed"": false}"
customers,CUST_000573,DUPLICATE_CUSTOMER_ID,2026-09-08T16:00:15.279862+00:00,"{""customer_id"": ""CUST_000573"", ""name"": ""Brenda Diaz"", ""gender"": ""Female"", ""age"": 48.0, ""city"": ""San Jose"", ""state"": ""CA"", ""signup_date"": ""2023-06-30"", ""is_age_imputed"": false}"
customers,CUST_003840,DUPLICATE_CUSTOMER_ID,2026-09-08T16:00:15.279862+00:00,"{""customer_id"": ""CUST_003840"", ""name"": ""Debra Lopez"", ""gender"": ""Female"", ""age"": 39.0, ""city"": ""New York"", ""state"": ""NY"", ""signup_date"": ""2023-12-31"", ""is_age_imputed"": false}"
customers,CUST_008427,DUPLICATE_CUSTOMER_ID,2026-09-08T16:00:15.279862+00:00,"{""customer_id"": ""CUST_008427"", ""name"": ""Lawrence Morales"", ""gender"": ""Male"", ""age"": 20.0, ""city"": ""New York"", ""state"": ""NY"", ""signup_date"": ""2023-03-16"", ""is_age_imputed"": false}"
customers,CUST_005695,DUPLICATE_CUSTOMER_ID,2026-09-08T16:00:15.279862+00:00,"{""customer_id"": ""CUST_005695"", ""name"": ""Terry Stewart"", ""gender"": ""Male"", ""age"": 18.0, ""city"": ""Denver"", ""state"": ""CO"", ""signup_date"": ""2022-09-24"", ""is_age_imputed"": false}"
customers,CUST_000049,DUPLICATE_CUSTOMER_ID,2026-09-08T16:00:15.279862+00:00,"{""customer_id"": ""CUST_000049"", ""name"": ""Dylan James"", ""gender"": ""Male"", ""age"": 39.0, ""city"": ""New York"", ""state"": ""NY"", ""signup_date"": ""2023-12-08"", ""is_age_imputed"": false}"
customers,CUST_004956,DUPLICATE_CUSTOMER_ID,2026-09-08T16:00:15.279862+00:00,"{""customer_id"": ""CUST_004956"", ""name"": ""Amy Miller"", ""gender"": ""Female"", ""age"": 36.0, ""city"": ""Seattle"", ""state"": ""WA"", ""signup_date"": ""2024-01-09"", ""is_age_imputed"": false}"
customers,CUST_002853,DUPLICATE_CUSTOMER_ID,2026-09-08T16:00:15.279862+00:00,"{""customer_id"": ""CUST_002853"", ""name"": ""Daniel Mendoza"", ""gender"": ""Male"", ""age"": 50.0, ""city"": ""Los Angeles"", ""state"": ""CA"", ""signup_date"": ""2023-04-24"", ""is_age_imputed"": false}"
customers,CUST_003516,DUPLICATE_CUSTOMER_ID,2026-09-08T16:00:15.279862+00:00,"{""customer_id"": ""CUST_003516"", ""name"": ""Gerald Lopez"", ""gender"": ""Male"", ""age"": 33.0, ""city"": ""Phoenix"", ""state"": ""AZ"", ""signup_date"": ""2023-03-23"", ""is_age_imputed"": false}"
customers,CUST_005115,DUPLICATE_CUSTOMER_ID,2026-09-08T16:00:15.279862+00:00,"{""customer_id"": ""CUST_005115"", ""name"": ""Jennifer Campbell"", ""gender"": ""Female"", ""age"": 33.0, ""city"": ""New York"", ""state"": ""NY"", ""signup_date"": ""2023-11-17"", ""is_age_imputed"": false}"
customers,CUST_002793,DUPLICATE_CUSTOMER_ID,2026-09-08T16:00:15.279862+00:00,"{""customer_id"": ""CUST_002793"", ""name"": ""Brandon Taylor"", ""gender"": ""Male"", ""age"": 37.0, ""city"": ""New York"", ""state"": ""NY"", ""signup_date"": ""2023-02-18"", ""is_age_imputed"": false}"
customers,CUST_004096,DUPLICATE_CUSTOMER_ID,2026-09-08T16:00:15.279862+00:00,"{""customer_id"": ""CUST_004096"", ""name"": ""Angela Diaz"", ""gender"": ""Female"", ""age"": 50.0, ""city"": ""Phoenix"", ""state"": ""AZ"", ""signup_date"": ""2024-03-29"", ""is_age_imputed"": false}"
customers,CUST_001663,DUPLICATE_CUSTOMER_ID,2026-09-08T16:00:15.279862+00:00,"{""customer_id"": ""CUST_001663"", ""name"": ""Timothy Jones"", ""gender"": ""Male"", ""age"": 37.0, ""city"": ""New York"", ""state"": ""NY"", ""signup_date"": ""2023-09-09"", ""is_age_imputed"": false}"
customers,CUST_004489,DUPLICATE_CUSTOMER_ID,2026-09-08T16:00:15.279862+00:00,"{""customer_id"": ""CUST_004489"", ""name"": ""Rebecca Kelly"", ""gender"": ""Female"", ""age"": 32.0, ""city"": ""Los Angeles"", ""state"": ""CA"", ""signup_date"": ""2023-08-30"", ""is_age_imputed"": false}"
customers,CUST_002654,DUPLICATE_CUSTOMER_ID,2026-09-08T16:00:15.279862+00:00,"{""customer_id"": ""CUST_002654"", ""name"": ""Adam Young"", ""gender"": ""Male"", ""age"": 33.0, ""city"": ""Minneapolis"", ""state"": ""MN"", ""signup_date"": ""2023-03-09"", ""is_age_imputed"": false}"
customers,CUST_007221,DUPLICATE_CUSTOMER_ID,2026-09-08T16:00:15.279862+00:00,"{""customer_id"": ""CUST_007221"", ""name"": ""Cheryl Gutierrez"", ""gender"": ""Female"", ""age"": 31.0, ""city"": ""Boston"", ""state"": ""MA"", ""signup_date"": ""2022-07-19"", ""is_age_imputed"": false}"
customers,CUST_007232,DUPLICATE_CUSTOMER_ID,2026-09-08T16:00:15.279862+00:00,"{""customer_id"": ""CUST_007232"", ""name"": ""Kathryn Walker"", ""gender"": ""Female"", ""age"": 58.0, ""city"": ""Charlotte"", ""state"": ""NC"", ""signup_date"": ""2023-02-12"", ""is_age_imputed"": false}"
customers,CUST_000766,DUPLICATE_CUSTOMER_ID,2026-09-08T16:00:15.279862+00:00,"{""customer_id"": ""CUST_000766"", ""name"": ""Stephanie Hernandez"", ""gender"": ""Female"", ""age"": 35.0, ""city"": ""San Diego"", ""state"": ""CA"", ""signup_date"": ""2023-10-23"", ""is_age_imputed"": false}"
customers,CUST_007105,DUPLICATE_CUSTOMER_ID,2026-09-08T16:00:15.279862+00:00,"{""customer_id"": ""CUST_007105"", ""name"": ""Susan James"", ""gender"": ""Female"", ""age"": 39.0, ""city"": ""Dallas"", ""state"": ""TX"", ""signup_date"": ""2023-09-14"", ""is_age_imputed"": true}"
customers,CUST_008639,DUPLICATE_CUSTOMER_ID,2026-09-08T16:00:15.279862+00:00,"{""customer_id"": ""CUST_008639"", ""name"": ""Raymond Jones"", ""gender"": ""Male"", ""age"": 35.0, ""city"": ""Portland"", ""state"": ""OR"", ""signup_date"": ""2024-03-10"", ""is_age_imputed"": false}"
customers,CUST_002125,DUPLICATE_CUSTOMER_ID,2026-09-08T16:00:15.279862+00:00,"{""customer_id"": ""CUST_002125"", ""name"": ""Denise Flores"", ""gender"": ""Female"", ""age"": 31.0, ""city"": ""Chicago"", ""state"": ""IL"", ""signup_date"": ""2022-02-22"", ""is_age_imputed"": false}"
products,PROD_0009,MISSING_PRODUCT_CATEGORY,2026-09-08T16:00:15.292534+00:00,"{""product_id"": ""PROD_0009"", ""product_name"": ""Active Fitness Smartwatch"", ""category"": NaN, ""price"": 1034.99, ""cost"": 826.43, ""gross_margin_pct"": 20.15}"
products,PROD_0031,MISSING_PRODUCT_CATEGORY,2026-09-08T16:00:15.292534+00:00,"{""product_id"": ""PROD_0031"", ""product_name"": ""Hydrating Hyaluronic Acid Serum - Edition 3"", ""category"": NaN, ""price"": 53.99, ""cost"": 14.62, ""gross_margin_pct"": 72.92}"
products,PROD_0101,MISSING_PRODUCT_CATEGORY,2026-09-08T16:00:15.292534+00:00,"{""product_id"": ""PROD_0101"", ""product_name"": ""Adjustable Neoprene Dumbbell Set"", ""category"": NaN, ""price"": 127.99, ""cost"": 73.15, ""gross_margin_pct"": 42.85}"
products,PROD_0155,MISSING_PRODUCT_CATEGORY,2026-09-08T16:00:15.292534+00:00,"{""product_id"": ""PROD_0155"", ""product_name"": ""1080p Streaming Webcam with Ring Light - Edition 5"", ""category"": NaN, ""price"": 480.99, ""cost"": 385.58, ""gross_margin_pct"": 19.84}"
products,PROD_0319,MISSING_PRODUCT_CATEGORY,2026-09-08T16:00:15.292534+00:00,"{""product_id"": ""PROD_0319"", ""product_name"": ""Tailored Wool Blend Overcoat - Edition 8"", ""category"": NaN, ""price"": 81.5, ""cost"": 36.41, ""gross_margin_pct"": 55.33}"
products,PROD_0177,MISSING_PRODUCT_COST,2026-09-08T16:00:15.292534+00:00,"{""product_id"": ""PROD_0177"", ""product_name"": ""Full-Grain Leather Bi-Fold Wallet - Edition 5"", ""category"": ""Apparel & Accessories"", ""price"": 62.99, ""cost"": NaN, ""gross_margin_pct"": NaN}"
products,PROD_0291,MISSING_PRODUCT_COST,2026-09-08T16:00:15.292534+00:00,"{""product_id"": ""PROD_0291"", ""product_name"": ""Adjustable Neoprene Dumbbell Set - Edition 5"", ""category"": ""Sports & Outdoors"", ""price"": 376.99, ""cost"": NaN, ""gross_margin_pct"": NaN}"
products,PROD_0485,MISSING_PRODUCT_COST,2026-09-08T16:00:15.292534+00:00,"{""product_id"": ""PROD_0485"", ""product_name"": ""Smart Home Security Camera Hub - Edition 11"", ""category"": ""Electronics"", ""price"": 954.5, ""cost"": NaN, ""gross_margin_pct"": NaN}"
orders,ORD_0000166,INVALID_QUANTITY_NEGATIVE_RETURN,2026-09-08T16:00:15.302519+00:00,"{""order_id"": ""ORD_0000166"", ""customer_id"": ""CUST_000907"", ""product_id"": ""PROD_0276"", ""order_date"": ""2022-01-22"", ""quantity"": -1, ""payment_method"": ""Debit Card"", ""order_status"": ""Completed""}"
orders,ORD_0000288,INVALID_QUANTITY_NEGATIVE_RETURN,2026-09-08T16:00:15.302519+00:00,"{""order_id"": ""ORD_0000288"", ""customer_id"": ""CUST_007223"", ""product_id"": ""PROD_0172"", ""order_date"": ""2022-01-30"", ""quantity"": -1, ""payment_method"": ""Credit Card"", ""order_status"": ""Completed""}"
orders,ORD_0000504,INVALID_QUANTITY_NEGATIVE_RETURN,2026-09-08T16:00:15.302519+00:00,"{""order_id"": ""ORD_0000504"", ""customer_id"": ""CUST_009052"", ""product_id"": ""PROD_0033"", ""order_date"": ""2022-02-14"", ""quantity"": -2, ""payment_method"": ""PayPal"", ""order_status"": ""Completed""}"
orders,ORD_0001072,INVALID_QUANTITY_NEGATIVE_RETURN,2026-09-08T16:00:15.302519+00:00,"{""order_id"": ""ORD_0001072"", ""customer_id"": ""CUST_009976"", ""product_id"": ""PROD_0461"", ""order_date"": ""2022-03-14"", ""quantity"": -1, ""payment_method"": ""PayPal"", ""order_status"": ""Completed""}"
orders,ORD_0001098,INVALID_QUANTITY_NEGATIVE_RETURN,2026-09-08T16:00:15.302519+00:00,"{""order_id"": ""ORD_0001098"", ""customer_id"": ""CUST_005158"", ""product_id"": ""PROD_0270"", ""order_date"": ""2022-03-16"", ""quantity"": -3, ""payment_method"": ""PayPal"", ""order_status"": ""Completed""}"
orders,ORD_0001173,INVALID_QUANTITY_NEGATIVE_RETURN,2026-09-08T16:00:15.302519+00:00,"{""order_id"": ""ORD_0001173"", ""customer_id"": ""CUST_003808"", ""product_id"": ""PROD_0004"", ""order_date"": ""2022-03-20"", ""quantity"": -2, ""payment_method"": ""Credit Card"", ""order_status"": ""Completed""}"
orders,ORD_0001403,INVALID_QUANTITY_NEGATIVE_RETURN,2026-09-08T16:00:15.302519+00:00,"{""order_id"": ""ORD_0001403"", ""customer_id"": ""CUST_006746"", ""product_id"": ""PROD_0002"", ""order_date"": ""2022-03-29"", ""quantity"": -1, ""payment_method"": ""Credit Card"", ""order_status"": ""Completed""}"
orders,ORD_0001589,INVALID_QUANTITY_NEGATIVE_RETURN,2026-09-08T16:00:15.302519+00:00,"{""order_id"": ""ORD_0001589"", ""customer_id"": ""CUST_000691"", ""product_id"": ""PROD_0207"", ""order_date"": ""2022-04-05"", ""quantity"": -1, ""payment_method"": ""Credit Card"", ""order_status"": ""Completed""}"
orders,ORD_0001699,INVALID_QUANTITY_NEGATIVE_RETURN,2026-09-08T16:00:15.302519+00:00,"{""order_id"": ""ORD_0001699"", ""customer_id"": ""CUST_001908"", ""product_id"": ""PROD_0014"", ""order_date"": ""2022-04-09"", ""quantity"": -3, ""payment_method"": ""Credit Card"", ""order_status"": ""Cancelled""}"
orders,ORD_0002165,INVALID_QUANTITY_NEGATIVE_RETURN,2026-09-08T16:00:15.302519+00:00,"{""order_id"": ""ORD_0002165"", ""customer_id"": ""CUST_008411"", ""product_id"": ""PROD_0234"", ""order_date"": ""2022-04-24"", ""quantity"": -2, ""payment_method"": ""Cash on Delivery"", ""order_status"": ""Cancelled""}"
orders,ORD_0002367,INVALID_QUANTITY_NEGATIVE_RETURN,2026-09-08T16:00:15.302519+00:00,"{""order_id"": ""ORD_0002367"", ""customer_id"": ""CUST_003352"", ""product_id"": ""PROD_0033"", ""order_date"": ""2022-05-01"", ""quantity"": -2, ""payment_method"": ""Debit Card"", ""order_status"": ""Cancelled""}"
orders,ORD_0002603,INVALID_QUANTITY_NEGATIVE_RETURN,2026-09-08T16:00:15.302519+00:00,"{""order_id"": ""ORD_0002603"", ""customer_id"": ""CUST_001277"", ""product_id"": ""PROD_0350"", ""order_date"": ""2022-05-08"", ""quantity"": -3, ""payment_method"": ""Cash on Delivery"", ""order_status"": ""Refunded""}"
orders,ORD_0002955,INVALID_QUANTITY_NEGATIVE_RETURN,2026-09-08T16:00:15.302519+00:00,"{""order_id"": ""ORD_0002955"", ""customer_id"": ""CUST_007475"", ""product_id"": ""PROD_0014"", ""order_date"": ""2022-05-17"", ""quantity"": -3, ""payment_method"": ""Cash on Delivery"", ""order_status"": ""Completed""}"
orders,ORD_0003408,INVALID_QUANTITY_NEGATIVE_RETURN,2026-09-08T16:00:15.302519+00:00,"{""order_id"": ""ORD_0003408"", ""customer_id"": ""CUST_004260"", ""product_id"": ""PROD_0146"", ""order_date"": ""2022-05-30"", ""quantity"": -2, ""payment_method"": ""Credit Card"", ""order_status"": ""Completed""}"
orders,ORD_0004504,INVALID_QUANTITY_NEGATIVE_RETURN,2026-09-08T16:00:15.302519+00:00,"{""order_id"": ""ORD_0004504"", ""customer_id"": ""CUST_006784"", ""product_id"": ""PROD_0012"", ""order_date"": ""2022-06-25"", ""quantity"": -2, ""payment_method"": ""Debit Card"", ""order_status"": ""Completed""}"
orders,ORD_0005208,INVALID_QUANTITY_NEGATIVE_RETURN,2026-09-08T16:00:15.302519+00:00,"{""order_id"": ""ORD_0005208"", ""customer_id"": ""CUST_007169"", ""product_id"": ""PROD_0025"", ""order_date"": ""2022-07-09"", ""quantity"": -2, ""payment_method"": ""Credit Card"", ""order_status"": ""Completed""}"
orders,ORD_0005496,INVALID_QUANTITY_NEGATIVE_RETURN,2026-09-08T16:00:15.302519+00:00,"{""order_id"": ""ORD_0005496"", ""customer_id"": ""CUST_004716"", ""product_id"": ""PROD_0278"", ""order_date"": ""2022-07-14"", ""quantity"": -2, ""payment_method"": ""PayPal"", ""order_status"": ""Completed""}"
orders,ORD_0005768,INVALID_QUANTITY_NEGATIVE_RETURN,2026-09-08T16:00:15.302519+00:00,"{""order_id"": ""ORD_0005768"", ""customer_id"": ""CUST_005106"", ""product_id"": ""PROD_0086"", ""order_date"": ""2022-07-19"", ""quantity"": -1, ""payment_method"": ""Credit Card"", ""order_status"": ""Completed""}"
orders,ORD_0006050,INVALID_QUANTITY_NEGATIVE_RETURN,2026-09-08T16:00:15.302519+00:00,"{""order_id"": ""ORD_0006050"", ""customer_id"": ""CUST_009235"", ""product_id"": ""PROD_0002"", ""order_date"": ""2022-07-24"", ""quantity"": -1, ""payment_method"": ""Credit Card"", ""order_status"": ""Completed""}"
orders,ORD_0006440,INVALID_QUANTITY_NEGATIVE_RETURN,2026-09-08T16:00:15.302519+00:00,"{""order_id"": ""ORD_0006440"", ""customer_id"": ""CUST_007597"", ""product_id"": ""PROD_0004"", ""order_date"": ""2022-08-01"", ""quantity"": -3, ""payment_method"": ""Credit Card"", ""order_status"": ""Completed""}"
orders,ORD_0006793,INVALID_QUANTITY_NEGATIVE_RETURN,2026-09-08T16:00:15.302519+00:00,"{""order_id"": ""ORD_0006793"", ""customer_id"": ""CUST_000665"", ""product_id"": ""PROD_0013"", ""order_date"": ""2022-08-08"", ""quantity"": -1, ""payment_method"": ""PayPal"", ""order_status"": ""Completed""}"
orders,ORD_0006936,INVALID_QUANTITY_NEGATIVE_RETURN,2026-09-08T16:00:15.302519+00:00,"{""order_id"": ""ORD_0006936"", ""customer_id"": ""CUST_007850"", ""product_id"": ""PROD_0002"", ""order_date"": ""2022-08-10"", ""quantity"": -2, ""payment_method"": ""Credit Card"", ""order_status"": ""Completed""}"
orders,ORD_0007001,INVALID_QUANTITY_NEGATIVE_RETURN,2026-09-08T16:00:15.302519+00:00,"{""order_id"": ""ORD_0007001"", ""customer_id"": ""CUST_009925"", ""product_id"": ""PROD_0329"", ""order_date"": ""2022-08-11"", ""quantity"": -3, ""payment_method"": ""PayPal"", ""order_status"": ""Completed""}"
orders,ORD_0007354,INVALID_QUANTITY_NEGATIVE_RETURN,2026-09-08T16:00:15.302519+00:00,"{""order_id"": ""ORD_0007354"", ""customer_id"": ""CUST_004703"", ""product_id"": ""PROD_0348"", ""order_date"": ""2022-08-18"", ""quantity"": -1, ""payment_method"": ""Credit Card"", ""order_status"": ""Completed""}"
orders,ORD_0007633,INVALID_QUANTITY_NEGATIVE_RETURN,2026-09-08T16:00:15.302519+00:00,"{""order_id"": ""ORD_0007633"", ""customer_id"": ""CUST_001779"", ""product_id"": ""PROD_0260"", ""order_date"": ""2022-08-23"", ""quantity"": -1, ""payment_method"": ""PayPal"", ""order_status"": ""Completed""}"
orders,ORD_0008179,INVALID_QUANTITY_NEGATIVE_RETURN,2026-09-08T16:00:15.302519+00:00,"{""order_id"": ""ORD_0008179"", ""customer_id"": ""CUST_002526"", ""product_id"": ""PROD_0013"", ""order_date"": ""2022-09-01"", ""quantity"": -2, ""payment_method"": ""PayPal"", ""order_status"": ""Completed""}"
orders,ORD_0008862,INVALID_QUANTITY_NEGATIVE_RETURN,2026-09-08T16:00:15.302519+00:00,"{""order_id"": ""ORD_0008862"", ""customer_id"": ""CUST_001484"", ""product_id"": ""PROD_0028"", ""order_date"": ""2022-09-12"", ""quantity"": -1, ""payment_method"": ""PayPal"", ""order_status"": ""Completed""}"
orders,ORD_0009414,INVALID_QUANTITY_NEGATIVE_RETURN,2026-09-08T16:00:15.302519+00:00,"{""order_id"": ""ORD_0009414"", ""customer_id"": ""CUST_006837"", ""product_id"": ""PROD_0054"", ""order_date"": ""2022-09-20"", ""quantity"": -3, ""payment_method"": ""Credit Card"", ""order_status"": ""Completed""}"
orders,ORD_0009627,INVALID_QUANTITY_NEGATIVE_RETURN,2026-09-08T16:00:15.302519+00:00,"{""order_id"": ""ORD_0009627"", ""customer_id"": ""CUST_000998"", ""product_id"": ""PROD_0171"", ""order_date"": ""2022-09-24"", ""quantity"": -1, ""payment_method"": ""PayPal"", ""order_status"": ""Completed""}"
orders,ORD_0010859,INVALID_QUANTITY_NEGATIVE_RETURN,2026-09-08T16:00:15.302519+00:00,"{""order_id"": ""ORD_0010859"", ""customer_id"": ""CUST_009812"", ""product_id"": ""PROD_0264"", ""order_date"": ""2022-10-11"", ""quantity"": -2, ""payment_method"": ""Credit Card"", ""order_status"": ""Completed""}"
orders,ORD_0011079,INVALID_QUANTITY_NEGATIVE_RETURN,2026-09-08T16:00:15.302519+00:00,"{""order_id"": ""ORD_0011079"", ""customer_id"": ""CUST_004591"", ""product_id"": ""PROD_0009"", ""order_date"": ""2022-10-15"", ""quantity"": -3, ""payment_method"": ""Credit Card"", ""order_status"": ""Completed""}"
orders,ORD_0011227,INVALID_QUANTITY_NEGATIVE_RETURN,2026-09-08T16:00:15.302519+00:00,"{""order_id"": ""ORD_0011227"", ""customer_id"": ""CUST_003425"", ""product_id"": ""PROD_0002"", ""order_date"": ""2022-10-17"", ""quantity"": -2, ""payment_method"": ""Credit Card"", ""order_status"": ""Completed""}"
orders,ORD_0011925,INVALID_QUANTITY_NEGATIVE_RETURN,2026-09-08T16:00:15.302519+00:00,"{""order_id"": ""ORD_0011925"", ""customer_id"": ""CUST_003189"", ""product_id"": ""PROD_0088"", ""order_date"": ""2022-10-27"", ""quantity"": -3, ""payment_method"": ""Debit Card"", ""order_status"": ""Completed""}"
orders,ORD_0012003,INVALID_QUANTITY_NEGATIVE_RETURN,2026-09-08T16:00:15.302519+00:00,"{""order_id"": ""ORD_0012003"", ""customer_id"": ""CUST_003609"", ""product_id"": ""PROD_0001"", ""order_date"": ""2022-10-28"", ""quantity"": -2, ""payment_method"": ""Credit Card"", ""order_status"": ""Completed""}"
orders,ORD_0012112,INVALID_QUANTITY_NEGATIVE_RETURN,2026-09-08T16:00:15.302519+00:00,"{""order_id"": ""ORD_0012112"", ""customer_id"": ""CUST_001154"", ""product_id"": ""PROD_0054"", ""order_date"": ""2022-10-30"", ""quantity"": -2, ""payment_method"": ""Credit Card"", ""order_status"": ""Completed""}"
orders,ORD_0012472,INVALID_QUANTITY_NEGATIVE_RETURN,2026-09-08T16:00:15.302519+00:00,"{""order_id"": ""ORD_0012472"", ""customer_id"": ""CUST_008175"", ""product_id"": ""PROD_0007"", ""order_date"": ""2022-11-03"", ""quantity"": -2, ""payment_method"": ""PayPal"", ""order_status"": ""Cancelled""}"
orders,ORD_0012499,INVALID_QUANTITY_NEGATIVE_RETURN,2026-09-08T16:00:15.302519+00:00,"{""order_id"": ""ORD_0012499"", ""customer_id"": ""CUST_002406"", ""product_id"": ""PROD_0095"", ""order_date"": ""2022-11-04"", ""quantity"": -3, ""payment_method"": ""PayPal"", ""order_status"": ""Completed""}"
orders,ORD_0013076,INVALID_QUANTITY_NEGATIVE_RETURN,2026-09-08T16:00:15.302519+00:00,"{""order_id"": ""ORD_0013076"", ""customer_id"": ""CUST_003095"", ""product_id"": ""PROD_0032"", ""order_date"": ""2022-11-12"", ""quantity"": -2, ""payment_method"": ""PayPal"", ""order_status"": ""Completed""}"
orders,ORD_0013271,INVALID_QUANTITY_NEGATIVE_RETURN,2026-09-08T16:00:15.302519+00:00,"{""order_id"": ""ORD_0013271"", ""customer_id"": ""CUST_009117"", ""product_id"": ""PROD_0272"", ""order_date"": ""2022-11-14"", ""quantity"": -2, ""payment_method"": ""Cash on Delivery"", ""order_status"": ""Refunded""}"
orders,ORD_0013417,INVALID_QUANTITY_NEGATIVE_RETURN,2026-09-08T16:00:15.302519+00:00,"{""order_id"": ""ORD_0013417"", ""customer_id"": ""CUST_008762"", ""product_id"": ""PROD_0018"", ""order_date"": ""2022-11-16"", ""quantity"": -3, ""payment_method"": ""Credit Card"", ""order_status"": ""Completed""}"
orders,ORD_0013487,INVALID_QUANTITY_NEGATIVE_RETURN,2026-09-08T16:00:15.302519+00:00,"{""order_id"": ""ORD_0013487"", ""customer_id"": ""CUST_006926"", ""product_id"": ""PROD_0469"", ""order_date"": ""2022-11-17"", ""quantity"": -2, ""payment_method"": ""Apple Pay"", ""order_status"": ""Completed""}"
orders,ORD_0013702,INVALID_QUANTITY_NEGATIVE_RETURN,2026-09-08T16:00:15.302519+00:00,"{""order_id"": ""ORD_0013702"", ""customer_id"": ""CUST_003119"", ""product_id"": ""PROD_0001"", ""order_date"": ""2022-11-20"", ""quantity"": -3, ""payment_method"": ""Credit Card"", ""order_status"": ""Completed""}"
orders,ORD_0013895,INVALID_QUANTITY_NEGATIVE_RETURN,2026-09-08T16:00:15.302519+00:00,"{""order_id"": ""ORD_0013895"", ""customer_id"": ""CUST_007959"", ""product_id"": ""PROD_0111"", ""order_date"": ""2022-11-22"", ""quantity"": -3, ""payment_method"": ""Credit Card"", ""order_status"": ""Completed""}"
orders,ORD_0014180,INVALID_QUANTITY_NEGATIVE_RETURN,2026-09-08T16:00:15.302519+00:00,"{""order_id"": ""ORD_0014180"", ""customer_id"": ""CUST_007032"", ""product_id"": ""PROD_0069"", ""order_date"": ""2022-11-26"", ""quantity"": -1, ""payment_method"": ""PayPal"", ""order_status"": ""Completed""}"
orders,ORD_0015294,INVALID_QUANTITY_NEGATIVE_RETURN,2026-09-08T16:00:15.302519+00:00,"{""order_id"": ""ORD_0015294"", ""customer_id"": ""CUST_008083"", ""product_id"": ""PROD_0120"", ""order_date"": ""2022-12-10"", ""quantity"": -1, ""payment_method"": ""Credit Card"", ""order_status"": ""Completed""}"
orders,ORD_0015368,INVALID_QUANTITY_NEGATIVE_RETURN,2026-09-08T16:00:15.302519+00:00,"{""order_id"": ""ORD_0015368"", ""customer_id"": ""CUST_007866"", ""product_id"": ""PROD_0184"", ""order_date"": ""2022-12-11"", ""quantity"": -2, ""payment_method"": ""PayPal"", ""order_status"": ""Completed""}"
orders,ORD_0015701,INVALID_QUANTITY_NEGATIVE_RETURN,2026-09-08T16:00:15.302519+00:00,"{""order_id"": ""ORD_0015701"", ""customer_id"": ""CUST_007292"", ""product_id"": ""PROD_0022"", ""order_date"": ""2022-12-15"", ""quantity"": -3, ""payment_method"": ""Credit Card"", ""order_status"": ""Completed""}"
orders,ORD_0015847,INVALID_QUANTITY_NEGATIVE_RETURN,2026-09-08T16:00:15.302519+00:00,"{""order_id"": ""ORD_0015847"", ""customer_id"": ""CUST_004249"", ""product_id"": ""PROD_0273"", ""order_date"": ""2022-12-17"", ""quantity"": -3, ""payment_method"": ""Debit Card"", ""order_status"": ""Completed""}"
orders,ORD_0016627,INVALID_QUANTITY_NEGATIVE_RETURN,2026-09-08T16:00:15.302519+00:00,"{""order_id"": ""ORD_0016627"", ""customer_id"": ""CUST_005605"", ""product_id"": ""PROD_0183"", ""order_date"": ""2022-12-26"", ""quantity"": -3, ""payment_method"": ""Credit Card"", ""order_status"": ""Completed""}"
orders,ORD_0017724,INVALID_QUANTITY_NEGATIVE_RETURN,2026-09-08T16:00:15.302519+00:00,"{""order_id"": ""ORD_0017724"", ""customer_id"": ""CUST_006385"", ""product_id"": ""PROD_0025"", ""order_date"": ""2023-01-08"", ""quantity"": -3, ""payment_method"": ""Credit Card"", ""order_status"": ""Completed""}"
orders,ORD_0018443,INVALID_QUANTITY_NEGATIVE_RETURN,2026-09-08T16:00:15.302519+00:00,"{""order_id"": ""ORD_0018443"", ""customer_id"": ""CUST_008562"", ""product_id"": ""PROD_0001"", ""order_date"": ""2023-01-16"", ""quantity"": -1, ""payment_method"": ""Credit Card"", ""order_status"": ""Completed""}"
orders,ORD_0019320,INVALID_QUANTITY_NEGATIVE_RETURN,2026-09-08T16:00:15.302519+00:00,"{""order_id"": ""ORD_0019320"", ""customer_id"": ""CUST_003955"", ""product_id"": ""PROD_0115"", ""order_date"": ""2023-01-26"", ""quantity"": -3, ""payment_method"": ""Credit Card"", ""order_status"": ""Completed""}"
orders,ORD_0019349,INVALID_QUANTITY_NEGATIVE_RETURN,2026-09-08T16:00:15.302519+00:00,"{""order_id"": ""ORD_0019349"", ""customer_id"": ""CUST_007388"", ""product_id"": ""PROD_0458"", ""order_date"": ""2023-01-26"", ""quantity"": -1, ""payment_method"": ""Credit Card"", ""order_status"": ""Shipped""}"
orders,ORD_0019984,INVALID_QUANTITY_NEGATIVE_RETURN,2026-09-08T16:00:15.302519+00:00,"{""order_id"": ""ORD_0019984"", ""customer_id"": ""CUST_002015"", ""product_id"": ""PROD_0206"", ""order_date"": ""2023-02-02"", ""quantity"": -3, ""payment_method"": ""PayPal"", ""order_status"": ""Completed""}"
orders,ORD_0020602,INVALID_QUANTITY_NEGATIVE_RETURN,2026-09-08T16:00:15.302519+00:00,"{""order_id"": ""ORD_0020602"", ""customer_id"": ""CUST_008562"", ""product_id"": ""PROD_0002"", ""order_date"": ""2023-02-08"", ""quantity"": -1, ""payment_method"": ""Credit Card"", ""order_status"": ""Completed""}"
orders,ORD_0020715,INVALID_QUANTITY_NEGATIVE_RETURN,2026-09-08T16:00:15.302519+00:00,"{""order_id"": ""ORD_0020715"", ""customer_id"": ""CUST_001406"", ""product_id"": ""PROD_0001"", ""order_date"": ""2023-02-10"", ""quantity"": -3, ""payment_method"": ""Credit Card"", ""order_status"": ""Completed""}"
orders,ORD_0021056,INVALID_QUANTITY_NEGATIVE_RETURN,2026-09-08T16:00:15.302519+00:00,"{""order_id"": ""ORD_0021056"", ""customer_id"": ""CUST_005757"", ""product_id"": ""PROD_0043"", ""order_date"": ""2023-02-13"", ""quantity"": -3, ""payment_method"": ""Cash on Delivery"", ""order_status"": ""Completed""}"
orders,ORD_0021112,INVALID_QUANTITY_NEGATIVE_RETURN,2026-09-08T16:00:15.302519+00:00,"{""order_id"": ""ORD_0021112"", ""customer_id"": ""CUST_001732"", ""product_id"": ""PROD_0490"", ""order_date"": ""2023-02-14"", ""quantity"": -1, ""payment_method"": ""Credit Card"", ""order_status"": ""Completed""}"
orders,ORD_0021376,INVALID_QUANTITY_NEGATIVE_RETURN,2026-09-08T16:00:15.302519+00:00,"{""order_id"": ""ORD_0021376"", ""customer_id"": ""CUST_007885"", ""product_id"": ""PROD_0003"", ""order_date"": ""2023-02-16"", ""quantity"": -3, ""payment_method"": ""Cash on Delivery"", ""order_status"": ""Completed""}"
orders,ORD_0021494,INVALID_QUANTITY_NEGATIVE_RETURN,2026-09-08T16:00:15.302519+00:00,"{""order_id"": ""ORD_0021494"", ""customer_id"": ""CUST_008867"", ""product_id"": ""PROD_0002"", ""order_date"": ""2023-02-17"", ""quantity"": -3, ""payment_method"": ""Credit Card"", ""order_status"": ""Completed""}"
orders,ORD_0021577,INVALID_QUANTITY_NEGATIVE_RETURN,2026-09-08T16:00:15.302519+00:00,"{""order_id"": ""ORD_0021577"", ""customer_id"": ""CUST_006904"", ""product_id"": ""PROD_0235"", ""order_date"": ""2023-02-18"", ""quantity"": -1, ""payment_method"": ""Credit Card"", ""order_status"": ""Completed""}"
orders,ORD_0021601,INVALID_QUANTITY_NEGATIVE_RETURN,2026-09-08T16:00:15.302519+00:00,"{""order_id"": ""ORD_0021601"", ""customer_id"": ""CUST_009358"", ""product_id"": ""PROD_0051"", ""order_date"": ""2023-02-18"", ""quantity"": -2, ""payment_method"": ""Credit Card"", ""order_status"": ""Shipped""}"
orders,ORD_0021618,INVALID_QUANTITY_NEGATIVE_RETURN,2026-09-08T16:00:15.302519+00:00,"{""order_id"": ""ORD_0021618"", ""customer_id"": ""CUST_000973"", ""product_id"": ""PROD_0001"", ""order_date"": ""2023-02-19"", ""quantity"": -1, ""payment_method"": ""Credit Card"", ""order_status"": ""Completed""}"
orders,ORD_0021623,INVALID_QUANTITY_NEGATIVE_RETURN,2026-09-08T16:00:15.302519+00:00,"{""order_id"": ""ORD_0021623"", ""customer_id"": ""CUST_001900"", ""product_id"": ""PROD_0014"", ""order_date"": ""2023-02-19"", ""quantity"": -1, ""payment_method"": ""Credit Card"", ""order_status"": ""Completed""}"
orders,ORD_0021805,INVALID_QUANTITY_NEGATIVE_RETURN,2026-09-08T16:00:15.302519+00:00,"{""order_id"": ""ORD_0021805"", ""customer_id"": ""CUST_003642"", ""product_id"": ""PROD_0197"", ""order_date"": ""2023-02-21"", ""quantity"": -2, ""payment_method"": ""Credit Card"", ""order_status"": ""Completed""}"
orders,ORD_0021933,INVALID_QUANTITY_NEGATIVE_RETURN,2026-09-08T16:00:15.302519+00:00,"{""order_id"": ""ORD_0021933"", ""customer_id"": ""CUST_005826"", ""product_id"": ""PROD_0001"", ""order_date"": ""2023-02-22"", ""quantity"": -1, ""payment_method"": ""Credit Card"", ""order_status"": ""Completed""}"
orders,ORD_0022074,INVALID_QUANTITY_NEGATIVE_RETURN,2026-09-08T16:00:15.302519+00:00,"{""order_id"": ""ORD_0022074"", ""customer_id"": ""CUST_009251"", ""product_id"": ""PROD_0004"", ""order_date"": ""2023-02-23"", ""quantity"": -1, ""payment_method"": ""Credit Card"", ""order_status"": ""Refunded""}"
orders,ORD_0022281,INVALID_QUANTITY_NEGATIVE_RETURN,2026-09-08T16:00:15.302519+00:00,"{""order_id"": ""ORD_0022281"", ""customer_id"": ""CUST_002946"", ""product_id"": ""PROD_0008"", ""order_date"": ""2023-02-26"", ""quantity"": -1, ""payment_method"": ""Cash on Delivery"", ""order_status"": ""Completed""}"
orders,ORD_0022410,INVALID_QUANTITY_NEGATIVE_RETURN,2026-09-08T16:00:15.302519+00:00,"{""order_id"": ""ORD_0022410"", ""customer_id"": ""CUST_006321"", ""product_id"": ""PROD_0001"", ""order_date"": ""2023-02-27"", ""quantity"": -2, ""payment_method"": ""PayPal"", ""order_status"": ""Completed""}"
orders,ORD_0022664,INVALID_QUANTITY_NEGATIVE_RETURN,2026-09-08T16:00:15.302519+00:00,"{""order_id"": ""ORD_0022664"", ""customer_id"": ""CUST_002704"", ""product_id"": ""PROD_0005"", ""order_date"": ""2023-03-02"", ""quantity"": -3, ""payment_method"": ""Credit Card"", ""order_status"": ""Completed""}"
orders,ORD_0022679,INVALID_QUANTITY_NEGATIVE_RETURN,2026-09-08T16:00:15.302519+00:00,"{""order_id"": ""ORD_0022679"", ""customer_id"": ""CUST_004227"", ""product_id"": ""PROD_0013"", ""order_date"": ""2023-03-02"", ""quantity"": -1, ""payment_method"": ""Apple Pay"", ""order_status"": ""Refunded""}"
orders,ORD_0022683,INVALID_QUANTITY_NEGATIVE_RETURN,2026-09-08T16:00:15.302519+00:00,"{""order_id"": ""ORD_0022683"", ""customer_id"": ""CUST_004643"", ""product_id"": ""PROD_0007"", ""order_date"": ""2023-03-02"", ""quantity"": -3, ""payment_method"": ""Apple Pay"", ""order_status"": ""Completed""}"
orders,ORD_0023826,INVALID_QUANTITY_NEGATIVE_RETURN,2026-09-08T16:00:15.302519+00:00,"{""order_id"": ""ORD_0023826"", ""customer_id"": ""CUST_009300"", ""product_id"": ""PROD_0006"", ""order_date"": ""2023-03-13"", ""quantity"": -1, ""payment_method"": ""Credit Card"", ""order_status"": ""Completed""}"
orders,ORD_0024086,INVALID_QUANTITY_NEGATIVE_RETURN,2026-09-08T16:00:15.302519+00:00,"{""order_id"": ""ORD_0024086"", ""customer_id"": ""CUST_006065"", ""product_id"": ""PROD_0070"", ""order_date"": ""2023-03-16"", ""quantity"": -3, ""payment_method"": ""Credit Card"", ""order_status"": ""Completed""}"
orders,ORD_0025153,INVALID_QUANTITY_NEGATIVE_RETURN,2026-09-08T16:00:15.302519+00:00,"{""order_id"": ""ORD_0025153"", ""customer_id"": ""CUST_002244"", ""product_id"": ""PROD_0054"", ""order_date"": ""2023-03-28"", ""quantity"": -2, ""payment_method"": ""Credit Card"", ""order_status"": ""Completed""}"
orders,ORD_0025180,INVALID_QUANTITY_NEGATIVE_RETURN,2026-09-08T16:00:15.302519+00:00,"{""order_id"": ""ORD_0025180"", ""customer_id"": ""CUST_004924"", ""product_id"": ""PROD_0007"", ""order_date"": ""2023-03-28"", ""quantity"": -2, ""payment_method"": ""PayPal"", ""order_status"": ""Completed""}"
orders,ORD_0025229,INVALID_QUANTITY_NEGATIVE_RETURN,2026-09-08T16:00:15.302519+00:00,"{""order_id"": ""ORD_0025229"", ""customer_id"": ""CUST_009290"", ""product_id"": ""PROD_0257"", ""order_date"": ""2023-03-28"", ""quantity"": -1, ""payment_method"": ""PayPal"", ""order_status"": ""Completed""}"
orders,ORD_0025302,INVALID_QUANTITY_NEGATIVE_RETURN,2026-09-08T16:00:15.302519+00:00,"{""order_id"": ""ORD_0025302"", ""customer_id"": ""CUST_007267"", ""product_id"": ""PROD_0259"", ""order_date"": ""2023-03-29"", ""quantity"": -1, ""payment_method"": ""Credit Card"", ""order_status"": ""Completed""}"
orders,ORD_0025394,INVALID_QUANTITY_NEGATIVE_RETURN,2026-09-08T16:00:15.302519+00:00,"{""order_id"": ""ORD_0025394"", ""customer_id"": ""CUST_004965"", ""product_id"": ""PROD_0001"", ""order_date"": ""2023-03-30"", ""quantity"": -2, ""payment_method"": ""Debit Card"", ""order_status"": ""Completed""}"
orders,ORD_0025661,INVALID_QUANTITY_NEGATIVE_RETURN,2026-09-08T16:00:15.302519+00:00,"{""order_id"": ""ORD_0025661"", ""customer_id"": ""CUST_002059"", ""product_id"": ""PROD_0021"", ""order_date"": ""2023-04-02"", ""quantity"": -3, ""payment_method"": ""Credit Card"", ""order_status"": ""Completed""}"
orders,ORD_0026532,INVALID_QUANTITY_NEGATIVE_RETURN,2026-09-08T16:00:15.302519+00:00,"{""order_id"": ""ORD_0026532"", ""customer_id"": ""CUST_001991"", ""product_id"": ""PROD_0112"", ""order_date"": ""2023-04-11"", ""quantity"": -2, ""payment_method"": ""Credit Card"", ""order_status"": ""Completed""}"
orders,ORD_0026991,INVALID_QUANTITY_NEGATIVE_RETURN,2026-09-08T16:00:15.302519+00:00,"{""order_id"": ""ORD_0026991"", ""customer_id"": ""CUST_009350"", ""product_id"": ""PROD_0003"", ""order_date"": ""2023-04-15"", ""quantity"": -3, ""payment_method"": ""Debit Card"", ""order_status"": ""Completed""}"
orders,ORD_0027092,INVALID_QUANTITY_NEGATIVE_RETURN,2026-09-08T16:00:15.302519+00:00,"{""order_id"": ""ORD_0027092"", ""customer_id"": ""CUST_009312"", ""product_id"": ""PROD_0002"", ""order_date"": ""2023-04-16"", ""quantity"": -1, ""payment_method"": ""PayPal"", ""order_status"": ""Completed""}"
orders,ORD_0027208,INVALID_QUANTITY_NEGATIVE_RETURN,2026-09-08T16:00:15.302519+00:00,"{""order_id"": ""ORD_0027208"", ""customer_id"": ""CUST_009735"", ""product_id"": ""PROD_0001"", ""order_date"": ""2023-04-17"", ""quantity"": -1, ""payment_method"": ""Credit Card"", ""order_status"": ""Completed""}"
orders,ORD_0027225,INVALID_QUANTITY_NEGATIVE_RETURN,2026-09-08T16:00:15.302519+00:00,"{""order_id"": ""ORD_0027225"", ""customer_id"": ""CUST_002113"", ""product_id"": ""PROD_0060"", ""order_date"": ""2023-04-18"", ""quantity"": -3, ""payment_method"": ""Credit Card"", ""order_status"": ""Completed""}"
orders,ORD_0027649,INVALID_QUANTITY_NEGATIVE_RETURN,2026-09-08T16:00:15.302519+00:00,"{""order_id"": ""ORD_0027649"", ""customer_id"": ""CUST_005061"", ""product_id"": ""PROD_0004"", ""order_date"": ""2023-04-22"", ""quantity"": -1, ""payment_method"": ""Credit Card"", ""order_status"": ""Completed""}"
orders,ORD_0027871,INVALID_QUANTITY_NEGATIVE_RETURN,2026-09-08T16:00:15.302519+00:00,"{""order_id"": ""ORD_0027871"", ""customer_id"": ""CUST_007816"", ""product_id"": ""PROD_0033"", ""order_date"": ""2023-04-24"", ""quantity"": -3, ""payment_method"": ""Credit Card"", ""order_status"": ""Completed""}"
orders,ORD_0028588,INVALID_QUANTITY_NEGATIVE_RETURN,2026-09-08T16:00:15.302519+00:00,"{""order_id"": ""ORD_0028588"", ""customer_id"": ""CUST_007096"", ""product_id"": ""PROD_0015"", ""order_date"": ""2023-05-01"", ""quantity"": -3, ""payment_method"": ""Credit Card"", ""order_status"": ""Completed""}"
orders,ORD_0029067,INVALID_QUANTITY_NEGATIVE_RETURN,2026-09-08T16:00:15.302519+00:00,"{""order_id"": ""ORD_0029067"", ""customer_id"": ""CUST_002862"", ""product_id"": ""PROD_0003"", ""order_date"": ""2023-05-06"", ""quantity"": -3, ""payment_method"": ""Debit Card"", ""order_status"": ""Completed""}"
orders,ORD_0029560,INVALID_QUANTITY_NEGATIVE_RETURN,2026-09-08T16:00:15.302519+00:00,"{""order_id"": ""ORD_0029560"", ""customer_id"": ""CUST_000395"", ""product_id"": ""PROD_0015"", ""order_date"": ""2023-05-11"", ""quantity"": -3, ""payment_method"": ""Debit Card"", ""order_status"": ""Completed""}"
orders,ORD_0029915,INVALID_QUANTITY_NEGATIVE_RETURN,2026-09-08T16:00:15.302519+00:00,"{""order_id"": ""ORD_0029915"", ""customer_id"": ""CUST_006156"", ""product_id"": ""PROD_0018"", ""order_date"": ""2023-05-14"", ""quantity"": -3, ""payment_method"": ""Credit Card"", ""order_status"": ""Refunded""}"
orders,ORD_0030264,INVALID_QUANTITY_NEGATIVE_RETURN,2026-09-08T16:00:15.302519+00:00,"{""order_id"": ""ORD_0030264"", ""customer_id"": ""CUST_009972"", ""product_id"": ""PROD_0236"", ""order_date"": ""2023-05-17"", ""quantity"": -1, ""payment_method"": ""Credit Card"", ""order_status"": ""Completed""}"
orders,ORD_0030325,INVALID_QUANTITY_NEGATIVE_RETURN,2026-09-08T16:00:15.302519+00:00,"{""order_id"": ""ORD_0030325"", ""customer_id"": ""CUST_004495"", ""product_id"": ""PROD_0161"", ""order_date"": ""2023-05-18"", ""quantity"": -1, ""payment_method"": ""Cash on Delivery"", ""order_status"": ""Completed""}"
orders,ORD_0030577,INVALID_QUANTITY_NEGATIVE_RETURN,2026-09-08T16:00:15.302519+00:00,"{""order_id"": ""ORD_0030577"", ""customer_id"": ""CUST_004745"", ""product_id"": ""PROD_0131"", ""order_date"": ""2023-05-20"", ""quantity"": -2, ""payment_method"": ""PayPal"", ""order_status"": ""Completed""}"
orders,ORD_0031326,INVALID_QUANTITY_NEGATIVE_RETURN,2026-09-08T16:00:15.302519+00:00,"{""order_id"": ""ORD_0031326"", ""customer_id"": ""CUST_009040"", ""product_id"": ""PROD_0060"", ""order_date"": ""2023-05-26"", ""quantity"": -2, ""payment_method"": ""Credit Card"", ""order_status"": ""Completed""}"
orders,ORD_0031796,INVALID_QUANTITY_NEGATIVE_RETURN,2026-09-08T16:00:15.302519+00:00,"{""order_id"": ""ORD_0031796"", ""customer_id"": ""CUST_000805"", ""product_id"": ""PROD_0366"", ""order_date"": ""2023-05-31"", ""quantity"": -1, ""payment_method"": ""Cash on Delivery"", ""order_status"": ""Completed""}"
orders,ORD_0031841,INVALID_QUANTITY_NEGATIVE_RETURN,2026-09-08T16:00:15.302519+00:00,"{""order_id"": ""ORD_0031841"", ""customer_id"": ""CUST_005621"", ""product_id"": ""PROD_0038"", ""order_date"": ""2023-05-31"", ""quantity"": -1, ""payment_method"": ""Apple Pay"", ""order_status"": ""Completed""}"
orders,ORD_0032097,INVALID_QUANTITY_NEGATIVE_RETURN,2026-09-08T16:00:15.302519+00:00,"{""order_id"": ""ORD_0032097"", ""customer_id"": ""CUST_008118"", ""product_id"": ""PROD_0008"", ""order_date"": ""2023-06-02"", ""quantity"": -1, ""payment_method"": ""PayPal"", ""order_status"": ""Completed""}"
orders,ORD_0032515,INVALID_QUANTITY_NEGATIVE_RETURN,2026-09-08T16:00:15.302519+00:00,"{""order_id"": ""ORD_0032515"", ""customer_id"": ""CUST_006156"", ""product_id"": ""PROD_0006"", ""order_date"": ""2023-06-06"", ""quantity"": -2, ""payment_method"": ""Credit Card"", ""order_status"": ""Completed""}"
orders,ORD_0033369,INVALID_QUANTITY_NEGATIVE_RETURN,2026-09-08T16:00:15.302519+00:00,"{""order_id"": ""ORD_0033369"", ""customer_id"": ""CUST_006201"", ""product_id"": ""PROD_0031"", ""order_date"": ""2023-06-14"", ""quantity"": -2, ""payment_method"": ""Credit Card"", ""order_status"": ""Completed""}"
orders,ORD_0033494,INVALID_QUANTITY_NEGATIVE_RETURN,2026-09-08T16:00:15.302519+00:00,"{""order_id"": ""ORD_0033494"", ""customer_id"": ""CUST_007438"", ""product_id"": ""PROD_0003"", ""order_date"": ""2023-06-15"", ""quantity"": -3, ""payment_method"": ""Debit Card"", ""order_status"": ""Refunded""}"
orders,ORD_0033499,INVALID_QUANTITY_NEGATIVE_RETURN,2026-09-08T16:00:15.302519+00:00,"{""order_id"": ""ORD_0033499"", ""customer_id"": ""CUST_007942"", ""product_id"": ""PROD_0025"", ""order_date"": ""2023-06-15"", ""quantity"": -2, ""payment_method"": ""PayPal"", ""order_status"": ""Completed""}"
orders,ORD_0033533,INVALID_QUANTITY_NEGATIVE_RETURN,2026-09-08T16:00:15.302519+00:00,"{""order_id"": ""ORD_0033533"", ""customer_id"": ""CUST_000903"", ""product_id"": ""PROD_0037"", ""order_date"": ""2023-06-16"", ""quantity"": -2, ""payment_method"": ""PayPal"", ""order_status"": ""Completed""}"
orders,ORD_0033694,INVALID_QUANTITY_NEGATIVE_RETURN,2026-09-08T16:00:15.302519+00:00,"{""order_id"": ""ORD_0033694"", ""customer_id"": ""CUST_003745"", ""product_id"": ""PROD_0500"", ""order_date"": ""2023-06-17"", ""quantity"": -3, ""payment_method"": ""Credit Card"", ""order_status"": ""Completed""}"
orders,ORD_0033822,INVALID_QUANTITY_NEGATIVE_RETURN,2026-09-08T16:00:15.302519+00:00,"{""order_id"": ""ORD_0033822"", ""customer_id"": ""CUST_004671"", ""product_id"": ""PROD_0112"", ""order_date"": ""2023-06-18"", ""quantity"": -1, ""payment_method"": ""Debit Card"", ""order_status"": ""Completed""}"
orders,ORD_0034309,INVALID_QUANTITY_NEGATIVE_RETURN,2026-09-08T16:00:15.302519+00:00,"{""order_id"": ""ORD_0034309"", ""customer_id"": ""CUST_007081"", ""product_id"": ""PROD_0414"", ""order_date"": ""2023-06-22"", ""quantity"": -3, ""payment_method"": ""Credit Card"", ""order_status"": ""Completed""}"
orders,ORD_0034580,INVALID_QUANTITY_NEGATIVE_RETURN,2026-09-08T16:00:15.302519+00:00,"{""order_id"": ""ORD_0034580"", ""customer_id"": ""CUST_003453"", ""product_id"": ""PROD_0006"", ""order_date"": ""2023-06-25"", ""quantity"": -2, ""payment_method"": ""Debit Card"", ""order_status"": ""Completed""}"
orders,ORD_0034601,INVALID_QUANTITY_NEGATIVE_RETURN,2026-09-08T16:00:15.302519+00:00,"{""order_id"": ""ORD_0034601"", ""customer_id"": ""CUST_005210"", ""product_id"": ""PROD_0072"", ""order_date"": ""2023-06-25"", ""quantity"": -2, ""payment_method"": ""Credit Card"", ""order_status"": ""Completed""}"
orders,ORD_0035282,INVALID_QUANTITY_NEGATIVE_RETURN,2026-09-08T16:00:15.302519+00:00,"{""order_id"": ""ORD_0035282"", ""customer_id"": ""CUST_009525"", ""product_id"": ""PROD_0008"", ""order_date"": ""2023-06-30"", ""quantity"": -2, ""payment_method"": ""PayPal"", ""order_status"": ""Completed""}"
orders,ORD_0035288,INVALID_QUANTITY_NEGATIVE_RETURN,2026-09-08T16:00:15.302519+00:00,"{""order_id"": ""ORD_0035288"", ""customer_id"": ""CUST_009928"", ""product_id"": ""PROD_0078"", ""order_date"": ""2023-06-30"", ""quantity"": -2, ""payment_method"": ""PayPal"", ""order_status"": ""Completed""}"
orders,ORD_0035298,INVALID_QUANTITY_NEGATIVE_RETURN,2026-09-08T16:00:15.302519+00:00,"{""order_id"": ""ORD_0035298"", ""customer_id"": ""CUST_000683"", ""product_id"": ""PROD_0135"", ""order_date"": ""2023-07-01"", ""quantity"": -3, ""payment_method"": ""PayPal"", ""order_status"": ""Refunded""}"
orders,ORD_0035312,INVALID_QUANTITY_NEGATIVE_RETURN,2026-09-08T16:00:15.302519+00:00,"{""order_id"": ""ORD_0035312"", ""customer_id"": ""CUST_001624"", ""product_id"": ""PROD_0174"", ""order_date"": ""2023-07-01"", ""quantity"": -1, ""payment_method"": ""PayPal"", ""order_status"": ""Completed""}"
orders,ORD_0035574,INVALID_QUANTITY_NEGATIVE_RETURN,2026-09-08T16:00:15.302519+00:00,"{""order_id"": ""ORD_0035574"", ""customer_id"": ""CUST_004759"", ""product_id"": ""PROD_0002"", ""order_date"": ""2023-07-03"", ""quantity"": -1, ""payment_method"": ""Credit Card"", ""order_status"": ""Completed""}"
orders,ORD_0036021,INVALID_QUANTITY_NEGATIVE_RETURN,2026-09-08T16:00:15.302519+00:00,"{""order_id"": ""ORD_0036021"", ""customer_id"": ""CUST_002880"", ""product_id"": ""PROD_0013"", ""order_date"": ""2023-07-07"", ""quantity"": -2, ""payment_method"": ""Credit Card"", ""order_status"": ""Completed""}"
orders,ORD_0036086,INVALID_QUANTITY_NEGATIVE_RETURN,2026-09-08T16:00:15.302519+00:00,"{""order_id"": ""ORD_0036086"", ""customer_id"": ""CUST_007733"", ""product_id"": ""PROD_0024"", ""order_date"": ""2023-07-07"", ""quantity"": -1, ""payment_method"": ""Credit Card"", ""order_status"": ""Completed""}"
orders,ORD_0036319,INVALID_QUANTITY_NEGATIVE_RETURN,2026-09-08T16:00:15.302519+00:00,"{""order_id"": ""ORD_0036319"", ""customer_id"": ""CUST_005716"", ""product_id"": ""PROD_0048"", ""order_date"": ""2023-07-09"", ""quantity"": -2, ""payment_method"": ""Credit Card"", ""order_status"": ""Completed""}"
orders,ORD_0036566,INVALID_QUANTITY_NEGATIVE_RETURN,2026-09-08T16:00:15.302519+00:00,"{""order_id"": ""ORD_0036566"", ""customer_id"": ""CUST_005313"", ""product_id"": ""PROD_0006"", ""order_date"": ""2023-07-11"", ""quantity"": -1, ""payment_method"": ""Cash on Delivery"", ""order_status"": ""Completed""}"
orders,ORD_0036646,INVALID_QUANTITY_NEGATIVE_RETURN,2026-09-08T16:00:15.302519+00:00,"{""order_id"": ""ORD_0036646"", ""customer_id"": ""CUST_003252"", ""product_id"": ""PROD_0051"", ""order_date"": ""2023-07-12"", ""quantity"": -1, ""payment_method"": ""Debit Card"", ""order_status"": ""Cancelled""}"
orders,ORD_0036684,INVALID_QUANTITY_NEGATIVE_RETURN,2026-09-08T16:00:15.302519+00:00,"{""order_id"": ""ORD_0036684"", ""customer_id"": ""CUST_006487"", ""product_id"": ""PROD_0001"", ""order_date"": ""2023-07-12"", ""quantity"": -3, ""payment_method"": ""Credit Card"", ""order_status"": ""Completed""}"
orders,ORD_0037023,INVALID_QUANTITY_NEGATIVE_RETURN,2026-09-08T16:00:15.302519+00:00,"{""order_id"": ""ORD_0037023"", ""customer_id"": ""CUST_003972"", ""product_id"": ""PROD_0025"", ""order_date"": ""2023-07-15"", ""quantity"": -2, ""payment_method"": ""Credit Card"", ""order_status"": ""Completed""}"
orders,ORD_0037060,INVALID_QUANTITY_NEGATIVE_RETURN,2026-09-08T16:00:15.302519+00:00,"{""order_id"": ""ORD_0037060"", ""customer_id"": ""CUST_007558"", ""product_id"": ""PROD_0254"", ""order_date"": ""2023-07-15"", ""quantity"": -1, ""payment_method"": ""Credit Card"", ""order_status"": ""Completed""}"
orders,ORD_0037337,INVALID_QUANTITY_NEGATIVE_RETURN,2026-09-08T16:00:15.302519+00:00,"{""order_id"": ""ORD_0037337"", ""customer_id"": ""CUST_002297"", ""product_id"": ""PROD_0003"", ""order_date"": ""2023-07-18"", ""quantity"": -3, ""payment_method"": ""Credit Card"", ""order_status"": ""Completed""}"
orders,ORD_0037411,INVALID_QUANTITY_NEGATIVE_RETURN,2026-09-08T16:00:15.302519+00:00,"{""order_id"": ""ORD_0037411"", ""customer_id"": ""CUST_008694"", ""product_id"": ""PROD_0001"", ""order_date"": ""2023-07-18"", ""quantity"": -1, ""payment_method"": ""Credit Card"", ""order_status"": ""Cancelled""}"
orders,ORD_0037855,INVALID_QUANTITY_NEGATIVE_RETURN,2026-09-08T16:00:15.302519+00:00,"{""order_id"": ""ORD_0037855"", ""customer_id"": ""CUST_007837"", ""product_id"": ""PROD_0207"", ""order_date"": ""2023-07-22"", ""quantity"": -3, ""payment_method"": ""Credit Card"", ""order_status"": ""Completed""}"
orders,ORD_0038535,INVALID_QUANTITY_NEGATIVE_RETURN,2026-09-08T16:00:15.302519+00:00,"{""order_id"": ""ORD_0038535"", ""customer_id"": ""CUST_002557"", ""product_id"": ""PROD_0421"", ""order_date"": ""2023-07-28"", ""quantity"": -2, ""payment_method"": ""Credit Card"", ""order_status"": ""Completed""}"
orders,ORD_0038737,INVALID_QUANTITY_NEGATIVE_RETURN,2026-09-08T16:00:15.302519+00:00,"{""order_id"": ""ORD_0038737"", ""customer_id"": ""CUST_008804"", ""product_id"": ""PROD_0011"", ""order_date"": ""2023-07-29"", ""quantity"": -3, ""payment_method"": ""Debit Card"", ""order_status"": ""Completed""}"
orders,ORD_0039281,INVALID_QUANTITY_NEGATIVE_RETURN,2026-09-08T16:00:15.302519+00:00,"{""order_id"": ""ORD_0039281"", ""customer_id"": ""CUST_004894"", ""product_id"": ""PROD_0161"", ""order_date"": ""2023-08-03"", ""quantity"": -1, ""payment_method"": ""PayPal"", ""order_status"": ""Cancelled""}"
orders,ORD_0039349,INVALID_QUANTITY_NEGATIVE_RETURN,2026-09-08T16:00:15.302519+00:00,"{""order_id"": ""ORD_0039349"", ""customer_id"": ""CUST_001220"", ""product_id"": ""PROD_0092"", ""order_date"": ""2023-08-04"", ""quantity"": -1, ""payment_method"": ""Debit Card"", ""order_status"": ""Refunded""}"
orders,ORD_0040006,INVALID_QUANTITY_NEGATIVE_RETURN,2026-09-08T16:00:15.302519+00:00,"{""order_id"": ""ORD_0040006"", ""customer_id"": ""CUST_005170"", ""product_id"": ""PROD_0006"", ""order_date"": ""2023-08-09"", ""quantity"": -1, ""payment_method"": ""PayPal"", ""order_status"": ""Shipped""}"
orders,ORD_0040048,INVALID_QUANTITY_NEGATIVE_RETURN,2026-09-08T16:00:15.302519+00:00,"{""order_id"": ""ORD_0040048"", ""customer_id"": ""CUST_008256"", ""product_id"": ""PROD_0004"", ""order_date"": ""2023-08-09"", ""quantity"": -2, ""payment_method"": ""Credit Card"", ""order_status"": ""Completed""}"
orders,ORD_0040558,INVALID_QUANTITY_NEGATIVE_RETURN,2026-09-08T16:00:15.302519+00:00,"{""order_id"": ""ORD_0040558"", ""customer_id"": ""CUST_002372"", ""product_id"": ""PROD_0363"", ""order_date"": ""2023-08-14"", ""quantity"": -1, ""payment_method"": ""Credit Card"", ""order_status"": ""Completed""}"
orders,ORD_0040712,INVALID_QUANTITY_NEGATIVE_RETURN,2026-09-08T16:00:15.302519+00:00,"{""order_id"": ""ORD_0040712"", ""customer_id"": ""CUST_004327"", ""product_id"": ""PROD_0048"", ""order_date"": ""2023-08-15"", ""quantity"": -3, ""payment_method"": ""Cash on Delivery"", ""order_status"": ""Completed""}"
orders,ORD_0041749,INVALID_QUANTITY_NEGATIVE_RETURN,2026-09-08T16:00:15.302519+00:00,"{""order_id"": ""ORD_0041749"", ""customer_id"": ""CUST_007439"", ""product_id"": ""PROD_0107"", ""order_date"": ""2023-08-23"", ""quantity"": -1, ""payment_method"": ""Cash on Delivery"", ""order_status"": ""Completed""}"
orders,ORD_0041893,INVALID_QUANTITY_NEGATIVE_RETURN,2026-09-08T16:00:15.302519+00:00,"{""order_id"": ""ORD_0041893"", ""customer_id"": ""CUST_000234"", ""product_id"": ""PROD_0093"", ""order_date"": ""2023-08-25"", ""quantity"": -2, ""payment_method"": ""Credit Card"", ""order_status"": ""Completed""}"
orders,ORD_0042485,INVALID_QUANTITY_NEGATIVE_RETURN,2026-09-08T16:00:15.302519+00:00,"{""order_id"": ""ORD_0042485"", ""customer_id"": ""CUST_009345"", ""product_id"": ""PROD_0031"", ""order_date"": ""2023-08-29"", ""quantity"": -2, ""payment_method"": ""Credit Card"", ""order_status"": ""Completed""}"
orders,ORD_0042709,INVALID_QUANTITY_NEGATIVE_RETURN,2026-09-08T16:00:15.302519+00:00,"{""order_id"": ""ORD_0042709"", ""customer_id"": ""CUST_007337"", ""product_id"": ""PROD_0376"", ""order_date"": ""2023-08-31"", ""quantity"": -2, ""payment_method"": ""PayPal"", ""order_status"": ""Completed""}"
orders,ORD_0043010,INVALID_QUANTITY_NEGATIVE_RETURN,2026-09-08T16:00:15.302519+00:00,"{""order_id"": ""ORD_0043010"", ""customer_id"": ""CUST_001712"", ""product_id"": ""PROD_0066"", ""order_date"": ""2023-09-03"", ""quantity"": -3, ""payment_method"": ""Credit Card"", ""order_status"": ""Completed""}"
orders,ORD_0043025,INVALID_QUANTITY_NEGATIVE_RETURN,2026-09-08T16:00:15.302519+00:00,"{""order_id"": ""ORD_0043025"", ""customer_id"": ""CUST_002956"", ""product_id"": ""PROD_0332"", ""order_date"": ""2023-09-03"", ""quantity"": -1, ""payment_method"": ""Credit Card"", ""order_status"": ""Completed""}"
orders,ORD_0043696,INVALID_QUANTITY_NEGATIVE_RETURN,2026-09-08T16:00:15.302519+00:00,"{""order_id"": ""ORD_0043696"", ""customer_id"": ""CUST_009432"", ""product_id"": ""PROD_0062"", ""order_date"": ""2023-09-08"", ""quantity"": -3, ""payment_method"": ""Credit Card"", ""order_status"": ""Refunded""}"
orders,ORD_0043882,INVALID_QUANTITY_NEGATIVE_RETURN,2026-09-08T16:00:15.302519+00:00,"{""order_id"": ""ORD_0043882"", ""customer_id"": ""CUST_004252"", ""product_id"": ""PROD_0008"", ""order_date"": ""2023-09-10"", ""quantity"": -1, ""payment_method"": ""Debit Card"", ""order_status"": ""Completed""}"
orders,ORD_0044623,INVALID_QUANTITY_NEGATIVE_RETURN,2026-09-08T16:00:15.302519+00:00,"{""order_id"": ""ORD_0044623"", ""customer_id"": ""CUST_008697"", ""product_id"": ""PROD_0018"", ""order_date"": ""2023-09-16"", ""quantity"": -2, ""payment_method"": ""Credit Card"", ""order_status"": ""Completed""}"
orders,ORD_0044695,INVALID_QUANTITY_NEGATIVE_RETURN,2026-09-08T16:00:15.302519+00:00,"{""order_id"": ""ORD_0044695"", ""customer_id"": ""CUST_003788"", ""product_id"": ""PROD_0332"", ""order_date"": ""2023-09-17"", ""quantity"": -3, ""payment_method"": ""Debit Card"", ""order_status"": ""Completed""}"
orders,ORD_0044725,INVALID_QUANTITY_NEGATIVE_RETURN,2026-09-08T16:00:15.302519+00:00,"{""order_id"": ""ORD_0044725"", ""customer_id"": ""CUST_005378"", ""product_id"": ""PROD_0008"", ""order_date"": ""2023-09-17"", ""quantity"": -3, ""payment_method"": ""Credit Card"", ""order_status"": ""Completed""}"
orders,ORD_0044961,INVALID_QUANTITY_NEGATIVE_RETURN,2026-09-08T16:00:15.302519+00:00,"{""order_id"": ""ORD_0044961"", ""customer_id"": ""CUST_005056"", ""product_id"": ""PROD_0141"", ""order_date"": ""2023-09-19"", ""quantity"": -2, ""payment_method"": ""Debit Card"", ""order_status"": ""Cancelled""}"
orders,ORD_0045445,INVALID_QUANTITY_NEGATIVE_RETURN,2026-09-08T16:00:15.302519+00:00,"{""order_id"": ""ORD_0045445"", ""customer_id"": ""CUST_001267"", ""product_id"": ""PROD_0001"", ""order_date"": ""2023-09-23"", ""quantity"": -3, ""payment_method"": ""Apple Pay"", ""order_status"": ""Refunded""}"
orders,ORD_0045806,INVALID_QUANTITY_NEGATIVE_RETURN,2026-09-08T16:00:15.302519+00:00,"{""order_id"": ""ORD_0045806"", ""customer_id"": ""CUST_007018"", ""product_id"": ""PROD_0413"", ""order_date"": ""2023-09-25"", ""quantity"": -1, ""payment_method"": ""Cash on Delivery"", ""order_status"": ""Completed""}"
orders,ORD_0046074,INVALID_QUANTITY_NEGATIVE_RETURN,2026-09-08T16:00:15.302519+00:00,"{""order_id"": ""ORD_0046074"", ""customer_id"": ""CUST_008164"", ""product_id"": ""PROD_0364"", ""order_date"": ""2023-09-27"", ""quantity"": -3, ""payment_method"": ""Credit Card"", ""order_status"": ""Completed""}"
orders,ORD_0046240,INVALID_QUANTITY_NEGATIVE_RETURN,2026-09-08T16:00:15.302519+00:00,"{""order_id"": ""ORD_0046240"", ""customer_id"": ""CUST_002246"", ""product_id"": ""PROD_0005"", ""order_date"": ""2023-09-29"", ""quantity"": -3, ""payment_method"": ""Credit Card"", ""order_status"": ""Completed""}"
orders,ORD_0046286,INVALID_QUANTITY_NEGATIVE_RETURN,2026-09-08T16:00:15.302519+00:00,"{""order_id"": ""ORD_0046286"", ""customer_id"": ""CUST_006737"", ""product_id"": ""PROD_0011"", ""order_date"": ""2023-09-29"", ""quantity"": -2, ""payment_method"": ""Apple Pay"", ""order_status"": ""Completed""}"
orders,ORD_0046300,INVALID_QUANTITY_NEGATIVE_RETURN,2026-09-08T16:00:15.302519+00:00,"{""order_id"": ""ORD_0046300"", ""customer_id"": ""CUST_007621"", ""product_id"": ""PROD_0032"", ""order_date"": ""2023-09-29"", ""quantity"": -1, ""payment_method"": ""Unknown"", ""order_status"": ""Completed""}"
orders,ORD_0047368,INVALID_QUANTITY_NEGATIVE_RETURN,2026-09-08T16:00:15.302519+00:00,"{""order_id"": ""ORD_0047368"", ""customer_id"": ""CUST_006280"", ""product_id"": ""PROD_0003"", ""order_date"": ""2023-10-07"", ""quantity"": -1, ""payment_method"": ""Credit Card"", ""order_status"": ""Completed""}"
orders,ORD_0047623,INVALID_QUANTITY_NEGATIVE_RETURN,2026-09-08T16:00:15.302519+00:00,"{""order_id"": ""ORD_0047623"", ""customer_id"": ""CUST_005947"", ""product_id"": ""PROD_0422"", ""order_date"": ""2023-10-09"", ""quantity"": -1, ""payment_method"": ""Credit Card"", ""order_status"": ""Completed""}"
orders,ORD_0048514,INVALID_QUANTITY_NEGATIVE_RETURN,2026-09-08T16:00:15.302519+00:00,"{""order_id"": ""ORD_0048514"", ""customer_id"": ""CUST_001133"", ""product_id"": ""PROD_0367"", ""order_date"": ""2023-10-16"", ""quantity"": -2, ""payment_method"": ""PayPal"", ""order_status"": ""Completed""}"
orders,ORD_0048856,INVALID_QUANTITY_NEGATIVE_RETURN,2026-09-08T16:00:15.302519+00:00,"{""order_id"": ""ORD_0048856"", ""customer_id"": ""CUST_009832"", ""product_id"": ""PROD_0001"", ""order_date"": ""2023-10-18"", ""quantity"": -3, ""payment_method"": ""Credit Card"", ""order_status"": ""Shipped""}"
orders,ORD_0049015,INVALID_QUANTITY_NEGATIVE_RETURN,2026-09-08T16:00:15.302519+00:00,"{""order_id"": ""ORD_0049015"", ""customer_id"": ""CUST_003018"", ""product_id"": ""PROD_0408"", ""order_date"": ""2023-10-20"", ""quantity"": -2, ""payment_method"": ""Credit Card"", ""order_status"": ""Completed""}"
orders,ORD_0049437,INVALID_QUANTITY_NEGATIVE_RETURN,2026-09-08T16:00:15.302519+00:00,"{""order_id"": ""ORD_0049437"", ""customer_id"": ""CUST_004251"", ""product_id"": ""PROD_0144"", ""order_date"": ""2023-10-23"", ""quantity"": -2, ""payment_method"": ""Credit Card"", ""order_status"": ""Completed""}"
orders,ORD_0049462,INVALID_QUANTITY_NEGATIVE_RETURN,2026-09-08T16:00:15.302519+00:00,"{""order_id"": ""ORD_0049462"", ""customer_id"": ""CUST_006499"", ""product_id"": ""PROD_0007"", ""order_date"": ""2023-10-23"", ""quantity"": -2, ""payment_method"": ""Credit Card"", ""order_status"": ""Completed""}"
orders,ORD_0049608,INVALID_QUANTITY_NEGATIVE_RETURN,2026-09-08T16:00:15.302519+00:00,"{""order_id"": ""ORD_0049608"", ""customer_id"": ""CUST_007321"", ""product_id"": ""PROD_0021"", ""order_date"": ""2023-10-24"", ""quantity"": -1, ""payment_method"": ""PayPal"", ""order_status"": ""Completed""}"
orders,ORD_0050177,INVALID_QUANTITY_NEGATIVE_RETURN,2026-09-08T16:00:15.302519+00:00,"{""order_id"": ""ORD_0050177"", ""customer_id"": ""CUST_001080"", ""product_id"": ""PROD_0267"", ""order_date"": ""2023-10-29"", ""quantity"": -2, ""payment_method"": ""Debit Card"", ""order_status"": ""Completed""}"
orders,ORD_0050394,INVALID_QUANTITY_NEGATIVE_RETURN,2026-09-08T16:00:15.302519+00:00,"{""order_id"": ""ORD_0050394"", ""customer_id"": ""CUST_007031"", ""product_id"": ""PROD_0011"", ""order_date"": ""2023-10-30"", ""quantity"": -1, ""payment_method"": ""PayPal"", ""order_status"": ""Shipped""}"
orders,ORD_0050984,INVALID_QUANTITY_NEGATIVE_RETURN,2026-09-08T16:00:15.302519+00:00,"{""order_id"": ""ORD_0050984"", ""customer_id"": ""CUST_003793"", ""product_id"": ""PROD_0014"", ""order_date"": ""2023-11-04"", ""quantity"": -2, ""payment_method"": ""Credit Card"", ""order_status"": ""Completed""}"
orders,ORD_0051440,INVALID_QUANTITY_NEGATIVE_RETURN,2026-09-08T16:00:15.302519+00:00,"{""order_id"": ""ORD_0051440"", ""customer_id"": ""CUST_008763"", ""product_id"": ""PROD_0004"", ""order_date"": ""2023-11-07"", ""quantity"": -3, ""payment_method"": ""Credit Card"", ""order_status"": ""Completed""}"
orders,ORD_0051737,INVALID_QUANTITY_NEGATIVE_RETURN,2026-09-08T16:00:15.302519+00:00,"{""order_id"": ""ORD_0051737"", ""customer_id"": ""CUST_001251"", ""product_id"": ""PROD_0079"", ""order_date"": ""2023-11-10"", ""quantity"": -2, ""payment_method"": ""Cash on Delivery"", ""order_status"": ""Completed""}"
orders,ORD_0052241,INVALID_QUANTITY_NEGATIVE_RETURN,2026-09-08T16:00:15.302519+00:00,"{""order_id"": ""ORD_0052241"", ""customer_id"": ""CUST_001797"", ""product_id"": ""PROD_0410"", ""order_date"": ""2023-11-14"", ""quantity"": -1, ""payment_method"": ""Cash on Delivery"", ""order_status"": ""Completed""}"
orders,ORD_0052423,INVALID_QUANTITY_NEGATIVE_RETURN,2026-09-08T16:00:15.302519+00:00,"{""order_id"": ""ORD_0052423"", ""customer_id"": ""CUST_005947"", ""product_id"": ""PROD_0050"", ""order_date"": ""2023-11-15"", ""quantity"": -3, ""payment_method"": ""Credit Card"", ""order_status"": ""Completed""}"
orders,ORD_0052766,INVALID_QUANTITY_NEGATIVE_RETURN,2026-09-08T16:00:15.302519+00:00,"{""order_id"": ""ORD_0052766"", ""customer_id"": ""CUST_002199"", ""product_id"": ""PROD_0032"", ""order_date"": ""2023-11-18"", ""quantity"": -1, ""payment_method"": ""Credit Card"", ""order_status"": ""Completed""}"
orders,ORD_0053063,INVALID_QUANTITY_NEGATIVE_RETURN,2026-09-08T16:00:15.302519+00:00,"{""order_id"": ""ORD_0053063"", ""customer_id"": ""CUST_005209"", ""product_id"": ""PROD_0002"", ""order_date"": ""2023-11-20"", ""quantity"": -1, ""payment_method"": ""Credit Card"", ""order_status"": ""Completed""}"
orders,ORD_0053534,INVALID_QUANTITY_NEGATIVE_RETURN,2026-09-08T16:00:15.302519+00:00,"{""order_id"": ""ORD_0053534"", ""customer_id"": ""CUST_009158"", ""product_id"": ""PROD_0009"", ""order_date"": ""2023-11-23"", ""quantity"": -3, ""payment_method"": ""Credit Card"", ""order_status"": ""Completed""}"
orders,ORD_0053590,INVALID_QUANTITY_NEGATIVE_RETURN,2026-09-08T16:00:15.302519+00:00,"{""order_id"": ""ORD_0053590"", ""customer_id"": ""CUST_003741"", ""product_id"": ""PROD_0005"", ""order_date"": ""2023-11-24"", ""quantity"": -2, ""payment_method"": ""Credit Card"", ""order_status"": ""Shipped""}"
orders,ORD_0053601,INVALID_QUANTITY_NEGATIVE_RETURN,2026-09-08T16:00:15.302519+00:00,"{""order_id"": ""ORD_0053601"", ""customer_id"": ""CUST_004494"", ""product_id"": ""PROD_0107"", ""order_date"": ""2023-11-24"", ""quantity"": -2, ""payment_method"": ""Credit Card"", ""order_status"": ""Completed""}"
orders,ORD_0053690,INVALID_QUANTITY_NEGATIVE_RETURN,2026-09-08T16:00:15.302519+00:00,"{""order_id"": ""ORD_0053690"", ""customer_id"": ""CUST_000971"", ""product_id"": ""PROD_0258"", ""order_date"": ""2023-11-25"", ""quantity"": -3, ""payment_method"": ""Debit Card"", ""order_status"": ""Completed""}"
orders,ORD_0055071,INVALID_QUANTITY_NEGATIVE_RETURN,2026-09-08T16:00:15.302519+00:00,"{""order_id"": ""ORD_0055071"", ""customer_id"": ""CUST_007393"", ""product_id"": ""PROD_0063"", ""order_date"": ""2023-12-05"", ""quantity"": -3, ""payment_method"": ""Credit Card"", ""order_status"": ""Completed""}"
orders,ORD_0055119,INVALID_QUANTITY_NEGATIVE_RETURN,2026-09-08T16:00:15.302519+00:00,"{""order_id"": ""ORD_0055119"", ""customer_id"": ""CUST_000970"", ""product_id"": ""PROD_0111"", ""order_date"": ""2023-12-06"", ""quantity"": -2, ""payment_method"": ""PayPal"", ""order_status"": ""Refunded""}"
orders,ORD_0055157,INVALID_QUANTITY_NEGATIVE_RETURN,2026-09-08T16:00:15.302519+00:00,"{""order_id"": ""ORD_0055157"", ""customer_id"": ""CUST_003762"", ""product_id"": ""PROD_0214"", ""order_date"": ""2023-12-06"", ""quantity"": -2, ""payment_method"": ""Credit Card"", ""order_status"": ""Completed""}"
orders,ORD_0055450,INVALID_QUANTITY_NEGATIVE_RETURN,2026-09-08T16:00:15.302519+00:00,"{""order_id"": ""ORD_0055450"", ""customer_id"": ""CUST_007006"", ""product_id"": ""PROD_0017"", ""order_date"": ""2023-12-08"", ""quantity"": -1, ""payment_method"": ""Credit Card"", ""order_status"": ""Completed""}"
orders,ORD_0055751,INVALID_QUANTITY_NEGATIVE_RETURN,2026-09-08T16:00:15.302519+00:00,"{""order_id"": ""ORD_0055751"", ""customer_id"": ""CUST_009953"", ""product_id"": ""PROD_0023"", ""order_date"": ""2023-12-10"", ""quantity"": -2, ""payment_method"": ""Credit Card"", ""order_status"": ""Completed""}"
orders,ORD_0055958,INVALID_QUANTITY_NEGATIVE_RETURN,2026-09-08T16:00:15.302519+00:00,"{""order_id"": ""ORD_0055958"", ""customer_id"": ""CUST_005540"", ""product_id"": ""PROD_0015"", ""order_date"": ""2023-12-12"", ""quantity"": -1, ""payment_method"": ""Credit Card"", ""order_status"": ""Refunded""}"
orders,ORD_0056282,INVALID_QUANTITY_NEGATIVE_RETURN,2026-09-08T16:00:15.302519+00:00,"{""order_id"": ""ORD_0056282"", ""customer_id"": ""CUST_009731"", ""product_id"": ""PROD_0007"", ""order_date"": ""2023-12-14"", ""quantity"": -3, ""payment_method"": ""Credit Card"", ""order_status"": ""Refunded""}"
orders,ORD_0056399,INVALID_QUANTITY_NEGATIVE_RETURN,2026-09-08T16:00:15.302519+00:00,"{""order_id"": ""ORD_0056399"", ""customer_id"": ""CUST_008232"", ""product_id"": ""PROD_0252"", ""order_date"": ""2023-12-15"", ""quantity"": -1, ""payment_method"": ""Credit Card"", ""order_status"": ""Completed""}"
orders,ORD_0057000,INVALID_QUANTITY_NEGATIVE_RETURN,2026-09-08T16:00:15.302519+00:00,"{""order_id"": ""ORD_0057000"", ""customer_id"": ""CUST_005540"", ""product_id"": ""PROD_0002"", ""order_date"": ""2023-12-20"", ""quantity"": -1, ""payment_method"": ""PayPal"", ""order_status"": ""Refunded""}"
orders,ORD_0057408,INVALID_QUANTITY_NEGATIVE_RETURN,2026-09-08T16:00:15.302519+00:00,"{""order_id"": ""ORD_0057408"", ""customer_id"": ""CUST_005626"", ""product_id"": ""PROD_0043"", ""order_date"": ""2023-12-23"", ""quantity"": -3, ""payment_method"": ""Credit Card"", ""order_status"": ""Completed""}"
orders,ORD_0057860,INVALID_QUANTITY_NEGATIVE_RETURN,2026-09-08T16:00:15.302519+00:00,"{""order_id"": ""ORD_0057860"", ""customer_id"": ""CUST_000925"", ""product_id"": ""PROD_0019"", ""order_date"": ""2023-12-27"", ""quantity"": -1, ""payment_method"": ""PayPal"", ""order_status"": ""Completed""}"
orders,ORD_0057979,INVALID_QUANTITY_NEGATIVE_RETURN,2026-09-08T16:00:15.302519+00:00,"{""order_id"": ""ORD_0057979"", ""customer_id"": ""CUST_009704"", ""product_id"": ""PROD_0193"", ""order_date"": ""2023-12-27"", ""quantity"": -3, ""payment_method"": ""Credit Card"", ""order_status"": ""Shipped""}"
orders,ORD_0058213,INVALID_QUANTITY_NEGATIVE_RETURN,2026-09-08T16:00:15.302519+00:00,"{""order_id"": ""ORD_0058213"", ""customer_id"": ""CUST_007466"", ""product_id"": ""PROD_0013"", ""order_date"": ""2023-12-29"", ""quantity"": -3, ""payment_method"": ""Debit Card"", ""order_status"": ""Completed""}"
orders,ORD_0058316,INVALID_QUANTITY_NEGATIVE_RETURN,2026-09-08T16:00:15.302519+00:00,"{""order_id"": ""ORD_0058316"", ""customer_id"": ""CUST_003741"", ""product_id"": ""PROD_0115"", ""order_date"": ""2023-12-30"", ""quantity"": -1, ""payment_method"": ""Credit Card"", ""order_status"": ""Completed""}"
orders,ORD_0058968,INVALID_QUANTITY_NEGATIVE_RETURN,2026-09-08T16:00:15.302519+00:00,"{""order_id"": ""ORD_0058968"", ""customer_id"": ""CUST_000231"", ""product_id"": ""PROD_0170"", ""order_date"": ""2024-01-04"", ""quantity"": -3, ""payment_method"": ""PayPal"", ""order_status"": ""Completed""}"
orders,ORD_0059137,INVALID_QUANTITY_NEGATIVE_RETURN,2026-09-08T16:00:15.302519+00:00,"{""order_id"": ""ORD_0059137"", ""customer_id"": ""CUST_003658"", ""product_id"": ""PROD_0233"", ""order_date"": ""2024-01-05"", ""quantity"": -3, ""payment_method"": ""Debit Card"", ""order_status"": ""Cancelled""}"
orders,ORD_0059178,INVALID_QUANTITY_NEGATIVE_RETURN,2026-09-08T16:00:15.302519+00:00,"{""order_id"": ""ORD_0059178"", ""customer_id"": ""CUST_006487"", ""product_id"": ""PROD_0002"", ""order_date"": ""2024-01-05"", ""quantity"": -1, ""payment_method"": ""Credit Card"", ""order_status"": ""Completed""}"
orders,ORD_0059889,INVALID_QUANTITY_NEGATIVE_RETURN,2026-09-08T16:00:15.302519+00:00,"{""order_id"": ""ORD_0059889"", ""customer_id"": ""CUST_008947"", ""product_id"": ""PROD_0231"", ""order_date"": ""2024-01-10"", ""quantity"": -2, ""payment_method"": ""Credit Card"", ""order_status"": ""Completed""}"
orders,ORD_0059980,INVALID_QUANTITY_NEGATIVE_RETURN,2026-09-08T16:00:15.302519+00:00,"{""order_id"": ""ORD_0059980"", ""customer_id"": ""CUST_006077"", ""product_id"": ""PROD_0015"", ""order_date"": ""2024-01-11"", ""quantity"": -2, ""payment_method"": ""Debit Card"", ""order_status"": ""Completed""}"
orders,ORD_0060218,INVALID_QUANTITY_NEGATIVE_RETURN,2026-09-08T16:00:15.302519+00:00,"{""order_id"": ""ORD_0060218"", ""customer_id"": ""CUST_003583"", ""product_id"": ""PROD_0464"", ""order_date"": ""2024-01-13"", ""quantity"": -3, ""payment_method"": ""Credit Card"", ""order_status"": ""Completed""}"
orders,ORD_0061375,INVALID_QUANTITY_NEGATIVE_RETURN,2026-09-08T16:00:15.302519+00:00,"{""order_id"": ""ORD_0061375"", ""customer_id"": ""CUST_008367"", ""product_id"": ""PROD_0003"", ""order_date"": ""2024-01-21"", ""quantity"": -2, ""payment_method"": ""Credit Card"", ""order_status"": ""Completed""}"
orders,ORD_0062491,INVALID_QUANTITY_NEGATIVE_RETURN,2026-09-08T16:00:15.302519+00:00,"{""order_id"": ""ORD_0062491"", ""customer_id"": ""CUST_009972"", ""product_id"": ""PROD_0255"", ""order_date"": ""2024-01-29"", ""quantity"": -2, ""payment_method"": ""Credit Card"", ""order_status"": ""Completed""}"
orders,ORD_0062825,INVALID_QUANTITY_NEGATIVE_RETURN,2026-09-08T16:00:15.302519+00:00,"{""order_id"": ""ORD_0062825"", ""customer_id"": ""CUST_002362"", ""product_id"": ""PROD_0034"", ""order_date"": ""2024-02-01"", ""quantity"": -1, ""payment_method"": ""Credit Card"", ""order_status"": ""Cancelled""}"
orders,ORD_0063825,INVALID_QUANTITY_NEGATIVE_RETURN,2026-09-08T16:00:15.302519+00:00,"{""order_id"": ""ORD_0063825"", ""customer_id"": ""CUST_005905"", ""product_id"": ""PROD_0420"", ""order_date"": ""2024-02-08"", ""quantity"": -1, ""payment_method"": ""Cash on Delivery"", ""order_status"": ""Completed""}"
orders,ORD_0064008,INVALID_QUANTITY_NEGATIVE_RETURN,2026-09-08T16:00:15.302519+00:00,"{""order_id"": ""ORD_0064008"", ""customer_id"": ""CUST_008465"", ""product_id"": ""PROD_0316"", ""order_date"": ""2024-02-09"", ""quantity"": -1, ""payment_method"": ""PayPal"", ""order_status"": ""Completed""}"
orders,ORD_0064028,INVALID_QUANTITY_NEGATIVE_RETURN,2026-09-08T16:00:15.302519+00:00,"{""order_id"": ""ORD_0064028"", ""customer_id"": ""CUST_009665"", ""product_id"": ""PROD_0110"", ""order_date"": ""2024-02-09"", ""quantity"": -3, ""payment_method"": ""PayPal"", ""order_status"": ""Completed""}"
orders,ORD_0064200,INVALID_QUANTITY_NEGATIVE_RETURN,2026-09-08T16:00:15.302519+00:00,"{""order_id"": ""ORD_0064200"", ""customer_id"": ""CUST_000569"", ""product_id"": ""PROD_0020"", ""order_date"": ""2024-02-11"", ""quantity"": -1, ""payment_method"": ""Cash on Delivery"", ""order_status"": ""Completed""}"
orders,ORD_0064681,INVALID_QUANTITY_NEGATIVE_RETURN,2026-09-08T16:00:15.302519+00:00,"{""order_id"": ""ORD_0064681"", ""customer_id"": ""CUST_004517"", ""product_id"": ""PROD_0481"", ""order_date"": ""2024-02-14"", ""quantity"": -1, ""payment_method"": ""Credit Card"", ""order_status"": ""Completed""}"
orders,ORD_0064726,INVALID_QUANTITY_NEGATIVE_RETURN,2026-09-08T16:00:15.302519+00:00,"{""order_id"": ""ORD_0064726"", ""customer_id"": ""CUST_008294"", ""product_id"": ""PROD_0440"", ""order_date"": ""2024-02-14"", ""quantity"": -1, ""payment_method"": ""Credit Card"", ""order_status"": ""Completed""}"
orders,ORD_0064876,INVALID_QUANTITY_NEGATIVE_RETURN,2026-09-08T16:00:15.302519+00:00,"{""order_id"": ""ORD_0064876"", ""customer_id"": ""CUST_009854"", ""product_id"": ""PROD_0249"", ""order_date"": ""2024-02-15"", ""quantity"": -2, ""payment_method"": ""Credit Card"", ""order_status"": ""Shipped""}"
orders,ORD_0064937,INVALID_QUANTITY_NEGATIVE_RETURN,2026-09-08T16:00:15.302519+00:00,"{""order_id"": ""ORD_0064937"", ""customer_id"": ""CUST_003977"", ""product_id"": ""PROD_0026"", ""order_date"": ""2024-02-16"", ""quantity"": -3, ""payment_method"": ""Credit Card"", ""order_status"": ""Completed""}"
orders,ORD_0065190,INVALID_QUANTITY_NEGATIVE_RETURN,2026-09-08T16:00:15.302519+00:00,"{""order_id"": ""ORD_0065190"", ""customer_id"": ""CUST_001535"", ""product_id"": ""PROD_0021"", ""order_date"": ""2024-02-18"", ""quantity"": -3, ""payment_method"": ""Credit Card"", ""order_status"": ""Completed""}"
orders,ORD_0065617,INVALID_QUANTITY_NEGATIVE_RETURN,2026-09-08T16:00:15.302519+00:00,"{""order_id"": ""ORD_0065617"", ""customer_id"": ""CUST_000514"", ""product_id"": ""PROD_0003"", ""order_date"": ""2024-02-21"", ""quantity"": -1, ""payment_method"": ""PayPal"", ""order_status"": ""Completed""}"
orders,ORD_0066032,INVALID_QUANTITY_NEGATIVE_RETURN,2026-09-08T16:00:15.302519+00:00,"{""order_id"": ""ORD_0066032"", ""customer_id"": ""CUST_000663"", ""product_id"": ""PROD_0050"", ""order_date"": ""2024-02-24"", ""quantity"": -2, ""payment_method"": ""Credit Card"", ""order_status"": ""Completed""}"
orders,ORD_0066379,INVALID_QUANTITY_NEGATIVE_RETURN,2026-09-08T16:00:15.302519+00:00,"{""order_id"": ""ORD_0066379"", ""customer_id"": ""CUST_004383"", ""product_id"": ""PROD_0001"", ""order_date"": ""2024-02-26"", ""quantity"": -2, ""payment_method"": ""Credit Card"", ""order_status"": ""Completed""}"
orders,ORD_0066792,INVALID_QUANTITY_NEGATIVE_RETURN,2026-09-08T16:00:15.302519+00:00,"{""order_id"": ""ORD_0066792"", ""customer_id"": ""CUST_004731"", ""product_id"": ""PROD_0030"", ""order_date"": ""2024-02-29"", ""quantity"": -1, ""payment_method"": ""Credit Card"", ""order_status"": ""Shipped""}"
orders,ORD_0067758,INVALID_QUANTITY_NEGATIVE_RETURN,2026-09-08T16:00:15.302519+00:00,"{""order_id"": ""ORD_0067758"", ""customer_id"": ""CUST_003287"", ""product_id"": ""PROD_0001"", ""order_date"": ""2024-03-07"", ""quantity"": -1, ""payment_method"": ""Debit Card"", ""order_status"": ""Completed""}"
orders,ORD_0068201,INVALID_QUANTITY_NEGATIVE_RETURN,2026-09-08T16:00:15.302519+00:00,"{""order_id"": ""ORD_0068201"", ""customer_id"": ""CUST_005687"", ""product_id"": ""PROD_0086"", ""order_date"": ""2024-03-10"", ""quantity"": -1, ""payment_method"": ""Credit Card"", ""order_status"": ""Completed""}"
orders,ORD_0068494,INVALID_QUANTITY_NEGATIVE_RETURN,2026-09-08T16:00:15.302519+00:00,"{""order_id"": ""ORD_0068494"", ""customer_id"": ""CUST_005902"", ""product_id"": ""PROD_0028"", ""order_date"": ""2024-03-12"", ""quantity"": -3, ""payment_method"": ""PayPal"", ""order_status"": ""Completed""}"
orders,ORD_0068797,INVALID_QUANTITY_NEGATIVE_RETURN,2026-09-08T16:00:15.302519+00:00,"{""order_id"": ""ORD_0068797"", ""customer_id"": ""CUST_006833"", ""product_id"": ""PROD_0097"", ""order_date"": ""2024-03-14"", ""quantity"": -2, ""payment_method"": ""Credit Card"", ""order_status"": ""Completed""}"
orders,ORD_0068924,INVALID_QUANTITY_NEGATIVE_RETURN,2026-09-08T16:00:15.302519+00:00,"{""order_id"": ""ORD_0068924"", ""customer_id"": ""CUST_005019"", ""product_id"": ""PROD_0002"", ""order_date"": ""2024-03-15"", ""quantity"": -3, ""payment_method"": ""Credit Card"", ""order_status"": ""Completed""}"
orders,ORD_0069396,INVALID_QUANTITY_NEGATIVE_RETURN,2026-09-08T16:00:15.302519+00:00,"{""order_id"": ""ORD_0069396"", ""customer_id"": ""CUST_009946"", ""product_id"": ""PROD_0059"", ""order_date"": ""2024-03-18"", ""quantity"": -1, ""payment_method"": ""Credit Card"", ""order_status"": ""Completed""}"
orders,ORD_0069806,INVALID_QUANTITY_NEGATIVE_RETURN,2026-09-08T16:00:15.302519+00:00,"{""order_id"": ""ORD_0069806"", ""customer_id"": ""CUST_009278"", ""product_id"": ""PROD_0055"", ""order_date"": ""2024-03-21"", ""quantity"": -3, ""payment_method"": ""Credit Card"", ""order_status"": ""Completed""}"
orders,ORD_0070604,INVALID_QUANTITY_NEGATIVE_RETURN,2026-09-08T16:00:15.302519+00:00,"{""order_id"": ""ORD_0070604"", ""customer_id"": ""CUST_001775"", ""product_id"": ""PROD_0063"", ""order_date"": ""2024-03-27"", ""quantity"": -3, ""payment_method"": ""Credit Card"", ""order_status"": ""Refunded""}"
orders,ORD_0070880,INVALID_QUANTITY_NEGATIVE_RETURN,2026-09-08T16:00:15.302519+00:00,"{""order_id"": ""ORD_0070880"", ""customer_id"": ""CUST_001460"", ""product_id"": ""PROD_0022"", ""order_date"": ""2024-03-29"", ""quantity"": -2, ""payment_method"": ""Credit Card"", ""order_status"": ""Completed""}"
orders,ORD_0072236,INVALID_QUANTITY_NEGATIVE_RETURN,2026-09-08T16:00:15.302519+00:00,"{""order_id"": ""ORD_0072236"", ""customer_id"": ""CUST_000683"", ""product_id"": ""PROD_0002"", ""order_date"": ""2024-04-08"", ""quantity"": -1, ""payment_method"": ""Debit Card"", ""order_status"": ""Completed""}"
orders,ORD_0073032,INVALID_QUANTITY_NEGATIVE_RETURN,2026-09-08T16:00:15.302519+00:00,"{""order_id"": ""ORD_0073032"", ""customer_id"": ""CUST_004840"", ""product_id"": ""PROD_0013"", ""order_date"": ""2024-04-14"", ""quantity"": -1, ""payment_method"": ""Cash on Delivery"", ""order_status"": ""Completed""}"
orders,ORD_0074220,INVALID_QUANTITY_NEGATIVE_RETURN,2026-09-08T16:00:15.302519+00:00,"{""order_id"": ""ORD_0074220"", ""customer_id"": ""CUST_005185"", ""product_id"": ""PROD_0250"", ""order_date"": ""2024-04-23"", ""quantity"": -3, ""payment_method"": ""Debit Card"", ""order_status"": ""Completed""}"
orders,ORD_0074608,INVALID_QUANTITY_NEGATIVE_RETURN,2026-09-08T16:00:15.302519+00:00,"{""order_id"": ""ORD_0074608"", ""customer_id"": ""CUST_007050"", ""product_id"": ""PROD_0067"", ""order_date"": ""2024-04-26"", ""quantity"": -3, ""payment_method"": ""PayPal"", ""order_status"": ""Completed""}"
orders,ORD_0075277,INVALID_QUANTITY_NEGATIVE_RETURN,2026-09-08T16:00:15.302519+00:00,"{""order_id"": ""ORD_0075277"", ""customer_id"": ""CUST_000752"", ""product_id"": ""PROD_0319"", ""order_date"": ""2024-05-02"", ""quantity"": -1, ""payment_method"": ""PayPal"", ""order_status"": ""Completed""}"
orders,ORD_0075378,INVALID_QUANTITY_NEGATIVE_RETURN,2026-09-08T16:00:15.302519+00:00,"{""order_id"": ""ORD_0075378"", ""customer_id"": ""CUST_003975"", ""product_id"": ""PROD_0461"", ""order_date"": ""2024-05-02"", ""quantity"": -2, ""payment_method"": ""Debit Card"", ""order_status"": ""Completed""}"
orders,ORD_0075488,INVALID_QUANTITY_NEGATIVE_RETURN,2026-09-08T16:00:15.302519+00:00,"{""order_id"": ""ORD_0075488"", ""customer_id"": ""CUST_007547"", ""product_id"": ""PROD_0001"", ""order_date"": ""2024-05-02"", ""quantity"": -1, ""payment_method"": ""PayPal"", ""order_status"": ""Completed""}"
orders,ORD_0075785,INVALID_QUANTITY_NEGATIVE_RETURN,2026-09-08T16:00:15.302519+00:00,"{""order_id"": ""ORD_0075785"", ""customer_id"": ""CUST_006895"", ""product_id"": ""PROD_0067"", ""order_date"": ""2024-05-03"", ""quantity"": -2, ""payment_method"": ""Credit Card"", ""order_status"": ""Shipped""}"
orders,ORD_0075870,INVALID_QUANTITY_NEGATIVE_RETURN,2026-09-08T16:00:15.302519+00:00,"{""order_id"": ""ORD_0075870"", ""customer_id"": ""CUST_009715"", ""product_id"": ""PROD_0032"", ""order_date"": ""2024-05-03"", ""quantity"": -3, ""payment_method"": ""PayPal"", ""order_status"": ""Completed""}"
orders,ORD_0076028,INVALID_QUANTITY_NEGATIVE_RETURN,2026-09-08T16:00:15.302519+00:00,"{""order_id"": ""ORD_0076028"", ""customer_id"": ""CUST_004565"", ""product_id"": ""PROD_0002"", ""order_date"": ""2024-05-04"", ""quantity"": -3, ""payment_method"": ""Apple Pay"", ""order_status"": ""Completed""}"
orders,ORD_0076218,INVALID_QUANTITY_NEGATIVE_RETURN,2026-09-08T16:00:15.302519+00:00,"{""order_id"": ""ORD_0076218"", ""customer_id"": ""CUST_000176"", ""product_id"": ""PROD_0179"", ""order_date"": ""2024-05-05"", ""quantity"": -2, ""payment_method"": ""Credit Card"", ""order_status"": ""Completed""}"
orders,ORD_0076706,INVALID_QUANTITY_NEGATIVE_RETURN,2026-09-08T16:00:15.302519+00:00,"{""order_id"": ""ORD_0076706"", ""customer_id"": ""CUST_005801"", ""product_id"": ""PROD_0409"", ""order_date"": ""2024-05-06"", ""quantity"": -3, ""payment_method"": ""PayPal"", ""order_status"": ""Completed""}"
orders,ORD_0076729,INVALID_QUANTITY_NEGATIVE_RETURN,2026-09-08T16:00:15.302519+00:00,"{""order_id"": ""ORD_0076729"", ""customer_id"": ""CUST_006427"", ""product_id"": ""PROD_0116"", ""order_date"": ""2024-05-06"", ""quantity"": -2, ""payment_method"": ""PayPal"", ""order_status"": ""Completed""}"
orders,ORD_0076903,INVALID_QUANTITY_NEGATIVE_RETURN,2026-09-08T16:00:15.302519+00:00,"{""order_id"": ""ORD_0076903"", ""customer_id"": ""CUST_001878"", ""product_id"": ""PROD_0030"", ""order_date"": ""2024-05-07"", ""quantity"": -1, ""payment_method"": ""Credit Card"", ""order_status"": ""Completed""}"
orders,ORD_0077030,INVALID_QUANTITY_NEGATIVE_RETURN,2026-09-08T16:00:15.302519+00:00,"{""order_id"": ""ORD_0077030"", ""customer_id"": ""CUST_005594"", ""product_id"": ""PROD_0277"", ""order_date"": ""2024-05-07"", ""quantity"": -2, ""payment_method"": ""Credit Card"", ""order_status"": ""Completed""}"
orders,ORD_0077272,INVALID_QUANTITY_NEGATIVE_RETURN,2026-09-08T16:00:15.302519+00:00,"{""order_id"": ""ORD_0077272"", ""customer_id"": ""CUST_001987"", ""product_id"": ""PROD_0080"", ""order_date"": ""2024-05-08"", ""quantity"": -2, ""payment_method"": ""Credit Card"", ""order_status"": ""Completed""}"
orders,ORD_0077436,INVALID_QUANTITY_NEGATIVE_RETURN,2026-09-08T16:00:15.302519+00:00,"{""order_id"": ""ORD_0077436"", ""customer_id"": ""CUST_005963"", ""product_id"": ""PROD_0013"", ""order_date"": ""2024-05-08"", ""quantity"": -1, ""payment_method"": ""Cash on Delivery"", ""order_status"": ""Refunded""}"
orders,ORD_0077553,INVALID_QUANTITY_NEGATIVE_RETURN,2026-09-08T16:00:15.302519+00:00,"{""order_id"": ""ORD_0077553"", ""customer_id"": ""CUST_009665"", ""product_id"": ""PROD_0034"", ""order_date"": ""2024-05-08"", ""quantity"": -3, ""payment_method"": ""Apple Pay"", ""order_status"": ""Completed""}"
orders,ORD_0077617,INVALID_QUANTITY_NEGATIVE_RETURN,2026-09-08T16:00:15.302519+00:00,"{""order_id"": ""ORD_0077617"", ""customer_id"": ""CUST_001179"", ""product_id"": ""PROD_0004"", ""order_date"": ""2024-05-09"", ""quantity"": -1, ""payment_method"": ""Credit Card"", ""order_status"": ""Completed""}"
orders,ORD_0078045,INVALID_QUANTITY_NEGATIVE_RETURN,2026-09-08T16:00:15.302519+00:00,"{""order_id"": ""ORD_0078045"", ""customer_id"": ""CUST_002805"", ""product_id"": ""PROD_0055"", ""order_date"": ""2024-05-10"", ""quantity"": -1, ""payment_method"": ""PayPal"", ""order_status"": ""Completed""}"
orders,ORD_0078190,INVALID_QUANTITY_NEGATIVE_RETURN,2026-09-08T16:00:15.302519+00:00,"{""order_id"": ""ORD_0078190"", ""customer_id"": ""CUST_006181"", ""product_id"": ""PROD_0001"", ""order_date"": ""2024-05-10"", ""quantity"": -2, ""payment_method"": ""PayPal"", ""order_status"": ""Refunded""}"
orders,ORD_0078573,INVALID_QUANTITY_NEGATIVE_RETURN,2026-09-08T16:00:15.302519+00:00,"{""order_id"": ""ORD_0078573"", ""customer_id"": ""CUST_006599"", ""product_id"": ""PROD_0001"", ""order_date"": ""2024-05-11"", ""quantity"": -3, ""payment_method"": ""Credit Card"", ""order_status"": ""Completed""}"
orders,ORD_0079085,INVALID_QUANTITY_NEGATIVE_RETURN,2026-09-08T16:00:15.302519+00:00,"{""order_id"": ""ORD_0079085"", ""customer_id"": ""CUST_009865"", ""product_id"": ""PROD_0047"", ""order_date"": ""2024-05-12"", ""quantity"": -3, ""payment_method"": ""Credit Card"", ""order_status"": ""Completed""}"
orders,ORD_0079175,INVALID_QUANTITY_NEGATIVE_RETURN,2026-09-08T16:00:15.302519+00:00,"{""order_id"": ""ORD_0079175"", ""customer_id"": ""CUST_002080"", ""product_id"": ""PROD_0075"", ""order_date"": ""2024-05-13"", ""quantity"": -2, ""payment_method"": ""Credit Card"", ""order_status"": ""Completed""}"
orders,ORD_0079402,INVALID_QUANTITY_NEGATIVE_RETURN,2026-09-08T16:00:15.302519+00:00,"{""order_id"": ""ORD_0079402"", ""customer_id"": ""CUST_007685"", ""product_id"": ""PROD_0037"", ""order_date"": ""2024-05-13"", ""quantity"": -3, ""payment_method"": ""Credit Card"", ""order_status"": ""Completed""}"
orders,ORD_0079420,INVALID_QUANTITY_NEGATIVE_RETURN,2026-09-08T16:00:15.302519+00:00,"{""order_id"": ""ORD_0079420"", ""customer_id"": ""CUST_008111"", ""product_id"": ""PROD_0275"", ""order_date"": ""2024-05-13"", ""quantity"": -2, ""payment_method"": ""PayPal"", ""order_status"": ""Shipped""}"
orders,ORD_0080051,INVALID_QUANTITY_NEGATIVE_RETURN,2026-09-08T16:00:15.302519+00:00,"{""order_id"": ""ORD_0080051"", ""customer_id"": ""CUST_003372"", ""product_id"": ""PROD_0146"", ""order_date"": ""2024-05-15"", ""quantity"": -3, ""payment_method"": ""PayPal"", ""order_status"": ""Completed""}"
orders,ORD_0080163,INVALID_QUANTITY_NEGATIVE_RETURN,2026-09-08T16:00:15.302519+00:00,"{""order_id"": ""ORD_0080163"", ""customer_id"": ""CUST_005775"", ""product_id"": ""PROD_0060"", ""order_date"": ""2024-05-15"", ""quantity"": -3, ""payment_method"": ""PayPal"", ""order_status"": ""Completed""}"
orders,ORD_0080727,INVALID_QUANTITY_NEGATIVE_RETURN,2026-09-08T16:00:15.302519+00:00,"{""order_id"": ""ORD_0080727"", ""customer_id"": ""CUST_009328"", ""product_id"": ""PROD_0019"", ""order_date"": ""2024-05-16"", ""quantity"": -3, ""payment_method"": ""PayPal"", ""order_status"": ""Completed""}"
orders,ORD_0080769,INVALID_QUANTITY_NEGATIVE_RETURN,2026-09-08T16:00:15.302519+00:00,"{""order_id"": ""ORD_0080769"", ""customer_id"": ""CUST_000028"", ""product_id"": ""PROD_0038"", ""order_date"": ""2024-05-17"", ""quantity"": -3, ""payment_method"": ""PayPal"", ""order_status"": ""Completed""}"
orders,ORD_0080973,INVALID_QUANTITY_NEGATIVE_RETURN,2026-09-08T16:00:15.302519+00:00,"{""order_id"": ""ORD_0080973"", ""customer_id"": ""CUST_005081"", ""product_id"": ""PROD_0030"", ""order_date"": ""2024-05-17"", ""quantity"": -2, ""payment_method"": ""Credit Card"", ""order_status"": ""Completed""}"
orders,ORD_0081102,INVALID_QUANTITY_NEGATIVE_RETURN,2026-09-08T16:00:15.302519+00:00,"{""order_id"": ""ORD_0081102"", ""customer_id"": ""CUST_008319"", ""product_id"": ""PROD_0013"", ""order_date"": ""2024-05-17"", ""quantity"": -2, ""payment_method"": ""Credit Card"", ""order_status"": ""Completed""}"
orders,ORD_0081363,INVALID_QUANTITY_NEGATIVE_RETURN,2026-09-08T16:00:15.302519+00:00,"{""order_id"": ""ORD_0081363"", ""customer_id"": ""CUST_004200"", ""product_id"": ""PROD_0341"", ""order_date"": ""2024-05-18"", ""quantity"": -3, ""payment_method"": ""PayPal"", ""order_status"": ""Completed""}"
orders,ORD_0081466,INVALID_QUANTITY_NEGATIVE_RETURN,2026-09-08T16:00:15.302519+00:00,"{""order_id"": ""ORD_0081466"", ""customer_id"": ""CUST_006727"", ""product_id"": ""PROD_0110"", ""order_date"": ""2024-05-18"", ""quantity"": -1, ""payment_method"": ""PayPal"", ""order_status"": ""Completed""}"
orders,ORD_0081477,INVALID_QUANTITY_NEGATIVE_RETURN,2026-09-08T16:00:15.302519+00:00,"{""order_id"": ""ORD_0081477"", ""customer_id"": ""CUST_006988"", ""product_id"": ""PROD_0011"", ""order_date"": ""2024-05-18"", ""quantity"": -1, ""payment_method"": ""Credit Card"", ""order_status"": ""Completed""}"
orders,ORD_0081760,INVALID_QUANTITY_NEGATIVE_RETURN,2026-09-08T16:00:15.302519+00:00,"{""order_id"": ""ORD_0081760"", ""customer_id"": ""CUST_003607"", ""product_id"": ""PROD_0013"", ""order_date"": ""2024-05-19"", ""quantity"": -3, ""payment_method"": ""Credit Card"", ""order_status"": ""Completed""}"
orders,ORD_0081870,INVALID_QUANTITY_NEGATIVE_RETURN,2026-09-08T16:00:15.302519+00:00,"{""order_id"": ""ORD_0081870"", ""customer_id"": ""CUST_005873"", ""product_id"": ""PROD_0004"", ""order_date"": ""2024-05-19"", ""quantity"": -3, ""payment_method"": ""Credit Card"", ""order_status"": ""Completed""}"
orders,ORD_0081947,INVALID_QUANTITY_NEGATIVE_RETURN,2026-09-08T16:00:15.302519+00:00,"{""order_id"": ""ORD_0081947"", ""customer_id"": ""CUST_007513"", ""product_id"": ""PROD_0013"", ""order_date"": ""2024-05-19"", ""quantity"": -2, ""payment_method"": ""PayPal"", ""order_status"": ""Completed""}"
orders,ORD_0082061,INVALID_QUANTITY_NEGATIVE_RETURN,2026-09-08T16:00:15.302519+00:00,"{""order_id"": ""ORD_0082061"", ""customer_id"": ""CUST_000267"", ""product_id"": ""PROD_0020"", ""order_date"": ""2024-05-20"", ""quantity"": -3, ""payment_method"": ""Debit Card"", ""order_status"": ""Shipped""}"
orders,ORD_0082159,INVALID_QUANTITY_NEGATIVE_RETURN,2026-09-08T16:00:15.302519+00:00,"{""order_id"": ""ORD_0082159"", ""customer_id"": ""CUST_002383"", ""product_id"": ""PROD_0026"", ""order_date"": ""2024-05-20"", ""quantity"": -1, ""payment_method"": ""Debit Card"", ""order_status"": ""Completed""}"
orders,ORD_0082186,INVALID_QUANTITY_NEGATIVE_RETURN,2026-09-08T16:00:15.302519+00:00,"{""order_id"": ""ORD_0082186"", ""customer_id"": ""CUST_003030"", ""product_id"": ""PROD_0001"", ""order_date"": ""2024-05-20"", ""quantity"": -3, ""payment_method"": ""Debit Card"", ""order_status"": ""Completed""}"
orders,ORD_0082417,INVALID_QUANTITY_NEGATIVE_RETURN,2026-09-08T16:00:15.302519+00:00,"{""order_id"": ""ORD_0082417"", ""customer_id"": ""CUST_008144"", ""product_id"": ""PROD_0128"", ""order_date"": ""2024-05-20"", ""quantity"": -1, ""payment_method"": ""Credit Card"", ""order_status"": ""Completed""}"
orders,ORD_0082842,INVALID_QUANTITY_NEGATIVE_RETURN,2026-09-08T16:00:15.302519+00:00,"{""order_id"": ""ORD_0082842"", ""customer_id"": ""CUST_007863"", ""product_id"": ""PROD_0033"", ""order_date"": ""2024-05-21"", ""quantity"": -3, ""payment_method"": ""Apple Pay"", ""order_status"": ""Completed""}"
orders,ORD_0083145,INVALID_QUANTITY_NEGATIVE_RETURN,2026-09-08T16:00:15.302519+00:00,"{""order_id"": ""ORD_0083145"", ""customer_id"": ""CUST_004306"", ""product_id"": ""PROD_0001"", ""order_date"": ""2024-05-22"", ""quantity"": -2, ""payment_method"": ""Credit Card"", ""order_status"": ""Completed""}"
orders,ORD_0083191,INVALID_QUANTITY_NEGATIVE_RETURN,2026-09-08T16:00:15.302519+00:00,"{""order_id"": ""ORD_0083191"", ""customer_id"": ""CUST_005187"", ""product_id"": ""PROD_0067"", ""order_date"": ""2024-05-22"", ""quantity"": -3, ""payment_method"": ""Credit Card"", ""order_status"": ""Completed""}"
orders,ORD_0083315,INVALID_QUANTITY_NEGATIVE_RETURN,2026-09-08T16:00:15.302519+00:00,"{""order_id"": ""ORD_0083315"", ""customer_id"": ""CUST_007823"", ""product_id"": ""PROD_0360"", ""order_date"": ""2024-05-22"", ""quantity"": -1, ""payment_method"": ""Cash on Delivery"", ""order_status"": ""Completed""}"
orders,ORD_0084044,INVALID_QUANTITY_NEGATIVE_RETURN,2026-09-08T16:00:15.302519+00:00,"{""order_id"": ""ORD_0084044"", ""customer_id"": ""CUST_002680"", ""product_id"": ""PROD_0052"", ""order_date"": ""2024-05-24"", ""quantity"": -2, ""payment_method"": ""PayPal"", ""order_status"": ""Completed""}"
orders,ORD_0084929,INVALID_QUANTITY_NEGATIVE_RETURN,2026-09-08T16:00:15.302519+00:00,"{""order_id"": ""ORD_0084929"", ""customer_id"": ""CUST_001139"", ""product_id"": ""PROD_0048"", ""order_date"": ""2024-05-26"", ""quantity"": -3, ""payment_method"": ""PayPal"", ""order_status"": ""Completed""}"
orders,ORD_0085684,INVALID_QUANTITY_NEGATIVE_RETURN,2026-09-08T16:00:15.302519+00:00,"{""order_id"": ""ORD_0085684"", ""customer_id"": ""CUST_006550"", ""product_id"": ""PROD_0006"", ""order_date"": ""2024-05-27"", ""quantity"": -2, ""payment_method"": ""PayPal"", ""order_status"": ""Completed""}"
orders,ORD_0085999,INVALID_QUANTITY_NEGATIVE_RETURN,2026-09-08T16:00:15.302519+00:00,"{""order_id"": ""ORD_0085999"", ""customer_id"": ""CUST_003757"", ""product_id"": ""PROD_0013"", ""order_date"": ""2024-05-28"", ""quantity"": -3, ""payment_method"": ""Debit Card"", ""order_status"": ""Completed""}"
orders,ORD_0086101,INVALID_QUANTITY_NEGATIVE_RETURN,2026-09-08T16:00:15.302519+00:00,"{""order_id"": ""ORD_0086101"", ""customer_id"": ""CUST_005299"", ""product_id"": ""PROD_0014"", ""order_date"": ""2024-05-28"", ""quantity"": -3, ""payment_method"": ""Credit Card"", ""order_status"": ""Completed""}"
orders,ORD_0086268,INVALID_QUANTITY_NEGATIVE_RETURN,2026-09-08T16:00:15.302519+00:00,"{""order_id"": ""ORD_0086268"", ""customer_id"": ""CUST_008201"", ""product_id"": ""PROD_0001"", ""order_date"": ""2024-05-28"", ""quantity"": -1, ""payment_method"": ""Credit Card"", ""order_status"": ""Completed""}"
orders,ORD_0086341,INVALID_QUANTITY_NEGATIVE_RETURN,2026-09-08T16:00:15.302519+00:00,"{""order_id"": ""ORD_0086341"", ""customer_id"": ""CUST_009794"", ""product_id"": ""PROD_0441"", ""order_date"": ""2024-05-28"", ""quantity"": -3, ""payment_method"": ""Apple Pay"", ""order_status"": ""Completed""}"
orders,ORD_0086670,INVALID_QUANTITY_NEGATIVE_RETURN,2026-09-08T16:00:15.302519+00:00,"{""order_id"": ""ORD_0086670"", ""customer_id"": ""CUST_006181"", ""product_id"": ""PROD_0060"", ""order_date"": ""2024-05-29"", ""quantity"": -1, ""payment_method"": ""Credit Card"", ""order_status"": ""Completed""}"
orders,ORD_0086819,INVALID_QUANTITY_NEGATIVE_RETURN,2026-09-08T16:00:15.302519+00:00,"{""order_id"": ""ORD_0086819"", ""customer_id"": ""CUST_009817"", ""product_id"": ""PROD_0490"", ""order_date"": ""2024-05-29"", ""quantity"": -2, ""payment_method"": ""Credit Card"", ""order_status"": ""Completed""}"
orders,ORD_0088530,INVALID_QUANTITY_NEGATIVE_RETURN,2026-09-08T16:00:15.302519+00:00,"{""order_id"": ""ORD_0088530"", ""customer_id"": ""CUST_000391"", ""product_id"": ""PROD_0118"", ""order_date"": ""2024-06-02"", ""quantity"": -1, ""payment_method"": ""Apple Pay"", ""order_status"": ""Completed""}"
orders,ORD_0089094,INVALID_QUANTITY_NEGATIVE_RETURN,2026-09-08T16:00:15.302519+00:00,"{""order_id"": ""ORD_0089094"", ""customer_id"": ""CUST_001041"", ""product_id"": ""PROD_0241"", ""order_date"": ""2024-06-03"", ""quantity"": -2, ""payment_method"": ""Debit Card"", ""order_status"": ""Shipped""}"
orders,ORD_0089669,INVALID_QUANTITY_NEGATIVE_RETURN,2026-09-08T16:00:15.302519+00:00,"{""order_id"": ""ORD_0089669"", ""customer_id"": ""CUST_001261"", ""product_id"": ""PROD_0077"", ""order_date"": ""2024-06-04"", ""quantity"": -2, ""payment_method"": ""Credit Card"", ""order_status"": ""Completed""}"
orders,ORD_0091558,INVALID_QUANTITY_NEGATIVE_RETURN,2026-09-08T16:00:15.302519+00:00,"{""order_id"": ""ORD_0091558"", ""customer_id"": ""CUST_004477"", ""product_id"": ""PROD_0002"", ""order_date"": ""2024-06-07"", ""quantity"": -2, ""payment_method"": ""Credit Card"", ""order_status"": ""Cancelled""}"
orders,ORD_0091676,INVALID_QUANTITY_NEGATIVE_RETURN,2026-09-08T16:00:15.302519+00:00,"{""order_id"": ""ORD_0091676"", ""customer_id"": ""CUST_006433"", ""product_id"": ""PROD_0027"", ""order_date"": ""2024-06-07"", ""quantity"": -1, ""payment_method"": ""Credit Card"", ""order_status"": ""Completed""}"
orders,ORD_0092230,INVALID_QUANTITY_NEGATIVE_RETURN,2026-09-08T16:00:15.302519+00:00,"{""order_id"": ""ORD_0092230"", ""customer_id"": ""CUST_006002"", ""product_id"": ""PROD_0013"", ""order_date"": ""2024-06-08"", ""quantity"": -1, ""payment_method"": ""Credit Card"", ""order_status"": ""Completed""}"
orders,ORD_0092592,INVALID_QUANTITY_NEGATIVE_RETURN,2026-09-08T16:00:15.302519+00:00,"{""order_id"": ""ORD_0092592"", ""customer_id"": ""CUST_001888"", ""product_id"": ""PROD_0200"", ""order_date"": ""2024-06-09"", ""quantity"": -2, ""payment_method"": ""Credit Card"", ""order_status"": ""Completed""}"
orders,ORD_0092605,INVALID_QUANTITY_NEGATIVE_RETURN,2026-09-08T16:00:15.302519+00:00,"{""order_id"": ""ORD_0092605"", ""customer_id"": ""CUST_002052"", ""product_id"": ""PROD_0062"", ""order_date"": ""2024-06-09"", ""quantity"": -2, ""payment_method"": ""Credit Card"", ""order_status"": ""Completed""}"
orders,ORD_0092635,INVALID_QUANTITY_NEGATIVE_RETURN,2026-09-08T16:00:15.302519+00:00,"{""order_id"": ""ORD_0092635"", ""customer_id"": ""CUST_002394"", ""product_id"": ""PROD_0363"", ""order_date"": ""2024-06-09"", ""quantity"": -3, ""payment_method"": ""Cash on Delivery"", ""order_status"": ""Completed""}"
orders,ORD_0092979,INVALID_QUANTITY_NEGATIVE_RETURN,2026-09-08T16:00:15.302519+00:00,"{""order_id"": ""ORD_0092979"", ""customer_id"": ""CUST_007724"", ""product_id"": ""PROD_0200"", ""order_date"": ""2024-06-09"", ""quantity"": -1, ""payment_method"": ""PayPal"", ""order_status"": ""Completed""}"
orders,ORD_0093198,INVALID_QUANTITY_NEGATIVE_RETURN,2026-09-08T16:00:15.302519+00:00,"{""order_id"": ""ORD_0093198"", ""customer_id"": ""CUST_001360"", ""product_id"": ""PROD_0078"", ""order_date"": ""2024-06-10"", ""quantity"": -2, ""payment_method"": ""Credit Card"", ""order_status"": ""Completed""}"
orders,ORD_0093284,INVALID_QUANTITY_NEGATIVE_RETURN,2026-09-08T16:00:15.302519+00:00,"{""order_id"": ""ORD_0093284"", ""customer_id"": ""CUST_003289"", ""product_id"": ""PROD_0067"", ""order_date"": ""2024-06-10"", ""quantity"": -2, ""payment_method"": ""Cash on Delivery"", ""order_status"": ""Completed""}"
orders,ORD_0093619,INVALID_QUANTITY_NEGATIVE_RETURN,2026-09-08T16:00:15.302519+00:00,"{""order_id"": ""ORD_0093619"", ""customer_id"": ""CUST_008602"", ""product_id"": ""PROD_0485"", ""order_date"": ""2024-06-10"", ""quantity"": -2, ""payment_method"": ""Cash on Delivery"", ""order_status"": ""Completed""}"
orders,ORD_0094217,INVALID_QUANTITY_NEGATIVE_RETURN,2026-09-08T16:00:15.302519+00:00,"{""order_id"": ""ORD_0094217"", ""customer_id"": ""CUST_008651"", ""product_id"": ""PROD_0030"", ""order_date"": ""2024-06-11"", ""quantity"": -3, ""payment_method"": ""Credit Card"", ""order_status"": ""Completed""}"
orders,ORD_0094509,INVALID_QUANTITY_NEGATIVE_RETURN,2026-09-08T16:00:15.302519+00:00,"{""order_id"": ""ORD_0094509"", ""customer_id"": ""CUST_003864"", ""product_id"": ""PROD_0012"", ""order_date"": ""2024-06-12"", ""quantity"": -1, ""payment_method"": ""Credit Card"", ""order_status"": ""Completed""}"
orders,ORD_0095546,INVALID_QUANTITY_NEGATIVE_RETURN,2026-09-08T16:00:15.302519+00:00,"{""order_id"": ""ORD_0095546"", ""customer_id"": ""CUST_000395"", ""product_id"": ""PROD_0091"", ""order_date"": ""2024-06-14"", ""quantity"": -1, ""payment_method"": ""Credit Card"", ""order_status"": ""Completed""}"
orders,ORD_0095620,INVALID_QUANTITY_NEGATIVE_RETURN,2026-09-08T16:00:15.302519+00:00,"{""order_id"": ""ORD_0095620"", ""customer_id"": ""CUST_001486"", ""product_id"": ""PROD_0471"", ""order_date"": ""2024-06-14"", ""quantity"": -2, ""payment_method"": ""Credit Card"", ""order_status"": ""Completed""}"
orders,ORD_0095791,INVALID_QUANTITY_NEGATIVE_RETURN,2026-09-08T16:00:15.302519+00:00,"{""order_id"": ""ORD_0095791"", ""customer_id"": ""CUST_004336"", ""product_id"": ""PROD_0246"", ""order_date"": ""2024-06-14"", ""quantity"": -1, ""payment_method"": ""Credit Card"", ""order_status"": ""Completed""}"
orders,ORD_0095798,INVALID_QUANTITY_NEGATIVE_RETURN,2026-09-08T16:00:15.302519+00:00,"{""order_id"": ""ORD_0095798"", ""customer_id"": ""CUST_004429"", ""product_id"": ""PROD_0156"", ""order_date"": ""2024-06-14"", ""quantity"": -2, ""payment_method"": ""Credit Card"", ""order_status"": ""Completed""}"
orders,ORD_0096276,INVALID_QUANTITY_NEGATIVE_RETURN,2026-09-08T16:00:15.302519+00:00,"{""order_id"": ""ORD_0096276"", ""customer_id"": ""CUST_001504"", ""product_id"": ""PROD_0125"", ""order_date"": ""2024-06-15"", ""quantity"": -1, ""payment_method"": ""Credit Card"", ""order_status"": ""Completed""}"
orders,ORD_0096381,INVALID_QUANTITY_NEGATIVE_RETURN,2026-09-08T16:00:15.302519+00:00,"{""order_id"": ""ORD_0096381"", ""customer_id"": ""CUST_003310"", ""product_id"": ""PROD_0030"", ""order_date"": ""2024-06-15"", ""quantity"": -2, ""payment_method"": ""Credit Card"", ""order_status"": ""Completed""}"
orders,ORD_0096495,INVALID_QUANTITY_NEGATIVE_RETURN,2026-09-08T16:00:15.302519+00:00,"{""order_id"": ""ORD_0096495"", ""customer_id"": ""CUST_005137"", ""product_id"": ""PROD_0384"", ""order_date"": ""2024-06-15"", ""quantity"": -3, ""payment_method"": ""Debit Card"", ""order_status"": ""Completed""}"
orders,ORD_0096519,INVALID_QUANTITY_NEGATIVE_RETURN,2026-09-08T16:00:15.302519+00:00,"{""order_id"": ""ORD_0096519"", ""customer_id"": ""CUST_005470"", ""product_id"": ""PROD_0098"", ""order_date"": ""2024-06-15"", ""quantity"": -3, ""payment_method"": ""Apple Pay"", ""order_status"": ""Completed""}"
orders,ORD_0097452,INVALID_QUANTITY_NEGATIVE_RETURN,2026-09-08T16:00:15.302519+00:00,"{""order_id"": ""ORD_0097452"", ""customer_id"": ""CUST_009856"", ""product_id"": ""PROD_0044"", ""order_date"": ""2024-06-16"", ""quantity"": -1, ""payment_method"": ""Cash on Delivery"", ""order_status"": ""Completed""}"
orders,ORD_0097708,INVALID_QUANTITY_NEGATIVE_RETURN,2026-09-08T16:00:15.302519+00:00,"{""order_id"": ""ORD_0097708"", ""customer_id"": ""CUST_004014"", ""product_id"": ""PROD_0001"", ""order_date"": ""2024-06-17"", ""quantity"": -1, ""payment_method"": ""PayPal"", ""order_status"": ""Completed""}"
orders,ORD_0098241,INVALID_QUANTITY_NEGATIVE_RETURN,2026-09-08T16:00:15.302519+00:00,"{""order_id"": ""ORD_0098241"", ""customer_id"": ""CUST_002259"", ""product_id"": ""PROD_0005"", ""order_date"": ""2024-06-18"", ""quantity"": -3, ""payment_method"": ""PayPal"", ""order_status"": ""Completed""}"
orders,ORD_0098595,INVALID_QUANTITY_NEGATIVE_RETURN,2026-09-08T16:00:15.302519+00:00,"{""order_id"": ""ORD_0098595"", ""customer_id"": ""CUST_007013"", ""product_id"": ""PROD_0173"", ""order_date"": ""2024-06-18"", ""quantity"": -2, ""payment_method"": ""PayPal"", ""order_status"": ""Cancelled""}"
orders,ORD_0098658,INVALID_QUANTITY_NEGATIVE_RETURN,2026-09-08T16:00:15.302519+00:00,"{""order_id"": ""ORD_0098658"", ""customer_id"": ""CUST_007849"", ""product_id"": ""PROD_0234"", ""order_date"": ""2024-06-18"", ""quantity"": -3, ""payment_method"": ""Credit Card"", ""order_status"": ""Completed""}"
orders,ORD_0099180,INVALID_QUANTITY_NEGATIVE_RETURN,2026-09-08T16:00:15.302519+00:00,"{""order_id"": ""ORD_0099180"", ""customer_id"": ""CUST_006056"", ""product_id"": ""PROD_0182"", ""order_date"": ""2024-06-19"", ""quantity"": -3, ""payment_method"": ""Apple Pay"", ""order_status"": ""Completed""}"
orders,ORD_0099281,INVALID_QUANTITY_NEGATIVE_RETURN,2026-09-08T16:00:15.302519+00:00,"{""order_id"": ""ORD_0099281"", ""customer_id"": ""CUST_007377"", ""product_id"": ""PROD_0056"", ""order_date"": ""2024-06-19"", ""quantity"": -3, ""payment_method"": ""Debit Card"", ""order_status"": ""Completed""}"
orders,ORD_0099443,INVALID_QUANTITY_NEGATIVE_RETURN,2026-09-08T16:00:15.302519+00:00,"{""order_id"": ""ORD_0099443"", ""customer_id"": ""CUST_009950"", ""product_id"": ""PROD_0468"", ""order_date"": ""2024-06-19"", ""quantity"": -2, ""payment_method"": ""Credit Card"", ""order_status"": ""Completed""}"
orders,ORD_0099542,INVALID_QUANTITY_NEGATIVE_RETURN,2026-09-08T16:00:15.302519+00:00,"{""order_id"": ""ORD_0099542"", ""customer_id"": ""CUST_001671"", ""product_id"": ""PROD_0050"", ""order_date"": ""2024-06-20"", ""quantity"": -2, ""payment_method"": ""Apple Pay"", ""order_status"": ""Completed""}"
orders,ORD_0099595,INVALID_QUANTITY_NEGATIVE_RETURN,2026-09-08T16:00:15.302519+00:00,"{""order_id"": ""ORD_0099595"", ""customer_id"": ""CUST_002463"", ""product_id"": ""PROD_0023"", ""order_date"": ""2024-06-20"", ""quantity"": -1, ""payment_method"": ""Credit Card"", ""order_status"": ""Completed""}"
orders,ORD_0099623,INVALID_QUANTITY_NEGATIVE_RETURN,2026-09-08T16:00:15.302519+00:00,"{""order_id"": ""ORD_0099623"", ""customer_id"": ""CUST_002957"", ""product_id"": ""PROD_0001"", ""order_date"": ""2024-06-20"", ""quantity"": -2, ""payment_method"": ""PayPal"", ""order_status"": ""Completed""}"
orders,ORD_0099636,INVALID_QUANTITY_NEGATIVE_RETURN,2026-09-08T16:00:15.302519+00:00,"{""order_id"": ""ORD_0099636"", ""customer_id"": ""CUST_003141"", ""product_id"": ""PROD_0308"", ""order_date"": ""2024-06-20"", ""quantity"": -1, ""payment_method"": ""PayPal"", ""order_status"": ""Completed""}"
orders,ORD_0099909,INVALID_QUANTITY_NEGATIVE_RETURN,2026-09-08T16:00:15.302519+00:00,"{""order_id"": ""ORD_0099909"", ""customer_id"": ""CUST_007371"", ""product_id"": ""PROD_0039"", ""order_date"": ""2024-06-20"", ""quantity"": -3, ""payment_method"": ""Credit Card"", ""order_status"": ""Completed""}"
orders,ORD_0099910,INVALID_QUANTITY_NEGATIVE_RETURN,2026-09-08T16:00:15.302519+00:00,"{""order_id"": ""ORD_0099910"", ""customer_id"": ""CUST_007384"", ""product_id"": ""PROD_0068"", ""order_date"": ""2024-06-20"", ""quantity"": -2, ""payment_method"": ""Credit Card"", ""order_status"": ""Shipped""}"
orders,ORD_0099921,INVALID_QUANTITY_NEGATIVE_RETURN,2026-09-08T16:00:15.302519+00:00,"{""order_id"": ""ORD_0099921"", ""customer_id"": ""CUST_007548"", ""product_id"": ""PROD_0229"", ""order_date"": ""2024-06-20"", ""quantity"": -2, ""payment_method"": ""Credit Card"", ""order_status"": ""Shipped""}"
orders,ORD_0099931,INVALID_QUANTITY_NEGATIVE_RETURN,2026-09-08T16:00:15.302519+00:00,"{""order_id"": ""ORD_0099931"", ""customer_id"": ""CUST_007727"", ""product_id"": ""PROD_0034"", ""order_date"": ""2024-06-20"", ""quantity"": -2, ""payment_method"": ""Credit Card"", ""order_status"": ""Completed""}"
orders,ORD_0100198,INVALID_QUANTITY_NEGATIVE_RETURN,2026-09-08T16:00:15.302519+00:00,"{""order_id"": ""ORD_0100198"", ""customer_id"": ""CUST_001993"", ""product_id"": ""PROD_0098"", ""order_date"": ""2024-06-21"", ""quantity"": -3, ""payment_method"": ""Credit Card"", ""order_status"": ""Completed""}"
orders,ORD_0100521,INVALID_QUANTITY_NEGATIVE_RETURN,2026-09-08T16:00:15.302519+00:00,"{""order_id"": ""ORD_0100521"", ""customer_id"": ""CUST_006745"", ""product_id"": ""PROD_0033"", ""order_date"": ""2024-06-21"", ""quantity"": -1, ""payment_method"": ""Debit Card"", ""order_status"": ""Completed""}"
orders,ORD_0100769,INVALID_QUANTITY_NEGATIVE_RETURN,2026-09-08T16:00:15.302519+00:00,"{""order_id"": ""ORD_0100769"", ""customer_id"": ""CUST_000808"", ""product_id"": ""PROD_0080"", ""order_date"": ""2024-06-22"", ""quantity"": -1, ""payment_method"": ""Credit Card"", ""order_status"": ""Completed""}"
orders,ORD_0101955,INVALID_QUANTITY_NEGATIVE_RETURN,2026-09-08T16:00:15.302519+00:00,"{""order_id"": ""ORD_0101955"", ""customer_id"": ""CUST_008689"", ""product_id"": ""PROD_0065"", ""order_date"": ""2024-06-23"", ""quantity"": -3, ""payment_method"": ""Credit Card"", ""order_status"": ""Completed""}"
orders,ORD_0102085,INVALID_QUANTITY_NEGATIVE_RETURN,2026-09-08T16:00:15.302519+00:00,"{""order_id"": ""ORD_0102085"", ""customer_id"": ""CUST_000766"", ""product_id"": ""PROD_0002"", ""order_date"": ""2024-06-24"", ""quantity"": -2, ""payment_method"": ""PayPal"", ""order_status"": ""Completed""}"
orders,ORD_0102353,INVALID_QUANTITY_NEGATIVE_RETURN,2026-09-08T16:00:15.302519+00:00,"{""order_id"": ""ORD_0102353"", ""customer_id"": ""CUST_004441"", ""product_id"": ""PROD_0002"", ""order_date"": ""2024-06-24"", ""quantity"": -2, ""payment_method"": ""PayPal"", ""order_status"": ""Completed""}"
orders,ORD_0102616,INVALID_QUANTITY_NEGATIVE_RETURN,2026-09-08T16:00:15.302519+00:00,"{""order_id"": ""ORD_0102616"", ""customer_id"": ""CUST_008313"", ""product_id"": ""PROD_0003"", ""order_date"": ""2024-06-24"", ""quantity"": -3, ""payment_method"": ""Credit Card"", ""order_status"": ""Completed""}"
orders,ORD_0102655,INVALID_QUANTITY_NEGATIVE_RETURN,2026-09-08T16:00:15.302519+00:00,"{""order_id"": ""ORD_0102655"", ""customer_id"": ""CUST_008842"", ""product_id"": ""PROD_0090"", ""order_date"": ""2024-06-24"", ""quantity"": -2, ""payment_method"": ""PayPal"", ""order_status"": ""Refunded""}"
orders,ORD_0103161,INVALID_QUANTITY_NEGATIVE_RETURN,2026-09-08T16:00:15.302519+00:00,"{""order_id"": ""ORD_0103161"", ""customer_id"": ""CUST_006219"", ""product_id"": ""PROD_0117"", ""order_date"": ""2024-06-25"", ""quantity"": -2, ""payment_method"": ""PayPal"", ""order_status"": ""Completed""}"
orders,ORD_0103638,INVALID_QUANTITY_NEGATIVE_RETURN,2026-09-08T16:00:15.302519+00:00,"{""order_id"": ""ORD_0103638"", ""customer_id"": ""CUST_003518"", ""product_id"": ""PROD_0398"", ""order_date"": ""2024-06-26"", ""quantity"": -3, ""payment_method"": ""Cash on Delivery"", ""order_status"": ""Completed""}"
orders,ORD_0103855,INVALID_QUANTITY_NEGATIVE_RETURN,2026-09-08T16:00:15.302519+00:00,"{""order_id"": ""ORD_0103855"", ""customer_id"": ""CUST_006306"", ""product_id"": ""PROD_0130"", ""order_date"": ""2024-06-26"", ""quantity"": -1, ""payment_method"": ""PayPal"", ""order_status"": ""Shipped""}"
orders,ORD_0103911,INVALID_QUANTITY_NEGATIVE_RETURN,2026-09-08T16:00:15.302519+00:00,"{""order_id"": ""ORD_0103911"", ""customer_id"": ""CUST_007227"", ""product_id"": ""PROD_0025"", ""order_date"": ""2024-06-26"", ""quantity"": -2, ""payment_method"": ""Credit Card"", ""order_status"": ""Shipped""}"
orders,ORD_0104166,INVALID_QUANTITY_NEGATIVE_RETURN,2026-09-08T16:00:15.302519+00:00,"{""order_id"": ""ORD_0104166"", ""customer_id"": ""CUST_000972"", ""product_id"": ""PROD_0003"", ""order_date"": ""2024-06-27"", ""quantity"": -2, ""payment_method"": ""PayPal"", ""order_status"": ""Completed""}"
orders,ORD_0104531,INVALID_QUANTITY_NEGATIVE_RETURN,2026-09-08T16:00:15.302519+00:00,"{""order_id"": ""ORD_0104531"", ""customer_id"": ""CUST_006582"", ""product_id"": ""PROD_0019"", ""order_date"": ""2024-06-27"", ""quantity"": -2, ""payment_method"": ""Debit Card"", ""order_status"": ""Completed""}"
orders,ORD_0104540,INVALID_QUANTITY_NEGATIVE_RETURN,2026-09-08T16:00:15.302519+00:00,"{""order_id"": ""ORD_0104540"", ""customer_id"": ""CUST_006632"", ""product_id"": ""PROD_0034"", ""order_date"": ""2024-06-27"", ""quantity"": -3, ""payment_method"": ""Debit Card"", ""order_status"": ""Completed""}"
orders,ORD_0105008,INVALID_QUANTITY_NEGATIVE_RETURN,2026-09-08T16:00:15.302519+00:00,"{""order_id"": ""ORD_0105008"", ""customer_id"": ""CUST_002868"", ""product_id"": ""PROD_0022"", ""order_date"": ""2024-06-28"", ""quantity"": -3, ""payment_method"": ""PayPal"", ""order_status"": ""Completed""}"
orders,ORD_0105118,INVALID_QUANTITY_NEGATIVE_RETURN,2026-09-08T16:00:15.302519+00:00,"{""order_id"": ""ORD_0105118"", ""customer_id"": ""CUST_004380"", ""product_id"": ""PROD_0001"", ""order_date"": ""2024-06-28"", ""quantity"": -1, ""payment_method"": ""Credit Card"", ""order_status"": ""Completed""}"
orders,ORD_0105339,INVALID_QUANTITY_NEGATIVE_RETURN,2026-09-08T16:00:15.302519+00:00,"{""order_id"": ""ORD_0105339"", ""customer_id"": ""CUST_007503"", ""product_id"": ""PROD_0311"", ""order_date"": ""2024-06-28"", ""quantity"": -3, ""payment_method"": ""Credit Card"", ""order_status"": ""Completed""}"
orders,ORD_0105351,INVALID_QUANTITY_NEGATIVE_RETURN,2026-09-08T16:00:15.302519+00:00,"{""order_id"": ""ORD_0105351"", ""customer_id"": ""CUST_007685"", ""product_id"": ""PROD_0090"", ""order_date"": ""2024-06-28"", ""quantity"": -2, ""payment_method"": ""Credit Card"", ""order_status"": ""Shipped""}"
orders,ORD_0106764,INVALID_QUANTITY_NEGATIVE_RETURN,2026-09-08T16:00:15.302519+00:00,"{""order_id"": ""ORD_0106764"", ""customer_id"": ""CUST_007888"", ""product_id"": ""PROD_0006"", ""order_date"": ""2024-06-30"", ""quantity"": -3, ""payment_method"": ""Debit Card"", ""order_status"": ""Shipped""}"
orders,ORD_0000095,INVALID_QUANTITY_ZERO,2026-09-08T16:00:15.302519+00:00,"{""order_id"": ""ORD_0000095"", ""customer_id"": ""CUST_007125"", ""product_id"": ""PROD_0473"", ""order_date"": ""2022-01-13"", ""quantity"": 0, ""payment_method"": ""Credit Card"", ""order_status"": ""Completed""}"
orders,ORD_0000373,INVALID_QUANTITY_ZERO,2026-09-08T16:00:15.302519+00:00,"{""order_id"": ""ORD_0000373"", ""customer_id"": ""CUST_006408"", ""product_id"": ""PROD_0025"", ""order_date"": ""2022-02-05"", ""quantity"": 0, ""payment_method"": ""Credit Card"", ""order_status"": ""Completed""}"
orders,ORD_0000422,INVALID_QUANTITY_ZERO,2026-09-08T16:00:15.302519+00:00,"{""order_id"": ""ORD_0000422"", ""customer_id"": ""CUST_001445"", ""product_id"": ""PROD_0094"", ""order_date"": ""2022-02-10"", ""quantity"": 0, ""payment_method"": ""Credit Card"", ""order_status"": ""Completed""}"
orders,ORD_0003070,INVALID_QUANTITY_ZERO,2026-09-08T16:00:15.302519+00:00,"{""order_id"": ""ORD_0003070"", ""customer_id"": ""CUST_004868"", ""product_id"": ""PROD_0064"", ""order_date"": ""2022-05-21"", ""quantity"": 0, ""payment_method"": ""Credit Card"", ""order_status"": ""Completed""}"
orders,ORD_0003113,INVALID_QUANTITY_ZERO,2026-09-08T16:00:15.302519+00:00,"{""order_id"": ""ORD_0003113"", ""customer_id"": ""CUST_005388"", ""product_id"": ""PROD_0007"", ""order_date"": ""2022-05-22"", ""quantity"": 0, ""payment_method"": ""PayPal"", ""order_status"": ""Completed""}"
orders,ORD_0003461,INVALID_QUANTITY_ZERO,2026-09-08T16:00:15.302519+00:00,"{""order_id"": ""ORD_0003461"", ""customer_id"": ""CUST_008014"", ""product_id"": ""PROD_0126"", ""order_date"": ""2022-05-31"", ""quantity"": 0, ""payment_method"": ""Cash on Delivery"", ""order_status"": ""Completed""}"
orders,ORD_0003638,INVALID_QUANTITY_ZERO,2026-09-08T16:00:15.302519+00:00,"{""order_id"": ""ORD_0003638"", ""customer_id"": ""CUST_003765"", ""product_id"": ""PROD_0070"", ""order_date"": ""2022-06-05"", ""quantity"": 0, ""payment_method"": ""Debit Card"", ""order_status"": ""Completed""}"
orders,ORD_0004108,INVALID_QUANTITY_ZERO,2026-09-08T16:00:15.302519+00:00,"{""order_id"": ""ORD_0004108"", ""customer_id"": ""CUST_002458"", ""product_id"": ""PROD_0210"", ""order_date"": ""2022-06-16"", ""quantity"": 0, ""payment_method"": ""Credit Card"", ""order_status"": ""Completed""}"
orders,ORD_0004603,INVALID_QUANTITY_ZERO,2026-09-08T16:00:15.302519+00:00,"{""order_id"": ""ORD_0004603"", ""customer_id"": ""CUST_006246"", ""product_id"": ""PROD_0090"", ""order_date"": ""2022-06-27"", ""quantity"": 0, ""payment_method"": ""Credit Card"", ""order_status"": ""Completed""}"
orders,ORD_0005106,INVALID_QUANTITY_ZERO,2026-09-08T16:00:15.302519+00:00,"{""order_id"": ""ORD_0005106"", ""customer_id"": ""CUST_007277"", ""product_id"": ""PROD_0025"", ""order_date"": ""2022-07-07"", ""quantity"": 0, ""payment_method"": ""Debit Card"", ""order_status"": ""Completed""}"
orders,ORD_0005947,INVALID_QUANTITY_ZERO,2026-09-08T16:00:15.302519+00:00,"{""order_id"": ""ORD_0005947"", ""customer_id"": ""CUST_000643"", ""product_id"": ""PROD_0001"", ""order_date"": ""2022-07-23"", ""quantity"": 0, ""payment_method"": ""Credit Card"", ""order_status"": ""Completed""}"
orders,ORD_0006678,INVALID_QUANTITY_ZERO,2026-09-08T16:00:15.302519+00:00,"{""order_id"": ""ORD_0006678"", ""customer_id"": ""CUST_000364"", ""product_id"": ""PROD_0001"", ""order_date"": ""2022-08-06"", ""quantity"": 0, ""payment_method"": ""PayPal"", ""order_status"": ""Refunded""}"
orders,ORD_0006744,INVALID_QUANTITY_ZERO,2026-09-08T16:00:15.302519+00:00,"{""order_id"": ""ORD_0006744"", ""customer_id"": ""CUST_001939"", ""product_id"": ""PROD_0006"", ""order_date"": ""2022-08-07"", ""quantity"": 0, ""payment_method"": ""PayPal"", ""order_status"": ""Completed""}"
orders,ORD_0006776,INVALID_QUANTITY_ZERO,2026-09-08T16:00:15.302519+00:00,"{""order_id"": ""ORD_0006776"", ""customer_id"": ""CUST_007040"", ""product_id"": ""PROD_0114"", ""order_date"": ""2022-08-07"", ""quantity"": 0, ""payment_method"": ""PayPal"", ""order_status"": ""Completed""}"
orders,ORD_0006785,INVALID_QUANTITY_ZERO,2026-09-08T16:00:15.302519+00:00,"{""order_id"": ""ORD_0006785"", ""customer_id"": ""CUST_009582"", ""product_id"": ""PROD_0004"", ""order_date"": ""2022-08-07"", ""quantity"": 0, ""payment_method"": ""PayPal"", ""order_status"": ""Completed""}"
orders,ORD_0008596,INVALID_QUANTITY_ZERO,2026-09-08T16:00:15.302519+00:00,"{""order_id"": ""ORD_0008596"", ""customer_id"": ""CUST_009540"", ""product_id"": ""PROD_0001"", ""order_date"": ""2022-09-07"", ""quantity"": 0, ""payment_method"": ""Credit Card"", ""order_status"": ""Completed""}"
orders,ORD_0008693,INVALID_QUANTITY_ZERO,2026-09-08T16:00:15.302519+00:00,"{""order_id"": ""ORD_0008693"", ""customer_id"": ""CUST_003860"", ""product_id"": ""PROD_0185"", ""order_date"": ""2022-09-09"", ""quantity"": 0, ""payment_method"": ""PayPal"", ""order_status"": ""Completed""}"
orders,ORD_0010381,INVALID_QUANTITY_ZERO,2026-09-08T16:00:15.302519+00:00,"{""order_id"": ""ORD_0010381"", ""customer_id"": ""CUST_006405"", ""product_id"": ""PROD_0004"", ""order_date"": ""2022-10-04"", ""quantity"": 0, ""payment_method"": ""Credit Card"", ""order_status"": ""Completed""}"
orders,ORD_0010807,INVALID_QUANTITY_ZERO,2026-09-08T16:00:15.302519+00:00,"{""order_id"": ""ORD_0010807"", ""customer_id"": ""CUST_002873"", ""product_id"": ""PROD_0119"", ""order_date"": ""2022-10-11"", ""quantity"": 0, ""payment_method"": ""Credit Card"", ""order_status"": ""Completed""}"
orders,ORD_0011020,INVALID_QUANTITY_ZERO,2026-09-08T16:00:15.302519+00:00,"{""order_id"": ""ORD_0011020"", ""customer_id"": ""CUST_004991"", ""product_id"": ""PROD_0001"", ""order_date"": ""2022-10-14"", ""quantity"": 0, ""payment_method"": ""Unknown"", ""order_status"": ""Completed""}"
orders,ORD_0011033,INVALID_QUANTITY_ZERO,2026-09-08T16:00:15.302519+00:00,"{""order_id"": ""ORD_0011033"", ""customer_id"": ""CUST_007647"", ""product_id"": ""PROD_0004"", ""order_date"": ""2022-10-14"", ""quantity"": 0, ""payment_method"": ""Credit Card"", ""order_status"": ""Completed""}"
orders,ORD_0011706,INVALID_QUANTITY_ZERO,2026-09-08T16:00:15.302519+00:00,"{""order_id"": ""ORD_0011706"", ""customer_id"": ""CUST_002779"", ""product_id"": ""PROD_0001"", ""order_date"": ""2022-10-24"", ""quantity"": 0, ""payment_method"": ""Credit Card"", ""order_status"": ""Completed""}"
orders,ORD_0012308,INVALID_QUANTITY_ZERO,2026-09-08T16:00:15.302519+00:00,"{""order_id"": ""ORD_0012308"", ""customer_id"": ""CUST_007533"", ""product_id"": ""PROD_0007"", ""order_date"": ""2022-11-01"", ""quantity"": 0, ""payment_method"": ""PayPal"", ""order_status"": ""Completed""}"
orders,ORD_0013133,INVALID_QUANTITY_ZERO,2026-09-08T16:00:15.302519+00:00,"{""order_id"": ""ORD_0013133"", ""customer_id"": ""CUST_001035"", ""product_id"": ""PROD_0028"", ""order_date"": ""2022-11-13"", ""quantity"": 0, ""payment_method"": ""Debit Card"", ""order_status"": ""Completed""}"
orders,ORD_0013204,INVALID_QUANTITY_ZERO,2026-09-08T16:00:15.302519+00:00,"{""order_id"": ""ORD_0013204"", ""customer_id"": ""CUST_000225"", ""product_id"": ""PROD_0173"", ""order_date"": ""2022-11-14"", ""quantity"": 0, ""payment_method"": ""Credit Card"", ""order_status"": ""Completed""}"
orders,ORD_0013542,INVALID_QUANTITY_ZERO,2026-09-08T16:00:15.302519+00:00,"{""order_id"": ""ORD_0013542"", ""customer_id"": ""CUST_003144"", ""product_id"": ""PROD_0135"", ""order_date"": ""2022-11-18"", ""quantity"": 0, ""payment_method"": ""Credit Card"", ""order_status"": ""Completed""}"
orders,ORD_0014448,INVALID_QUANTITY_ZERO,2026-09-08T16:00:15.302519+00:00,"{""order_id"": ""ORD_0014448"", ""customer_id"": ""CUST_004926"", ""product_id"": ""PROD_0003"", ""order_date"": ""2022-11-30"", ""quantity"": 0, ""payment_method"": ""Credit Card"", ""order_status"": ""Completed""}"
orders,ORD_0015770,INVALID_QUANTITY_ZERO,2026-09-08T16:00:15.302519+00:00,"{""order_id"": ""ORD_0015770"", ""customer_id"": ""CUST_005702"", ""product_id"": ""PROD_0028"", ""order_date"": ""2022-12-16"", ""quantity"": 0, ""payment_method"": ""Credit Card"", ""order_status"": ""Completed""}"
orders,ORD_0016164,INVALID_QUANTITY_ZERO,2026-09-08T16:00:15.302519+00:00,"{""order_id"": ""ORD_0016164"", ""customer_id"": ""CUST_002171"", ""product_id"": ""PROD_0022"", ""order_date"": ""2022-12-21"", ""quantity"": 0, ""payment_method"": ""Credit Card"", ""order_status"": ""Completed""}"
orders,ORD_0016246,INVALID_QUANTITY_ZERO,2026-09-08T16:00:15.302519+00:00,"{""order_id"": ""ORD_0016246"", ""customer_id"": ""CUST_001452"", ""product_id"": ""PROD_0166"", ""order_date"": ""2022-12-22"", ""quantity"": 0, ""payment_method"": ""Credit Card"", ""order_status"": ""Completed""}"
orders,ORD_0016464,INVALID_QUANTITY_ZERO,2026-09-08T16:00:15.302519+00:00,"{""order_id"": ""ORD_0016464"", ""customer_id"": ""CUST_000289"", ""product_id"": ""PROD_0008"", ""order_date"": ""2022-12-25"", ""quantity"": 0, ""payment_method"": ""Apple Pay"", ""order_status"": ""Completed""}"
orders,ORD_0016821,INVALID_QUANTITY_ZERO,2026-09-08T16:00:15.302519+00:00,"{""order_id"": ""ORD_0016821"", ""customer_id"": ""CUST_000193"", ""product_id"": ""PROD_0113"", ""order_date"": ""2022-12-29"", ""quantity"": 0, ""payment_method"": ""Debit Card"", ""order_status"": ""Completed""}"
orders,ORD_0016874,INVALID_QUANTITY_ZERO,2026-09-08T16:00:15.302519+00:00,"{""order_id"": ""ORD_0016874"", ""customer_id"": ""CUST_005909"", ""product_id"": ""PROD_0003"", ""order_date"": ""2022-12-29"", ""quantity"": 0, ""payment_method"": ""Credit Card"", ""order_status"": ""Shipped""}"
orders,ORD_0018371,INVALID_QUANTITY_ZERO,2026-09-08T16:00:15.302519+00:00,"{""order_id"": ""ORD_0018371"", ""customer_id"": ""CUST_002581"", ""product_id"": ""PROD_0151"", ""order_date"": ""2023-01-16"", ""quantity"": 0, ""payment_method"": ""Credit Card"", ""order_status"": ""Completed""}"
orders,ORD_0018743,INVALID_QUANTITY_ZERO,2026-09-08T16:00:15.302519+00:00,"{""order_id"": ""ORD_0018743"", ""customer_id"": ""CUST_003640"", ""product_id"": ""PROD_0243"", ""order_date"": ""2023-01-20"", ""quantity"": 0, ""payment_method"": ""Credit Card"", ""order_status"": ""Completed""}"
orders,ORD_0019206,INVALID_QUANTITY_ZERO,2026-09-08T16:00:15.302519+00:00,"{""order_id"": ""ORD_0019206"", ""customer_id"": ""CUST_003244"", ""product_id"": ""PROD_0063"", ""order_date"": ""2023-01-25"", ""quantity"": 0, ""payment_method"": ""PayPal"", ""order_status"": ""Completed""}"
orders,ORD_0019808,INVALID_QUANTITY_ZERO,2026-09-08T16:00:15.302519+00:00,"{""order_id"": ""ORD_0019808"", ""customer_id"": ""CUST_004510"", ""product_id"": ""PROD_0122"", ""order_date"": ""2023-01-31"", ""quantity"": 0, ""payment_method"": ""Debit Card"", ""order_status"": ""Completed""}"
orders,ORD_0021008,INVALID_QUANTITY_ZERO,2026-09-08T16:00:15.302519+00:00,"{""order_id"": ""ORD_0021008"", ""customer_id"": ""CUST_000273"", ""product_id"": ""PROD_0168"", ""order_date"": ""2023-02-13"", ""quantity"": 0, ""payment_method"": ""Credit Card"", ""order_status"": ""Completed""}"
orders,ORD_0022243,INVALID_QUANTITY_ZERO,2026-09-08T16:00:15.302519+00:00,"{""order_id"": ""ORD_0022243"", ""customer_id"": ""CUST_009139"", ""product_id"": ""PROD_0364"", ""order_date"": ""2023-02-25"", ""quantity"": 0, ""payment_method"": ""PayPal"", ""order_status"": ""Completed""}"
orders,ORD_0022642,INVALID_QUANTITY_ZERO,2026-09-08T16:00:15.302519+00:00,"{""order_id"": ""ORD_0022642"", ""customer_id"": ""CUST_009320"", ""product_id"": ""PROD_0007"", ""order_date"": ""2023-03-01"", ""quantity"": 0, ""payment_method"": ""Credit Card"", ""order_status"": ""Completed""}"
orders,ORD_0022841,INVALID_QUANTITY_ZERO,2026-09-08T16:00:15.302519+00:00,"{""order_id"": ""ORD_0022841"", ""customer_id"": ""CUST_001184"", ""product_id"": ""PROD_0002"", ""order_date"": ""2023-03-04"", ""quantity"": 0, ""payment_method"": ""Apple Pay"", ""order_status"": ""Completed""}"
orders,ORD_0023032,INVALID_QUANTITY_ZERO,2026-09-08T16:00:15.302519+00:00,"{""order_id"": ""ORD_0023032"", ""customer_id"": ""CUST_000488"", ""product_id"": ""PROD_0003"", ""order_date"": ""2023-03-06"", ""quantity"": 0, ""payment_method"": ""Credit Card"", ""order_status"": ""Completed""}"
orders,ORD_0023452,INVALID_QUANTITY_ZERO,2026-09-08T16:00:15.302519+00:00,"{""order_id"": ""ORD_0023452"", ""customer_id"": ""CUST_001837"", ""product_id"": ""PROD_0003"", ""order_date"": ""2023-03-10"", ""quantity"": 0, ""payment_method"": ""Credit Card"", ""order_status"": ""Completed""}"
orders,ORD_0024771,INVALID_QUANTITY_ZERO,2026-09-08T16:00:15.302519+00:00,"{""order_id"": ""ORD_0024771"", ""customer_id"": ""CUST_002330"", ""product_id"": ""PROD_0024"", ""order_date"": ""2023-03-24"", ""quantity"": 0, ""payment_method"": ""PayPal"", ""order_status"": ""Cancelled""}"
orders,ORD_0025475,INVALID_QUANTITY_ZERO,2026-09-08T16:00:15.302519+00:00,"{""order_id"": ""ORD_0025475"", ""customer_id"": ""CUST_003410"", ""product_id"": ""PROD_0007"", ""order_date"": ""2023-03-31"", ""quantity"": 0, ""payment_method"": ""PayPal"", ""order_status"": ""Completed""}"
orders,ORD_0027955,INVALID_QUANTITY_ZERO,2026-09-08T16:00:15.302519+00:00,"{""order_id"": ""ORD_0027955"", ""customer_id"": ""CUST_006082"", ""product_id"": ""PROD_0416"", ""order_date"": ""2023-04-25"", ""quantity"": 0, ""payment_method"": ""Debit Card"", ""order_status"": ""Completed""}"
orders,ORD_0028817,INVALID_QUANTITY_ZERO,2026-09-08T16:00:15.302519+00:00,"{""order_id"": ""ORD_0028817"", ""customer_id"": ""CUST_009702"", ""product_id"": ""PROD_0019"", ""order_date"": ""2023-05-03"", ""quantity"": 0, ""payment_method"": ""PayPal"", ""order_status"": ""Completed""}"
orders,ORD_0029270,INVALID_QUANTITY_ZERO,2026-09-08T16:00:15.302519+00:00,"{""order_id"": ""ORD_0029270"", ""customer_id"": ""CUST_003087"", ""product_id"": ""PROD_0007"", ""order_date"": ""2023-05-08"", ""quantity"": 0, ""payment_method"": ""Cash on Delivery"", ""order_status"": ""Completed""}"
orders,ORD_0035255,INVALID_QUANTITY_ZERO,2026-09-08T16:00:15.302519+00:00,"{""order_id"": ""ORD_0035255"", ""customer_id"": ""CUST_007323"", ""product_id"": ""PROD_0041"", ""order_date"": ""2023-06-30"", ""quantity"": 0, ""payment_method"": ""PayPal"", ""order_status"": ""Completed""}"
orders,ORD_0035702,INVALID_QUANTITY_ZERO,2026-09-08T16:00:15.302519+00:00,"{""order_id"": ""ORD_0035702"", ""customer_id"": ""CUST_005209"", ""product_id"": ""PROD_0065"", ""order_date"": ""2023-07-04"", ""quantity"": 0, ""payment_method"": ""Debit Card"", ""order_status"": ""Completed""}"
orders,ORD_0035861,INVALID_QUANTITY_ZERO,2026-09-08T16:00:15.302519+00:00,"{""order_id"": ""ORD_0035861"", ""customer_id"": ""CUST_009567"", ""product_id"": ""PROD_0001"", ""order_date"": ""2023-07-05"", ""quantity"": 0, ""payment_method"": ""Debit Card"", ""order_status"": ""Completed""}"
orders,ORD_0036137,INVALID_QUANTITY_ZERO,2026-09-08T16:00:15.302519+00:00,"{""order_id"": ""ORD_0036137"", ""customer_id"": ""CUST_002150"", ""product_id"": ""PROD_0031"", ""order_date"": ""2023-07-08"", ""quantity"": 0, ""payment_method"": ""Credit Card"", ""order_status"": ""Completed""}"
orders,ORD_0039286,INVALID_QUANTITY_ZERO,2026-09-08T16:00:15.302519+00:00,"{""order_id"": ""ORD_0039286"", ""customer_id"": ""CUST_005265"", ""product_id"": ""PROD_0156"", ""order_date"": ""2023-08-03"", ""quantity"": 0, ""payment_method"": ""Cash on Delivery"", ""order_status"": ""Completed""}"
orders,ORD_0040920,INVALID_QUANTITY_ZERO,2026-09-08T16:00:15.302519+00:00,"{""order_id"": ""ORD_0040920"", ""customer_id"": ""CUST_009702"", ""product_id"": ""PROD_0005"", ""order_date"": ""2023-08-16"", ""quantity"": 0, ""payment_method"": ""Cash on Delivery"", ""order_status"": ""Completed""}"
orders,ORD_0041071,INVALID_QUANTITY_ZERO,2026-09-08T16:00:15.302519+00:00,"{""order_id"": ""ORD_0041071"", ""customer_id"": ""CUST_003537"", ""product_id"": ""PROD_0049"", ""order_date"": ""2023-08-18"", ""quantity"": 0, ""payment_method"": ""Credit Card"", ""order_status"": ""Completed""}"
orders,ORD_0041490,INVALID_QUANTITY_ZERO,2026-09-08T16:00:15.302519+00:00,"{""order_id"": ""ORD_0041490"", ""customer_id"": ""CUST_006516"", ""product_id"": ""PROD_0056"", ""order_date"": ""2023-08-21"", ""quantity"": 0, ""payment_method"": ""PayPal"", ""order_status"": ""Completed""}"
orders,ORD_0043681,INVALID_QUANTITY_ZERO,2026-09-08T16:00:15.302519+00:00,"{""order_id"": ""ORD_0043681"", ""customer_id"": ""CUST_007672"", ""product_id"": ""PROD_0021"", ""order_date"": ""2023-09-08"", ""quantity"": 0, ""payment_method"": ""PayPal"", ""order_status"": ""Completed""}"
orders,ORD_0044036,INVALID_QUANTITY_ZERO,2026-09-08T16:00:15.302519+00:00,"{""order_id"": ""ORD_0044036"", ""customer_id"": ""CUST_008624"", ""product_id"": ""PROD_0037"", ""order_date"": ""2023-09-11"", ""quantity"": 0, ""payment_method"": ""Credit Card"", ""order_status"": ""Completed""}"
orders,ORD_0044434,INVALID_QUANTITY_ZERO,2026-09-08T16:00:15.302519+00:00,"{""order_id"": ""ORD_0044434"", ""customer_id"": ""CUST_003469"", ""product_id"": ""PROD_0112"", ""order_date"": ""2023-09-15"", ""quantity"": 0, ""payment_method"": ""Cash on Delivery"", ""order_status"": ""Completed""}"
orders,ORD_0045460,INVALID_QUANTITY_ZERO,2026-09-08T16:00:15.302519+00:00,"{""order_id"": ""ORD_0045460"", ""customer_id"": ""CUST_002463"", ""product_id"": ""PROD_0004"", ""order_date"": ""2023-09-23"", ""quantity"": 0, ""payment_method"": ""PayPal"", ""order_status"": ""Completed""}"
orders,ORD_0045783,INVALID_QUANTITY_ZERO,2026-09-08T16:00:15.302519+00:00,"{""order_id"": ""ORD_0045783"", ""customer_id"": ""CUST_006126"", ""product_id"": ""PROD_0001"", ""order_date"": ""2023-09-25"", ""quantity"": 0, ""payment_method"": ""Debit Card"", ""order_status"": ""Completed""}"
orders,ORD_0046113,INVALID_QUANTITY_ZERO,2026-09-08T16:00:15.302519+00:00,"{""order_id"": ""ORD_0046113"", ""customer_id"": ""CUST_001608"", ""product_id"": ""PROD_0047"", ""order_date"": ""2023-09-28"", ""quantity"": 0, ""payment_method"": ""Apple Pay"", ""order_status"": ""Completed""}"
orders,ORD_0046766,INVALID_QUANTITY_ZERO,2026-09-08T16:00:15.302519+00:00,"{""order_id"": ""ORD_0046766"", ""customer_id"": ""CUST_001491"", ""product_id"": ""PROD_0030"", ""order_date"": ""2023-10-03"", ""quantity"": 0, ""payment_method"": ""Credit Card"", ""order_status"": ""Completed""}"
orders,ORD_0046802,INVALID_QUANTITY_ZERO,2026-09-08T16:00:15.302519+00:00,"{""order_id"": ""ORD_0046802"", ""customer_id"": ""CUST_003762"", ""product_id"": ""PROD_0120"", ""order_date"": ""2023-10-03"", ""quantity"": 0, ""payment_method"": ""Cash on Delivery"", ""order_status"": ""Completed""}"
orders,ORD_0046841,INVALID_QUANTITY_ZERO,2026-09-08T16:00:15.302519+00:00,"{""order_id"": ""ORD_0046841"", ""customer_id"": ""CUST_006203"", ""product_id"": ""PROD_0276"", ""order_date"": ""2023-10-03"", ""quantity"": 0, ""payment_method"": ""Cash on Delivery"", ""order_status"": ""Completed""}"
orders,ORD_0047938,INVALID_QUANTITY_ZERO,2026-09-08T16:00:15.302519+00:00,"{""order_id"": ""ORD_0047938"", ""customer_id"": ""CUST_006756"", ""product_id"": ""PROD_0462"", ""order_date"": ""2023-10-11"", ""quantity"": 0, ""payment_method"": ""PayPal"", ""order_status"": ""Completed""}"
orders,ORD_0048061,INVALID_QUANTITY_ZERO,2026-09-08T16:00:15.302519+00:00,"{""order_id"": ""ORD_0048061"", ""customer_id"": ""CUST_007526"", ""product_id"": ""PROD_0154"", ""order_date"": ""2023-10-12"", ""quantity"": 0, ""payment_method"": ""Credit Card"", ""order_status"": ""Completed""}"
orders,ORD_0048354,INVALID_QUANTITY_ZERO,2026-09-08T16:00:15.302519+00:00,"{""order_id"": ""ORD_0048354"", ""customer_id"": ""CUST_009188"", ""product_id"": ""PROD_0087"", ""order_date"": ""2023-10-14"", ""quantity"": 0, ""payment_method"": ""PayPal"", ""order_status"": ""Completed""}"
orders,ORD_0048568,INVALID_QUANTITY_ZERO,2026-09-08T16:00:15.302519+00:00,"{""order_id"": ""ORD_0048568"", ""customer_id"": ""CUST_005441"", ""product_id"": ""PROD_0031"", ""order_date"": ""2023-10-16"", ""quantity"": 0, ""payment_method"": ""Credit Card"", ""order_status"": ""Completed""}"
orders,ORD_0049350,INVALID_QUANTITY_ZERO,2026-09-08T16:00:15.302519+00:00,"{""order_id"": ""ORD_0049350"", ""customer_id"": ""CUST_007043"", ""product_id"": ""PROD_0017"", ""order_date"": ""2023-10-22"", ""quantity"": 0, ""payment_method"": ""Credit Card"", ""order_status"": ""Completed""}"
orders,ORD_0049827,INVALID_QUANTITY_ZERO,2026-09-08T16:00:15.302519+00:00,"{""order_id"": ""ORD_0049827"", ""customer_id"": ""CUST_003655"", ""product_id"": ""PROD_0252"", ""order_date"": ""2023-10-26"", ""quantity"": 0, ""payment_method"": ""PayPal"", ""order_status"": ""Cancelled""}"
orders,ORD_0050409,INVALID_QUANTITY_ZERO,2026-09-08T16:00:15.302519+00:00,"{""order_id"": ""ORD_0050409"", ""customer_id"": ""CUST_008250"", ""product_id"": ""PROD_0474"", ""order_date"": ""2023-10-30"", ""quantity"": 0, ""payment_method"": ""Credit Card"", ""order_status"": ""Completed""}"
orders,ORD_0050989,INVALID_QUANTITY_ZERO,2026-09-08T16:00:15.302519+00:00,"{""order_id"": ""ORD_0050989"", ""customer_id"": ""CUST_004067"", ""product_id"": ""PROD_0006"", ""order_date"": ""2023-11-04"", ""quantity"": 0, ""payment_method"": ""Credit Card"", ""order_status"": ""Completed""}"
orders,ORD_0051716,INVALID_QUANTITY_ZERO,2026-09-08T16:00:15.302519+00:00,"{""order_id"": ""ORD_0051716"", ""customer_id"": ""CUST_009791"", ""product_id"": ""PROD_0001"", ""order_date"": ""2023-11-09"", ""quantity"": 0, ""payment_method"": ""PayPal"", ""order_status"": ""Completed""}"
orders,ORD_0051770,INVALID_QUANTITY_ZERO,2026-09-08T16:00:15.302519+00:00,"{""order_id"": ""ORD_0051770"", ""customer_id"": ""CUST_003994"", ""product_id"": ""PROD_0431"", ""order_date"": ""2023-11-10"", ""quantity"": 0, ""payment_method"": ""PayPal"", ""order_status"": ""Completed""}"
orders,ORD_0051816,INVALID_QUANTITY_ZERO,2026-09-08T16:00:15.302519+00:00,"{""order_id"": ""ORD_0051816"", ""customer_id"": ""CUST_006958"", ""product_id"": ""PROD_0001"", ""order_date"": ""2023-11-10"", ""quantity"": 0, ""payment_method"": ""PayPal"", ""order_status"": ""Completed""}"
orders,ORD_0053089,INVALID_QUANTITY_ZERO,2026-09-08T16:00:15.302519+00:00,"{""order_id"": ""ORD_0053089"", ""customer_id"": ""CUST_007274"", ""product_id"": ""PROD_0136"", ""order_date"": ""2023-11-20"", ""quantity"": 0, ""payment_method"": ""Credit Card"", ""order_status"": ""Completed""}"
orders,ORD_0053378,INVALID_QUANTITY_ZERO,2026-09-08T16:00:15.302519+00:00,"{""order_id"": ""ORD_0053378"", ""customer_id"": ""CUST_009608"", ""product_id"": ""PROD_0219"", ""order_date"": ""2023-11-22"", ""quantity"": 0, ""payment_method"": ""Credit Card"", ""order_status"": ""Completed""}"
orders,ORD_0053514,INVALID_QUANTITY_ZERO,2026-09-08T16:00:15.302519+00:00,"{""order_id"": ""ORD_0053514"", ""customer_id"": ""CUST_008228"", ""product_id"": ""PROD_0334"", ""order_date"": ""2023-11-23"", ""quantity"": 0, ""payment_method"": ""Credit Card"", ""order_status"": ""Completed""}"
orders,ORD_0053765,INVALID_QUANTITY_ZERO,2026-09-08T16:00:15.302519+00:00,"{""order_id"": ""ORD_0053765"", ""customer_id"": ""CUST_006364"", ""product_id"": ""PROD_0018"", ""order_date"": ""2023-11-25"", ""quantity"": 0, ""payment_method"": ""Credit Card"", ""order_status"": ""Shipped""}"
orders,ORD_0054052,INVALID_QUANTITY_ZERO,2026-09-08T16:00:15.302519+00:00,"{""order_id"": ""ORD_0054052"", ""customer_id"": ""CUST_009000"", ""product_id"": ""PROD_0408"", ""order_date"": ""2023-11-27"", ""quantity"": 0, ""payment_method"": ""Credit Card"", ""order_status"": ""Completed""}"
orders,ORD_0054668,INVALID_QUANTITY_ZERO,2026-09-08T16:00:15.302519+00:00,"{""order_id"": ""ORD_0054668"", ""customer_id"": ""CUST_004985"", ""product_id"": ""PROD_0082"", ""order_date"": ""2023-12-02"", ""quantity"": 0, ""payment_method"": ""Debit Card"", ""order_status"": ""Completed""}"
orders,ORD_0054688,INVALID_QUANTITY_ZERO,2026-09-08T16:00:15.302519+00:00,"{""order_id"": ""ORD_0054688"", ""customer_id"": ""CUST_006737"", ""product_id"": ""PROD_0004"", ""order_date"": ""2023-12-02"", ""quantity"": 0, ""payment_method"": ""Credit Card"", ""order_status"": ""Completed""}"
orders,ORD_0055234,INVALID_QUANTITY_ZERO,2026-09-08T16:00:15.302519+00:00,"{""order_id"": ""ORD_0055234"", ""customer_id"": ""CUST_009124"", ""product_id"": ""PROD_0017"", ""order_date"": ""2023-12-06"", ""quantity"": 0, ""payment_method"": ""Cash on Delivery"", ""order_status"": ""Completed""}"
orders,ORD_0056899,INVALID_QUANTITY_ZERO,2026-09-08T16:00:15.302519+00:00,"{""order_id"": ""ORD_0056899"", ""customer_id"": ""CUST_007995"", ""product_id"": ""PROD_0001"", ""order_date"": ""2023-12-19"", ""quantity"": 0, ""payment_method"": ""PayPal"", ""order_status"": ""Shipped""}"
orders,ORD_0058763,INVALID_QUANTITY_ZERO,2026-09-08T16:00:15.302519+00:00,"{""order_id"": ""ORD_0058763"", ""customer_id"": ""CUST_006878"", ""product_id"": ""PROD_0042"", ""order_date"": ""2024-01-02"", ""quantity"": 0, ""payment_method"": ""Cash on Delivery"", ""order_status"": ""Cancelled""}"
orders,ORD_0058914,INVALID_QUANTITY_ZERO,2026-09-08T16:00:15.302519+00:00,"{""order_id"": ""ORD_0058914"", ""customer_id"": ""CUST_006927"", ""product_id"": ""PROD_0001"", ""order_date"": ""2024-01-03"", ""quantity"": 0, ""payment_method"": ""PayPal"", ""order_status"": ""Completed""}"
orders,ORD_0058918,INVALID_QUANTITY_ZERO,2026-09-08T16:00:15.302519+00:00,"{""order_id"": ""ORD_0058918"", ""customer_id"": ""CUST_007256"", ""product_id"": ""PROD_0001"", ""order_date"": ""2024-01-03"", ""quantity"": 0, ""payment_method"": ""Credit Card"", ""order_status"": ""Completed""}"
orders,ORD_0058933,INVALID_QUANTITY_ZERO,2026-09-08T16:00:15.302519+00:00,"{""order_id"": ""ORD_0058933"", ""customer_id"": ""CUST_008342"", ""product_id"": ""PROD_0102"", ""order_date"": ""2024-01-03"", ""quantity"": 0, ""payment_method"": ""Credit Card"", ""order_status"": ""Cancelled""}"
orders,ORD_0059190,INVALID_QUANTITY_ZERO,2026-09-08T16:00:15.302519+00:00,"{""order_id"": ""ORD_0059190"", ""customer_id"": ""CUST_007554"", ""product_id"": ""PROD_0072"", ""order_date"": ""2024-01-05"", ""quantity"": 0, ""payment_method"": ""Credit Card"", ""order_status"": ""Completed""}"
orders,ORD_0059204,INVALID_QUANTITY_ZERO,2026-09-08T16:00:15.302519+00:00,"{""order_id"": ""ORD_0059204"", ""customer_id"": ""CUST_008488"", ""product_id"": ""PROD_0328"", ""order_date"": ""2024-01-05"", ""quantity"": 0, ""payment_method"": ""Debit Card"", ""order_status"": ""Completed""}"
orders,ORD_0061065,INVALID_QUANTITY_ZERO,2026-09-08T16:00:15.302519+00:00,"{""order_id"": ""ORD_0061065"", ""customer_id"": ""CUST_005594"", ""product_id"": ""PROD_0002"", ""order_date"": ""2024-01-19"", ""quantity"": 0, ""payment_method"": ""Credit Card"", ""order_status"": ""Refunded""}"
orders,ORD_0061537,INVALID_QUANTITY_ZERO,2026-09-08T16:00:15.302519+00:00,"{""order_id"": ""ORD_0061537"", ""customer_id"": ""CUST_008694"", ""product_id"": ""PROD_0107"", ""order_date"": ""2024-01-22"", ""quantity"": 0, ""payment_method"": ""PayPal"", ""order_status"": ""Completed""}"
orders,ORD_0061911,INVALID_QUANTITY_ZERO,2026-09-08T16:00:15.302519+00:00,"{""order_id"": ""ORD_0061911"", ""customer_id"": ""CUST_006496"", ""product_id"": ""PROD_0188"", ""order_date"": ""2024-01-25"", ""quantity"": 0, ""payment_method"": ""PayPal"", ""order_status"": ""Completed""}"
orders,ORD_0062194,INVALID_QUANTITY_ZERO,2026-09-08T16:00:15.302519+00:00,"{""order_id"": ""ORD_0062194"", ""customer_id"": ""CUST_007024"", ""product_id"": ""PROD_0009"", ""order_date"": ""2024-01-27"", ""quantity"": 0, ""payment_method"": ""Credit Card"", ""order_status"": ""Completed""}"
orders,ORD_0062431,INVALID_QUANTITY_ZERO,2026-09-08T16:00:15.302519+00:00,"{""order_id"": ""ORD_0062431"", ""customer_id"": ""CUST_005976"", ""product_id"": ""PROD_0006"", ""order_date"": ""2024-01-29"", ""quantity"": 0, ""payment_method"": ""Credit Card"", ""order_status"": ""Completed""}"
orders,ORD_0065764,INVALID_QUANTITY_ZERO,2026-09-08T16:00:15.302519+00:00,"{""order_id"": ""ORD_0065764"", ""customer_id"": ""CUST_000962"", ""product_id"": ""PROD_0103"", ""order_date"": ""2024-02-22"", ""quantity"": 0, ""payment_method"": ""Credit Card"", ""order_status"": ""Completed""}"
orders,ORD_0065863,INVALID_QUANTITY_ZERO,2026-09-08T16:00:15.302519+00:00,"{""order_id"": ""ORD_0065863"", ""customer_id"": ""CUST_007009"", ""product_id"": ""PROD_0366"", ""order_date"": ""2024-02-22"", ""quantity"": 0, ""payment_method"": ""Debit Card"", ""order_status"": ""Refunded""}"
orders,ORD_0066047,INVALID_QUANTITY_ZERO,2026-09-08T16:00:15.302519+00:00,"{""order_id"": ""ORD_0066047"", ""customer_id"": ""CUST_001629"", ""product_id"": ""PROD_0177"", ""order_date"": ""2024-02-24"", ""quantity"": 0, ""payment_method"": ""Cash on Delivery"", ""order_status"": ""Completed""}"
orders,ORD_0067349,INVALID_QUANTITY_ZERO,2026-09-08T16:00:15.302519+00:00,"{""order_id"": ""ORD_0067349"", ""customer_id"": ""CUST_003912"", ""product_id"": ""PROD_0001"", ""order_date"": ""2024-03-04"", ""quantity"": 0, ""payment_method"": ""PayPal"", ""order_status"": ""Completed""}"
orders,ORD_0067599,INVALID_QUANTITY_ZERO,2026-09-08T16:00:15.302519+00:00,"{""order_id"": ""ORD_0067599"", ""customer_id"": ""CUST_002692"", ""product_id"": ""PROD_0095"", ""order_date"": ""2024-03-06"", ""quantity"": 0, ""payment_method"": ""Credit Card"", ""order_status"": ""Completed""}"
orders,ORD_0067770,INVALID_QUANTITY_ZERO,2026-09-08T16:00:15.302519+00:00,"{""order_id"": ""ORD_0067770"", ""customer_id"": ""CUST_003936"", ""product_id"": ""PROD_0001"", ""order_date"": ""2024-03-07"", ""quantity"": 0, ""payment_method"": ""Credit Card"", ""order_status"": ""Completed""}"
orders,ORD_0068116,INVALID_QUANTITY_ZERO,2026-09-08T16:00:15.302519+00:00,"{""order_id"": ""ORD_0068116"", ""customer_id"": ""CUST_009658"", ""product_id"": ""PROD_0076"", ""order_date"": ""2024-03-09"", ""quantity"": 0, ""payment_method"": ""Apple Pay"", ""order_status"": ""Completed""}"
orders,ORD_0068606,INVALID_QUANTITY_ZERO,2026-09-08T16:00:15.302519+00:00,"{""order_id"": ""ORD_0068606"", ""customer_id"": ""CUST_002811"", ""product_id"": ""PROD_0091"", ""order_date"": ""2024-03-13"", ""quantity"": 0, ""payment_method"": ""Debit Card"", ""order_status"": ""Completed""}"
orders,ORD_0069291,INVALID_QUANTITY_ZERO,2026-09-08T16:00:15.302519+00:00,"{""order_id"": ""ORD_0069291"", ""customer_id"": ""CUST_001792"", ""product_id"": ""PROD_0002"", ""order_date"": ""2024-03-18"", ""quantity"": 0, ""payment_method"": ""Credit Card"", ""order_status"": ""Completed""}"
orders,ORD_0069401,INVALID_QUANTITY_ZERO,2026-09-08T16:00:15.302519+00:00,"{""order_id"": ""ORD_0069401"", ""customer_id"": ""CUST_000408"", ""product_id"": ""PROD_0002"", ""order_date"": ""2024-03-19"", ""quantity"": 0, ""payment_method"": ""PayPal"", ""order_status"": ""Completed""}"
orders,ORD_0070020,INVALID_QUANTITY_ZERO,2026-09-08T16:00:15.302519+00:00,"{""order_id"": ""ORD_0070020"", ""customer_id"": ""CUST_003308"", ""product_id"": ""PROD_0265"", ""order_date"": ""2024-03-23"", ""quantity"": 0, ""payment_method"": ""PayPal"", ""order_status"": ""Completed""}"
orders,ORD_0070750,INVALID_QUANTITY_ZERO,2026-09-08T16:00:15.302519+00:00,"{""order_id"": ""ORD_0070750"", ""customer_id"": ""CUST_001386"", ""product_id"": ""PROD_0191"", ""order_date"": ""2024-03-28"", ""quantity"": 0, ""payment_method"": ""Credit Card"", ""order_status"": ""Completed""}"
orders,ORD_0071144,INVALID_QUANTITY_ZERO,2026-09-08T16:00:15.302519+00:00,"{""order_id"": ""ORD_0071144"", ""customer_id"": ""CUST_009086"", ""product_id"": ""PROD_0413"", ""order_date"": ""2024-03-30"", ""quantity"": 0, ""payment_method"": ""Debit Card"", ""order_status"": ""Completed""}"
orders,ORD_0071180,INVALID_QUANTITY_ZERO,2026-09-08T16:00:15.302519+00:00,"{""order_id"": ""ORD_0071180"", ""customer_id"": ""CUST_001657"", ""product_id"": ""PROD_0333"", ""order_date"": ""2024-03-31"", ""quantity"": 0, ""payment_method"": ""PayPal"", ""order_status"": ""Completed""}"
orders,ORD_0071231,INVALID_QUANTITY_ZERO,2026-09-08T16:00:15.302519+00:00,"{""order_id"": ""ORD_0071231"", ""customer_id"": ""CUST_005862"", ""product_id"": ""PROD_0010"", ""order_date"": ""2024-03-31"", ""quantity"": 0, ""payment_method"": ""Credit Card"", ""order_status"": ""Completed""}"
orders,ORD_0071258,INVALID_QUANTITY_ZERO,2026-09-08T16:00:15.302519+00:00,"{""order_id"": ""ORD_0071258"", ""customer_id"": ""CUST_007532"", ""product_id"": ""PROD_0030"", ""order_date"": ""2024-03-31"", ""quantity"": 0, ""payment_method"": ""Debit Card"", ""order_status"": ""Completed""}"
orders,ORD_0071560,INVALID_QUANTITY_ZERO,2026-09-08T16:00:15.302519+00:00,"{""order_id"": ""ORD_0071560"", ""customer_id"": ""CUST_009350"", ""product_id"": ""PROD_0380"", ""order_date"": ""2024-04-02"", ""quantity"": 0, ""payment_method"": ""PayPal"", ""order_status"": ""Completed""}"
orders,ORD_0071619,INVALID_QUANTITY_ZERO,2026-09-08T16:00:15.302519+00:00,"{""order_id"": ""ORD_0071619"", ""customer_id"": ""CUST_003993"", ""product_id"": ""PROD_0009"", ""order_date"": ""2024-04-03"", ""quantity"": 0, ""payment_method"": ""Credit Card"", ""order_status"": ""Completed""}"
orders,ORD_0071985,INVALID_QUANTITY_ZERO,2026-09-08T16:00:15.302519+00:00,"{""order_id"": ""ORD_0071985"", ""customer_id"": ""CUST_000136"", ""product_id"": ""PROD_0352"", ""order_date"": ""2024-04-06"", ""quantity"": 0, ""payment_method"": ""Credit Card"", ""order_status"": ""Cancelled""}"
orders,ORD_0072257,INVALID_QUANTITY_ZERO,2026-09-08T16:00:15.302519+00:00,"{""order_id"": ""ORD_0072257"", ""customer_id"": ""CUST_003027"", ""product_id"": ""PROD_0463"", ""order_date"": ""2024-04-08"", ""quantity"": 0, ""payment_method"": ""PayPal"", ""order_status"": ""Completed""}"
orders,ORD_0072470,INVALID_QUANTITY_ZERO,2026-09-08T16:00:15.302519+00:00,"{""order_id"": ""ORD_0072470"", ""customer_id"": ""CUST_008715"", ""product_id"": ""PROD_0005"", ""order_date"": ""2024-04-09"", ""quantity"": 0, ""payment_method"": ""Debit Card"", ""order_status"": ""Completed""}"
orders,ORD_0072623,INVALID_QUANTITY_ZERO,2026-09-08T16:00:15.302519+00:00,"{""order_id"": ""ORD_0072623"", ""customer_id"": ""CUST_001015"", ""product_id"": ""PROD_0116"", ""order_date"": ""2024-04-11"", ""quantity"": 0, ""payment_method"": ""Credit Card"", ""order_status"": ""Shipped""}"
orders,ORD_0073106,INVALID_QUANTITY_ZERO,2026-09-08T16:00:15.302519+00:00,"{""order_id"": ""ORD_0073106"", ""customer_id"": ""CUST_000519"", ""product_id"": ""PROD_0001"", ""order_date"": ""2024-04-15"", ""quantity"": 0, ""payment_method"": ""Debit Card"", ""order_status"": ""Completed""}"
orders,ORD_0073132,INVALID_QUANTITY_ZERO,2026-09-08T16:00:15.302519+00:00,"{""order_id"": ""ORD_0073132"", ""customer_id"": ""CUST_001994"", ""product_id"": ""PROD_0101"", ""order_date"": ""2024-04-15"", ""quantity"": 0, ""payment_method"": ""Debit Card"", ""order_status"": ""Completed""}"
orders,ORD_0075307,INVALID_QUANTITY_ZERO,2026-09-08T16:00:15.302519+00:00,"{""order_id"": ""ORD_0075307"", ""customer_id"": ""CUST_001902"", ""product_id"": ""PROD_0002"", ""order_date"": ""2024-05-02"", ""quantity"": 0, ""payment_method"": ""Debit Card"", ""order_status"": ""Cancelled""}"
orders,ORD_0075762,INVALID_QUANTITY_ZERO,2026-09-08T16:00:15.302519+00:00,"{""order_id"": ""ORD_0075762"", ""customer_id"": ""CUST_006204"", ""product_id"": ""PROD_0084"", ""order_date"": ""2024-05-03"", ""quantity"": 0, ""payment_method"": ""Apple Pay"", ""order_status"": ""Completed""}"
orders,ORD_0076246,INVALID_QUANTITY_ZERO,2026-09-08T16:00:15.302519+00:00,"{""order_id"": ""ORD_0076246"", ""customer_id"": ""CUST_000874"", ""product_id"": ""PROD_0116"", ""order_date"": ""2024-05-05"", ""quantity"": 0, ""payment_method"": ""Debit Card"", ""order_status"": ""Completed""}"
orders,ORD_0076409,INVALID_QUANTITY_ZERO,2026-09-08T16:00:15.302519+00:00,"{""order_id"": ""ORD_0076409"", ""customer_id"": ""CUST_006005"", ""product_id"": ""PROD_0001"", ""order_date"": ""2024-05-05"", ""quantity"": 0, ""payment_method"": ""Credit Card"", ""order_status"": ""Shipped""}"
orders,ORD_0076695,INVALID_QUANTITY_ZERO,2026-09-08T16:00:15.302519+00:00,"{""order_id"": ""ORD_0076695"", ""customer_id"": ""CUST_005557"", ""product_id"": ""PROD_0141"", ""order_date"": ""2024-05-06"", ""quantity"": 0, ""payment_method"": ""Credit Card"", ""order_status"": ""Completed""}"
orders,ORD_0077846,INVALID_QUANTITY_ZERO,2026-09-08T16:00:15.302519+00:00,"{""order_id"": ""ORD_0077846"", ""customer_id"": ""CUST_007104"", ""product_id"": ""PROD_0009"", ""order_date"": ""2024-05-09"", ""quantity"": 0, ""payment_method"": ""Credit Card"", ""order_status"": ""Completed""}"
orders,ORD_0078006,INVALID_QUANTITY_ZERO,2026-09-08T16:00:15.302519+00:00,"{""order_id"": ""ORD_0078006"", ""customer_id"": ""CUST_001549"", ""product_id"": ""PROD_0258"", ""order_date"": ""2024-05-10"", ""quantity"": 0, ""payment_method"": ""Credit Card"", ""order_status"": ""Shipped""}"
orders,ORD_0078742,INVALID_QUANTITY_ZERO,2026-09-08T16:00:15.302519+00:00,"{""order_id"": ""ORD_0078742"", ""customer_id"": ""CUST_000535"", ""product_id"": ""PROD_0001"", ""order_date"": ""2024-05-12"", ""quantity"": 0, ""payment_method"": ""Cash on Delivery"", ""order_status"": ""Completed""}"
orders,ORD_0078769,INVALID_QUANTITY_ZERO,2026-09-08T16:00:15.302519+00:00,"{""order_id"": ""ORD_0078769"", ""customer_id"": ""CUST_001055"", ""product_id"": ""PROD_0035"", ""order_date"": ""2024-05-12"", ""quantity"": 0, ""payment_method"": ""PayPal"", ""order_status"": ""Completed""}"
orders,ORD_0079722,INVALID_QUANTITY_ZERO,2026-09-08T16:00:15.302519+00:00,"{""order_id"": ""ORD_0079722"", ""customer_id"": ""CUST_005126"", ""product_id"": ""PROD_0004"", ""order_date"": ""2024-05-14"", ""quantity"": 0, ""payment_method"": ""Credit Card"", ""order_status"": ""Completed""}"
orders,ORD_0080830,INVALID_QUANTITY_ZERO,2026-09-08T16:00:15.302519+00:00,"{""order_id"": ""ORD_0080830"", ""customer_id"": ""CUST_001427"", ""product_id"": ""PROD_0032"", ""order_date"": ""2024-05-17"", ""quantity"": 0, ""payment_method"": ""Credit Card"", ""order_status"": ""Completed""}"
orders,ORD_0082300,INVALID_QUANTITY_ZERO,2026-09-08T16:00:15.302519+00:00,"{""order_id"": ""ORD_0082300"", ""customer_id"": ""CUST_005417"", ""product_id"": ""PROD_0070"", ""order_date"": ""2024-05-20"", ""quantity"": 0, ""payment_method"": ""Credit Card"", ""order_status"": ""Completed""}"
orders,ORD_0082979,INVALID_QUANTITY_ZERO,2026-09-08T16:00:15.302519+00:00,"{""order_id"": ""ORD_0082979"", ""customer_id"": ""CUST_000903"", ""product_id"": ""PROD_0117"", ""order_date"": ""2024-05-22"", ""quantity"": 0, ""payment_method"": ""Credit Card"", ""order_status"": ""Completed""}"
orders,ORD_0083466,INVALID_QUANTITY_ZERO,2026-09-08T16:00:15.302519+00:00,"{""order_id"": ""ORD_0083466"", ""customer_id"": ""CUST_001041"", ""product_id"": ""PROD_0293"", ""order_date"": ""2024-05-23"", ""quantity"": 0, ""payment_method"": ""Credit Card"", ""order_status"": ""Shipped""}"
orders,ORD_0084222,INVALID_QUANTITY_ZERO,2026-09-08T16:00:15.302519+00:00,"{""order_id"": ""ORD_0084222"", ""customer_id"": ""CUST_006441"", ""product_id"": ""PROD_0277"", ""order_date"": ""2024-05-24"", ""quantity"": 0, ""payment_method"": ""Credit Card"", ""order_status"": ""Completed""}"
orders,ORD_0084409,INVALID_QUANTITY_ZERO,2026-09-08T16:00:15.302519+00:00,"{""order_id"": ""ORD_0084409"", ""customer_id"": ""CUST_000449"", ""product_id"": ""PROD_0001"", ""order_date"": ""2024-05-25"", ""quantity"": 0, ""payment_method"": ""PayPal"", ""order_status"": ""Completed""}"
orders,ORD_0085614,INVALID_QUANTITY_ZERO,2026-09-08T16:00:15.302519+00:00,"{""order_id"": ""ORD_0085614"", ""customer_id"": ""CUST_005209"", ""product_id"": ""PROD_0003"", ""order_date"": ""2024-05-27"", ""quantity"": 0, ""payment_method"": ""Cash on Delivery"", ""order_status"": ""Completed""}"
orders,ORD_0085977,INVALID_QUANTITY_ZERO,2026-09-08T16:00:15.302519+00:00,"{""order_id"": ""ORD_0085977"", ""customer_id"": ""CUST_003339"", ""product_id"": ""PROD_0006"", ""order_date"": ""2024-05-28"", ""quantity"": 0, ""payment_method"": ""Credit Card"", ""order_status"": ""Completed""}"
orders,ORD_0087009,INVALID_QUANTITY_ZERO,2026-09-08T16:00:15.302519+00:00,"{""order_id"": ""ORD_0087009"", ""customer_id"": ""CUST_003005"", ""product_id"": ""PROD_0486"", ""order_date"": ""2024-05-30"", ""quantity"": 0, ""payment_method"": ""Cash on Delivery"", ""order_status"": ""Completed""}"
orders,ORD_0087173,INVALID_QUANTITY_ZERO,2026-09-08T16:00:15.302519+00:00,"{""order_id"": ""ORD_0087173"", ""customer_id"": ""CUST_005924"", ""product_id"": ""PROD_0005"", ""order_date"": ""2024-05-30"", ""quantity"": 0, ""payment_method"": ""Apple Pay"", ""order_status"": ""Completed""}"
orders,ORD_0087516,INVALID_QUANTITY_ZERO,2026-09-08T16:00:15.302519+00:00,"{""order_id"": ""ORD_0087516"", ""customer_id"": ""CUST_001729"", ""product_id"": ""PROD_0282"", ""order_date"": ""2024-05-31"", ""quantity"": 0, ""payment_method"": ""Credit Card"", ""order_status"": ""Shipped""}"
orders,ORD_0087867,INVALID_QUANTITY_ZERO,2026-09-08T16:00:15.302519+00:00,"{""order_id"": ""ORD_0087867"", ""customer_id"": ""CUST_007766"", ""product_id"": ""PROD_0017"", ""order_date"": ""2024-05-31"", ""quantity"": 0, ""payment_method"": ""Cash on Delivery"", ""order_status"": ""Shipped""}"
orders,ORD_0088427,INVALID_QUANTITY_ZERO,2026-09-08T16:00:15.302519+00:00,"{""order_id"": ""ORD_0088427"", ""customer_id"": ""CUST_008403"", ""product_id"": ""PROD_0002"", ""order_date"": ""2024-06-01"", ""quantity"": 0, ""payment_method"": ""PayPal"", ""order_status"": ""Completed""}"
orders,ORD_0089429,INVALID_QUANTITY_ZERO,2026-09-08T16:00:15.302519+00:00,"{""order_id"": ""ORD_0089429"", ""customer_id"": ""CUST_006796"", ""product_id"": ""PROD_0154"", ""order_date"": ""2024-06-03"", ""quantity"": 0, ""payment_method"": ""PayPal"", ""order_status"": ""Completed""}"
orders,ORD_0090310,INVALID_QUANTITY_ZERO,2026-09-08T16:00:15.302519+00:00,"{""order_id"": ""ORD_0090310"", ""customer_id"": ""CUST_002476"", ""product_id"": ""PROD_0012"", ""order_date"": ""2024-06-05"", ""quantity"": 0, ""payment_method"": ""Credit Card"", ""order_status"": ""Completed""}"
orders,ORD_0090395,INVALID_QUANTITY_ZERO,2026-09-08T16:00:15.302519+00:00,"{""order_id"": ""ORD_0090395"", ""customer_id"": ""CUST_003937"", ""product_id"": ""PROD_0138"", ""order_date"": ""2024-06-05"", ""quantity"": 0, ""payment_method"": ""Credit Card"", ""order_status"": ""Completed""}"
orders,ORD_0092347,INVALID_QUANTITY_ZERO,2026-09-08T16:00:15.302519+00:00,"{""order_id"": ""ORD_0092347"", ""customer_id"": ""CUST_007898"", ""product_id"": ""PROD_0169"", ""order_date"": ""2024-06-08"", ""quantity"": 0, ""payment_method"": ""PayPal"", ""order_status"": ""Completed""}"
orders,ORD_0092960,INVALID_QUANTITY_ZERO,2026-09-08T16:00:15.302519+00:00,"{""order_id"": ""ORD_0092960"", ""customer_id"": ""CUST_007420"", ""product_id"": ""PROD_0192"", ""order_date"": ""2024-06-09"", ""quantity"": 0, ""payment_method"": ""Debit Card"", ""order_status"": ""Refunded""}"
orders,ORD_0093022,INVALID_QUANTITY_ZERO,2026-09-08T16:00:15.302519+00:00,"{""order_id"": ""ORD_0093022"", ""customer_id"": ""CUST_008479"", ""product_id"": ""PROD_0084"", ""order_date"": ""2024-06-09"", ""quantity"": 0, ""payment_method"": ""Credit Card"", ""order_status"": ""Completed""}"
orders,ORD_0094077,INVALID_QUANTITY_ZERO,2026-09-08T16:00:15.302519+00:00,"{""order_id"": ""ORD_0094077"", ""customer_id"": ""CUST_006204"", ""product_id"": ""PROD_0005"", ""order_date"": ""2024-06-11"", ""quantity"": 0, ""payment_method"": ""Credit Card"", ""order_status"": ""Completed""}"
orders,ORD_0094096,INVALID_QUANTITY_ZERO,2026-09-08T16:00:15.302519+00:00,"{""order_id"": ""ORD_0094096"", ""customer_id"": ""CUST_006498"", ""product_id"": ""PROD_0026"", ""order_date"": ""2024-06-11"", ""quantity"": 0, ""payment_method"": ""Credit Card"", ""order_status"": ""Completed""}"
orders,ORD_0096669,INVALID_QUANTITY_ZERO,2026-09-08T16:00:15.302519+00:00,"{""order_id"": ""ORD_0096669"", ""customer_id"": ""CUST_007910"", ""product_id"": ""PROD_0179"", ""order_date"": ""2024-06-15"", ""quantity"": 0, ""payment_method"": ""Credit Card"", ""order_status"": ""Completed""}"
orders,ORD_0096940,INVALID_QUANTITY_ZERO,2026-09-08T16:00:15.302519+00:00,"{""order_id"": ""ORD_0096940"", ""customer_id"": ""CUST_002038"", ""product_id"": ""PROD_0015"", ""order_date"": ""2024-06-16"", ""quantity"": 0, ""payment_method"": ""Credit Card"", ""order_status"": ""Completed""}"
orders,ORD_0097205,INVALID_QUANTITY_ZERO,2026-09-08T16:00:15.302519+00:00,"{""order_id"": ""ORD_0097205"", ""customer_id"": ""CUST_006073"", ""product_id"": ""PROD_0455"", ""order_date"": ""2024-06-16"", ""quantity"": 0, ""payment_method"": ""PayPal"", ""order_status"": ""Completed""}"
orders,ORD_0097878,INVALID_QUANTITY_ZERO,2026-09-08T16:00:15.302519+00:00,"{""order_id"": ""ORD_0097878"", ""customer_id"": ""CUST_006643"", ""product_id"": ""PROD_0012"", ""order_date"": ""2024-06-17"", ""quantity"": 0, ""payment_method"": ""Credit Card"", ""order_status"": ""Completed""}"
orders,ORD_0098004,INVALID_QUANTITY_ZERO,2026-09-08T16:00:15.302519+00:00,"{""order_id"": ""ORD_0098004"", ""customer_id"": ""CUST_008756"", ""product_id"": ""PROD_0011"", ""order_date"": ""2024-06-17"", ""quantity"": 0, ""payment_method"": ""Credit Card"", ""order_status"": ""Completed""}"
orders,ORD_0098042,INVALID_QUANTITY_ZERO,2026-09-08T16:00:15.302519+00:00,"{""order_id"": ""ORD_0098042"", ""customer_id"": ""CUST_009495"", ""product_id"": ""PROD_0382"", ""order_date"": ""2024-06-17"", ""quantity"": 0, ""payment_method"": ""Credit Card"", ""order_status"": ""Completed""}"
orders,ORD_0099862,INVALID_QUANTITY_ZERO,2026-09-08T16:00:15.302519+00:00,"{""order_id"": ""ORD_0099862"", ""customer_id"": ""CUST_006612"", ""product_id"": ""PROD_0434"", ""order_date"": ""2024-06-20"", ""quantity"": 0, ""payment_method"": ""Apple Pay"", ""order_status"": ""Completed""}"
orders,ORD_0103861,INVALID_QUANTITY_ZERO,2026-09-08T16:00:15.302519+00:00,"{""order_id"": ""ORD_0103861"", ""customer_id"": ""CUST_006411"", ""product_id"": ""PROD_0097"", ""order_date"": ""2024-06-26"", ""quantity"": 0, ""payment_method"": ""Credit Card"", ""order_status"": ""Shipped""}"
orders,ORD_0104298,INVALID_QUANTITY_ZERO,2026-09-08T16:00:15.302519+00:00,"{""order_id"": ""ORD_0104298"", ""customer_id"": ""CUST_003133"", ""product_id"": ""PROD_0010"", ""order_date"": ""2024-06-27"", ""quantity"": 0, ""payment_method"": ""PayPal"", ""order_status"": ""Completed""}"
orders,ORD_0104347,INVALID_QUANTITY_ZERO,2026-09-08T16:00:15.302519+00:00,"{""order_id"": ""ORD_0104347"", ""customer_id"": ""CUST_004019"", ""product_id"": ""PROD_0182"", ""order_date"": ""2024-06-27"", ""quantity"": 0, ""payment_method"": ""PayPal"", ""order_status"": ""Completed""}"
orders,ORD_0104536,INVALID_QUANTITY_ZERO,2026-09-08T16:00:15.302519+00:00,"{""order_id"": ""ORD_0104536"", ""customer_id"": ""CUST_006606"", ""product_id"": ""PROD_0188"", ""order_date"": ""2024-06-27"", ""quantity"": 0, ""payment_method"": ""Debit Card"", ""order_status"": ""Completed""}"
orders,ORD_0104891,INVALID_QUANTITY_ZERO,2026-09-08T16:00:15.302519+00:00,"{""order_id"": ""ORD_0104891"", ""customer_id"": ""CUST_001314"", ""product_id"": ""PROD_0003"", ""order_date"": ""2024-06-28"", ""quantity"": 0, ""payment_method"": ""Credit Card"", ""order_status"": ""Completed""}"
orders,ORD_0105390,INVALID_QUANTITY_ZERO,2026-09-08T16:00:15.302519+00:00,"{""order_id"": ""ORD_0105390"", ""customer_id"": ""CUST_008577"", ""product_id"": ""PROD_0062"", ""order_date"": ""2024-06-28"", ""quantity"": 0, ""payment_method"": ""Cash on Delivery"", ""order_status"": ""Completed""}"
orders,ORD_0106395,INVALID_QUANTITY_ZERO,2026-09-08T16:00:15.302519+00:00,"{""order_id"": ""ORD_0106395"", ""customer_id"": ""CUST_003055"", ""product_id"": ""PROD_0214"", ""order_date"": ""2024-06-30"", ""quantity"": 0, ""payment_method"": ""Credit Card"", ""order_status"": ""Completed""}"
orders,ORD_0000048,ORPHAN_PRODUCT_FOREIGN_KEY,2026-09-08T16:00:15.302519+00:00,"{""order_id"": ""ORD_0000048"", ""customer_id"": ""CUST_004926"", ""product_id"": ""PROD_0155"", ""order_date"": ""2022-01-08"", ""quantity"": 1, ""payment_method"": ""Credit Card"", ""order_status"": ""Completed""}"
orders,ORD_0000049,ORPHAN_PRODUCT_FOREIGN_KEY,2026-09-08T16:00:15.302519+00:00,"{""order_id"": ""ORD_0000049"", ""customer_id"": ""CUST_006013"", ""product_id"": ""PROD_0031"", ""order_date"": ""2022-01-08"", ""quantity"": 1, ""payment_method"": ""PayPal"", ""order_status"": ""Completed""}"
orders,ORD_0000056,ORPHAN_PRODUCT_FOREIGN_KEY,2026-09-08T16:00:15.302519+00:00,"{""order_id"": ""ORD_0000056"", ""customer_id"": ""CUST_002063"", ""product_id"": ""PROD_0101"", ""order_date"": ""2022-01-09"", ""quantity"": 1, ""payment_method"": ""Debit Card"", ""order_status"": ""Cancelled""}"
orders,ORD_0000080,ORPHAN_PRODUCT_FOREIGN_KEY,2026-09-08T16:00:15.302519+00:00,"{""order_id"": ""ORD_0000080"", ""customer_id"": ""CUST_007801"", ""product_id"": ""PROD_0009"", ""order_date"": ""2022-01-11"", ""quantity"": 1, ""payment_method"": ""Credit Card"", ""order_status"": ""Completed""}"
orders,ORD_0000137,ORPHAN_PRODUCT_FOREIGN_KEY,2026-09-08T16:00:15.302519+00:00,"{""order_id"": ""ORD_0000137"", ""customer_id"": ""CUST_002922"", ""product_id"": ""PROD_0031"", ""order_date"": ""2022-01-19"", ""quantity"": 1, ""payment_method"": ""Credit Card"", ""order_status"": ""Completed""}"
orders,ORD_0000143,ORPHAN_PRODUCT_FOREIGN_KEY,2026-09-08T16:00:15.302519+00:00,"{""order_id"": ""ORD_0000143"", ""customer_id"": ""CUST_000188"", ""product_id"": ""PROD_0177"", ""order_date"": ""2022-01-20"", ""quantity"": 3, ""payment_method"": ""Credit Card"", ""order_status"": ""Completed""}"
orders,ORD_0000161,ORPHAN_PRODUCT_FOREIGN_KEY,2026-09-08T16:00:15.302519+00:00,"{""order_id"": ""ORD_0000161"", ""customer_id"": ""CUST_006860"", ""product_id"": ""PROD_0009"", ""order_date"": ""2022-01-21"", ""quantity"": 2, ""payment_method"": ""PayPal"", ""order_status"": ""Completed""}"
orders,ORD_0000171,ORPHAN_PRODUCT_FOREIGN_KEY,2026-09-08T16:00:15.302519+00:00,"{""order_id"": ""ORD_0000171"", ""customer_id"": ""CUST_006013"", ""product_id"": ""PROD_0101"", ""order_date"": ""2022-01-22"", ""quantity"": 4, ""payment_method"": ""Credit Card"", ""order_status"": ""Completed""}"
orders,ORD_0000205,ORPHAN_PRODUCT_FOREIGN_KEY,2026-09-08T16:00:15.302519+00:00,"{""order_id"": ""ORD_0000205"", ""customer_id"": ""CUST_001684"", ""product_id"": ""PROD_0155"", ""order_date"": ""2022-01-25"", ""quantity"": 2, ""payment_method"": ""Credit Card"", ""order_status"": ""Completed""}"
orders,ORD_0000215,ORPHAN_PRODUCT_FOREIGN_KEY,2026-09-08T16:00:15.302519+00:00,"{""order_id"": ""ORD_0000215"", ""customer_id"": ""CUST_009746"", ""product_id"": ""PROD_0101"", ""order_date"": ""2022-01-25"", ""quantity"": 1, ""payment_method"": ""Debit Card"", ""order_status"": ""Completed""}"
orders,ORD_0000242,ORPHAN_PRODUCT_FOREIGN_KEY,2026-09-08T16:00:15.302519+00:00,"{""order_id"": ""ORD_0000242"", ""customer_id"": ""CUST_000364"", ""product_id"": ""PROD_0031"", ""order_date"": ""2022-01-28"", ""quantity"": 3, ""payment_method"": ""Credit Card"", ""order_status"": ""Completed""}"
orders,ORD_0000246,ORPHAN_PRODUCT_FOREIGN_KEY,2026-09-08T16:00:15.302519+00:00,"{""order_id"": ""ORD_0000246"", ""customer_id"": ""CUST_001836"", ""product_id"": ""PROD_0009"", ""order_date"": ""2022-01-28"", ""quantity"": 1, ""payment_method"": ""Credit Card"", ""order_status"": ""Completed""}"
orders,ORD_0000289,ORPHAN_PRODUCT_FOREIGN_KEY,2026-09-08T16:00:15.302519+00:00,"{""order_id"": ""ORD_0000289"", ""customer_id"": ""CUST_007264"", ""product_id"": ""PROD_0101"", ""order_date"": ""2022-01-30"", ""quantity"": 2, ""payment_method"": ""Credit Card"", ""order_status"": ""Completed""}"
orders,ORD_0000366,ORPHAN_PRODUCT_FOREIGN_KEY,2026-09-08T16:00:15.302519+00:00,"{""order_id"": ""ORD_0000366"", ""customer_id"": ""CUST_000035"", ""product_id"": ""PROD_0031"", ""order_date"": ""2022-02-05"", ""quantity"": 1, ""payment_method"": ""Credit Card"", ""order_status"": ""Refunded""}"
orders,ORD_0000431,ORPHAN_PRODUCT_FOREIGN_KEY,2026-09-08T16:00:15.302519+00:00,"{""order_id"": ""ORD_0000431"", ""customer_id"": ""CUST_005148"", ""product_id"": ""PROD_0177"", ""order_date"": ""2022-02-10"", ""quantity"": 1, ""payment_method"": ""Debit Card"", ""order_status"": ""Completed""}"
orders,ORD_0000481,ORPHAN_PRODUCT_FOREIGN_KEY,2026-09-08T16:00:15.302519+00:00,"{""order_id"": ""ORD_0000481"", ""customer_id"": ""CUST_006629"", ""product_id"": ""PROD_0009"", ""order_date"": ""2022-02-13"", ""quantity"": 1, ""payment_method"": ""Apple Pay"", ""order_status"": ""Completed""}"
orders,ORD_0000495,ORPHAN_PRODUCT_FOREIGN_KEY,2026-09-08T16:00:15.302519+00:00,"{""order_id"": ""ORD_0000495"", ""customer_id"": ""CUST_003956"", ""product_id"": ""PROD_0155"", ""order_date"": ""2022-02-14"", ""quantity"": 4, ""payment_method"": ""Credit Card"", ""order_status"": ""Completed""}"
orders,ORD_0000529,ORPHAN_PRODUCT_FOREIGN_KEY,2026-09-08T16:00:15.302519+00:00,"{""order_id"": ""ORD_0000529"", ""customer_id"": ""CUST_006588"", ""product_id"": ""PROD_0155"", ""order_date"": ""2022-02-16"", ""quantity"": 1, ""payment_method"": ""Credit Card"", ""order_status"": ""Completed""}"
orders,ORD_0000552,ORPHAN_PRODUCT_FOREIGN_KEY,2026-09-08T16:00:15.302519+00:00,"{""order_id"": ""ORD_0000552"", ""customer_id"": ""CUST_007270"", ""product_id"": ""PROD_0009"", ""order_date"": ""2022-02-17"", ""quantity"": 1, ""payment_method"": ""Credit Card"", ""order_status"": ""Completed""}"
orders,ORD_0000622,ORPHAN_PRODUCT_FOREIGN_KEY,2026-09-08T16:00:15.302519+00:00,"{""order_id"": ""ORD_0000622"", ""customer_id"": ""CUST_002585"", ""product_id"": ""PROD_0009"", ""order_date"": ""2022-02-22"", ""quantity"": 2, ""payment_method"": ""Credit Card"", ""order_status"": ""Completed""}"
orders,ORD_0000637,ORPHAN_PRODUCT_FOREIGN_KEY,2026-09-08T16:00:15.302519+00:00,"{""order_id"": ""ORD_0000637"", ""customer_id"": ""CUST_001408"", ""product_id"": ""PROD_0031"", ""order_date"": ""2022-02-23"", ""quantity"": 1, ""payment_method"": ""PayPal"", ""order_status"": ""Completed""}"
orders,ORD_0000677,ORPHAN_PRODUCT_FOREIGN_KEY,2026-09-08T16:00:15.302519+00:00,"{""order_id"": ""ORD_0000677"", ""customer_id"": ""CUST_004324"", ""product_id"": ""PROD_0009"", ""order_date"": ""2022-02-25"", ""quantity"": 1, ""payment_method"": ""Credit Card"", ""order_status"": ""Completed""}"
orders,ORD_0000690,ORPHAN_PRODUCT_FOREIGN_KEY,2026-09-08T16:00:15.302519+00:00,"{""order_id"": ""ORD_0000690"", ""customer_id"": ""CUST_009040"", ""product_id"": ""PROD_0009"", ""order_date"": ""2022-02-25"", ""quantity"": 1, ""payment_method"": ""Cash on Delivery"", ""order_status"": ""Completed""}"
orders,ORD_0000721,ORPHAN_PRODUCT_FOREIGN_KEY,2026-09-08T16:00:15.302519+00:00,"{""order_id"": ""ORD_0000721"", ""customer_id"": ""CUST_007843"", ""product_id"": ""PROD_0031"", ""order_date"": ""2022-02-27"", ""quantity"": 1, ""payment_method"": ""Credit Card"", ""order_status"": ""Completed""}"
orders,ORD_0000796,ORPHAN_PRODUCT_FOREIGN_KEY,2026-09-08T16:00:15.302519+00:00,"{""order_id"": ""ORD_0000796"", ""customer_id"": ""CUST_002585"", ""product_id"": ""PROD_0009"", ""order_date"": ""2022-03-03"", ""quantity"": 3, ""payment_method"": ""Credit Card"", ""order_status"": ""Completed""}"
orders,ORD_0000806,ORPHAN_PRODUCT_FOREIGN_KEY,2026-09-08T16:00:15.302519+00:00,"{""order_id"": ""ORD_0000806"", ""customer_id"": ""CUST_007843"", ""product_id"": ""PROD_0155"", ""order_date"": ""2022-03-03"", ""quantity"": 1, ""payment_method"": ""Credit Card"", ""order_status"": ""Shipped""}"
orders,ORD_0000868,ORPHAN_PRODUCT_FOREIGN_KEY,2026-09-08T16:00:15.302519+00:00,"{""order_id"": ""ORD_0000868"", ""customer_id"": ""CUST_007170"", ""product_id"": ""PROD_0009"", ""order_date"": ""2022-03-06"", ""quantity"": 1, ""payment_method"": ""Apple Pay"", ""order_status"": ""Completed""}"
orders,ORD_0000893,ORPHAN_PRODUCT_FOREIGN_KEY,2026-09-08T16:00:15.302519+00:00,"{""order_id"": ""ORD_0000893"", ""customer_id"": ""CUST_007456"", ""product_id"": ""PROD_0009"", ""order_date"": ""2022-03-07"", ""quantity"": 1, ""payment_method"": ""PayPal"", ""order_status"": ""Completed""}"
orders,ORD_0001022,ORPHAN_PRODUCT_FOREIGN_KEY,2026-09-08T16:00:15.302519+00:00,"{""order_id"": ""ORD_0001022"", ""customer_id"": ""CUST_001814"", ""product_id"": ""PROD_0009"", ""order_date"": ""2022-03-13"", ""quantity"": 1, ""payment_method"": ""Debit Card"", ""order_status"": ""Cancelled""}"
orders,ORD_0001059,ORPHAN_PRODUCT_FOREIGN_KEY,2026-09-08T16:00:15.302519+00:00,"{""order_id"": ""ORD_0001059"", ""customer_id"": ""CUST_004236"", ""product_id"": ""PROD_0009"", ""order_date"": ""2022-03-14"", ""quantity"": 2, ""payment_method"": ""Debit Card"", ""order_status"": ""Cancelled""}"
orders,ORD_0001074,ORPHAN_PRODUCT_FOREIGN_KEY,2026-09-08T16:00:15.302519+00:00,"{""order_id"": ""ORD_0001074"", ""customer_id"": ""CUST_000188"", ""product_id"": ""PROD_0101"", ""order_date"": ""2022-03-15"", ""quantity"": 1, ""payment_method"": ""Credit Card"", ""order_status"": ""Completed""}"
orders,ORD_0001114,ORPHAN_PRODUCT_FOREIGN_KEY,2026-09-08T16:00:15.302519+00:00,"{""order_id"": ""ORD_0001114"", ""customer_id"": ""CUST_004291"", ""product_id"": ""PROD_0009"", ""order_date"": ""2022-03-17"", ""quantity"": 2, ""payment_method"": ""Debit Card"", ""order_status"": ""Completed""}"
orders,ORD_0001255,ORPHAN_PRODUCT_FOREIGN_KEY,2026-09-08T16:00:15.302519+00:00,"{""order_id"": ""ORD_0001255"", ""customer_id"": ""CUST_005965"", ""product_id"": ""PROD_0485"", ""order_date"": ""2022-03-23"", ""quantity"": 3, ""payment_method"": ""Credit Card"", ""order_status"": ""Completed""}"
orders,ORD_0001270,ORPHAN_PRODUCT_FOREIGN_KEY,2026-09-08T16:00:15.302519+00:00,"{""order_id"": ""ORD_0001270"", ""customer_id"": ""CUST_002201"", ""product_id"": ""PROD_0009"", ""order_date"": ""2022-03-24"", ""quantity"": 4, ""payment_method"": ""Credit Card"", ""order_status"": ""Completed""}"
orders,ORD_0001281,ORPHAN_PRODUCT_FOREIGN_KEY,2026-09-08T16:00:15.302519+00:00,"{""order_id"": ""ORD_0001281"", ""customer_id"": ""CUST_007270"", ""product_id"": ""PROD_0009"", ""order_date"": ""2022-03-24"", ""quantity"": 1, ""payment_method"": ""Credit Card"", ""order_status"": ""Completed""}"
orders,ORD_0001285,ORPHAN_PRODUCT_FOREIGN_KEY,2026-09-08T16:00:15.302519+00:00,"{""order_id"": ""ORD_0001285"", ""customer_id"": ""CUST_008860"", ""product_id"": ""PROD_0031"", ""order_date"": ""2022-03-24"", ""quantity"": 3, ""payment_method"": ""Credit Card"", ""order_status"": ""Completed""}"
orders,ORD_0001298,ORPHAN_PRODUCT_FOREIGN_KEY,2026-09-08T16:00:15.302519+00:00,"{""order_id"": ""ORD_0001298"", ""customer_id"": ""CUST_001450"", ""product_id"": ""PROD_0009"", ""order_date"": ""2022-03-25"", ""quantity"": 1, ""payment_method"": ""PayPal"", ""order_status"": ""Completed""}"
orders,ORD_0001309,ORPHAN_PRODUCT_FOREIGN_KEY,2026-09-08T16:00:15.302519+00:00,"{""order_id"": ""ORD_0001309"", ""customer_id"": ""CUST_004677"", ""product_id"": ""PROD_0031"", ""order_date"": ""2022-03-25"", ""quantity"": 1, ""payment_method"": ""Debit Card"", ""order_status"": ""Completed""}"
orders,ORD_0001317,ORPHAN_PRODUCT_FOREIGN_KEY,2026-09-08T16:00:15.302519+00:00,"{""order_id"": ""ORD_0001317"", ""customer_id"": ""CUST_000112"", ""product_id"": ""PROD_0009"", ""order_date"": ""2022-03-26"", ""quantity"": 1, ""payment_method"": ""PayPal"", ""order_status"": ""Completed""}"
orders,ORD_0001336,ORPHAN_PRODUCT_FOREIGN_KEY,2026-09-08T16:00:15.302519+00:00,"{""order_id"": ""ORD_0001336"", ""customer_id"": ""CUST_009158"", ""product_id"": ""PROD_0009"", ""order_date"": ""2022-03-26"", ""quantity"": 3, ""payment_method"": ""PayPal"", ""order_status"": ""Completed""}"
orders,ORD_0001366,ORPHAN_PRODUCT_FOREIGN_KEY,2026-09-08T16:00:15.302519+00:00,"{""order_id"": ""ORD_0001366"", ""customer_id"": ""CUST_008867"", ""product_id"": ""PROD_0177"", ""order_date"": ""2022-03-27"", ""quantity"": 1, ""payment_method"": ""Cash on Delivery"", ""order_status"": ""Refunded""}"
orders,ORD_0001466,ORPHAN_PRODUCT_FOREIGN_KEY,2026-09-08T16:00:15.302519+00:00,"{""order_id"": ""ORD_0001466"", ""customer_id"": ""CUST_006854"", ""product_id"": ""PROD_0009"", ""order_date"": ""2022-03-31"", ""quantity"": 1, ""payment_method"": ""Credit Card"", ""order_status"": ""Completed""}"
orders,ORD_0001491,ORPHAN_PRODUCT_FOREIGN_KEY,2026-09-08T16:00:15.302519+00:00,"{""order_id"": ""ORD_0001491"", ""customer_id"": ""CUST_005869"", ""product_id"": ""PROD_0155"", ""order_date"": ""2022-04-01"", ""quantity"": 1, ""payment_method"": ""Apple Pay"", ""order_status"": ""Completed""}"
orders,ORD_0001540,ORPHAN_PRODUCT_FOREIGN_KEY,2026-09-08T16:00:15.302519+00:00,"{""order_id"": ""ORD_0001540"", ""customer_id"": ""CUST_001611"", ""product_id"": ""PROD_0009"", ""order_date"": ""2022-04-03"", ""quantity"": 2, ""payment_method"": ""Credit Card"", ""order_status"": ""Completed""}"
orders,ORD_0001572,ORPHAN_PRODUCT_FOREIGN_KEY,2026-09-08T16:00:15.302519+00:00,"{""order_id"": ""ORD_0001572"", ""customer_id"": ""CUST_004883"", ""product_id"": ""PROD_0101"", ""order_date"": ""2022-04-04"", ""quantity"": 1, ""payment_method"": ""Apple Pay"", ""order_status"": ""Completed""}"
orders,ORD_0001643,ORPHAN_PRODUCT_FOREIGN_KEY,2026-09-08T16:00:15.302519+00:00,"{""order_id"": ""ORD_0001643"", ""customer_id"": ""CUST_000128"", ""product_id"": ""PROD_0009"", ""order_date"": ""2022-04-07"", ""quantity"": 2, ""payment_method"": ""Credit Card"", ""order_status"": ""Completed""}"
orders,ORD_0001658,ORPHAN_PRODUCT_FOREIGN_KEY,2026-09-08T16:00:15.302519+00:00,"{""order_id"": ""ORD_0001658"", ""customer_id"": ""CUST_005912"", ""product_id"": ""PROD_0031"", ""order_date"": ""2022-04-07"", ""quantity"": 2, ""payment_method"": ""Credit Card"", ""order_status"": ""Completed""}"
orders,ORD_0001663,ORPHAN_PRODUCT_FOREIGN_KEY,2026-09-08T16:00:15.302519+00:00,"{""order_id"": ""ORD_0001663"", ""customer_id"": ""CUST_008411"", ""product_id"": ""PROD_0155"", ""order_date"": ""2022-04-07"", ""quantity"": 1, ""payment_method"": ""PayPal"", ""order_status"": ""Completed""}"
orders,ORD_0001748,ORPHAN_PRODUCT_FOREIGN_KEY,2026-09-08T16:00:15.302519+00:00,"{""order_id"": ""ORD_0001748"", ""customer_id"": ""CUST_000515"", ""product_id"": ""PROD_0291"", ""order_date"": ""2022-04-11"", ""quantity"": 2, ""payment_method"": ""Debit Card"", ""order_status"": ""Completed""}"
orders,ORD_0001771,ORPHAN_PRODUCT_FOREIGN_KEY,2026-09-08T16:00:15.302519+00:00,"{""order_id"": ""ORD_0001771"", ""customer_id"": ""CUST_002615"", ""product_id"": ""PROD_0485"", ""order_date"": ""2022-04-12"", ""quantity"": 1, ""payment_method"": ""Credit Card"", ""order_status"": ""Completed""}"
orders,ORD_0001788,ORPHAN_PRODUCT_FOREIGN_KEY,2026-09-08T16:00:15.302519+00:00,"{""order_id"": ""ORD_0001788"", ""customer_id"": ""CUST_008876"", ""product_id"": ""PROD_0009"", ""order_date"": ""2022-04-12"", ""quantity"": 4, ""payment_method"": ""Credit Card"", ""order_status"": ""Refunded""}"
orders,ORD_0001897,ORPHAN_PRODUCT_FOREIGN_KEY,2026-09-08T16:00:15.302519+00:00,"{""order_id"": ""ORD_0001897"", ""customer_id"": ""CUST_005984"", ""product_id"": ""PROD_0009"", ""order_date"": ""2022-04-16"", ""quantity"": 2, ""payment_method"": ""Apple Pay"", ""order_status"": ""Completed""}"
orders,ORD_0001908,ORPHAN_PRODUCT_FOREIGN_KEY,2026-09-08T16:00:15.302519+00:00,"{""order_id"": ""ORD_0001908"", ""customer_id"": ""CUST_007435"", ""product_id"": ""PROD_0031"", ""order_date"": ""2022-04-16"", ""quantity"": 3, ""payment_method"": ""Credit Card"", ""order_status"": ""Completed""}"
orders,ORD_0001916,ORPHAN_PRODUCT_FOREIGN_KEY,2026-09-08T16:00:15.302519+00:00,"{""order_id"": ""ORD_0001916"", ""customer_id"": ""CUST_009797"", ""product_id"": ""PROD_0485"", ""order_date"": ""2022-04-16"", ""quantity"": 2, ""payment_method"": ""Credit Card"", ""order_status"": ""Completed""}"
orders,ORD_0001917,ORPHAN_PRODUCT_FOREIGN_KEY,2026-09-08T16:00:15.302519+00:00,"{""order_id"": ""ORD_0001917"", ""customer_id"": ""CUST_009845"", ""product_id"": ""PROD_0009"", ""order_date"": ""2022-04-16"", ""quantity"": 1, ""payment_method"": ""Credit Card"", ""order_status"": ""Completed""}"
orders,ORD_0001925,ORPHAN_PRODUCT_FOREIGN_KEY,2026-09-08T16:00:15.302519+00:00,"{""order_id"": ""ORD_0001925"", ""customer_id"": ""CUST_003010"", ""product_id"": ""PROD_0031"", ""order_date"": ""2022-04-17"", ""quantity"": 3, ""payment_method"": ""Credit Card"", ""order_status"": ""Completed""}"
orders,ORD_0002002,ORPHAN_PRODUCT_FOREIGN_KEY,2026-09-08T16:00:15.302519+00:00,"{""order_id"": ""ORD_0002002"", ""customer_id"": ""CUST_003234"", ""product_id"": ""PROD_0009"", ""order_date"": ""2022-04-19"", ""quantity"": 1, ""payment_method"": ""Credit Card"", ""order_status"": ""Completed""}"
orders,ORD_0002007,ORPHAN_PRODUCT_FOREIGN_KEY,2026-09-08T16:00:15.302519+00:00,"{""order_id"": ""ORD_0002007"", ""customer_id"": ""CUST_004256"", ""product_id"": ""PROD_0009"", ""order_date"": ""2022-04-19"", ""quantity"": 1, ""payment_method"": ""PayPal"", ""order_status"": ""Completed""}"
orders,ORD_0002111,ORPHAN_PRODUCT_FOREIGN_KEY,2026-09-08T16:00:15.302519+00:00,"{""order_id"": ""ORD_0002111"", ""customer_id"": ""CUST_004237"", ""product_id"": ""PROD_0155"", ""order_date"": ""2022-04-23"", ""quantity"": 1, ""payment_method"": ""Credit Card"", ""order_status"": ""Completed""}"
orders,ORD_0002132,ORPHAN_PRODUCT_FOREIGN_KEY,2026-09-08T16:00:15.302519+00:00,"{""order_id"": ""ORD_0002132"", ""customer_id"": ""CUST_009575"", ""product_id"": ""PROD_0009"", ""order_date"": ""2022-04-23"", ""quantity"": 2, ""payment_method"": ""Apple Pay"", ""order_status"": ""Completed""}"
orders,ORD_0002150,ORPHAN_PRODUCT_FOREIGN_KEY,2026-09-08T16:00:15.302519+00:00,"{""order_id"": ""ORD_0002150"", ""customer_id"": ""CUST_004143"", ""product_id"": ""PROD_0101"", ""order_date"": ""2022-04-24"", ""quantity"": 2, ""payment_method"": ""PayPal"", ""order_status"": ""Completed""}"
orders,ORD_0002170,ORPHAN_PRODUCT_FOREIGN_KEY,2026-09-08T16:00:15.302519+00:00,"{""order_id"": ""ORD_0002170"", ""customer_id"": ""CUST_000125"", ""product_id"": ""PROD_0101"", ""order_date"": ""2022-04-25"", ""quantity"": 1, ""payment_method"": ""Credit Card"", ""order_status"": ""Completed""}"
orders,ORD_0002188,ORPHAN_PRODUCT_FOREIGN_KEY,2026-09-08T16:00:15.302519+00:00,"{""order_id"": ""ORD_0002188"", ""customer_id"": ""CUST_005641"", ""product_id"": ""PROD_0009"", ""order_date"": ""2022-04-25"", ""quantity"": 1, ""payment_method"": ""PayPal"", ""order_status"": ""Completed""}"
orders,ORD_0002199,ORPHAN_PRODUCT_FOREIGN_KEY,2026-09-08T16:00:15.302519+00:00,"{""order_id"": ""ORD_0002199"", ""customer_id"": ""CUST_009582"", ""product_id"": ""PROD_0155"", ""order_date"": ""2022-04-25"", ""quantity"": 1, ""payment_method"": ""Credit Card"", ""order_status"": ""Completed""}"
orders,ORD_0002209,ORPHAN_PRODUCT_FOREIGN_KEY,2026-09-08T16:00:15.302519+00:00,"{""order_id"": ""ORD_0002209"", ""customer_id"": ""CUST_002312"", ""product_id"": ""PROD_0009"", ""order_date"": ""2022-04-26"", ""quantity"": 1, ""payment_method"": ""Cash on Delivery"", ""order_status"": ""Completed""}"
orders,ORD_0002276,ORPHAN_PRODUCT_FOREIGN_KEY,2026-09-08T16:00:15.302519+00:00,"{""order_id"": ""ORD_0002276"", ""customer_id"": ""CUST_003234"", ""product_id"": ""PROD_0101"", ""order_date"": ""2022-04-28"", ""quantity"": 1, ""payment_method"": ""Credit Card"", ""order_status"": ""Completed""}"
orders,ORD_0002365,ORPHAN_PRODUCT_FOREIGN_KEY,2026-09-08T16:00:15.302519+00:00,"{""order_id"": ""ORD_0002365"", ""customer_id"": ""CUST_002459"", ""product_id"": ""PROD_0031"", ""order_date"": ""2022-05-01"", ""quantity"": 1, ""payment_method"": ""Credit Card"", ""order_status"": ""Completed""}"
orders,ORD_0002370,ORPHAN_PRODUCT_FOREIGN_KEY,2026-09-08T16:00:15.302519+00:00,"{""order_id"": ""ORD_0002370"", ""customer_id"": ""CUST_005177"", ""product_id"": ""PROD_0155"", ""order_date"": ""2022-05-01"", ""quantity"": 1, ""payment_method"": ""Credit Card"", ""order_status"": ""Completed""}"
orders,ORD_0002379,ORPHAN_PRODUCT_FOREIGN_KEY,2026-09-08T16:00:15.302519+00:00,"{""order_id"": ""ORD_0002379"", ""customer_id"": ""CUST_009519"", ""product_id"": ""PROD_0031"", ""order_date"": ""2022-05-01"", ""quantity"": 1, ""payment_method"": ""Credit Card"", ""order_status"": ""Completed""}"
orders,ORD_0002507,ORPHAN_PRODUCT_FOREIGN_KEY,2026-09-08T16:00:15.302519+00:00,"{""order_id"": ""ORD_0002507"", ""customer_id"": ""CUST_003142"", ""product_id"": ""PROD_0009"", ""order_date"": ""2022-05-05"", ""quantity"": 2, ""payment_method"": ""PayPal"", ""order_status"": ""Completed""}"
orders,ORD_0002635,ORPHAN_PRODUCT_FOREIGN_KEY,2026-09-08T16:00:15.302519+00:00,"{""order_id"": ""ORD_0002635"", ""customer_id"": ""CUST_000921"", ""product_id"": ""PROD_0009"", ""order_date"": ""2022-05-09"", ""quantity"": 1, ""payment_method"": ""PayPal"", ""order_status"": ""Completed""}"
orders,ORD_0002663,ORPHAN_PRODUCT_FOREIGN_KEY,2026-09-08T16:00:15.302519+00:00,"{""order_id"": ""ORD_0002663"", ""customer_id"": ""CUST_007453"", ""product_id"": ""PROD_0031"", ""order_date"": ""2022-05-09"", ""quantity"": 1, ""payment_method"": ""Credit Card"", ""order_status"": ""Completed""}"
orders,ORD_0002744,ORPHAN_PRODUCT_FOREIGN_KEY,2026-09-08T16:00:15.302519+00:00,"{""order_id"": ""ORD_0002744"", ""customer_id"": ""CUST_000706"", ""product_id"": ""PROD_0009"", ""order_date"": ""2022-05-12"", ""quantity"": 1, ""payment_method"": ""Credit Card"", ""order_status"": ""Completed""}"
orders,ORD_0002782,ORPHAN_PRODUCT_FOREIGN_KEY,2026-09-08T16:00:15.302519+00:00,"{""order_id"": ""ORD_0002782"", ""customer_id"": ""CUST_009754"", ""product_id"": ""PROD_0031"", ""order_date"": ""2022-05-12"", ""quantity"": 1, ""payment_method"": ""Apple Pay"", ""order_status"": ""Completed""}"
orders,ORD_0002791,ORPHAN_PRODUCT_FOREIGN_KEY,2026-09-08T16:00:15.302519+00:00,"{""order_id"": ""ORD_0002791"", ""customer_id"": ""CUST_001488"", ""product_id"": ""PROD_0009"", ""order_date"": ""2022-05-13"", ""quantity"": 1, ""payment_method"": ""Cash on Delivery"", ""order_status"": ""Completed""}"
orders,ORD_0002797,ORPHAN_PRODUCT_FOREIGN_KEY,2026-09-08T16:00:15.302519+00:00,"{""order_id"": ""ORD_0002797"", ""customer_id"": ""CUST_002346"", ""product_id"": ""PROD_0009"", ""order_date"": ""2022-05-13"", ""quantity"": 2, ""payment_method"": ""Credit Card"", ""order_status"": ""Completed""}"
orders,ORD_0002809,ORPHAN_PRODUCT_FOREIGN_KEY,2026-09-08T16:00:15.302519+00:00,"{""order_id"": ""ORD_0002809"", ""customer_id"": ""CUST_005424"", ""product_id"": ""PROD_0031"", ""order_date"": ""2022-05-13"", ""quantity"": 1, ""payment_method"": ""PayPal"", ""order_status"": ""Completed""}"
orders,ORD_0002823,ORPHAN_PRODUCT_FOREIGN_KEY,2026-09-08T16:00:15.302519+00:00,"{""order_id"": ""ORD_0002823"", ""customer_id"": ""CUST_009871"", ""product_id"": ""PROD_0009"", ""order_date"": ""2022-05-13"", ""quantity"": 1, ""payment_method"": ""Debit Card"", ""order_status"": ""Completed""}"
orders,ORD_0002846,ORPHAN_PRODUCT_FOREIGN_KEY,2026-09-08T16:00:15.302519+00:00,"{""order_id"": ""ORD_0002846"", ""customer_id"": ""CUST_004417"", ""product_id"": ""PROD_0031"", ""order_date"": ""2022-05-14"", ""quantity"": 1, ""payment_method"": ""PayPal"", ""order_status"": ""Completed""}"
orders,ORD_0002854,ORPHAN_PRODUCT_FOREIGN_KEY,2026-09-08T16:00:15.302519+00:00,"{""order_id"": ""ORD_0002854"", ""customer_id"": ""CUST_006787"", ""product_id"": ""PROD_0155"", ""order_date"": ""2022-05-14"", ""quantity"": 1, ""payment_method"": ""Debit Card"", ""order_status"": ""Completed""}"
orders,ORD_0002950,ORPHAN_PRODUCT_FOREIGN_KEY,2026-09-08T16:00:15.302519+00:00,"{""order_id"": ""ORD_0002950"", ""customer_id"": ""CUST_006280"", ""product_id"": ""PROD_0101"", ""order_date"": ""2022-05-17"", ""quantity"": 2, ""payment_method"": ""Credit Card"", ""order_status"": ""Completed""}"
orders,ORD_0002962,ORPHAN_PRODUCT_FOREIGN_KEY,2026-09-08T16:00:15.302519+00:00,"{""order_id"": ""ORD_0002962"", ""customer_id"": ""CUST_008731"", ""product_id"": ""PROD_0009"", ""order_date"": ""2022-05-17"", ""quantity"": 2, ""payment_method"": ""PayPal"", ""order_status"": ""Completed""}"
orders,ORD_0003042,ORPHAN_PRODUCT_FOREIGN_KEY,2026-09-08T16:00:15.302519+00:00,"{""order_id"": ""ORD_0003042"", ""customer_id"": ""CUST_004562"", ""product_id"": ""PROD_0009"", ""order_date"": ""2022-05-20"", ""quantity"": 2, ""payment_method"": ""Credit Card"", ""order_status"": ""Completed""}"
orders,ORD_0003077,ORPHAN_PRODUCT_FOREIGN_KEY,2026-09-08T16:00:15.302519+00:00,"{""order_id"": ""ORD_0003077"", ""customer_id"": ""CUST_005537"", ""product_id"": ""PROD_0009"", ""order_date"": ""2022-05-21"", ""quantity"": 1, ""payment_method"": ""Credit Card"", ""order_status"": ""Completed""}"
orders,ORD_0003094,ORPHAN_PRODUCT_FOREIGN_KEY,2026-09-08T16:00:15.302519+00:00,"{""order_id"": ""ORD_0003094"", ""customer_id"": ""CUST_000180"", ""product_id"": ""PROD_0009"", ""order_date"": ""2022-05-22"", ""quantity"": 1, ""payment_method"": ""Credit Card"", ""order_status"": ""Completed""}"
orders,ORD_0003140,ORPHAN_PRODUCT_FOREIGN_KEY,2026-09-08T16:00:15.302519+00:00,"{""order_id"": ""ORD_0003140"", ""customer_id"": ""CUST_003890"", ""product_id"": ""PROD_0031"", ""order_date"": ""2022-05-23"", ""quantity"": 1, ""payment_method"": ""Cash on Delivery"", ""order_status"": ""Completed""}"
orders,ORD_0003151,ORPHAN_PRODUCT_FOREIGN_KEY,2026-09-08T16:00:15.302519+00:00,"{""order_id"": ""ORD_0003151"", ""customer_id"": ""CUST_005947"", ""product_id"": ""PROD_0009"", ""order_date"": ""2022-05-23"", ""quantity"": 1, ""payment_method"": ""Debit Card"", ""order_status"": ""Completed""}"
orders,ORD_0003188,ORPHAN_PRODUCT_FOREIGN_KEY,2026-09-08T16:00:15.302519+00:00,"{""order_id"": ""ORD_0003188"", ""customer_id"": ""CUST_006102"", ""product_id"": ""PROD_0031"", ""order_date"": ""2022-05-24"", ""quantity"": 1, ""payment_method"": ""Debit Card"", ""order_status"": ""Completed""}"
orders,ORD_0003202,ORPHAN_PRODUCT_FOREIGN_KEY,2026-09-08T16:00:15.302519+00:00,"{""order_id"": ""ORD_0003202"", ""customer_id"": ""CUST_000635"", ""product_id"": ""PROD_0009"", ""order_date"": ""2022-05-25"", ""quantity"": 3, ""payment_method"": ""Credit Card"", ""order_status"": ""Completed""}"
orders,ORD_0003234,ORPHAN_PRODUCT_FOREIGN_KEY,2026-09-08T16:00:15.302519+00:00,"{""order_id"": ""ORD_0003234"", ""customer_id"": ""CUST_008643"", ""product_id"": ""PROD_0009"", ""order_date"": ""2022-05-25"", ""quantity"": 1, ""payment_method"": ""Credit Card"", ""order_status"": ""Cancelled""}"
orders,ORD_0003303,ORPHAN_PRODUCT_FOREIGN_KEY,2026-09-08T16:00:15.302519+00:00,"{""order_id"": ""ORD_0003303"", ""customer_id"": ""CUST_004422"", ""product_id"": ""PROD_0009"", ""order_date"": ""2022-05-27"", ""quantity"": 1, ""payment_method"": ""Credit Card"", ""order_status"": ""Completed""}"
orders,ORD_0003314,ORPHAN_PRODUCT_FOREIGN_KEY,2026-09-08T16:00:15.302519+00:00,"{""order_id"": ""ORD_0003314"", ""customer_id"": ""CUST_006956"", ""product_id"": ""PROD_0319"", ""order_date"": ""2022-05-27"", ""quantity"": 1, ""payment_method"": ""Credit Card"", ""order_status"": ""Completed""}"
orders,ORD_0003370,ORPHAN_PRODUCT_FOREIGN_KEY,2026-09-08T16:00:15.302519+00:00,"{""order_id"": ""ORD_0003370"", ""customer_id"": ""CUST_005059"", ""product_id"": ""PROD_0009"", ""order_date"": ""2022-05-29"", ""quantity"": 1, ""payment_method"": ""Credit Card"", ""order_status"": ""Completed""}"
orders,ORD_0003386,ORPHAN_PRODUCT_FOREIGN_KEY,2026-09-08T16:00:15.302519+00:00,"{""order_id"": ""ORD_0003386"", ""customer_id"": ""CUST_008355"", ""product_id"": ""PROD_0009"", ""order_date"": ""2022-05-29"", ""quantity"": 1, ""payment_method"": ""Credit Card"", ""order_status"": ""Cancelled""}"
orders,ORD_0003451,ORPHAN_PRODUCT_FOREIGN_KEY,2026-09-08T16:00:15.302519+00:00,"{""order_id"": ""ORD_0003451"", ""customer_id"": ""CUST_005679"", ""product_id"": ""PROD_0101"", ""order_date"": ""2022-05-31"", ""quantity"": 1, ""payment_method"": ""Debit Card"", ""order_status"": ""Shipped""}"
orders,ORD_0003646,ORPHAN_PRODUCT_FOREIGN_KEY,2026-09-08T16:00:15.302519+00:00,"{""order_id"": ""ORD_0003646"", ""customer_id"": ""CUST_005855"", ""product_id"": ""PROD_0009"", ""order_date"": ""2022-06-05"", ""quantity"": 1, ""payment_method"": ""Credit Card"", ""order_status"": ""Completed""}"
orders,ORD_0003679,ORPHAN_PRODUCT_FOREIGN_KEY,2026-09-08T16:00:15.302519+00:00,"{""order_id"": ""ORD_0003679"", ""customer_id"": ""CUST_004645"", ""product_id"": ""PROD_0009"", ""order_date"": ""2022-06-06"", ""quantity"": 1, ""payment_method"": ""Credit Card"", ""order_status"": ""Completed""}"
orders,ORD_0003700,ORPHAN_PRODUCT_FOREIGN_KEY,2026-09-08T16:00:15.302519+00:00,"{""order_id"": ""ORD_0003700"", ""customer_id"": ""CUST_000128"", ""product_id"": ""PROD_0291"", ""order_date"": ""2022-06-07"", ""quantity"": 1, ""payment_method"": ""Credit Card"", ""order_status"": ""Completed""}"
orders,ORD_0003723,ORPHAN_PRODUCT_FOREIGN_KEY,2026-09-08T16:00:15.302519+00:00,"{""order_id"": ""ORD_0003723"", ""customer_id"": ""CUST_005826"", ""product_id"": ""PROD_0009"", ""order_date"": ""2022-06-07"", ""quantity"": 2, ""payment_method"": ""Cash on Delivery"", ""order_status"": ""Completed""}"
orders,ORD_0003748,ORPHAN_PRODUCT_FOREIGN_KEY,2026-09-08T16:00:15.302519+00:00,"{""order_id"": ""ORD_0003748"", ""customer_id"": ""CUST_000983"", ""product_id"": ""PROD_0009"", ""order_date"": ""2022-06-08"", ""quantity"": 1, ""payment_method"": ""Debit Card"", ""order_status"": ""Completed""}"
orders,ORD_0003842,ORPHAN_PRODUCT_FOREIGN_KEY,2026-09-08T16:00:15.302519+00:00,"{""order_id"": ""ORD_0003842"", ""customer_id"": ""CUST_003742"", ""product_id"": ""PROD_0009"", ""order_date"": ""2022-06-10"", ""quantity"": 2, ""payment_method"": ""Credit Card"", ""order_status"": ""Completed""}"
orders,ORD_0003852,ORPHAN_PRODUCT_FOREIGN_KEY,2026-09-08T16:00:15.302519+00:00,"{""order_id"": ""ORD_0003852"", ""customer_id"": ""CUST_005148"", ""product_id"": ""PROD_0031"", ""order_date"": ""2022-06-10"", ""quantity"": 3, ""payment_method"": ""PayPal"", ""order_status"": ""Completed""}"
orders,ORD_0003871,ORPHAN_PRODUCT_FOREIGN_KEY,2026-09-08T16:00:15.302519+00:00,"{""order_id"": ""ORD_0003871"", ""customer_id"": ""CUST_009388"", ""product_id"": ""PROD_0009"", ""order_date"": ""2022-06-10"", ""quantity"": 1, ""payment_method"": ""Credit Card"", ""order_status"": ""Completed""}"
orders,ORD_0003893,ORPHAN_PRODUCT_FOREIGN_KEY,2026-09-08T16:00:15.302519+00:00,"{""order_id"": ""ORD_0003893"", ""customer_id"": ""CUST_004658"", ""product_id"": ""PROD_0009"", ""order_date"": ""2022-06-11"", ""quantity"": 1, ""payment_method"": ""PayPal"", ""order_status"": ""Completed""}"
orders,ORD_0003917,ORPHAN_PRODUCT_FOREIGN_KEY,2026-09-08T16:00:15.302519+00:00,"{""order_id"": ""ORD_0003917"", ""customer_id"": ""CUST_009082"", ""product_id"": ""PROD_0009"", ""order_date"": ""2022-06-11"", ""quantity"": 3, ""payment_method"": ""Debit Card"", ""order_status"": ""Refunded""}"
orders,ORD_0003965,ORPHAN_PRODUCT_FOREIGN_KEY,2026-09-08T16:00:15.302519+00:00,"{""order_id"": ""ORD_0003965"", ""customer_id"": ""CUST_000254"", ""product_id"": ""PROD_0009"", ""order_date"": ""2022-06-13"", ""quantity"": 1, ""payment_method"": ""Cash on Delivery"", ""order_status"": ""Completed""}"
orders,ORD_0003998,ORPHAN_PRODUCT_FOREIGN_KEY,2026-09-08T16:00:15.302519+00:00,"{""order_id"": ""ORD_0003998"", ""customer_id"": ""CUST_009290"", ""product_id"": ""PROD_0009"", ""order_date"": ""2022-06-13"", ""quantity"": 1, ""payment_method"": ""Debit Card"", ""order_status"": ""Completed""}"
orders,ORD_0004061,ORPHAN_PRODUCT_FOREIGN_KEY,2026-09-08T16:00:15.302519+00:00,"{""order_id"": ""ORD_0004061"", ""customer_id"": ""CUST_003823"", ""product_id"": ""PROD_0009"", ""order_date"": ""2022-06-15"", ""quantity"": 3, ""payment_method"": ""Credit Card"", ""order_status"": ""Completed""}"
orders,ORD_0004096,ORPHAN_PRODUCT_FOREIGN_KEY,2026-09-08T16:00:15.302519+00:00,"{""order_id"": ""ORD_0004096"", ""customer_id"": ""CUST_000455"", ""product_id"": ""PROD_0031"", ""order_date"": ""2022-06-16"", ""quantity"": 1, ""payment_method"": ""Apple Pay"", ""order_status"": ""Completed""}"
orders,ORD_0004127,ORPHAN_PRODUCT_FOREIGN_KEY,2026-09-08T16:00:15.302519+00:00,"{""order_id"": ""ORD_0004127"", ""customer_id"": ""CUST_006004"", ""product_id"": ""PROD_0009"", ""order_date"": ""2022-06-16"", ""quantity"": 1, ""payment_method"": ""Credit Card"", ""order_status"": ""Completed""}"
orders,ORD_0004133,ORPHAN_PRODUCT_FOREIGN_KEY,2026-09-08T16:00:15.302519+00:00,"{""order_id"": ""ORD_0004133"", ""customer_id"": ""CUST_007223"", ""product_id"": ""PROD_0031"", ""order_date"": ""2022-06-16"", ""quantity"": 2, ""payment_method"": ""PayPal"", ""order_status"": ""Completed""}"
orders,ORD_0004145,ORPHAN_PRODUCT_FOREIGN_KEY,2026-09-08T16:00:15.302519+00:00,"{""order_id"": ""ORD_0004145"", ""customer_id"": ""CUST_000264"", ""product_id"": ""PROD_0031"", ""order_date"": ""2022-06-17"", ""quantity"": 1, ""payment_method"": ""PayPal"", ""order_status"": ""Completed""}"
orders,ORD_0004159,ORPHAN_PRODUCT_FOREIGN_KEY,2026-09-08T16:00:15.302519+00:00,"{""order_id"": ""ORD_0004159"", ""customer_id"": ""CUST_002294"", ""product_id"": ""PROD_0009"", ""order_date"": ""2022-06-17"", ""quantity"": 4, ""payment_method"": ""PayPal"", ""order_status"": ""Completed""}"
orders,ORD_0004191,ORPHAN_PRODUCT_FOREIGN_KEY,2026-09-08T16:00:15.302519+00:00,"{""order_id"": ""ORD_0004191"", ""customer_id"": ""CUST_000553"", ""product_id"": ""PROD_0009"", ""order_date"": ""2022-06-18"", ""quantity"": 3, ""payment_method"": ""Credit Card"", ""order_status"": ""Completed""}"
orders,ORD_0004250,ORPHAN_PRODUCT_FOREIGN_KEY,2026-09-08T16:00:15.302519+00:00,"{""order_id"": ""ORD_0004250"", ""customer_id"": ""CUST_006545"", ""product_id"": ""PROD_0177"", ""order_date"": ""2022-06-19"", ""quantity"": 3, ""payment_method"": ""Credit Card"", ""order_status"": ""Completed""}"
orders,ORD_0004275,ORPHAN_PRODUCT_FOREIGN_KEY,2026-09-08T16:00:15.302519+00:00,"{""order_id"": ""ORD_0004275"", ""customer_id"": ""CUST_002189"", ""product_id"": ""PROD_0101"", ""order_date"": ""2022-06-20"", ""quantity"": 6, ""payment_method"": ""Credit Card"", ""order_status"": ""Refunded""}"
orders,ORD_0004277,ORPHAN_PRODUCT_FOREIGN_KEY,2026-09-08T16:00:15.302519+00:00,"{""order_id"": ""ORD_0004277"", ""customer_id"": ""CUST_002458"", ""product_id"": ""PROD_0009"", ""order_date"": ""2022-06-20"", ""quantity"": 1, ""payment_method"": ""Credit Card"", ""order_status"": ""Completed""}"
orders,ORD_0004310,ORPHAN_PRODUCT_FOREIGN_KEY,2026-09-08T16:00:15.302519+00:00,"{""order_id"": ""ORD_0004310"", ""customer_id"": ""CUST_009793"", ""product_id"": ""PROD_0101"", ""order_date"": ""2022-06-20"", ""quantity"": 1, ""payment_method"": ""Credit Card"", ""order_status"": ""Completed""}"
orders,ORD_0004339,ORPHAN_PRODUCT_FOREIGN_KEY,2026-09-08T16:00:15.302519+00:00,"{""order_id"": ""ORD_0004339"", ""customer_id"": ""CUST_005016"", ""product_id"": ""PROD_0155"", ""order_date"": ""2022-06-21"", ""quantity"": 2, ""payment_method"": ""Apple Pay"", ""order_status"": ""Completed""}"
orders,ORD_0004399,ORPHAN_PRODUCT_FOREIGN_KEY,2026-09-08T16:00:15.302519+00:00,"{""order_id"": ""ORD_0004399"", ""customer_id"": ""CUST_001028"", ""product_id"": ""PROD_0009"", ""order_date"": ""2022-06-23"", ""quantity"": 7, ""payment_method"": ""Debit Card"", ""order_status"": ""Completed""}"
orders,ORD_0004439,ORPHAN_PRODUCT_FOREIGN_KEY,2026-09-08T16:00:15.302519+00:00,"{""order_id"": ""ORD_0004439"", ""customer_id"": ""CUST_002084"", ""product_id"": ""PROD_0009"", ""order_date"": ""2022-06-24"", ""quantity"": 1, ""payment_method"": ""Debit Card"", ""order_status"": ""Completed""}"
orders,ORD_0004458,ORPHAN_PRODUCT_FOREIGN_KEY,2026-09-08T16:00:15.302519+00:00,"{""order_id"": ""ORD_0004458"", ""customer_id"": ""CUST_006385"", ""product_id"": ""PROD_0485"", ""order_date"": ""2022-06-24"", ""quantity"": 1, ""payment_method"": ""Debit Card"", ""order_status"": ""Completed""}"
orders,ORD_0004615,ORPHAN_PRODUCT_FOREIGN_KEY,2026-09-08T16:00:15.302519+00:00,"{""order_id"": ""ORD_0004615"", ""customer_id"": ""CUST_008051"", ""product_id"": ""PROD_0009"", ""order_date"": ""2022-06-27"", ""quantity"": 1, ""payment_method"": ""Cash on Delivery"", ""order_status"": ""Completed""}"
orders,ORD_0004637,ORPHAN_PRODUCT_FOREIGN_KEY,2026-09-08T16:00:15.302519+00:00,"{""order_id"": ""ORD_0004637"", ""customer_id"": ""CUST_002714"", ""product_id"": ""PROD_0101"", ""order_date"": ""2022-06-28"", ""quantity"": 2, ""payment_method"": ""Cash on Delivery"", ""order_status"": ""Cancelled""}"
orders,ORD_0004645,ORPHAN_PRODUCT_FOREIGN_KEY,2026-09-08T16:00:15.302519+00:00,"{""order_id"": ""ORD_0004645"", ""customer_id"": ""CUST_004635"", ""product_id"": ""PROD_0101"", ""order_date"": ""2022-06-28"", ""quantity"": 5, ""payment_method"": ""PayPal"", ""order_status"": ""Completed""}"
orders,ORD_0004687,ORPHAN_PRODUCT_FOREIGN_KEY,2026-09-08T16:00:15.302519+00:00,"{""order_id"": ""ORD_0004687"", ""customer_id"": ""CUST_001766"", ""product_id"": ""PROD_0031"", ""order_date"": ""2022-06-29"", ""quantity"": 1, ""payment_method"": ""Apple Pay"", ""order_status"": ""Completed""}"
orders,ORD_0004692,ORPHAN_PRODUCT_FOREIGN_KEY,2026-09-08T16:00:15.302519+00:00,"{""order_id"": ""ORD_0004692"", ""customer_id"": ""CUST_002873"", ""product_id"": ""PROD_0177"", ""order_date"": ""2022-06-29"", ""quantity"": 1, ""payment_method"": ""Debit Card"", ""order_status"": ""Completed""}"
orders,ORD_0004694,ORPHAN_PRODUCT_FOREIGN_KEY,2026-09-08T16:00:15.302519+00:00,"{""order_id"": ""ORD_0004694"", ""customer_id"": ""CUST_003255"", ""product_id"": ""PROD_0101"", ""order_date"": ""2022-06-29"", ""quantity"": 1, ""payment_method"": ""Credit Card"", ""order_status"": ""Completed""}"
orders,ORD_0004698,ORPHAN_PRODUCT_FOREIGN_KEY,2026-09-08T16:00:15.302519+00:00,"{""order_id"": ""ORD_0004698"", ""customer_id"": ""CUST_003868"", ""product_id"": ""PROD_0009"", ""order_date"": ""2022-06-29"", ""quantity"": 1, ""payment_method"": ""PayPal"", ""order_status"": ""Completed""}"
orders,ORD_0004737,ORPHAN_PRODUCT_FOREIGN_KEY,2026-09-08T16:00:15.302519+00:00,"{""order_id"": ""ORD_0004737"", ""customer_id"": ""CUST_000988"", ""product_id"": ""PROD_0009"", ""order_date"": ""2022-06-30"", ""quantity"": 4, ""payment_method"": ""PayPal"", ""order_status"": ""Completed""}"
orders,ORD_0004738,ORPHAN_PRODUCT_FOREIGN_KEY,2026-09-08T16:00:15.302519+00:00,"{""order_id"": ""ORD_0004738"", ""customer_id"": ""CUST_001004"", ""product_id"": ""PROD_0291"", ""order_date"": ""2022-06-30"", ""quantity"": 1, ""payment_method"": ""Credit Card"", ""order_status"": ""Completed""}"
orders,ORD_0004788,ORPHAN_PRODUCT_FOREIGN_KEY,2026-09-08T16:00:15.302519+00:00,"{""order_id"": ""ORD_0004788"", ""customer_id"": ""CUST_000474"", ""product_id"": ""PROD_0101"", ""order_date"": ""2022-07-01"", ""quantity"": 2, ""payment_method"": ""Cash on Delivery"", ""order_status"": ""Completed""}"
orders,ORD_0004879,ORPHAN_PRODUCT_FOREIGN_KEY,2026-09-08T16:00:15.302519+00:00,"{""order_id"": ""ORD_0004879"", ""customer_id"": ""CUST_007647"", ""product_id"": ""PROD_0009"", ""order_date"": ""2022-07-02"", ""quantity"": 1, ""payment_method"": ""Debit Card"", ""order_status"": ""Completed""}"
orders,ORD_0004957,ORPHAN_PRODUCT_FOREIGN_KEY,2026-09-08T16:00:15.302519+00:00,"{""order_id"": ""ORD_0004957"", ""customer_id"": ""CUST_004279"", ""product_id"": ""PROD_0009"", ""order_date"": ""2022-07-04"", ""quantity"": 1, ""payment_method"": ""Credit Card"", ""order_status"": ""Completed""}"
orders,ORD_0005009,ORPHAN_PRODUCT_FOREIGN_KEY,2026-09-08T16:00:15.302519+00:00,"{""order_id"": ""ORD_0005009"", ""customer_id"": ""CUST_004778"", ""product_id"": ""PROD_0009"", ""order_date"": ""2022-07-05"", ""quantity"": 3, ""payment_method"": ""PayPal"", ""order_status"": ""Completed""}"
orders,ORD_0005021,ORPHAN_PRODUCT_FOREIGN_KEY,2026-09-08T16:00:15.302519+00:00,"{""order_id"": ""ORD_0005021"", ""customer_id"": ""CUST_007435"", ""product_id"": ""PROD_0009"", ""order_date"": ""2022-07-05"", ""quantity"": 1, ""payment_method"": ""PayPal"", ""order_status"": ""Completed""}"
orders,ORD_0005058,ORPHAN_PRODUCT_FOREIGN_KEY,2026-09-08T16:00:15.302519+00:00,"{""order_id"": ""ORD_0005058"", ""customer_id"": ""CUST_005346"", ""product_id"": ""PROD_0009"", ""order_date"": ""2022-07-06"", ""quantity"": 2, ""payment_method"": ""Debit Card"", ""order_status"": ""Completed""}"
orders,ORD_0005235,ORPHAN_PRODUCT_FOREIGN_KEY,2026-09-08T16:00:15.302519+00:00,"{""order_id"": ""ORD_0005235"", ""customer_id"": ""CUST_001973"", ""product_id"": ""PROD_0009"", ""order_date"": ""2022-07-10"", ""quantity"": 4, ""payment_method"": ""Credit Card"", ""order_status"": ""Completed""}"
orders,ORD_0005266,ORPHAN_PRODUCT_FOREIGN_KEY,2026-09-08T16:00:15.302519+00:00,"{""order_id"": ""ORD_0005266"", ""customer_id"": ""CUST_005923"", ""product_id"": ""PROD_0101"", ""order_date"": ""2022-07-10"", ""quantity"": 1, ""payment_method"": ""Credit Card"", ""order_status"": ""Completed""}"
orders,ORD_0005268,ORPHAN_PRODUCT_FOREIGN_KEY,2026-09-08T16:00:15.302519+00:00,"{""order_id"": ""ORD_0005268"", ""customer_id"": ""CUST_006534"", ""product_id"": ""PROD_0009"", ""order_date"": ""2022-07-10"", ""quantity"": 1, ""payment_method"": ""Credit Card"", ""order_status"": ""Completed""}"
orders,ORD_0005273,ORPHAN_PRODUCT_FOREIGN_KEY,2026-09-08T16:00:15.302519+00:00,"{""order_id"": ""ORD_0005273"", ""customer_id"": ""CUST_007389"", ""product_id"": ""PROD_0485"", ""order_date"": ""2022-07-10"", ""quantity"": 1, ""payment_method"": ""PayPal"", ""order_status"": ""Completed""}"
orders,ORD_0005279,ORPHAN_PRODUCT_FOREIGN_KEY,2026-09-08T16:00:15.302519+00:00,"{""order_id"": ""ORD_0005279"", ""customer_id"": ""CUST_009650"", ""product_id"": ""PROD_0101"", ""order_date"": ""2022-07-10"", ""quantity"": 1, ""payment_method"": ""Debit Card"", ""order_status"": ""Completed""}"
orders,ORD_0005305,ORPHAN_PRODUCT_FOREIGN_KEY,2026-09-08T16:00:15.302519+00:00,"{""order_id"": ""ORD_0005305"", ""customer_id"": ""CUST_003860"", ""product_id"": ""PROD_0009"", ""order_date"": ""2022-07-11"", ""quantity"": 1, ""payment_method"": ""PayPal"", ""order_status"": ""Refunded""}"
orders,ORD_0005374,ORPHAN_PRODUCT_FOREIGN_KEY,2026-09-08T16:00:15.302519+00:00,"{""order_id"": ""ORD_0005374"", ""customer_id"": ""CUST_004676"", ""product_id"": ""PROD_0009"", ""order_date"": ""2022-07-12"", ""quantity"": 2, ""payment_method"": ""Cash on Delivery"", ""order_status"": ""Completed""}"
orders,ORD_0005414,ORPHAN_PRODUCT_FOREIGN_KEY,2026-09-08T16:00:15.302519+00:00,"{""order_id"": ""ORD_0005414"", ""customer_id"": ""CUST_000220"", ""product_id"": ""PROD_0009"", ""order_date"": ""2022-07-13"", ""quantity"": 1, ""payment_method"": ""PayPal"", ""order_status"": ""Completed""}"
orders,ORD_0005455,ORPHAN_PRODUCT_FOREIGN_KEY,2026-09-08T16:00:15.302519+00:00,"{""order_id"": ""ORD_0005455"", ""customer_id"": ""CUST_007801"", ""product_id"": ""PROD_0031"", ""order_date"": ""2022-07-13"", ""quantity"": 1, ""payment_method"": ""Debit Card"", ""order_status"": ""Completed""}"
orders,ORD_0005456,ORPHAN_PRODUCT_FOREIGN_KEY,2026-09-08T16:00:15.302519+00:00,"{""order_id"": ""ORD_0005456"", ""customer_id"": ""CUST_007930"", ""product_id"": ""PROD_0009"", ""order_date"": ""2022-07-13"", ""quantity"": 3, ""payment_method"": ""Credit Card"", ""order_status"": ""Refunded""}"
orders,ORD_0005567,ORPHAN_PRODUCT_FOREIGN_KEY,2026-09-08T16:00:15.302519+00:00,"{""order_id"": ""ORD_0005567"", ""customer_id"": ""CUST_007750"", ""product_id"": ""PROD_0031"", ""order_date"": ""2022-07-15"", ""quantity"": 1, ""payment_method"": ""Debit Card"", ""order_status"": ""Completed""}"
orders,ORD_0005578,ORPHAN_PRODUCT_FOREIGN_KEY,2026-09-08T16:00:15.302519+00:00,"{""order_id"": ""ORD_0005578"", ""customer_id"": ""CUST_000803"", ""product_id"": ""PROD_0009"", ""order_date"": ""2022-07-16"", ""quantity"": 1, ""payment_method"": ""Debit Card"", ""order_status"": ""Completed""}"
orders,ORD_0005597,ORPHAN_PRODUCT_FOREIGN_KEY,2026-09-08T16:00:15.302519+00:00,"{""order_id"": ""ORD_0005597"", ""customer_id"": ""CUST_005735"", ""product_id"": ""PROD_0009"", ""order_date"": ""2022-07-16"", ""quantity"": 1, ""payment_method"": ""Apple Pay"", ""order_status"": ""Completed""}"
orders,ORD_0005629,ORPHAN_PRODUCT_FOREIGN_KEY,2026-09-08T16:00:15.302519+00:00,"{""order_id"": ""ORD_0005629"", ""customer_id"": ""CUST_009989"", ""product_id"": ""PROD_0009"", ""order_date"": ""2022-07-16"", ""quantity"": 1, ""payment_method"": ""PayPal"", ""order_status"": ""Completed""}"
orders,ORD_0005631,ORPHAN_PRODUCT_FOREIGN_KEY,2026-09-08T16:00:15.302519+00:00,"{""order_id"": ""ORD_0005631"", ""customer_id"": ""CUST_000254"", ""product_id"": ""PROD_0031"", ""order_date"": ""2022-07-17"", ""quantity"": 1, ""payment_method"": ""PayPal"", ""order_status"": ""Completed""}"
orders,ORD_0005662,ORPHAN_PRODUCT_FOREIGN_KEY,2026-09-08T16:00:15.302519+00:00,"{""order_id"": ""ORD_0005662"", ""customer_id"": ""CUST_004568"", ""product_id"": ""PROD_0291"", ""order_date"": ""2022-07-17"", ""quantity"": 3, ""payment_method"": ""PayPal"", ""order_status"": ""Completed""}"
orders,ORD_0005677,ORPHAN_PRODUCT_FOREIGN_KEY,2026-09-08T16:00:15.302519+00:00,"{""order_id"": ""ORD_0005677"", ""customer_id"": ""CUST_006867"", ""product_id"": ""PROD_0009"", ""order_date"": ""2022-07-17"", ""quantity"": 1, ""payment_method"": ""Debit Card"", ""order_status"": ""Completed""}"
orders,ORD_0005742,ORPHAN_PRODUCT_FOREIGN_KEY,2026-09-08T16:00:15.302519+00:00,"{""order_id"": ""ORD_0005742"", ""customer_id"": ""CUST_007634"", ""product_id"": ""PROD_0009"", ""order_date"": ""2022-07-18"", ""quantity"": 4, ""payment_method"": ""Credit Card"", ""order_status"": ""Completed""}"
orders,ORD_0005810,ORPHAN_PRODUCT_FOREIGN_KEY,2026-09-08T16:00:15.302519+00:00,"{""order_id"": ""ORD_0005810"", ""customer_id"": ""CUST_003267"", ""product_id"": ""PROD_0009"", ""order_date"": ""2022-07-20"", ""quantity"": 1, ""payment_method"": ""Credit Card"", ""order_status"": ""Completed""}"
orders,ORD_0005843,ORPHAN_PRODUCT_FOREIGN_KEY,2026-09-08T16:00:15.302519+00:00,"{""order_id"": ""ORD_0005843"", ""customer_id"": ""CUST_009879"", ""product_id"": ""PROD_0009"", ""order_date"": ""2022-07-20"", ""quantity"": 2, ""payment_method"": ""Credit Card"", ""order_status"": ""Completed""}"
orders,ORD_0005861,ORPHAN_PRODUCT_FOREIGN_KEY,2026-09-08T16:00:15.302519+00:00,"{""order_id"": ""ORD_0005861"", ""customer_id"": ""CUST_002814"", ""product_id"": ""PROD_0319"", ""order_date"": ""2022-07-21"", ""quantity"": 4, ""payment_method"": ""Credit Card"", ""order_status"": ""Completed""}"
orders,ORD_0005896,ORPHAN_PRODUCT_FOREIGN_KEY,2026-09-08T16:00:15.302519+00:00,"{""order_id"": ""ORD_0005896"", ""customer_id"": ""CUST_009408"", ""product_id"": ""PROD_0155"", ""order_date"": ""2022-07-21"", ""quantity"": 7, ""payment_method"": ""Credit Card"", ""order_status"": ""Completed""}"
orders,ORD_0005932,ORPHAN_PRODUCT_FOREIGN_KEY,2026-09-08T16:00:15.302519+00:00,"{""order_id"": ""ORD_0005932"", ""customer_id"": ""CUST_005675"", ""product_id"": ""PROD_0031"", ""order_date"": ""2022-07-22"", ""quantity"": 1, ""payment_method"": ""Credit Card"", ""order_status"": ""Completed""}"
orders,ORD_0005946,ORPHAN_PRODUCT_FOREIGN_KEY,2026-09-08T16:00:15.302519+00:00,"{""order_id"": ""ORD_0005946"", ""customer_id"": ""CUST_000175"", ""product_id"": ""PROD_0101"", ""order_date"": ""2022-07-23"", ""quantity"": 1, ""payment_method"": ""Credit Card"", ""order_status"": ""Completed""}"
orders,ORD_0005966,ORPHAN_PRODUCT_FOREIGN_KEY,2026-09-08T16:00:15.302519+00:00,"{""order_id"": ""ORD_0005966"", ""customer_id"": ""CUST_003281"", ""product_id"": ""PROD_0031"", ""order_date"": ""2022-07-23"", ""quantity"": 1, ""payment_method"": ""Credit Card"", ""order_status"": ""Completed""}"
orders,ORD_0006047,ORPHAN_PRODUCT_FOREIGN_KEY,2026-09-08T16:00:15.302519+00:00,"{""order_id"": ""ORD_0006047"", ""customer_id"": ""CUST_008693"", ""product_id"": ""PROD_0031"", ""order_date"": ""2022-07-24"", ""quantity"": 1, ""payment_method"": ""Apple Pay"", ""order_status"": ""Completed""}"
orders,ORD_0006080,ORPHAN_PRODUCT_FOREIGN_KEY,2026-09-08T16:00:15.302519+00:00,"{""order_id"": ""ORD_0006080"", ""customer_id"": ""CUST_005700"", ""product_id"": ""PROD_0031"", ""order_date"": ""2022-07-25"", ""quantity"": 1, ""payment_method"": ""PayPal"", ""order_status"": ""Shipped""}"
orders,ORD_0006082,ORPHAN_PRODUCT_FOREIGN_KEY,2026-09-08T16:00:15.302519+00:00,"{""order_id"": ""ORD_0006082"", ""customer_id"": ""CUST_006205"", ""product_id"": ""PROD_0009"", ""order_date"": ""2022-07-25"", ""quantity"": 1, ""payment_method"": ""PayPal"", ""order_status"": ""Completed""}"
orders,ORD_0006092,ORPHAN_PRODUCT_FOREIGN_KEY,2026-09-08T16:00:15.302519+00:00,"{""order_id"": ""ORD_0006092"", ""customer_id"": ""CUST_007964"", ""product_id"": ""PROD_0031"", ""order_date"": ""2022-07-25"", ""quantity"": 2, ""payment_method"": ""Debit Card"", ""order_status"": ""Completed""}"
orders,ORD_0006151,ORPHAN_PRODUCT_FOREIGN_KEY,2026-09-08T16:00:15.302519+00:00,"{""order_id"": ""ORD_0006151"", ""customer_id"": ""CUST_001519"", ""product_id"": ""PROD_0009"", ""order_date"": ""2022-07-27"", ""quantity"": 1, ""payment_method"": ""Credit Card"", ""order_status"": ""Completed""}"
orders,ORD_0006192,ORPHAN_PRODUCT_FOREIGN_KEY,2026-09-08T16:00:15.302519+00:00,"{""order_id"": ""ORD_0006192"", ""customer_id"": ""CUST_008141"", ""product_id"": ""PROD_0009"", ""order_date"": ""2022-07-27"", ""quantity"": 1, ""payment_method"": ""PayPal"", ""order_status"": ""Completed""}"
orders,ORD_0006284,ORPHAN_PRODUCT_FOREIGN_KEY,2026-09-08T16:00:15.302519+00:00,"{""order_id"": ""ORD_0006284"", ""customer_id"": ""CUST_005572"", ""product_id"": ""PROD_0177"", ""order_date"": ""2022-07-29"", ""quantity"": 1, ""payment_method"": ""PayPal"", ""order_status"": ""Shipped""}"
orders,ORD_0006289,ORPHAN_PRODUCT_FOREIGN_KEY,2026-09-08T16:00:15.302519+00:00,"{""order_id"": ""ORD_0006289"", ""customer_id"": ""CUST_006565"", ""product_id"": ""PROD_0009"", ""order_date"": ""2022-07-29"", ""quantity"": 1, ""payment_method"": ""Cash on Delivery"", ""order_status"": ""Completed""}"
orders,ORD_0006380,ORPHAN_PRODUCT_FOREIGN_KEY,2026-09-08T16:00:15.302519+00:00,"{""order_id"": ""ORD_0006380"", ""customer_id"": ""CUST_002056"", ""product_id"": ""PROD_0031"", ""order_date"": ""2022-07-31"", ""quantity"": 1, ""payment_method"": ""Credit Card"", ""order_status"": ""Completed""}"
orders,ORD_0006382,ORPHAN_PRODUCT_FOREIGN_KEY,2026-09-08T16:00:15.302519+00:00,"{""order_id"": ""ORD_0006382"", ""customer_id"": ""CUST_003155"", ""product_id"": ""PROD_0009"", ""order_date"": ""2022-07-31"", ""quantity"": 1, ""payment_method"": ""Credit Card"", ""order_status"": ""Refunded""}"
orders,ORD_0006402,ORPHAN_PRODUCT_FOREIGN_KEY,2026-09-08T16:00:15.302519+00:00,"{""order_id"": ""ORD_0006402"", ""customer_id"": ""CUST_006596"", ""product_id"": ""PROD_0031"", ""order_date"": ""2022-07-31"", ""quantity"": 3, ""payment_method"": ""Credit Card"", ""order_status"": ""Completed""}"
orders,ORD_0006406,ORPHAN_PRODUCT_FOREIGN_KEY,2026-09-08T16:00:15.302519+00:00,"{""order_id"": ""ORD_0006406"", ""customer_id"": ""CUST_008083"", ""product_id"": ""PROD_0319"", ""order_date"": ""2022-07-31"", ""quantity"": 2, ""payment_method"": ""Credit Card"", ""order_status"": ""Completed""}"
orders,ORD_0006492,ORPHAN_PRODUCT_FOREIGN_KEY,2026-09-08T16:00:15.302519+00:00,"{""order_id"": ""ORD_0006492"", ""customer_id"": ""CUST_005072"", ""product_id"": ""PROD_0155"", ""order_date"": ""2022-08-02"", ""quantity"": 1, ""payment_method"": ""Credit Card"", ""order_status"": ""Completed""}"
orders,ORD_0006560,ORPHAN_PRODUCT_FOREIGN_KEY,2026-09-08T16:00:15.302519+00:00,"{""order_id"": ""ORD_0006560"", ""customer_id"": ""CUST_008686"", ""product_id"": ""PROD_0009"", ""order_date"": ""2022-08-03"", ""quantity"": 2, ""payment_method"": ""PayPal"", ""order_status"": ""Shipped""}"
orders,ORD_0006564,ORPHAN_PRODUCT_FOREIGN_KEY,2026-09-08T16:00:15.302519+00:00,"{""order_id"": ""ORD_0006564"", ""customer_id"": ""CUST_009070"", ""product_id"": ""PROD_0031"", ""order_date"": ""2022-08-03"", ""quantity"": 1, ""payment_method"": ""Credit Card"", ""order_status"": ""Completed""}"
orders,ORD_0006583,ORPHAN_PRODUCT_FOREIGN_KEY,2026-09-08T16:00:15.302519+00:00,"{""order_id"": ""ORD_0006583"", ""customer_id"": ""CUST_002922"", ""product_id"": ""PROD_0485"", ""order_date"": ""2022-08-04"", ""quantity"": 1, ""payment_method"": ""Credit Card"", ""order_status"": ""Completed""}"
orders,ORD_0006668,ORPHAN_PRODUCT_FOREIGN_KEY,2026-09-08T16:00:15.302519+00:00,"{""order_id"": ""ORD_0006668"", ""customer_id"": ""CUST_009767"", ""product_id"": ""PROD_0009"", ""order_date"": ""2022-08-05"", ""quantity"": 1, ""payment_method"": ""PayPal"", ""order_status"": ""Cancelled""}"
orders,ORD_0006721,ORPHAN_PRODUCT_FOREIGN_KEY,2026-09-08T16:00:15.302519+00:00,"{""order_id"": ""ORD_0006721"", ""customer_id"": ""CUST_007459"", ""product_id"": ""PROD_0009"", ""order_date"": ""2022-08-06"", ""quantity"": 1, ""payment_method"": ""Debit Card"", ""order_status"": ""Completed""}"
orders,ORD_0006817,ORPHAN_PRODUCT_FOREIGN_KEY,2026-09-08T16:00:15.302519+00:00,"{""order_id"": ""ORD_0006817"", ""customer_id"": ""CUST_004856"", ""product_id"": ""PROD_0009"", ""order_date"": ""2022-08-08"", ""quantity"": 1, ""payment_method"": ""Cash on Delivery"", ""order_status"": ""Completed""}"
orders,ORD_0006818,ORPHAN_PRODUCT_FOREIGN_KEY,2026-09-08T16:00:15.302519+00:00,"{""order_id"": ""ORD_0006818"", ""customer_id"": ""CUST_004965"", ""product_id"": ""PROD_0155"", ""order_date"": ""2022-08-08"", ""quantity"": 2, ""payment_method"": ""Apple Pay"", ""order_status"": ""Completed""}"
orders,ORD_0006883,ORPHAN_PRODUCT_FOREIGN_KEY,2026-09-08T16:00:15.302519+00:00,"{""order_id"": ""ORD_0006883"", ""customer_id"": ""CUST_006385"", ""product_id"": ""PROD_0009"", ""order_date"": ""2022-08-09"", ""quantity"": 3, ""payment_method"": ""Debit Card"", ""order_status"": ""Completed""}"
orders,ORD_0006920,ORPHAN_PRODUCT_FOREIGN_KEY,2026-09-08T16:00:15.302519+00:00,"{""order_id"": ""ORD_0006920"", ""customer_id"": ""CUST_004256"", ""product_id"": ""PROD_0009"", ""order_date"": ""2022-08-10"", ""quantity"": 1, ""payment_method"": ""Credit Card"", ""order_status"": ""Completed""}"
orders,ORD_0006950,ORPHAN_PRODUCT_FOREIGN_KEY,2026-09-08T16:00:15.302519+00:00,"{""order_id"": ""ORD_0006950"", ""customer_id"": ""CUST_009690"", ""product_id"": ""PROD_0031"", ""order_date"": ""2022-08-10"", ""quantity"": 1, ""payment_method"": ""Credit Card"", ""order_status"": ""Completed""}"
orders,ORD_0006977,ORPHAN_PRODUCT_FOREIGN_KEY,2026-09-08T16:00:15.302519+00:00,"{""order_id"": ""ORD_0006977"", ""customer_id"": ""CUST_004159"", ""product_id"": ""PROD_0155"", ""order_date"": ""2022-08-11"", ""quantity"": 1, ""payment_method"": ""PayPal"", ""order_status"": ""Completed""}"
orders,ORD_0006992,ORPHAN_PRODUCT_FOREIGN_KEY,2026-09-08T16:00:15.302519+00:00,"{""order_id"": ""ORD_0006992"", ""customer_id"": ""CUST_008645"", ""product_id"": ""PROD_0031"", ""order_date"": ""2022-08-11"", ""quantity"": 3, ""payment_method"": ""Credit Card"", ""order_status"": ""Completed""}"
orders,ORD_0007049,ORPHAN_PRODUCT_FOREIGN_KEY,2026-09-08T16:00:15.302519+00:00,"{""order_id"": ""ORD_0007049"", ""customer_id"": ""CUST_008481"", ""product_id"": ""PROD_0009"", ""order_date"": ""2022-08-12"", ""quantity"": 2, ""payment_method"": ""Debit Card"", ""order_status"": ""Completed""}"
orders,ORD_0007073,ORPHAN_PRODUCT_FOREIGN_KEY,2026-09-08T16:00:15.302519+00:00,"{""order_id"": ""ORD_0007073"", ""customer_id"": ""CUST_003410"", ""product_id"": ""PROD_0009"", ""order_date"": ""2022-08-13"", ""quantity"": 1, ""payment_method"": ""Credit Card"", ""order_status"": ""Completed""}"
orders,ORD_0007081,ORPHAN_PRODUCT_FOREIGN_KEY,2026-09-08T16:00:15.302519+00:00,"{""order_id"": ""ORD_0007081"", ""customer_id"": ""CUST_005005"", ""product_id"": ""PROD_0155"", ""order_date"": ""2022-08-13"", ""quantity"": 1, ""payment_method"": ""Cash on Delivery"", ""order_status"": ""Completed""}"
orders,ORD_0007171,ORPHAN_PRODUCT_FOREIGN_KEY,2026-09-08T16:00:15.302519+00:00,"{""order_id"": ""ORD_0007171"", ""customer_id"": ""CUST_009699"", ""product_id"": ""PROD_0177"", ""order_date"": ""2022-08-14"", ""quantity"": 1, ""payment_method"": ""Credit Card"", ""order_status"": ""Cancelled""}"
orders,ORD_0007186,ORPHAN_PRODUCT_FOREIGN_KEY,2026-09-08T16:00:15.302519+00:00,"{""order_id"": ""ORD_0007186"", ""customer_id"": ""CUST_003109"", ""product_id"": ""PROD_0009"", ""order_date"": ""2022-08-15"", ""quantity"": 1, ""payment_method"": ""PayPal"", ""order_status"": ""Completed""}"
orders,ORD_0007218,ORPHAN_PRODUCT_FOREIGN_KEY,2026-09-08T16:00:15.302519+00:00,"{""order_id"": ""ORD_0007218"", ""customer_id"": ""CUST_009168"", ""product_id"": ""PROD_0009"", ""order_date"": ""2022-08-15"", ""quantity"": 1, ""payment_method"": ""PayPal"", ""order_status"": ""Completed""}"
orders,ORD_0007237,ORPHAN_PRODUCT_FOREIGN_KEY,2026-09-08T16:00:15.302519+00:00,"{""order_id"": ""ORD_0007237"", ""customer_id"": ""CUST_002937"", ""product_id"": ""PROD_0009"", ""order_date"": ""2022-08-16"", ""quantity"": 1, ""payment_method"": ""Debit Card"", ""order_status"": ""Completed""}"
orders,ORD_0007254,ORPHAN_PRODUCT_FOREIGN_KEY,2026-09-08T16:00:15.302519+00:00,"{""order_id"": ""ORD_0007254"", ""customer_id"": ""CUST_006134"", ""product_id"": ""PROD_0009"", ""order_date"": ""2022-08-16"", ""quantity"": 2, ""payment_method"": ""Credit Card"", ""order_status"": ""Completed""}"
orders,ORD_0007267,ORPHAN_PRODUCT_FOREIGN_KEY,2026-09-08T16:00:15.302519+00:00,"{""order_id"": ""ORD_0007267"", ""customer_id"": ""CUST_008886"", ""product_id"": ""PROD_0009"", ""order_date"": ""2022-08-16"", ""quantity"": 1, ""payment_method"": ""Debit Card"", ""order_status"": ""Cancelled""}"
orders,ORD_0007295,ORPHAN_PRODUCT_FOREIGN_KEY,2026-09-08T16:00:15.302519+00:00,"{""order_id"": ""ORD_0007295"", ""customer_id"": ""CUST_003962"", ""product_id"": ""PROD_0031"", ""order_date"": ""2022-08-17"", ""quantity"": 1, ""payment_method"": ""Credit Card"", ""order_status"": ""Completed""}"
orders,ORD_0007313,ORPHAN_PRODUCT_FOREIGN_KEY,2026-09-08T16:00:15.302519+00:00,"{""order_id"": ""ORD_0007313"", ""customer_id"": ""CUST_007321"", ""product_id"": ""PROD_0009"", ""order_date"": ""2022-08-17"", ""quantity"": 2, ""payment_method"": ""PayPal"", ""order_status"": ""Completed""}"
orders,ORD_0007325,ORPHAN_PRODUCT_FOREIGN_KEY,2026-09-08T16:00:15.302519+00:00,"{""order_id"": ""ORD_0007325"", ""customer_id"": ""CUST_000125"", ""product_id"": ""PROD_0009"", ""order_date"": ""2022-08-18"", ""quantity"": 2, ""payment_method"": ""Cash on Delivery"", ""order_status"": ""Completed""}"
orders,ORD_0007386,ORPHAN_PRODUCT_FOREIGN_KEY,2026-09-08T16:00:15.302519+00:00,"{""order_id"": ""ORD_0007386"", ""customer_id"": ""CUST_009379"", ""product_id"": ""PROD_0009"", ""order_date"": ""2022-08-18"", ""quantity"": 1, ""payment_method"": ""Credit Card"", ""order_status"": ""Completed""}"
orders,ORD_0007397,ORPHAN_PRODUCT_FOREIGN_KEY,2026-09-08T16:00:15.302519+00:00,"{""order_id"": ""ORD_0007397"", ""customer_id"": ""CUST_001370"", ""product_id"": ""PROD_0009"", ""order_date"": ""2022-08-19"", ""quantity"": 1, ""payment_method"": ""Credit Card"", ""order_status"": ""Completed""}"
orders,ORD_0007422,ORPHAN_PRODUCT_FOREIGN_KEY,2026-09-08T16:00:15.302519+00:00,"{""order_id"": ""ORD_0007422"", ""customer_id"": ""CUST_004116"", ""product_id"": ""PROD_0291"", ""order_date"": ""2022-08-19"", ""quantity"": 2, ""payment_method"": ""PayPal"", ""order_status"": ""Refunded""}"
orders,ORD_0007521,ORPHAN_PRODUCT_FOREIGN_KEY,2026-09-08T16:00:15.302519+00:00,"{""order_id"": ""ORD_0007521"", ""customer_id"": ""CUST_000764"", ""product_id"": ""PROD_0009"", ""order_date"": ""2022-08-21"", ""quantity"": 1, ""payment_method"": ""PayPal"", ""order_status"": ""Completed""}"
orders,ORD_0007623,ORPHAN_PRODUCT_FOREIGN_KEY,2026-09-08T16:00:15.302519+00:00,"{""order_id"": ""ORD_0007623"", ""customer_id"": ""CUST_007842"", ""product_id"": ""PROD_0009"", ""order_date"": ""2022-08-22"", ""quantity"": 1, ""payment_method"": ""PayPal"", ""order_status"": ""Refunded""}"
orders,ORD_0007791,ORPHAN_PRODUCT_FOREIGN_KEY,2026-09-08T16:00:15.302519+00:00,"{""order_id"": ""ORD_0007791"", ""customer_id"": ""CUST_007934"", ""product_id"": ""PROD_0485"", ""order_date"": ""2022-08-25"", ""quantity"": 2, ""payment_method"": ""Credit Card"", ""order_status"": ""Completed""}"
orders,ORD_0007807,ORPHAN_PRODUCT_FOREIGN_KEY,2026-09-08T16:00:15.302519+00:00,"{""order_id"": ""ORD_0007807"", ""customer_id"": ""CUST_002294"", ""product_id"": ""PROD_0009"", ""order_date"": ""2022-08-26"", ""quantity"": 1, ""payment_method"": ""PayPal"", ""order_status"": ""Completed""}"
orders,ORD_0007817,ORPHAN_PRODUCT_FOREIGN_KEY,2026-09-08T16:00:15.302519+00:00,"{""order_id"": ""ORD_0007817"", ""customer_id"": ""CUST_004098"", ""product_id"": ""PROD_0009"", ""order_date"": ""2022-08-26"", ""quantity"": 4, ""payment_method"": ""Credit Card"", ""order_status"": ""Completed""}"
orders,ORD_0007823,ORPHAN_PRODUCT_FOREIGN_KEY,2026-09-08T16:00:15.302519+00:00,"{""order_id"": ""ORD_0007823"", ""customer_id"": ""CUST_004703"", ""product_id"": ""PROD_0031"", ""order_date"": ""2022-08-26"", ""quantity"": 3, ""payment_method"": ""Credit Card"", ""order_status"": ""Completed""}"
orders,ORD_0007862,ORPHAN_PRODUCT_FOREIGN_KEY,2026-09-08T16:00:15.302519+00:00,"{""order_id"": ""ORD_0007862"", ""customer_id"": ""CUST_000089"", ""product_id"": ""PROD_0009"", ""order_date"": ""2022-08-27"", ""quantity"": 1, ""payment_method"": ""Credit Card"", ""order_status"": ""Completed""}"
orders,ORD_0007911,ORPHAN_PRODUCT_FOREIGN_KEY,2026-09-08T16:00:15.302519+00:00,"{""order_id"": ""ORD_0007911"", ""customer_id"": ""CUST_000643"", ""product_id"": ""PROD_0009"", ""order_date"": ""2022-08-28"", ""quantity"": 3, ""payment_method"": ""PayPal"", ""order_status"": ""Completed""}"
orders,ORD_0007940,ORPHAN_PRODUCT_FOREIGN_KEY,2026-09-08T16:00:15.302519+00:00,"{""order_id"": ""ORD_0007940"", ""customer_id"": ""CUST_005175"", ""product_id"": ""PROD_0009"", ""order_date"": ""2022-08-28"", ""quantity"": 1, ""payment_method"": ""Credit Card"", ""order_status"": ""Cancelled""}"
orders,ORD_0008012,ORPHAN_PRODUCT_FOREIGN_KEY,2026-09-08T16:00:15.302519+00:00,"{""order_id"": ""ORD_0008012"", ""customer_id"": ""CUST_005064"", ""product_id"": ""PROD_0009"", ""order_date"": ""2022-08-29"", ""quantity"": 1, ""payment_method"": ""Cash on Delivery"", ""order_status"": ""Completed""}"
orders,ORD_0008027,ORPHAN_PRODUCT_FOREIGN_KEY,2026-09-08T16:00:15.302519+00:00,"{""order_id"": ""ORD_0008027"", ""customer_id"": ""CUST_008241"", ""product_id"": ""PROD_0031"", ""order_date"": ""2022-08-29"", ""quantity"": 1, ""payment_method"": ""Debit Card"", ""order_status"": ""Completed""}"
orders,ORD_0008033,ORPHAN_PRODUCT_FOREIGN_KEY,2026-09-08T16:00:15.302519+00:00,"{""order_id"": ""ORD_0008033"", ""customer_id"": ""CUST_009158"", ""product_id"": ""PROD_0101"", ""order_date"": ""2022-08-29"", ""quantity"": 1, ""payment_method"": ""Credit Card"", ""order_status"": ""Completed""}"
orders,ORD_0008058,ORPHAN_PRODUCT_FOREIGN_KEY,2026-09-08T16:00:15.302519+00:00,"{""order_id"": ""ORD_0008058"", ""customer_id"": ""CUST_003654"", ""product_id"": ""PROD_0009"", ""order_date"": ""2022-08-30"", ""quantity"": 1, ""payment_method"": ""Debit Card"", ""order_status"": ""Completed""}"
orders,ORD_0008087,ORPHAN_PRODUCT_FOREIGN_KEY,2026-09-08T16:00:15.302519+00:00,"{""order_id"": ""ORD_0008087"", ""customer_id"": ""CUST_007649"", ""product_id"": ""PROD_0009"", ""order_date"": ""2022-08-30"", ""quantity"": 1, ""payment_method"": ""Credit Card"", ""order_status"": ""Completed""}"
orders,ORD_0008104,ORPHAN_PRODUCT_FOREIGN_KEY,2026-09-08T16:00:15.302519+00:00,"{""order_id"": ""ORD_0008104"", ""customer_id"": ""CUST_000011"", ""product_id"": ""PROD_0031"", ""order_date"": ""2022-08-31"", ""quantity"": 5, ""payment_method"": ""Credit Card"", ""order_status"": ""Completed""}"
orders,ORD_0008118,ORPHAN_PRODUCT_FOREIGN_KEY,2026-09-08T16:00:15.302519+00:00,"{""order_id"": ""ORD_0008118"", ""customer_id"": ""CUST_002308"", ""product_id"": ""PROD_0031"", ""order_date"": ""2022-08-31"", ""quantity"": 1, ""payment_method"": ""PayPal"", ""order_status"": ""Completed""}"
orders,ORD_0008188,ORPHAN_PRODUCT_FOREIGN_KEY,2026-09-08T16:00:15.302519+00:00,"{""order_id"": ""ORD_0008188"", ""customer_id"": ""CUST_003532"", ""product_id"": ""PROD_0009"", ""order_date"": ""2022-09-01"", ""quantity"": 1, ""payment_method"": ""PayPal"", ""order_status"": ""Completed""}"
orders,ORD_0008196,ORPHAN_PRODUCT_FOREIGN_KEY,2026-09-08T16:00:15.302519+00:00,"{""order_id"": ""ORD_0008196"", ""customer_id"": ""CUST_005823"", ""product_id"": ""PROD_0009"", ""order_date"": ""2022-09-01"", ""quantity"": 1, ""payment_method"": ""Debit Card"", ""order_status"": ""Completed""}"
orders,ORD_0008211,ORPHAN_PRODUCT_FOREIGN_KEY,2026-09-08T16:00:15.302519+00:00,"{""order_id"": ""ORD_0008211"", ""customer_id"": ""CUST_009435"", ""product_id"": ""PROD_0031"", ""order_date"": ""2022-09-01"", ""quantity"": 1, ""payment_method"": ""Apple Pay"", ""order_status"": ""Completed""}"
orders,ORD_0008230,ORPHAN_PRODUCT_FOREIGN_KEY,2026-09-08T16:00:15.302519+00:00,"{""order_id"": ""ORD_0008230"", ""customer_id"": ""CUST_002459"", ""product_id"": ""PROD_0009"", ""order_date"": ""2022-09-02"", ""quantity"": 1, ""payment_method"": ""Credit Card"", ""order_status"": ""Completed""}"
orders,ORD_0008286,ORPHAN_PRODUCT_FOREIGN_KEY,2026-09-08T16:00:15.302519+00:00,"{""order_id"": ""ORD_0008286"", ""customer_id"": ""CUST_001154"", ""product_id"": ""PROD_0009"", ""order_date"": ""2022-09-03"", ""quantity"": 1, ""payment_method"": ""Cash on Delivery"", ""order_status"": ""Completed""}"
orders,ORD_0008299,ORPHAN_PRODUCT_FOREIGN_KEY,2026-09-08T16:00:15.302519+00:00,"{""order_id"": ""ORD_0008299"", ""customer_id"": ""CUST_003645"", ""product_id"": ""PROD_0009"", ""order_date"": ""2022-09-03"", ""quantity"": 1, ""payment_method"": ""PayPal"", ""order_status"": ""Cancelled""}"
orders,ORD_0008380,ORPHAN_PRODUCT_FOREIGN_KEY,2026-09-08T16:00:15.302519+00:00,"{""order_id"": ""ORD_0008380"", ""customer_id"": ""CUST_005684"", ""product_id"": ""PROD_0031"", ""order_date"": ""2022-09-04"", ""quantity"": 2, ""payment_method"": ""PayPal"", ""order_status"": ""Shipped""}"
orders,ORD_0008394,ORPHAN_PRODUCT_FOREIGN_KEY,2026-09-08T16:00:15.302519+00:00,"{""order_id"": ""ORD_0008394"", ""customer_id"": ""CUST_008447"", ""product_id"": ""PROD_0291"", ""order_date"": ""2022-09-04"", ""quantity"": 1, ""payment_method"": ""Credit Card"", ""order_status"": ""Refunded""}"
orders,ORD_0008434,ORPHAN_PRODUCT_FOREIGN_KEY,2026-09-08T16:00:15.302519+00:00,"{""order_id"": ""ORD_0008434"", ""customer_id"": ""CUST_003601"", ""product_id"": ""PROD_0101"", ""order_date"": ""2022-09-05"", ""quantity"": 1, ""payment_method"": ""PayPal"", ""order_status"": ""Completed""}"
orders,ORD_0008487,ORPHAN_PRODUCT_FOREIGN_KEY,2026-09-08T16:00:15.302519+00:00,"{""order_id"": ""ORD_0008487"", ""customer_id"": ""CUST_002263"", ""product_id"": ""PROD_0485"", ""order_date"": ""2022-09-06"", ""quantity"": 1, ""payment_method"": ""Credit Card"", ""order_status"": ""Completed""}"
orders,ORD_0008514,ORPHAN_PRODUCT_FOREIGN_KEY,2026-09-08T16:00:15.302519+00:00,"{""order_id"": ""ORD_0008514"", ""customer_id"": ""CUST_005405"", ""product_id"": ""PROD_0031"", ""order_date"": ""2022-09-06"", ""quantity"": 1, ""payment_method"": ""Credit Card"", ""order_status"": ""Completed""}"
orders,ORD_0008570,ORPHAN_PRODUCT_FOREIGN_KEY,2026-09-08T16:00:15.302519+00:00,"{""order_id"": ""ORD_0008570"", ""customer_id"": ""CUST_004075"", ""product_id"": ""PROD_0009"", ""order_date"": ""2022-09-07"", ""quantity"": 2, ""payment_method"": ""Credit Card"", ""order_status"": ""Completed""}"
orders,ORD_0008574,ORPHAN_PRODUCT_FOREIGN_KEY,2026-09-08T16:00:15.302519+00:00,"{""order_id"": ""ORD_0008574"", ""customer_id"": ""CUST_004775"", ""product_id"": ""PROD_0009"", ""order_date"": ""2022-09-07"", ""quantity"": 1, ""payment_method"": ""Credit Card"", ""order_status"": ""Completed""}"
orders,ORD_0008589,ORPHAN_PRODUCT_FOREIGN_KEY,2026-09-08T16:00:15.302519+00:00,"{""order_id"": ""ORD_0008589"", ""customer_id"": ""CUST_007266"", ""product_id"": ""PROD_0009"", ""order_date"": ""2022-09-07"", ""quantity"": 2, ""payment_method"": ""PayPal"", ""order_status"": ""Completed""}"
orders,ORD_0008595,ORPHAN_PRODUCT_FOREIGN_KEY,2026-09-08T16:00:15.302519+00:00,"{""order_id"": ""ORD_0008595"", ""customer_id"": ""CUST_009021"", ""product_id"": ""PROD_0009"", ""order_date"": ""2022-09-07"", ""quantity"": 1, ""payment_method"": ""Credit Card"", ""order_status"": ""Cancelled""}"
orders,ORD_0008598,ORPHAN_PRODUCT_FOREIGN_KEY,2026-09-08T16:00:15.302519+00:00,"{""order_id"": ""ORD_0008598"", ""customer_id"": ""CUST_000074"", ""product_id"": ""PROD_0031"", ""order_date"": ""2022-09-08"", ""quantity"": 5, ""payment_method"": ""Credit Card"", ""order_status"": ""Completed""}"
orders,ORD_0008612,ORPHAN_PRODUCT_FOREIGN_KEY,2026-09-08T16:00:15.302519+00:00,"{""order_id"": ""ORD_0008612"", ""customer_id"": ""CUST_002160"", ""product_id"": ""PROD_0031"", ""order_date"": ""2022-09-08"", ""quantity"": 1, ""payment_method"": ""Debit Card"", ""order_status"": ""Cancelled""}"
orders,ORD_0008687,ORPHAN_PRODUCT_FOREIGN_KEY,2026-09-08T16:00:15.302519+00:00,"{""order_id"": ""ORD_0008687"", ""customer_id"": ""CUST_002953"", ""product_id"": ""PROD_0031"", ""order_date"": ""2022-09-09"", ""quantity"": 2, ""payment_method"": ""Apple Pay"", ""order_status"": ""Completed""}"
orders,ORD_0008714,ORPHAN_PRODUCT_FOREIGN_KEY,2026-09-08T16:00:15.302519+00:00,"{""order_id"": ""ORD_0008714"", ""customer_id"": ""CUST_007366"", ""product_id"": ""PROD_0291"", ""order_date"": ""2022-09-09"", ""quantity"": 6, ""payment_method"": ""PayPal"", ""order_status"": ""Completed""}"
orders,ORD_0008767,ORPHAN_PRODUCT_FOREIGN_KEY,2026-09-08T16:00:15.302519+00:00,"{""order_id"": ""ORD_0008767"", ""customer_id"": ""CUST_006388"", ""product_id"": ""PROD_0291"", ""order_date"": ""2022-09-10"", ""quantity"": 1, ""payment_method"": ""Credit Card"", ""order_status"": ""Completed""}"
orders,ORD_0008774,ORPHAN_PRODUCT_FOREIGN_KEY,2026-09-08T16:00:15.302519+00:00,"{""order_id"": ""ORD_0008774"", ""customer_id"": ""CUST_006784"", ""product_id"": ""PROD_0155"", ""order_date"": ""2022-09-10"", ""quantity"": 1, ""payment_method"": ""Credit Card"", ""order_status"": ""Completed""}"
orders,ORD_0008781,ORPHAN_PRODUCT_FOREIGN_KEY,2026-09-08T16:00:15.302519+00:00,"{""order_id"": ""ORD_0008781"", ""customer_id"": ""CUST_007549"", ""product_id"": ""PROD_0009"", ""order_date"": ""2022-09-10"", ""quantity"": 1, ""payment_method"": ""Credit Card"", ""order_status"": ""Completed""}"
orders,ORD_0008816,ORPHAN_PRODUCT_FOREIGN_KEY,2026-09-08T16:00:15.302519+00:00,"{""order_id"": ""ORD_0008816"", ""customer_id"": ""CUST_003427"", ""product_id"": ""PROD_0009"", ""order_date"": ""2022-09-11"", ""quantity"": 1, ""payment_method"": ""PayPal"", ""order_status"": ""Refunded""}"
orders,ORD_0008832,ORPHAN_PRODUCT_FOREIGN_KEY,2026-09-08T16:00:15.302519+00:00,"{""order_id"": ""ORD_0008832"", ""customer_id"": ""CUST_006646"", ""product_id"": ""PROD_0009"", ""order_date"": ""2022-09-11"", ""quantity"": 1, ""payment_method"": ""Credit Card"", ""order_status"": ""Refunded""}"
orders,ORD_0008851,ORPHAN_PRODUCT_FOREIGN_KEY,2026-09-08T16:00:15.302519+00:00,"{""order_id"": ""ORD_0008851"", ""customer_id"": ""CUST_000316"", ""product_id"": ""PROD_0009"", ""order_date"": ""2022-09-12"", ""quantity"": 2, ""payment_method"": ""Credit Card"", ""order_status"": ""Cancelled""}"
orders,ORD_0008875,ORPHAN_PRODUCT_FOREIGN_KEY,2026-09-08T16:00:15.302519+00:00,"{""order_id"": ""ORD_0008875"", ""customer_id"": ""CUST_002922"", ""product_id"": ""PROD_0155"", ""order_date"": ""2022-09-12"", ""quantity"": 7, ""payment_method"": ""Credit Card"", ""order_status"": ""Completed""}"
orders,ORD_0008890,ORPHAN_PRODUCT_FOREIGN_KEY,2026-09-08T16:00:15.302519+00:00,"{""order_id"": ""ORD_0008890"", ""customer_id"": ""CUST_006157"", ""product_id"": ""PROD_0009"", ""order_date"": ""2022-09-12"", ""quantity"": 1, ""payment_method"": ""Credit Card"", ""order_status"": ""Completed""}"
orders,ORD_0008953,ORPHAN_PRODUCT_FOREIGN_KEY,2026-09-08T16:00:15.302519+00:00,"{""order_id"": ""ORD_0008953"", ""customer_id"": ""CUST_005646"", ""product_id"": ""PROD_0319"", ""order_date"": ""2022-09-13"", ""quantity"": 2, ""payment_method"": ""PayPal"", ""order_status"": ""Shipped""}"
orders,ORD_0008968,ORPHAN_PRODUCT_FOREIGN_KEY,2026-09-08T16:00:15.302519+00:00,"{""order_id"": ""ORD_0008968"", ""customer_id"": ""CUST_008307"", ""product_id"": ""PROD_0009"", ""order_date"": ""2022-09-13"", ""quantity"": 1, ""payment_method"": ""Credit Card"", ""order_status"": ""Completed""}"
orders,ORD_0008992,ORPHAN_PRODUCT_FOREIGN_KEY,2026-09-08T16:00:15.302519+00:00,"{""order_id"": ""ORD_0008992"", ""customer_id"": ""CUST_001433"", ""product_id"": ""PROD_0009"", ""order_date"": ""2022-09-14"", ""quantity"": 1, ""payment_method"": ""Credit Card"", ""order_status"": ""Completed""}"
orders,ORD_0009025,ORPHAN_PRODUCT_FOREIGN_KEY,2026-09-08T16:00:15.302519+00:00,"{""order_id"": ""ORD_0009025"", ""customer_id"": ""CUST_008610"", ""product_id"": ""PROD_0009"", ""order_date"": ""2022-09-14"", ""quantity"": 1, ""payment_method"": ""Credit Card"", ""order_status"": ""Completed""}"
orders,ORD_0009042,ORPHAN_PRODUCT_FOREIGN_KEY,2026-09-08T16:00:15.302519+00:00,"{""order_id"": ""ORD_0009042"", ""customer_id"": ""CUST_002771"", ""product_id"": ""PROD_0031"", ""order_date"": ""2022-09-15"", ""quantity"": 1, ""payment_method"": ""Credit Card"", ""order_status"": ""Completed""}"
orders,ORD_0009070,ORPHAN_PRODUCT_FOREIGN_KEY,2026-09-08T16:00:15.302519+00:00,"{""order_id"": ""ORD_0009070"", ""customer_id"": ""CUST_006558"", ""product_id"": ""PROD_0155"", ""order_date"": ""2022-09-15"", ""quantity"": 1, ""payment_method"": ""Credit Card"", ""order_status"": ""Completed""}"
orders,ORD_0009079,ORPHAN_PRODUCT_FOREIGN_KEY,2026-09-08T16:00:15.302519+00:00,"{""order_id"": ""ORD_0009079"", ""customer_id"": ""CUST_007666"", ""product_id"": ""PROD_0009"", ""order_date"": ""2022-09-15"", ""quantity"": 1, ""payment_method"": ""Credit Card"", ""order_status"": ""Completed""}"
orders,ORD_0009138,ORPHAN_PRODUCT_FOREIGN_KEY,2026-09-08T16:00:15.302519+00:00,"{""order_id"": ""ORD_0009138"", ""customer_id"": ""CUST_006590"", ""product_id"": ""PROD_0009"", ""order_date"": ""2022-09-16"", ""quantity"": 1, ""payment_method"": ""Cash on Delivery"", ""order_status"": ""Completed""}"
orders,ORD_0009271,ORPHAN_PRODUCT_FOREIGN_KEY,2026-09-08T16:00:15.302519+00:00,"{""order_id"": ""ORD_0009271"", ""customer_id"": ""CUST_005828"", ""product_id"": ""PROD_0009"", ""order_date"": ""2022-09-18"", ""quantity"": 1, ""payment_method"": ""Credit Card"", ""order_status"": ""Completed""}"
orders,ORD_0009306,ORPHAN_PRODUCT_FOREIGN_KEY,2026-09-08T16:00:15.302519+00:00,"{""order_id"": ""ORD_0009306"", ""customer_id"": ""CUST_000396"", ""product_id"": ""PROD_0009"", ""order_date"": ""2022-09-19"", ""quantity"": 1, ""payment_method"": ""Credit Card"", ""order_status"": ""Completed""}"
orders,ORD_0009335,ORPHAN_PRODUCT_FOREIGN_KEY,2026-09-08T16:00:15.302519+00:00,"{""order_id"": ""ORD_0009335"", ""customer_id"": ""CUST_005277"", ""product_id"": ""PROD_0009"", ""order_date"": ""2022-09-19"", ""quantity"": 2, ""payment_method"": ""Debit Card"", ""order_status"": ""Completed""}"
orders,ORD_0009430,ORPHAN_PRODUCT_FOREIGN_KEY,2026-09-08T16:00:15.302519+00:00,"{""order_id"": ""ORD_0009430"", ""customer_id"": ""CUST_008661"", ""product_id"": ""PROD_0009"", ""order_date"": ""2022-09-20"", ""quantity"": 2, ""payment_method"": ""PayPal"", ""order_status"": ""Completed""}"
orders,ORD_0009482,ORPHAN_PRODUCT_FOREIGN_KEY,2026-09-08T16:00:15.302519+00:00,"{""order_id"": ""ORD_0009482"", ""customer_id"": ""CUST_006792"", ""product_id"": ""PROD_0009"", ""order_date"": ""2022-09-21"", ""quantity"": 3, ""payment_method"": ""Debit Card"", ""order_status"": ""Completed""}"
orders,ORD_0009541,ORPHAN_PRODUCT_FOREIGN_KEY,2026-09-08T16:00:15.302519+00:00,"{""order_id"": ""ORD_0009541"", ""customer_id"": ""CUST_006404"", ""product_id"": ""PROD_0031"", ""order_date"": ""2022-09-22"", ""quantity"": 1, ""payment_method"": ""Debit Card"", ""order_status"": ""Completed""}"
orders,ORD_0009564,ORPHAN_PRODUCT_FOREIGN_KEY,2026-09-08T16:00:15.302519+00:00,"{""order_id"": ""ORD_0009564"", ""customer_id"": ""CUST_000287"", ""product_id"": ""PROD_0009"", ""order_date"": ""2022-09-23"", ""quantity"": 1, ""payment_method"": ""Debit Card"", ""order_status"": ""Completed""}"
orders,ORD_0009659,ORPHAN_PRODUCT_FOREIGN_KEY,2026-09-08T16:00:15.302519+00:00,"{""order_id"": ""ORD_0009659"", ""customer_id"": ""CUST_004813"", ""product_id"": ""PROD_0031"", ""order_date"": ""2022-09-24"", ""quantity"": 1, ""payment_method"": ""PayPal"", ""order_status"": ""Completed""}"
orders,ORD_0009713,ORPHAN_PRODUCT_FOREIGN_KEY,2026-09-08T16:00:15.302519+00:00,"{""order_id"": ""ORD_0009713"", ""customer_id"": ""CUST_002366"", ""product_id"": ""PROD_0031"", ""order_date"": ""2022-09-25"", ""quantity"": 1, ""payment_method"": ""Apple Pay"", ""order_status"": ""Refunded""}"
orders,ORD_0009812,ORPHAN_PRODUCT_FOREIGN_KEY,2026-09-08T16:00:15.302519+00:00,"{""order_id"": ""ORD_0009812"", ""customer_id"": ""CUST_005388"", ""product_id"": ""PROD_0009"", ""order_date"": ""2022-09-26"", ""quantity"": 2, ""payment_method"": ""Cash on Delivery"", ""order_status"": ""Shipped""}"
orders,ORD_0009986,ORPHAN_PRODUCT_FOREIGN_KEY,2026-09-08T16:00:15.302519+00:00,"{""order_id"": ""ORD_0009986"", ""customer_id"": ""CUST_009735"", ""product_id"": ""PROD_0009"", ""order_date"": ""2022-09-28"", ""quantity"": 1, ""payment_method"": ""PayPal"", ""order_status"": ""Completed""}"
orders,ORD_0010007,ORPHAN_PRODUCT_FOREIGN_KEY,2026-09-08T16:00:15.302519+00:00,"{""order_id"": ""ORD_0010007"", ""customer_id"": ""CUST_002922"", ""product_id"": ""PROD_0031"", ""order_date"": ""2022-09-29"", ""quantity"": 1, ""payment_method"": ""Credit Card"", ""order_status"": ""Completed""}"
orders,ORD_0010018,ORPHAN_PRODUCT_FOREIGN_KEY,2026-09-08T16:00:15.302519+00:00,"{""order_id"": ""ORD_0010018"", ""customer_id"": ""CUST_003860"", ""product_id"": ""PROD_0031"", ""order_date"": ""2022-09-29"", ""quantity"": 2, ""payment_method"": ""Credit Card"", ""order_status"": ""Completed""}"
orders,ORD_0010045,ORPHAN_PRODUCT_FOREIGN_KEY,2026-09-08T16:00:15.302519+00:00,"{""order_id"": ""ORD_0010045"", ""customer_id"": ""CUST_007647"", ""product_id"": ""PROD_0009"", ""order_date"": ""2022-09-29"", ""quantity"": 2, ""payment_method"": ""Credit Card"", ""order_status"": ""Completed""}"
orders,ORD_0010088,ORPHAN_PRODUCT_FOREIGN_KEY,2026-09-08T16:00:15.302519+00:00,"{""order_id"": ""ORD_0010088"", ""customer_id"": ""CUST_002983"", ""product_id"": ""PROD_0009"", ""order_date"": ""2022-09-30"", ""quantity"": 1, ""payment_method"": ""PayPal"", ""order_status"": ""Completed""}"
orders,ORD_0010142,ORPHAN_PRODUCT_FOREIGN_KEY,2026-09-08T16:00:15.302519+00:00,"{""order_id"": ""ORD_0010142"", ""customer_id"": ""CUST_000407"", ""product_id"": ""PROD_0101"", ""order_date"": ""2022-10-01"", ""quantity"": 1, ""payment_method"": ""Credit Card"", ""order_status"": ""Completed""}"
orders,ORD_0010317,ORPHAN_PRODUCT_FOREIGN_KEY,2026-09-08T16:00:15.302519+00:00,"{""order_id"": ""ORD_0010317"", ""customer_id"": ""CUST_008506"", ""product_id"": ""PROD_0009"", ""order_date"": ""2022-10-03"", ""quantity"": 1, ""payment_method"": ""Debit Card"", ""order_status"": ""Completed""}"
orders,ORD_0010338,ORPHAN_PRODUCT_FOREIGN_KEY,2026-09-08T16:00:15.302519+00:00,"{""order_id"": ""ORD_0010338"", ""customer_id"": ""CUST_000872"", ""product_id"": ""PROD_0009"", ""order_date"": ""2022-10-04"", ""quantity"": 1, ""payment_method"": ""PayPal"", ""order_status"": ""Refunded""}"
orders,ORD_0010390,ORPHAN_PRODUCT_FOREIGN_KEY,2026-09-08T16:00:15.302519+00:00,"{""order_id"": ""ORD_0010390"", ""customer_id"": ""CUST_007941"", ""product_id"": ""PROD_0155"", ""order_date"": ""2022-10-04"", ""quantity"": 2, ""payment_method"": ""PayPal"", ""order_status"": ""Completed""}"
orders,ORD_0010411,ORPHAN_PRODUCT_FOREIGN_KEY,2026-09-08T16:00:15.302519+00:00,"{""order_id"": ""ORD_0010411"", ""customer_id"": ""CUST_000451"", ""product_id"": ""PROD_0009"", ""order_date"": ""2022-10-05"", ""quantity"": 1, ""payment_method"": ""PayPal"", ""order_status"": ""Shipped""}"
orders,ORD_0010446,ORPHAN_PRODUCT_FOREIGN_KEY,2026-09-08T16:00:15.302519+00:00,"{""order_id"": ""ORD_0010446"", ""customer_id"": ""CUST_006269"", ""product_id"": ""PROD_0009"", ""order_date"": ""2022-10-05"", ""quantity"": 1, ""payment_method"": ""Credit Card"", ""order_status"": ""Completed""}"
orders,ORD_0010507,ORPHAN_PRODUCT_FOREIGN_KEY,2026-09-08T16:00:15.302519+00:00,"{""order_id"": ""ORD_0010507"", ""customer_id"": ""CUST_006108"", ""product_id"": ""PROD_0009"", ""order_date"": ""2022-10-06"", ""quantity"": 1, ""payment_method"": ""Credit Card"", ""order_status"": ""Completed""}"
orders,ORD_0010514,ORPHAN_PRODUCT_FOREIGN_KEY,2026-09-08T16:00:15.302519+00:00,"{""order_id"": ""ORD_0010514"", ""customer_id"": ""CUST_007125"", ""product_id"": ""PROD_0031"", ""order_date"": ""2022-10-06"", ""quantity"": 2, ""payment_method"": ""Credit Card"", ""order_status"": ""Completed""}"
orders,ORD_0010516,ORPHAN_PRODUCT_FOREIGN_KEY,2026-09-08T16:00:15.302519+00:00,"{""order_id"": ""ORD_0010516"", ""customer_id"": ""CUST_007550"", ""product_id"": ""PROD_0177"", ""order_date"": ""2022-10-06"", ""quantity"": 1, ""payment_method"": ""Credit Card"", ""order_status"": ""Cancelled""}"
orders,ORD_0010536,ORPHAN_PRODUCT_FOREIGN_KEY,2026-09-08T16:00:15.302519+00:00,"{""order_id"": ""ORD_0010536"", ""customer_id"": ""CUST_000109"", ""product_id"": ""PROD_0009"", ""order_date"": ""2022-10-07"", ""quantity"": 3, ""payment_method"": ""PayPal"", ""order_status"": ""Completed""}"
orders,ORD_0010570,ORPHAN_PRODUCT_FOREIGN_KEY,2026-09-08T16:00:15.302519+00:00,"{""order_id"": ""ORD_0010570"", ""customer_id"": ""CUST_005951"", ""product_id"": ""PROD_0031"", ""order_date"": ""2022-10-07"", ""quantity"": 1, ""payment_method"": ""Credit Card"", ""order_status"": ""Completed""}"
orders,ORD_0010647,ORPHAN_PRODUCT_FOREIGN_KEY,2026-09-08T16:00:15.302519+00:00,"{""order_id"": ""ORD_0010647"", ""customer_id"": ""CUST_006536"", ""product_id"": ""PROD_0031"", ""order_date"": ""2022-10-08"", ""quantity"": 1, ""payment_method"": ""Credit Card"", ""order_status"": ""Completed""}"
orders,ORD_0010663,ORPHAN_PRODUCT_FOREIGN_KEY,2026-09-08T16:00:15.302519+00:00,"{""order_id"": ""ORD_0010663"", ""customer_id"": ""CUST_009251"", ""product_id"": ""PROD_0009"", ""order_date"": ""2022-10-08"", ""quantity"": 1, ""payment_method"": ""Apple Pay"", ""order_status"": ""Completed""}"
orders,ORD_0010680,ORPHAN_PRODUCT_FOREIGN_KEY,2026-09-08T16:00:15.302519+00:00,"{""order_id"": ""ORD_0010680"", ""customer_id"": ""CUST_001717"", ""product_id"": ""PROD_0101"", ""order_date"": ""2022-10-09"", ""quantity"": 3, ""payment_method"": ""Debit Card"", ""order_status"": ""Completed""}"
orders,ORD_0010702,ORPHAN_PRODUCT_FOREIGN_KEY,2026-09-08T16:00:15.302519+00:00,"{""order_id"": ""ORD_0010702"", ""customer_id"": ""CUST_004334"", ""product_id"": ""PROD_0009"", ""order_date"": ""2022-10-09"", ""quantity"": 1, ""payment_method"": ""Apple Pay"", ""order_status"": ""Shipped""}"
orders,ORD_0010716,ORPHAN_PRODUCT_FOREIGN_KEY,2026-09-08T16:00:15.302519+00:00,"{""order_id"": ""ORD_0010716"", ""customer_id"": ""CUST_008174"", ""product_id"": ""PROD_0009"", ""order_date"": ""2022-10-09"", ""quantity"": 1, ""payment_method"": ""Credit Card"", ""order_status"": ""Completed""}"
orders,ORD_0010836,ORPHAN_PRODUCT_FOREIGN_KEY,2026-09-08T16:00:15.302519+00:00,"{""order_id"": ""ORD_0010836"", ""customer_id"": ""CUST_006811"", ""product_id"": ""PROD_0031"", ""order_date"": ""2022-10-11"", ""quantity"": 1, ""payment_method"": ""PayPal"", ""order_status"": ""Completed""}"
orders,ORD_0010844,ORPHAN_PRODUCT_FOREIGN_KEY,2026-09-08T16:00:15.302519+00:00,"{""order_id"": ""ORD_0010844"", ""customer_id"": ""CUST_007575"", ""product_id"": ""PROD_0009"", ""order_date"": ""2022-10-11"", ""quantity"": 1, ""payment_method"": ""Debit Card"", ""order_status"": ""Completed""}"
orders,ORD_0011011,ORPHAN_PRODUCT_FOREIGN_KEY,2026-09-08T16:00:15.302519+00:00,"{""order_id"": ""ORD_0011011"", ""customer_id"": ""CUST_003263"", ""product_id"": ""PROD_0009"", ""order_date"": ""2022-10-14"", ""quantity"": 1, ""payment_method"": ""PayPal"", ""order_status"": ""Completed""}"
orders,ORD_0011045,ORPHAN_PRODUCT_FOREIGN_KEY,2026-09-08T16:00:15.302519+00:00,"{""order_id"": ""ORD_0011045"", ""customer_id"": ""CUST_009194"", ""product_id"": ""PROD_0031"", ""order_date"": ""2022-10-14"", ""quantity"": 1, ""payment_method"": ""PayPal"", ""order_status"": ""Completed""}"
orders,ORD_0011154,ORPHAN_PRODUCT_FOREIGN_KEY,2026-09-08T16:00:15.302519+00:00,"{""order_id"": ""ORD_0011154"", ""customer_id"": ""CUST_003827"", ""product_id"": ""PROD_0177"", ""order_date"": ""2022-10-16"", ""quantity"": 1, ""payment_method"": ""Credit Card"", ""order_status"": ""Completed""}"
orders,ORD_0011158,ORPHAN_PRODUCT_FOREIGN_KEY,2026-09-08T16:00:15.302519+00:00,"{""order_id"": ""ORD_0011158"", ""customer_id"": ""CUST_004473"", ""product_id"": ""PROD_0009"", ""order_date"": ""2022-10-16"", ""quantity"": 2, ""payment_method"": ""PayPal"", ""order_status"": ""Cancelled""}"
orders,ORD_0011173,ORPHAN_PRODUCT_FOREIGN_KEY,2026-09-08T16:00:15.302519+00:00,"{""order_id"": ""ORD_0011173"", ""customer_id"": ""CUST_006837"", ""product_id"": ""PROD_0031"", ""order_date"": ""2022-10-16"", ""quantity"": 1, ""payment_method"": ""Credit Card"", ""order_status"": ""Completed""}"
orders,ORD_0011241,ORPHAN_PRODUCT_FOREIGN_KEY,2026-09-08T16:00:15.302519+00:00,"{""order_id"": ""ORD_0011241"", ""customer_id"": ""CUST_004940"", ""product_id"": ""PROD_0009"", ""order_date"": ""2022-10-17"", ""quantity"": 1, ""payment_method"": ""PayPal"", ""order_status"": ""Shipped""}"
orders,ORD_0011263,ORPHAN_PRODUCT_FOREIGN_KEY,2026-09-08T16:00:15.302519+00:00,"{""order_id"": ""ORD_0011263"", ""customer_id"": ""CUST_008234"", ""product_id"": ""PROD_0031"", ""order_date"": ""2022-10-17"", ""quantity"": 3, ""payment_method"": ""Credit Card"", ""order_status"": ""Completed""}"
orders,ORD_0011287,ORPHAN_PRODUCT_FOREIGN_KEY,2026-09-08T16:00:15.302519+00:00,"{""order_id"": ""ORD_0011287"", ""customer_id"": ""CUST_001136"", ""product_id"": ""PROD_0009"", ""order_date"": ""2022-10-18"", ""quantity"": 1, ""payment_method"": ""Credit Card"", ""order_status"": ""Completed""}"
orders,ORD_0011288,ORPHAN_PRODUCT_FOREIGN_KEY,2026-09-08T16:00:15.302519+00:00,"{""order_id"": ""ORD_0011288"", ""customer_id"": ""CUST_001196"", ""product_id"": ""PROD_0031"", ""order_date"": ""2022-10-18"", ""quantity"": 1, ""payment_method"": ""Debit Card"", ""order_status"": ""Completed""}"
orders,ORD_0011339,ORPHAN_PRODUCT_FOREIGN_KEY,2026-09-08T16:00:15.302519+00:00,"{""order_id"": ""ORD_0011339"", ""customer_id"": ""CUST_009360"", ""product_id"": ""PROD_0319"", ""order_date"": ""2022-10-18"", ""quantity"": 1, ""payment_method"": ""Credit Card"", ""order_status"": ""Completed""}"
orders,ORD_0011377,ORPHAN_PRODUCT_FOREIGN_KEY,2026-09-08T16:00:15.302519+00:00,"{""order_id"": ""ORD_0011377"", ""customer_id"": ""CUST_003812"", ""product_id"": ""PROD_0009"", ""order_date"": ""2022-10-19"", ""quantity"": 3, ""payment_method"": ""Apple Pay"", ""order_status"": ""Refunded""}"
orders,ORD_0011380,ORPHAN_PRODUCT_FOREIGN_KEY,2026-09-08T16:00:15.302519+00:00,"{""order_id"": ""ORD_0011380"", ""customer_id"": ""CUST_004430"", ""product_id"": ""PROD_0009"", ""order_date"": ""2022-10-19"", ""quantity"": 1, ""payment_method"": ""Credit Card"", ""order_status"": ""Shipped""}"
orders,ORD_0011428,ORPHAN_PRODUCT_FOREIGN_KEY,2026-09-08T16:00:15.302519+00:00,"{""order_id"": ""ORD_0011428"", ""customer_id"": ""CUST_002346"", ""product_id"": ""PROD_0009"", ""order_date"": ""2022-10-20"", ""quantity"": 1, ""payment_method"": ""Credit Card"", ""order_status"": ""Completed""}"
orders,ORD_0011567,ORPHAN_PRODUCT_FOREIGN_KEY,2026-09-08T16:00:15.302519+00:00,"{""order_id"": ""ORD_0011567"", ""customer_id"": ""CUST_001534"", ""product_id"": ""PROD_0009"", ""order_date"": ""2022-10-22"", ""quantity"": 1, ""payment_method"": ""Credit Card"", ""order_status"": ""Completed""}"
orders,ORD_0011624,ORPHAN_PRODUCT_FOREIGN_KEY,2026-09-08T16:00:15.302519+00:00,"{""order_id"": ""ORD_0011624"", ""customer_id"": ""CUST_001703"", ""product_id"": ""PROD_0009"", ""order_date"": ""2022-10-23"", ""quantity"": 1, ""payment_method"": ""PayPal"", ""order_status"": ""Completed""}"
orders,ORD_0011679,ORPHAN_PRODUCT_FOREIGN_KEY,2026-09-08T16:00:15.302519+00:00,"{""order_id"": ""ORD_0011679"", ""customer_id"": ""CUST_009331"", ""product_id"": ""PROD_0291"", ""order_date"": ""2022-10-23"", ""quantity"": 1, ""payment_method"": ""Debit Card"", ""order_status"": ""Completed""}"
orders,ORD_0011744,ORPHAN_PRODUCT_FOREIGN_KEY,2026-09-08T16:00:15.302519+00:00,"{""order_id"": ""ORD_0011744"", ""customer_id"": ""CUST_007554"", ""product_id"": ""PROD_0009"", ""order_date"": ""2022-10-24"", ""quantity"": 5, ""payment_method"": ""Credit Card"", ""order_status"": ""Completed""}"
orders,ORD_0011774,ORPHAN_PRODUCT_FOREIGN_KEY,2026-09-08T16:00:15.302519+00:00,"{""order_id"": ""ORD_0011774"", ""customer_id"": ""CUST_002129"", ""product_id"": ""PROD_0031"", ""order_date"": ""2022-10-25"", ""quantity"": 2, ""payment_method"": ""Apple Pay"", ""order_status"": ""Completed""}"
orders,ORD_0011788,ORPHAN_PRODUCT_FOREIGN_KEY,2026-09-08T16:00:15.302519+00:00,"{""order_id"": ""ORD_0011788"", ""customer_id"": ""CUST_004263"", ""product_id"": ""PROD_0009"", ""order_date"": ""2022-10-25"", ""quantity"": 2, ""payment_method"": ""Cash on Delivery"", ""order_status"": ""Completed""}"
orders,ORD_0011808,ORPHAN_PRODUCT_FOREIGN_KEY,2026-09-08T16:00:15.302519+00:00,"{""order_id"": ""ORD_0011808"", ""customer_id"": ""CUST_007015"", ""product_id"": ""PROD_0009"", ""order_date"": ""2022-10-25"", ""quantity"": 2, ""payment_method"": ""Credit Card"", ""order_status"": ""Completed""}"
orders,ORD_0011819,ORPHAN_PRODUCT_FOREIGN_KEY,2026-09-08T16:00:15.302519+00:00,"{""order_id"": ""ORD_0011819"", ""customer_id"": ""CUST_008610"", ""product_id"": ""PROD_0031"", ""order_date"": ""2022-10-25"", ""quantity"": 2, ""payment_method"": ""PayPal"", ""order_status"": ""Completed""}"
orders,ORD_0011825,ORPHAN_PRODUCT_FOREIGN_KEY,2026-09-08T16:00:15.302519+00:00,"{""order_id"": ""ORD_0011825"", ""customer_id"": ""CUST_009143"", ""product_id"": ""PROD_0009"", ""order_date"": ""2022-10-25"", ""quantity"": 1, ""payment_method"": ""Debit Card"", ""order_status"": ""Completed""}"
orders,ORD_0011912,ORPHAN_PRODUCT_FOREIGN_KEY,2026-09-08T16:00:15.302519+00:00,"{""order_id"": ""ORD_0011912"", ""customer_id"": ""CUST_000464"", ""product_id"": ""PROD_0031"", ""order_date"": ""2022-10-27"", ""quantity"": 1, ""payment_method"": ""Credit Card"", ""order_status"": ""Completed""}"
orders,ORD_0011924,ORPHAN_PRODUCT_FOREIGN_KEY,2026-09-08T16:00:15.302519+00:00,"{""order_id"": ""ORD_0011924"", ""customer_id"": ""CUST_002922"", ""product_id"": ""PROD_0319"", ""order_date"": ""2022-10-27"", ""quantity"": 1, ""payment_method"": ""Cash on Delivery"", ""order_status"": ""Completed""}"
orders,ORD_0012016,ORPHAN_PRODUCT_FOREIGN_KEY,2026-09-08T16:00:15.302519+00:00,"{""order_id"": ""ORD_0012016"", ""customer_id"": ""CUST_005522"", ""product_id"": ""PROD_0009"", ""order_date"": ""2022-10-28"", ""quantity"": 2, ""payment_method"": ""PayPal"", ""order_status"": ""Completed""}"
orders,ORD_0012039,ORPHAN_PRODUCT_FOREIGN_KEY,2026-09-08T16:00:15.302519+00:00,"{""order_id"": ""ORD_0012039"", ""customer_id"": ""CUST_009737"", ""product_id"": ""PROD_0031"", ""order_date"": ""2022-10-28"", ""quantity"": 2, ""payment_method"": ""Credit Card"", ""order_status"": ""Completed""}"
orders,ORD_0012065,ORPHAN_PRODUCT_FOREIGN_KEY,2026-09-08T16:00:15.302519+00:00,"{""order_id"": ""ORD_0012065"", ""customer_id"": ""CUST_003934"", ""product_id"": ""PROD_0009"", ""order_date"": ""2022-10-29"", ""quantity"": 1, ""payment_method"": ""PayPal"", ""order_status"": ""Cancelled""}"
orders,ORD_0012078,ORPHAN_PRODUCT_FOREIGN_KEY,2026-09-08T16:00:15.302519+00:00,"{""order_id"": ""ORD_0012078"", ""customer_id"": ""CUST_006102"", ""product_id"": ""PROD_0009"", ""order_date"": ""2022-10-29"", ""quantity"": 1, ""payment_method"": ""Credit Card"", ""order_status"": ""Completed""}"
orders,ORD_0012172,ORPHAN_PRODUCT_FOREIGN_KEY,2026-09-08T16:00:15.302519+00:00,"{""order_id"": ""ORD_0012172"", ""customer_id"": ""CUST_009035"", ""product_id"": ""PROD_0101"", ""order_date"": ""2022-10-30"", ""quantity"": 1, ""payment_method"": ""Cash on Delivery"", ""order_status"": ""Completed""}"
orders,ORD_0012190,ORPHAN_PRODUCT_FOREIGN_KEY,2026-09-08T16:00:15.302519+00:00,"{""order_id"": ""ORD_0012190"", ""customer_id"": ""CUST_001045"", ""product_id"": ""PROD_0155"", ""order_date"": ""2022-10-31"", ""quantity"": 2, ""payment_method"": ""Debit Card"", ""order_status"": ""Completed""}"
orders,ORD_0012240,ORPHAN_PRODUCT_FOREIGN_KEY,2026-09-08T16:00:15.302519+00:00,"{""order_id"": ""ORD_0012240"", ""customer_id"": ""CUST_007597"", ""product_id"": ""PROD_0009"", ""order_date"": ""2022-10-31"", ""quantity"": 4, ""payment_method"": ""Debit Card"", ""order_status"": ""Completed""}"
orders,ORD_0012256,ORPHAN_PRODUCT_FOREIGN_KEY,2026-09-08T16:00:15.302519+00:00,"{""order_id"": ""ORD_0012256"", ""customer_id"": ""CUST_000188"", ""product_id"": ""PROD_0009"", ""order_date"": ""2022-11-01"", ""quantity"": 1, ""payment_method"": ""Credit Card"", ""order_status"": ""Completed""}"
orders,ORD_0012309,ORPHAN_PRODUCT_FOREIGN_KEY,2026-09-08T16:00:15.302519+00:00,"{""order_id"": ""ORD_0012309"", ""customer_id"": ""CUST_007769"", ""product_id"": ""PROD_0031"", ""order_date"": ""2022-11-01"", ""quantity"": 1, ""payment_method"": ""PayPal"", ""order_status"": ""Completed""}"
orders,ORD_0012311,ORPHAN_PRODUCT_FOREIGN_KEY,2026-09-08T16:00:15.302519+00:00,"{""order_id"": ""ORD_0012311"", ""customer_id"": ""CUST_008112"", ""product_id"": ""PROD_0009"", ""order_date"": ""2022-11-01"", ""quantity"": 1, ""payment_method"": ""Credit Card"", ""order_status"": ""Completed""}"
orders,ORD_0012318,ORPHAN_PRODUCT_FOREIGN_KEY,2026-09-08T16:00:15.302519+00:00,"{""order_id"": ""ORD_0012318"", ""customer_id"": ""CUST_009010"", ""product_id"": ""PROD_0009"", ""order_date"": ""2022-11-01"", ""quantity"": 1, ""payment_method"": ""Credit Card"", ""order_status"": ""Completed""}"
orders,ORD_0012325,ORPHAN_PRODUCT_FOREIGN_KEY,2026-09-08T16:00:15.302519+00:00,"{""order_id"": ""ORD_0012325"", ""customer_id"": ""CUST_009994"", ""product_id"": ""PROD_0009"", ""order_date"": ""2022-11-01"", ""quantity"": 3, ""payment_method"": ""Debit Card"", ""order_status"": ""Completed""}"
orders,ORD_0012333,ORPHAN_PRODUCT_FOREIGN_KEY,2026-09-08T16:00:15.302519+00:00,"{""order_id"": ""ORD_0012333"", ""customer_id"": ""CUST_000909"", ""product_id"": ""PROD_0031"", ""order_date"": ""2022-11-02"", ""quantity"": 1, ""payment_method"": ""PayPal"", ""order_status"": ""Refunded""}"
orders,ORD_0012349,ORPHAN_PRODUCT_FOREIGN_KEY,2026-09-08T16:00:15.302519+00:00,"{""order_id"": ""ORD_0012349"", ""customer_id"": ""CUST_002459"", ""product_id"": ""PROD_0009"", ""order_date"": ""2022-11-02"", ""quantity"": 2, ""payment_method"": ""Credit Card"", ""order_status"": ""Refunded""}"
orders,ORD_0012354,ORPHAN_PRODUCT_FOREIGN_KEY,2026-09-08T16:00:15.302519+00:00,"{""order_id"": ""ORD_0012354"", ""customer_id"": ""CUST_003097"", ""product_id"": ""PROD_0009"", ""order_date"": ""2022-11-02"", ""quantity"": 1, ""payment_method"": ""Credit Card"", ""order_status"": ""Completed""}"
orders,ORD_0012356,ORPHAN_PRODUCT_FOREIGN_KEY,2026-09-08T16:00:15.302519+00:00,"{""order_id"": ""ORD_0012356"", ""customer_id"": ""CUST_003263"", ""product_id"": ""PROD_0101"", ""order_date"": ""2022-11-02"", ""quantity"": 2, ""payment_method"": ""Debit Card"", ""order_status"": ""Completed""}"
orders,ORD_0012378,ORPHAN_PRODUCT_FOREIGN_KEY,2026-09-08T16:00:15.302519+00:00,"{""order_id"": ""ORD_0012378"", ""customer_id"": ""CUST_005863"", ""product_id"": ""PROD_0031"", ""order_date"": ""2022-11-02"", ""quantity"": 2, ""payment_method"": ""Credit Card"", ""order_status"": ""Completed""}"
orders,ORD_0012467,ORPHAN_PRODUCT_FOREIGN_KEY,2026-09-08T16:00:15.302519+00:00,"{""order_id"": ""ORD_0012467"", ""customer_id"": ""CUST_007908"", ""product_id"": ""PROD_0009"", ""order_date"": ""2022-11-03"", ""quantity"": 5, ""payment_method"": ""Apple Pay"", ""order_status"": ""Completed""}"
orders,ORD_0012533,ORPHAN_PRODUCT_FOREIGN_KEY,2026-09-08T16:00:15.302519+00:00,"{""order_id"": ""ORD_0012533"", ""customer_id"": ""CUST_006525"", ""product_id"": ""PROD_0009"", ""order_date"": ""2022-11-04"", ""quantity"": 1, ""payment_method"": ""PayPal"", ""order_status"": ""Completed""}"
orders,ORD_0012543,ORPHAN_PRODUCT_FOREIGN_KEY,2026-09-08T16:00:15.302519+00:00,"{""order_id"": ""ORD_0012543"", ""customer_id"": ""CUST_008518"", ""product_id"": ""PROD_0009"", ""order_date"": ""2022-11-04"", ""quantity"": 1, ""payment_method"": ""PayPal"", ""order_status"": ""Completed""}"
orders,ORD_0012597,ORPHAN_PRODUCT_FOREIGN_KEY,2026-09-08T16:00:15.302519+00:00,"{""order_id"": ""ORD_0012597"", ""customer_id"": ""CUST_006530"", ""product_id"": ""PROD_0009"", ""order_date"": ""2022-11-05"", ""quantity"": 2, ""payment_method"": ""Credit Card"", ""order_status"": ""Completed""}"
orders,ORD_0012649,ORPHAN_PRODUCT_FOREIGN_KEY,2026-09-08T16:00:15.302519+00:00,"{""order_id"": ""ORD_0012649"", ""customer_id"": ""CUST_002416"", ""product_id"": ""PROD_0009"", ""order_date"": ""2022-11-06"", ""quantity"": 1, ""payment_method"": ""Credit Card"", ""order_status"": ""Completed""}"
orders,ORD_0012666,ORPHAN_PRODUCT_FOREIGN_KEY,2026-09-08T16:00:15.302519+00:00,"{""order_id"": ""ORD_0012666"", ""customer_id"": ""CUST_005107"", ""product_id"": ""PROD_0031"", ""order_date"": ""2022-11-06"", ""quantity"": 1, ""payment_method"": ""Cash on Delivery"", ""order_status"": ""Completed""}"
orders,ORD_0012718,ORPHAN_PRODUCT_FOREIGN_KEY,2026-09-08T16:00:15.302519+00:00,"{""order_id"": ""ORD_0012718"", ""customer_id"": ""CUST_002585"", ""product_id"": ""PROD_0009"", ""order_date"": ""2022-11-07"", ""quantity"": 2, ""payment_method"": ""Credit Card"", ""order_status"": ""Completed""}"
orders,ORD_0012737,ORPHAN_PRODUCT_FOREIGN_KEY,2026-09-08T16:00:15.302519+00:00,"{""order_id"": ""ORD_0012737"", ""customer_id"": ""CUST_005342"", ""product_id"": ""PROD_0009"", ""order_date"": ""2022-11-07"", ""quantity"": 1, ""payment_method"": ""PayPal"", ""order_status"": ""Completed""}"
orders,ORD_0012764,ORPHAN_PRODUCT_FOREIGN_KEY,2026-09-08T16:00:15.302519+00:00,"{""order_id"": ""ORD_0012764"", ""customer_id"": ""CUST_009650"", ""product_id"": ""PROD_0031"", ""order_date"": ""2022-11-07"", ""quantity"": 5, ""payment_method"": ""Cash on Delivery"", ""order_status"": ""Completed""}"
orders,ORD_0012808,ORPHAN_PRODUCT_FOREIGN_KEY,2026-09-08T16:00:15.302519+00:00,"{""order_id"": ""ORD_0012808"", ""customer_id"": ""CUST_004958"", ""product_id"": ""PROD_0031"", ""order_date"": ""2022-11-08"", ""quantity"": 1, ""payment_method"": ""Credit Card"", ""order_status"": ""Completed""}"
orders,ORD_0012811,ORPHAN_PRODUCT_FOREIGN_KEY,2026-09-08T16:00:15.302519+00:00,"{""order_id"": ""ORD_0012811"", ""customer_id"": ""CUST_005016"", ""product_id"": ""PROD_0009"", ""order_date"": ""2022-11-08"", ""quantity"": 1, ""payment_method"": ""PayPal"", ""order_status"": ""Completed""}"
orders,ORD_0012814,ORPHAN_PRODUCT_FOREIGN_KEY,2026-09-08T16:00:15.302519+00:00,"{""order_id"": ""ORD_0012814"", ""customer_id"": ""CUST_005206"", ""product_id"": ""PROD_0031"", ""order_date"": ""2022-11-08"", ""quantity"": 4, ""payment_method"": ""Debit Card"", ""order_status"": ""Cancelled""}"
orders,ORD_0012894,ORPHAN_PRODUCT_FOREIGN_KEY,2026-09-08T16:00:15.302519+00:00,"{""order_id"": ""ORD_0012894"", ""customer_id"": ""CUST_008712"", ""product_id"": ""PROD_0031"", ""order_date"": ""2022-11-09"", ""quantity"": 2, ""payment_method"": ""Credit Card"", ""order_status"": ""Completed""}"
orders,ORD_0012904,ORPHAN_PRODUCT_FOREIGN_KEY,2026-09-08T16:00:15.302519+00:00,"{""order_id"": ""ORD_0012904"", ""customer_id"": ""CUST_000004"", ""product_id"": ""PROD_0009"", ""order_date"": ""2022-11-10"", ""quantity"": 1, ""payment_method"": ""Credit Card"", ""order_status"": ""Completed""}"
orders,ORD_0012965,ORPHAN_PRODUCT_FOREIGN_KEY,2026-09-08T16:00:15.302519+00:00,"{""order_id"": ""ORD_0012965"", ""customer_id"": ""CUST_007489"", ""product_id"": ""PROD_0155"", ""order_date"": ""2022-11-10"", ""quantity"": 1, ""payment_method"": ""PayPal"", ""order_status"": ""Completed""}"
orders,ORD_0013135,ORPHAN_PRODUCT_FOREIGN_KEY,2026-09-08T16:00:15.302519+00:00,"{""order_id"": ""ORD_0013135"", ""customer_id"": ""CUST_001509"", ""product_id"": ""PROD_0291"", ""order_date"": ""2022-11-13"", ""quantity"": 1, ""payment_method"": ""PayPal"", ""order_status"": ""Completed""}"
orders,ORD_0013188,ORPHAN_PRODUCT_FOREIGN_KEY,2026-09-08T16:00:15.302519+00:00,"{""order_id"": ""ORD_0013188"", ""customer_id"": ""CUST_008582"", ""product_id"": ""PROD_0009"", ""order_date"": ""2022-11-13"", ""quantity"": 2, ""payment_method"": ""Credit Card"", ""order_status"": ""Completed""}"
orders,ORD_0013196,ORPHAN_PRODUCT_FOREIGN_KEY,2026-09-08T16:00:15.302519+00:00,"{""order_id"": ""ORD_0013196"", ""customer_id"": ""CUST_009497"", ""product_id"": ""PROD_0155"", ""order_date"": ""2022-11-13"", ""quantity"": 3, ""payment_method"": ""PayPal"", ""order_status"": ""Completed""}"
orders,ORD_0013289,ORPHAN_PRODUCT_FOREIGN_KEY,2026-09-08T16:00:15.302519+00:00,"{""order_id"": ""ORD_0013289"", ""customer_id"": ""CUST_002615"", ""product_id"": ""PROD_0177"", ""order_date"": ""2022-11-15"", ""quantity"": 1, ""payment_method"": ""Apple Pay"", ""order_status"": ""Completed""}"
orders,ORD_0013297,ORPHAN_PRODUCT_FOREIGN_KEY,2026-09-08T16:00:15.302519+00:00,"{""order_id"": ""ORD_0013297"", ""customer_id"": ""CUST_003438"", ""product_id"": ""PROD_0031"", ""order_date"": ""2022-11-15"", ""quantity"": 1, ""payment_method"": ""PayPal"", ""order_status"": ""Completed""}"
orders,ORD_0013311,ORPHAN_PRODUCT_FOREIGN_KEY,2026-09-08T16:00:15.302519+00:00,"{""order_id"": ""ORD_0013311"", ""customer_id"": ""CUST_005174"", ""product_id"": ""PROD_0319"", ""order_date"": ""2022-11-15"", ""quantity"": 1, ""payment_method"": ""PayPal"", ""order_status"": ""Completed""}"
orders,ORD_0013415,ORPHAN_PRODUCT_FOREIGN_KEY,2026-09-08T16:00:15.302519+00:00,"{""order_id"": ""ORD_0013415"", ""customer_id"": ""CUST_008435"", ""product_id"": ""PROD_0009"", ""order_date"": ""2022-11-16"", ""quantity"": 1, ""payment_method"": ""Debit Card"", ""order_status"": ""Completed""}"
orders,ORD_0013443,ORPHAN_PRODUCT_FOREIGN_KEY,2026-09-08T16:00:15.302519+00:00,"{""order_id"": ""ORD_0013443"", ""customer_id"": ""CUST_001794"", ""product_id"": ""PROD_0009"", ""order_date"": ""2022-11-17"", ""quantity"": 1, ""payment_method"": ""Cash on Delivery"", ""order_status"": ""Completed""}"
orders,ORD_0013462,ORPHAN_PRODUCT_FOREIGN_KEY,2026-09-08T16:00:15.302519+00:00,"{""order_id"": ""ORD_0013462"", ""customer_id"": ""CUST_003660"", ""product_id"": ""PROD_0101"", ""order_date"": ""2022-11-17"", ""quantity"": 2, ""payment_method"": ""PayPal"", ""order_status"": ""Completed""}"
orders,ORD_0013463,ORPHAN_PRODUCT_FOREIGN_KEY,2026-09-08T16:00:15.302519+00:00,"{""order_id"": ""ORD_0013463"", ""customer_id"": ""CUST_004057"", ""product_id"": ""PROD_0009"", ""order_date"": ""2022-11-17"", ""quantity"": 2, ""payment_method"": ""Credit Card"", ""order_status"": ""Completed""}"
orders,ORD_0013492,ORPHAN_PRODUCT_FOREIGN_KEY,2026-09-08T16:00:15.302519+00:00,"{""order_id"": ""ORD_0013492"", ""customer_id"": ""CUST_007323"", ""product_id"": ""PROD_0009"", ""order_date"": ""2022-11-17"", ""quantity"": 1, ""payment_method"": ""Debit Card"", ""order_status"": ""Completed""}"
orders,ORD_0013528,ORPHAN_PRODUCT_FOREIGN_KEY,2026-09-08T16:00:15.302519+00:00,"{""order_id"": ""ORD_0013528"", ""customer_id"": ""CUST_001808"", ""product_id"": ""PROD_0031"", ""order_date"": ""2022-11-18"", ""quantity"": 1, ""payment_method"": ""PayPal"", ""order_status"": ""Completed""}"
orders,ORD_0013569,ORPHAN_PRODUCT_FOREIGN_KEY,2026-09-08T16:00:15.302519+00:00,"{""order_id"": ""ORD_0013569"", ""customer_id"": ""CUST_006917"", ""product_id"": ""PROD_0009"", ""order_date"": ""2022-11-18"", ""quantity"": 3, ""payment_method"": ""Credit Card"", ""order_status"": ""Completed""}"
orders,ORD_0013606,ORPHAN_PRODUCT_FOREIGN_KEY,2026-09-08T16:00:15.302519+00:00,"{""order_id"": ""ORD_0013606"", ""customer_id"": ""CUST_001026"", ""product_id"": ""PROD_0291"", ""order_date"": ""2022-11-19"", ""quantity"": 1, ""payment_method"": ""Cash on Delivery"", ""order_status"": ""Completed""}"
orders,ORD_0013609,ORPHAN_PRODUCT_FOREIGN_KEY,2026-09-08T16:00:15.302519+00:00,"{""order_id"": ""ORD_0013609"", ""customer_id"": ""CUST_001609"", ""product_id"": ""PROD_0031"", ""order_date"": ""2022-11-19"", ""quantity"": 1, ""payment_method"": ""Cash on Delivery"", ""order_status"": ""Completed""}"
orders,ORD_0013676,ORPHAN_PRODUCT_FOREIGN_KEY,2026-09-08T16:00:15.302519+00:00,"{""order_id"": ""ORD_0013676"", ""customer_id"": ""CUST_009928"", ""product_id"": ""PROD_0009"", ""order_date"": ""2022-11-19"", ""quantity"": 1, ""payment_method"": ""Credit Card"", ""order_status"": ""Shipped""}"
orders,ORD_0013720,ORPHAN_PRODUCT_FOREIGN_KEY,2026-09-08T16:00:15.302519+00:00,"{""order_id"": ""ORD_0013720"", ""customer_id"": ""CUST_005071"", ""product_id"": ""PROD_0009"", ""order_date"": ""2022-11-20"", ""quantity"": 1, ""payment_method"": ""Credit Card"", ""order_status"": ""Completed""}"
orders,ORD_0013814,ORPHAN_PRODUCT_FOREIGN_KEY,2026-09-08T16:00:15.302519+00:00,"{""order_id"": ""ORD_0013814"", ""customer_id"": ""CUST_008976"", ""product_id"": ""PROD_0155"", ""order_date"": ""2022-11-21"", ""quantity"": 1, ""payment_method"": ""Credit Card"", ""order_status"": ""Completed""}"
orders,ORD_0013899,ORPHAN_PRODUCT_FOREIGN_KEY,2026-09-08T16:00:15.302519+00:00,"{""order_id"": ""ORD_0013899"", ""customer_id"": ""CUST_008613"", ""product_id"": ""PROD_0009"", ""order_date"": ""2022-11-22"", ""quantity"": 1, ""payment_method"": ""Debit Card"", ""order_status"": ""Completed""}"
orders,ORD_0013922,ORPHAN_PRODUCT_FOREIGN_KEY,2026-09-08T16:00:15.302519+00:00,"{""order_id"": ""ORD_0013922"", ""customer_id"": ""CUST_001811"", ""product_id"": ""PROD_0485"", ""order_date"": ""2022-11-23"", ""quantity"": 2, ""payment_method"": ""PayPal"", ""order_status"": ""Completed""}"
orders,ORD_0013938,ORPHAN_PRODUCT_FOREIGN_KEY,2026-09-08T16:00:15.302519+00:00,"{""order_id"": ""ORD_0013938"", ""customer_id"": ""CUST_004511"", ""product_id"": ""PROD_0009"", ""order_date"": ""2022-11-23"", ""quantity"": 2, ""payment_method"": ""Credit Card"", ""order_status"": ""Completed""}"
orders,ORD_0014036,ORPHAN_PRODUCT_FOREIGN_KEY,2026-09-08T16:00:15.302519+00:00,"{""order_id"": ""ORD_0014036"", ""customer_id"": ""CUST_005715"", ""product_id"": ""PROD_0009"", ""order_date"": ""2022-11-24"", ""quantity"": 2, ""payment_method"": ""Credit Card"", ""order_status"": ""Completed""}"
orders,ORD_0014063,ORPHAN_PRODUCT_FOREIGN_KEY,2026-09-08T16:00:15.302519+00:00,"{""order_id"": ""ORD_0014063"", ""customer_id"": ""CUST_009861"", ""product_id"": ""PROD_0101"", ""order_date"": ""2022-11-24"", ""quantity"": 2, ""payment_method"": ""Credit Card"", ""order_status"": ""Refunded""}"
orders,ORD_0014074,ORPHAN_PRODUCT_FOREIGN_KEY,2026-09-08T16:00:15.302519+00:00,"{""order_id"": ""ORD_0014074"", ""customer_id"": ""CUST_001880"", ""product_id"": ""PROD_0009"", ""order_date"": ""2022-11-25"", ""quantity"": 1, ""payment_method"": ""Debit Card"", ""order_status"": ""Shipped""}"
orders,ORD_0014107,ORPHAN_PRODUCT_FOREIGN_KEY,2026-09-08T16:00:15.302519+00:00,"{""order_id"": ""ORD_0014107"", ""customer_id"": ""CUST_006623"", ""product_id"": ""PROD_0031"", ""order_date"": ""2022-11-25"", ""quantity"": 4, ""payment_method"": ""Credit Card"", ""order_status"": ""Completed""}"
orders,ORD_0014256,ORPHAN_PRODUCT_FOREIGN_KEY,2026-09-08T16:00:15.302519+00:00,"{""order_id"": ""ORD_0014256"", ""customer_id"": ""CUST_007182"", ""product_id"": ""PROD_0009"", ""order_date"": ""2022-11-27"", ""quantity"": 2, ""payment_method"": ""Credit Card"", ""order_status"": ""Completed""}"
orders,ORD_0014382,ORPHAN_PRODUCT_FOREIGN_KEY,2026-09-08T16:00:15.302519+00:00,"{""order_id"": ""ORD_0014382"", ""customer_id"": ""CUST_004973"", ""product_id"": ""PROD_0031"", ""order_date"": ""2022-11-29"", ""quantity"": 1, ""payment_method"": ""Credit Card"", ""order_status"": ""Completed""}"
orders,ORD_0014483,ORPHAN_PRODUCT_FOREIGN_KEY,2026-09-08T16:00:15.302519+00:00,"{""order_id"": ""ORD_0014483"", ""customer_id"": ""CUST_009510"", ""product_id"": ""PROD_0177"", ""order_date"": ""2022-11-30"", ""quantity"": 2, ""payment_method"": ""Credit Card"", ""order_status"": ""Completed""}"
orders,ORD_0014521,ORPHAN_PRODUCT_FOREIGN_KEY,2026-09-08T16:00:15.302519+00:00,"{""order_id"": ""ORD_0014521"", ""customer_id"": ""CUST_003179"", ""product_id"": ""PROD_0031"", ""order_date"": ""2022-12-01"", ""quantity"": 1, ""payment_method"": ""Credit Card"", ""order_status"": ""Completed""}"
orders,ORD_0014528,ORPHAN_PRODUCT_FOREIGN_KEY,2026-09-08T16:00:15.302519+00:00,"{""order_id"": ""ORD_0014528"", ""customer_id"": ""CUST_003955"", ""product_id"": ""PROD_0009"", ""order_date"": ""2022-12-01"", ""quantity"": 1, ""payment_method"": ""Debit Card"", ""order_status"": ""Completed""}"
orders,ORD_0014576,ORPHAN_PRODUCT_FOREIGN_KEY,2026-09-08T16:00:15.302519+00:00,"{""order_id"": ""ORD_0014576"", ""customer_id"": ""CUST_009743"", ""product_id"": ""PROD_0009"", ""order_date"": ""2022-12-01"", ""quantity"": 1, ""payment_method"": ""PayPal"", ""order_status"": ""Completed""}"
orders,ORD_0014647,ORPHAN_PRODUCT_FOREIGN_KEY,2026-09-08T16:00:15.302519+00:00,"{""order_id"": ""ORD_0014647"", ""customer_id"": ""CUST_009829"", ""product_id"": ""PROD_0009"", ""order_date"": ""2022-12-02"", ""quantity"": 2, ""payment_method"": ""Credit Card"", ""order_status"": ""Cancelled""}"
orders,ORD_0014655,ORPHAN_PRODUCT_FOREIGN_KEY,2026-09-08T16:00:15.302519+00:00,"{""order_id"": ""ORD_0014655"", ""customer_id"": ""CUST_001038"", ""product_id"": ""PROD_0101"", ""order_date"": ""2022-12-03"", ""quantity"": 2, ""payment_method"": ""Credit Card"", ""order_status"": ""Completed""}"
orders,ORD_0014772,ORPHAN_PRODUCT_FOREIGN_KEY,2026-09-08T16:00:15.302519+00:00,"{""order_id"": ""ORD_0014772"", ""customer_id"": ""CUST_004706"", ""product_id"": ""PROD_0009"", ""order_date"": ""2022-12-04"", ""quantity"": 3, ""payment_method"": ""Credit Card"", ""order_status"": ""Completed""}"
orders,ORD_0014845,ORPHAN_PRODUCT_FOREIGN_KEY,2026-09-08T16:00:15.302519+00:00,"{""order_id"": ""ORD_0014845"", ""customer_id"": ""CUST_004406"", ""product_id"": ""PROD_0009"", ""order_date"": ""2022-12-05"", ""quantity"": 1, ""payment_method"": ""Debit Card"", ""order_status"": ""Completed""}"
orders,ORD_0014876,ORPHAN_PRODUCT_FOREIGN_KEY,2026-09-08T16:00:15.302519+00:00,"{""order_id"": ""ORD_0014876"", ""customer_id"": ""CUST_008289"", ""product_id"": ""PROD_0177"", ""order_date"": ""2022-12-05"", ""quantity"": 2, ""payment_method"": ""Cash on Delivery"", ""order_status"": ""Completed""}"
orders,ORD_0014964,ORPHAN_PRODUCT_FOREIGN_KEY,2026-09-08T16:00:15.302519+00:00,"{""order_id"": ""ORD_0014964"", ""customer_id"": ""CUST_001184"", ""product_id"": ""PROD_0031"", ""order_date"": ""2022-12-07"", ""quantity"": 2, ""payment_method"": ""Cash on Delivery"", ""order_status"": ""Completed""}"
orders,ORD_0015017,ORPHAN_PRODUCT_FOREIGN_KEY,2026-09-08T16:00:15.302519+00:00,"{""order_id"": ""ORD_0015017"", ""customer_id"": ""CUST_007194"", ""product_id"": ""PROD_0291"", ""order_date"": ""2022-12-07"", ""quantity"": 1, ""payment_method"": ""PayPal"", ""order_status"": ""Cancelled""}"
orders,ORD_0015027,ORPHAN_PRODUCT_FOREIGN_KEY,2026-09-08T16:00:15.302519+00:00,"{""order_id"": ""ORD_0015027"", ""customer_id"": ""CUST_008550"", ""product_id"": ""PROD_0031"", ""order_date"": ""2022-12-07"", ""quantity"": 1, ""payment_method"": ""Apple Pay"", ""order_status"": ""Completed""}"
orders,ORD_0015050,ORPHAN_PRODUCT_FOREIGN_KEY,2026-09-08T16:00:15.302519+00:00,"{""order_id"": ""ORD_0015050"", ""customer_id"": ""CUST_000969"", ""product_id"": ""PROD_0319"", ""order_date"": ""2022-12-08"", ""quantity"": 1, ""payment_method"": ""PayPal"", ""order_status"": ""Refunded""}"
orders,ORD_0015137,ORPHAN_PRODUCT_FOREIGN_KEY,2026-09-08T16:00:15.302519+00:00,"{""order_id"": ""ORD_0015137"", ""customer_id"": ""CUST_001019"", ""product_id"": ""PROD_0031"", ""order_date"": ""2022-12-09"", ""quantity"": 2, ""payment_method"": ""Credit Card"", ""order_status"": ""Completed""}"
orders,ORD_0015139,ORPHAN_PRODUCT_FOREIGN_KEY,2026-09-08T16:00:15.302519+00:00,"{""order_id"": ""ORD_0015139"", ""customer_id"": ""CUST_001386"", ""product_id"": ""PROD_0009"", ""order_date"": ""2022-12-09"", ""quantity"": 4, ""payment_method"": ""PayPal"", ""order_status"": ""Completed""}"
orders,ORD_0015174,ORPHAN_PRODUCT_FOREIGN_KEY,2026-09-08T16:00:15.302519+00:00,"{""order_id"": ""ORD_0015174"", ""customer_id"": ""CUST_006719"", ""product_id"": ""PROD_0009"", ""order_date"": ""2022-12-09"", ""quantity"": 1, ""payment_method"": ""PayPal"", ""order_status"": ""Completed""}"
orders,ORD_0015187,ORPHAN_PRODUCT_FOREIGN_KEY,2026-09-08T16:00:15.302519+00:00,"{""order_id"": ""ORD_0015187"", ""customer_id"": ""CUST_007741"", ""product_id"": ""PROD_0177"", ""order_date"": ""2022-12-09"", ""quantity"": 3, ""payment_method"": ""PayPal"", ""order_status"": ""Completed""}"
orders,ORD_0015192,ORPHAN_PRODUCT_FOREIGN_KEY,2026-09-08T16:00:15.302519+00:00,"{""order_id"": ""ORD_0015192"", ""customer_id"": ""CUST_008078"", ""product_id"": ""PROD_0009"", ""order_date"": ""2022-12-09"", ""quantity"": 1, ""payment_method"": ""Credit Card"", ""order_status"": ""Refunded""}"
orders,ORD_0015245,ORPHAN_PRODUCT_FOREIGN_KEY,2026-09-08T16:00:15.302519+00:00,"{""order_id"": ""ORD_0015245"", ""customer_id"": ""CUST_003152"", ""product_id"": ""PROD_0009"", ""order_date"": ""2022-12-10"", ""quantity"": 1, ""payment_method"": ""Credit Card"", ""order_status"": ""Completed""}"
orders,ORD_0015251,ORPHAN_PRODUCT_FOREIGN_KEY,2026-09-08T16:00:15.302519+00:00,"{""order_id"": ""ORD_0015251"", ""customer_id"": ""CUST_003667"", ""product_id"": ""PROD_0031"", ""order_date"": ""2022-12-10"", ""quantity"": 4, ""payment_method"": ""Debit Card"", ""order_status"": ""Completed""}"
orders,ORD_0015290,ORPHAN_PRODUCT_FOREIGN_KEY,2026-09-08T16:00:15.302519+00:00,"{""order_id"": ""ORD_0015290"", ""customer_id"": ""CUST_007814"", ""product_id"": ""PROD_0155"", ""order_date"": ""2022-12-10"", ""quantity"": 1, ""payment_method"": ""Credit Card"", ""order_status"": ""Completed""}"
orders,ORD_0015326,ORPHAN_PRODUCT_FOREIGN_KEY,2026-09-08T16:00:15.302519+00:00,"{""order_id"": ""ORD_0015326"", ""customer_id"": ""CUST_002981"", ""product_id"": ""PROD_0177"", ""order_date"": ""2022-12-11"", ""quantity"": 2, ""payment_method"": ""PayPal"", ""order_status"": ""Cancelled""}"
orders,ORD_0015483,ORPHAN_PRODUCT_FOREIGN_KEY,2026-09-08T16:00:15.302519+00:00,"{""order_id"": ""ORD_0015483"", ""customer_id"": ""CUST_001899"", ""product_id"": ""PROD_0009"", ""order_date"": ""2022-12-13"", ""quantity"": 1, ""payment_method"": ""PayPal"", ""order_status"": ""Completed""}"
orders,ORD_0015489,ORPHAN_PRODUCT_FOREIGN_KEY,2026-09-08T16:00:15.302519+00:00,"{""order_id"": ""ORD_0015489"", ""customer_id"": ""CUST_002550"", ""product_id"": ""PROD_0009"", ""order_date"": ""2022-12-13"", ""quantity"": 2, ""payment_method"": ""Debit Card"", ""order_status"": ""Completed""}"
orders,ORD_0015497,ORPHAN_PRODUCT_FOREIGN_KEY,2026-09-08T16:00:15.302519+00:00,"{""order_id"": ""ORD_0015497"", ""customer_id"": ""CUST_003300"", ""product_id"": ""PROD_0031"", ""order_date"": ""2022-12-13"", ""quantity"": 2, ""payment_method"": ""Credit Card"", ""order_status"": ""Completed""}"
orders,ORD_0015523,ORPHAN_PRODUCT_FOREIGN_KEY,2026-09-08T16:00:15.302519+00:00,"{""order_id"": ""ORD_0015523"", ""customer_id"": ""CUST_006591"", ""product_id"": ""PROD_0177"", ""order_date"": ""2022-12-13"", ""quantity"": 2, ""payment_method"": ""PayPal"", ""order_status"": ""Completed""}"
orders,ORD_0015564,ORPHAN_PRODUCT_FOREIGN_KEY,2026-09-08T16:00:15.302519+00:00,"{""order_id"": ""ORD_0015564"", ""customer_id"": ""CUST_001404"", ""product_id"": ""PROD_0009"", ""order_date"": ""2022-12-14"", ""quantity"": 2, ""payment_method"": ""Credit Card"", ""order_status"": ""Completed""}"
orders,ORD_0015613,ORPHAN_PRODUCT_FOREIGN_KEY,2026-09-08T16:00:15.302519+00:00,"{""order_id"": ""ORD_0015613"", ""customer_id"": ""CUST_007315"", ""product_id"": ""PROD_0101"", ""order_date"": ""2022-12-14"", ""quantity"": 1, ""payment_method"": ""PayPal"", ""order_status"": ""Completed""}"
orders,ORD_0015794,ORPHAN_PRODUCT_FOREIGN_KEY,2026-09-08T16:00:15.302519+00:00,"{""order_id"": ""ORD_0015794"", ""customer_id"": ""CUST_008762"", ""product_id"": ""PROD_0009"", ""order_date"": ""2022-12-16"", ""quantity"": 1, ""payment_method"": ""Debit Card"", ""order_status"": ""Completed""}"
orders,ORD_0015826,ORPHAN_PRODUCT_FOREIGN_KEY,2026-09-08T16:00:15.302519+00:00,"{""order_id"": ""ORD_0015826"", ""customer_id"": ""CUST_001684"", ""product_id"": ""PROD_0101"", ""order_date"": ""2022-12-17"", ""quantity"": 1, ""payment_method"": ""Credit Card"", ""order_status"": ""Completed""}"
orders,ORD_0015842,ORPHAN_PRODUCT_FOREIGN_KEY,2026-09-08T16:00:15.302519+00:00,"{""order_id"": ""ORD_0015842"", ""customer_id"": ""CUST_003576"", ""product_id"": ""PROD_0009"", ""order_date"": ""2022-12-17"", ""quantity"": 1, ""payment_method"": ""Debit Card"", ""order_status"": ""Completed""}"
orders,ORD_0015852,ORPHAN_PRODUCT_FOREIGN_KEY,2026-09-08T16:00:15.302519+00:00,"{""order_id"": ""ORD_0015852"", ""customer_id"": ""CUST_005145"", ""product_id"": ""PROD_0101"", ""order_date"": ""2022-12-17"", ""quantity"": 1, ""payment_method"": ""Credit Card"", ""order_status"": ""Completed""}"
orders,ORD_0015927,ORPHAN_PRODUCT_FOREIGN_KEY,2026-09-08T16:00:15.302519+00:00,"{""order_id"": ""ORD_0015927"", ""customer_id"": ""CUST_003424"", ""product_id"": ""PROD_0155"", ""order_date"": ""2022-12-18"", ""quantity"": 1, ""payment_method"": ""PayPal"", ""order_status"": ""Completed""}"
orders,ORD_0015931,ORPHAN_PRODUCT_FOREIGN_KEY,2026-09-08T16:00:15.302519+00:00,"{""order_id"": ""ORD_0015931"", ""customer_id"": ""CUST_004004"", ""product_id"": ""PROD_0031"", ""order_date"": ""2022-12-18"", ""quantity"": 1, ""payment_method"": ""Credit Card"", ""order_status"": ""Refunded""}"
orders,ORD_0015973,ORPHAN_PRODUCT_FOREIGN_KEY,2026-09-08T16:00:15.302519+00:00,"{""order_id"": ""ORD_0015973"", ""customer_id"": ""CUST_000153"", ""product_id"": ""PROD_0177"", ""order_date"": ""2022-12-19"", ""quantity"": 2, ""payment_method"": ""Credit Card"", ""order_status"": ""Completed""}"
orders,ORD_0016044,ORPHAN_PRODUCT_FOREIGN_KEY,2026-09-08T16:00:15.302519+00:00,"{""order_id"": ""ORD_0016044"", ""customer_id"": ""CUST_007550"", ""product_id"": ""PROD_0031"", ""order_date"": ""2022-12-19"", ""quantity"": 1, ""payment_method"": ""PayPal"", ""order_status"": ""Completed""}"
orders,ORD_0016051,ORPHAN_PRODUCT_FOREIGN_KEY,2026-09-08T16:00:15.302519+00:00,"{""order_id"": ""ORD_0016051"", ""customer_id"": ""CUST_008715"", ""product_id"": ""PROD_0009"", ""order_date"": ""2022-12-19"", ""quantity"": 1, ""payment_method"": ""Debit Card"", ""order_status"": ""Completed""}"
orders,ORD_0016159,ORPHAN_PRODUCT_FOREIGN_KEY,2026-09-08T16:00:15.302519+00:00,"{""order_id"": ""ORD_0016159"", ""customer_id"": ""CUST_002005"", ""product_id"": ""PROD_0155"", ""order_date"": ""2022-12-21"", ""quantity"": 2, ""payment_method"": ""Credit Card"", ""order_status"": ""Shipped""}"
orders,ORD_0016181,ORPHAN_PRODUCT_FOREIGN_KEY,2026-09-08T16:00:15.302519+00:00,"{""order_id"": ""ORD_0016181"", ""customer_id"": ""CUST_004720"", ""product_id"": ""PROD_0101"", ""order_date"": ""2022-12-21"", ""quantity"": 1, ""payment_method"": ""PayPal"", ""order_status"": ""Completed""}"
orders,ORD_0016184,ORPHAN_PRODUCT_FOREIGN_KEY,2026-09-08T16:00:15.302519+00:00,"{""order_id"": ""ORD_0016184"", ""customer_id"": ""CUST_004906"", ""product_id"": ""PROD_0009"", ""order_date"": ""2022-12-21"", ""quantity"": 1, ""payment_method"": ""PayPal"", ""order_status"": ""Completed""}"
orders,ORD_0016185,ORPHAN_PRODUCT_FOREIGN_KEY,2026-09-08T16:00:15.302519+00:00,"{""order_id"": ""ORD_0016185"", ""customer_id"": ""CUST_004965"", ""product_id"": ""PROD_0009"", ""order_date"": ""2022-12-21"", ""quantity"": 1, ""payment_method"": ""Debit Card"", ""order_status"": ""Completed""}"
orders,ORD_0016213,ORPHAN_PRODUCT_FOREIGN_KEY,2026-09-08T16:00:15.302519+00:00,"{""order_id"": ""ORD_0016213"", ""customer_id"": ""CUST_008408"", ""product_id"": ""PROD_0009"", ""order_date"": ""2022-12-21"", ""quantity"": 1, ""payment_method"": ""Credit Card"", ""order_status"": ""Completed""}"
orders,ORD_0016245,ORPHAN_PRODUCT_FOREIGN_KEY,2026-09-08T16:00:15.302519+00:00,"{""order_id"": ""ORD_0016245"", ""customer_id"": ""CUST_001402"", ""product_id"": ""PROD_0009"", ""order_date"": ""2022-12-22"", ""quantity"": 2, ""payment_method"": ""Debit Card"", ""order_status"": ""Completed""}"
orders,ORD_0016269,ORPHAN_PRODUCT_FOREIGN_KEY,2026-09-08T16:00:15.302519+00:00,"{""order_id"": ""ORD_0016269"", ""customer_id"": ""CUST_004637"", ""product_id"": ""PROD_0101"", ""order_date"": ""2022-12-22"", ""quantity"": 1, ""payment_method"": ""PayPal"", ""order_status"": ""Shipped""}"
orders,ORD_0016323,ORPHAN_PRODUCT_FOREIGN_KEY,2026-09-08T16:00:15.302519+00:00,"{""order_id"": ""ORD_0016323"", ""customer_id"": ""CUST_001707"", ""product_id"": ""PROD_0009"", ""order_date"": ""2022-12-23"", ""quantity"": 5, ""payment_method"": ""Credit Card"", ""order_status"": ""Completed""}"
orders,ORD_0016327,ORPHAN_PRODUCT_FOREIGN_KEY,2026-09-08T16:00:15.302519+00:00,"{""order_id"": ""ORD_0016327"", ""customer_id"": ""CUST_001939"", ""product_id"": ""PROD_0009"", ""order_date"": ""2022-12-23"", ""quantity"": 1, ""payment_method"": ""Debit Card"", ""order_status"": ""Completed""}"
orders,ORD_0016363,ORPHAN_PRODUCT_FOREIGN_KEY,2026-09-08T16:00:15.302519+00:00,"{""order_id"": ""ORD_0016363"", ""customer_id"": ""CUST_007483"", ""product_id"": ""PROD_0155"", ""order_date"": ""2022-12-23"", ""quantity"": 5, ""payment_method"": ""Debit Card"", ""order_status"": ""Completed""}"
orders,ORD_0016367,ORPHAN_PRODUCT_FOREIGN_KEY,2026-09-08T16:00:15.302519+00:00,"{""order_id"": ""ORD_0016367"", ""customer_id"": ""CUST_008481"", ""product_id"": ""PROD_0031"", ""order_date"": ""2022-12-23"", ""quantity"": 1, ""payment_method"": ""PayPal"", ""order_status"": ""Completed""}"
orders,ORD_0016371,ORPHAN_PRODUCT_FOREIGN_KEY,2026-09-08T16:00:15.302519+00:00,"{""order_id"": ""ORD_0016371"", ""customer_id"": ""CUST_008906"", ""product_id"": ""PROD_0009"", ""order_date"": ""2022-12-23"", ""quantity"": 1, ""payment_method"": ""Credit Card"", ""order_status"": ""Completed""}"
orders,ORD_0016385,ORPHAN_PRODUCT_FOREIGN_KEY,2026-09-08T16:00:15.302519+00:00,"{""order_id"": ""ORD_0016385"", ""customer_id"": ""CUST_000501"", ""product_id"": ""PROD_0009"", ""order_date"": ""2022-12-24"", ""quantity"": 1, ""payment_method"": ""Cash on Delivery"", ""order_status"": ""Completed""}"
orders,ORD_0016388,ORPHAN_PRODUCT_FOREIGN_KEY,2026-09-08T16:00:15.302519+00:00,"{""order_id"": ""ORD_0016388"", ""customer_id"": ""CUST_001840"", ""product_id"": ""PROD_0031"", ""order_date"": ""2022-12-24"", ""quantity"": 1, ""payment_method"": ""PayPal"", ""order_status"": ""Cancelled""}"
orders,ORD_0016402,ORPHAN_PRODUCT_FOREIGN_KEY,2026-09-08T16:00:15.302519+00:00,"{""order_id"": ""ORD_0016402"", ""customer_id"": ""CUST_003401"", ""product_id"": ""PROD_0177"", ""order_date"": ""2022-12-24"", ""quantity"": 1, ""payment_method"": ""Credit Card"", ""order_status"": ""Cancelled""}"
orders,ORD_0016502,ORPHAN_PRODUCT_FOREIGN_KEY,2026-09-08T16:00:15.302519+00:00,"{""order_id"": ""ORD_0016502"", ""customer_id"": ""CUST_003198"", ""product_id"": ""PROD_0319"", ""order_date"": ""2022-12-25"", ""quantity"": 1, ""payment_method"": ""PayPal"", ""order_status"": ""Refunded""}"
orders,ORD_0016512,ORPHAN_PRODUCT_FOREIGN_KEY,2026-09-08T16:00:15.302519+00:00,"{""order_id"": ""ORD_0016512"", ""customer_id"": ""CUST_004568"", ""product_id"": ""PROD_0031"", ""order_date"": ""2022-12-25"", ""quantity"": 2, ""payment_method"": ""Credit Card"", ""order_status"": ""Completed""}"
orders,ORD_0016619,ORPHAN_PRODUCT_FOREIGN_KEY,2026-09-08T16:00:15.302519+00:00,"{""order_id"": ""ORD_0016619"", ""customer_id"": ""CUST_004983"", ""product_id"": ""PROD_0009"", ""order_date"": ""2022-12-26"", ""quantity"": 1, ""payment_method"": ""Credit Card"", ""order_status"": ""Completed""}"
orders,ORD_0016630,ORPHAN_PRODUCT_FOREIGN_KEY,2026-09-08T16:00:15.302519+00:00,"{""order_id"": ""ORD_0016630"", ""customer_id"": ""CUST_005855"", ""product_id"": ""PROD_0101"", ""order_date"": ""2022-12-26"", ""quantity"": 2, ""payment_method"": ""Credit Card"", ""order_status"": ""Completed""}"
orders,ORD_0016833,ORPHAN_PRODUCT_FOREIGN_KEY,2026-09-08T16:00:15.302519+00:00,"{""order_id"": ""ORD_0016833"", ""customer_id"": ""CUST_001318"", ""product_id"": ""PROD_0031"", ""order_date"": ""2022-12-29"", ""quantity"": 3, ""payment_method"": ""PayPal"", ""order_status"": ""Completed""}"
orders,ORD_0016872,ORPHAN_PRODUCT_FOREIGN_KEY,2026-09-08T16:00:15.302519+00:00,"{""order_id"": ""ORD_0016872"", ""customer_id"": ""CUST_005522"", ""product_id"": ""PROD_0155"", ""order_date"": ""2022-12-29"", ""quantity"": 2, ""payment_method"": ""Credit Card"", ""order_status"": ""Completed""}"
orders,ORD_0016890,ORPHAN_PRODUCT_FOREIGN_KEY,2026-09-08T16:00:15.302519+00:00,"{""order_id"": ""ORD_0016890"", ""customer_id"": ""CUST_007842"", ""product_id"": ""PROD_0009"", ""order_date"": ""2022-12-29"", ""quantity"": 1, ""payment_method"": ""Credit Card"", ""order_status"": ""Cancelled""}"
orders,ORD_0016909,ORPHAN_PRODUCT_FOREIGN_KEY,2026-09-08T16:00:15.302519+00:00,"{""order_id"": ""ORD_0016909"", ""customer_id"": ""CUST_010000"", ""product_id"": ""PROD_0009"", ""order_date"": ""2022-12-29"", ""quantity"": 2, ""payment_method"": ""PayPal"", ""order_status"": ""Completed""}"
orders,ORD_0016942,ORPHAN_PRODUCT_FOREIGN_KEY,2026-09-08T16:00:15.302519+00:00,"{""order_id"": ""ORD_0016942"", ""customer_id"": ""CUST_003642"", ""product_id"": ""PROD_0009"", ""order_date"": ""2022-12-30"", ""quantity"": 2, ""payment_method"": ""Apple Pay"", ""order_status"": ""Completed""}"
orders,ORD_0016979,ORPHAN_PRODUCT_FOREIGN_KEY,2026-09-08T16:00:15.302519+00:00,"{""order_id"": ""ORD_0016979"", ""customer_id"": ""CUST_008562"", ""product_id"": ""PROD_0031"", ""order_date"": ""2022-12-30"", ""quantity"": 1, ""payment_method"": ""PayPal"", ""order_status"": ""Completed""}"
orders,ORD_0016993,ORPHAN_PRODUCT_FOREIGN_KEY,2026-09-08T16:00:15.302519+00:00,"{""order_id"": ""ORD_0016993"", ""customer_id"": ""CUST_000458"", ""product_id"": ""PROD_0101"", ""order_date"": ""2022-12-31"", ""quantity"": 1, ""payment_method"": ""Credit Card"", ""order_status"": ""Completed""}"
orders,ORD_0017011,ORPHAN_PRODUCT_FOREIGN_KEY,2026-09-08T16:00:15.302519+00:00,"{""order_id"": ""ORD_0017011"", ""customer_id"": ""CUST_002741"", ""product_id"": ""PROD_0009"", ""order_date"": ""2022-12-31"", ""quantity"": 1, ""payment_method"": ""Debit Card"", ""order_status"": ""Completed""}"
orders,ORD_0017024,ORPHAN_PRODUCT_FOREIGN_KEY,2026-09-08T16:00:15.302519+00:00,"{""order_id"": ""ORD_0017024"", ""customer_id"": ""CUST_003852"", ""product_id"": ""PROD_0009"", ""order_date"": ""2022-12-31"", ""quantity"": 1, ""payment_method"": ""PayPal"", ""order_status"": ""Completed""}"
orders,ORD_0017026,ORPHAN_PRODUCT_FOREIGN_KEY,2026-09-08T16:00:15.302519+00:00,"{""order_id"": ""ORD_0017026"", ""customer_id"": ""CUST_003978"", ""product_id"": ""PROD_0155"", ""order_date"": ""2022-12-31"", ""quantity"": 1, ""payment_method"": ""Apple Pay"", ""order_status"": ""Completed""}"
orders,ORD_0017084,ORPHAN_PRODUCT_FOREIGN_KEY,2026-09-08T16:00:15.302519+00:00,"{""order_id"": ""ORD_0017084"", ""customer_id"": ""CUST_002078"", ""product_id"": ""PROD_0009"", ""order_date"": ""2023-01-01"", ""quantity"": 2, ""payment_method"": ""Cash on Delivery"", ""order_status"": ""Completed""}"
orders,ORD_0017098,ORPHAN_PRODUCT_FOREIGN_KEY,2026-09-08T16:00:15.302519+00:00,"{""order_id"": ""ORD_0017098"", ""customer_id"": ""CUST_003185"", ""product_id"": ""PROD_0009"", ""order_date"": ""2023-01-01"", ""quantity"": 1, ""payment_method"": ""Credit Card"", ""order_status"": ""Completed""}"
orders,ORD_0017108,ORPHAN_PRODUCT_FOREIGN_KEY,2026-09-08T16:00:15.302519+00:00,"{""order_id"": ""ORD_0017108"", ""customer_id"": ""CUST_003933"", ""product_id"": ""PROD_0319"", ""order_date"": ""2023-01-01"", ""quantity"": 2, ""payment_method"": ""Debit Card"", ""order_status"": ""Completed""}"
orders,ORD_0017120,ORPHAN_PRODUCT_FOREIGN_KEY,2026-09-08T16:00:15.302519+00:00,"{""order_id"": ""ORD_0017120"", ""customer_id"": ""CUST_005661"", ""product_id"": ""PROD_0031"", ""order_date"": ""2023-01-01"", ""quantity"": 1, ""payment_method"": ""PayPal"", ""order_status"": ""Shipped""}"
orders,ORD_0017149,ORPHAN_PRODUCT_FOREIGN_KEY,2026-09-08T16:00:15.302519+00:00,"{""order_id"": ""ORD_0017149"", ""customer_id"": ""CUST_009276"", ""product_id"": ""PROD_0177"", ""order_date"": ""2023-01-01"", ""quantity"": 2, ""payment_method"": ""PayPal"", ""order_status"": ""Completed""}"
orders,ORD_0017155,ORPHAN_PRODUCT_FOREIGN_KEY,2026-09-08T16:00:15.302519+00:00,"{""order_id"": ""ORD_0017155"", ""customer_id"": ""CUST_009797"", ""product_id"": ""PROD_0031"", ""order_date"": ""2023-01-01"", ""quantity"": 4, ""payment_method"": ""Credit Card"", ""order_status"": ""Completed""}"
orders,ORD_0017170,ORPHAN_PRODUCT_FOREIGN_KEY,2026-09-08T16:00:15.302519+00:00,"{""order_id"": ""ORD_0017170"", ""customer_id"": ""CUST_001609"", ""product_id"": ""PROD_0291"", ""order_date"": ""2023-01-02"", ""quantity"": 4, ""payment_method"": ""Debit Card"", ""order_status"": ""Completed""}"
orders,ORD_0017177,ORPHAN_PRODUCT_FOREIGN_KEY,2026-09-08T16:00:15.302519+00:00,"{""order_id"": ""ORD_0017177"", ""customer_id"": ""CUST_002571"", ""product_id"": ""PROD_0009"", ""order_date"": ""2023-01-02"", ""quantity"": 1, ""payment_method"": ""Cash on Delivery"", ""order_status"": ""Completed""}"
orders,ORD_0017208,ORPHAN_PRODUCT_FOREIGN_KEY,2026-09-08T16:00:15.302519+00:00,"{""order_id"": ""ORD_0017208"", ""customer_id"": ""CUST_005642"", ""product_id"": ""PROD_0009"", ""order_date"": ""2023-01-02"", ""quantity"": 1, ""payment_method"": ""Credit Card"", ""order_status"": ""Shipped""}"
orders,ORD_0017335,ORPHAN_PRODUCT_FOREIGN_KEY,2026-09-08T16:00:15.302519+00:00,"{""order_id"": ""ORD_0017335"", ""customer_id"": ""CUST_000989"", ""product_id"": ""PROD_0009"", ""order_date"": ""2023-01-04"", ""quantity"": 1, ""payment_method"": ""Credit Card"", ""order_status"": ""Completed""}"
orders,ORD_0017336,ORPHAN_PRODUCT_FOREIGN_KEY,2026-09-08T16:00:15.302519+00:00,"{""order_id"": ""ORD_0017336"", ""customer_id"": ""CUST_001019"", ""product_id"": ""PROD_0009"", ""order_date"": ""2023-01-04"", ""quantity"": 2, ""payment_method"": ""Credit Card"", ""order_status"": ""Completed""}"
orders,ORD_0017341,ORPHAN_PRODUCT_FOREIGN_KEY,2026-09-08T16:00:15.302519+00:00,"{""order_id"": ""ORD_0017341"", ""customer_id"": ""CUST_001944"", ""product_id"": ""PROD_0009"", ""order_date"": ""2023-01-04"", ""quantity"": 2, ""payment_method"": ""Credit Card"", ""order_status"": ""Shipped""}"
orders,ORD_0017367,ORPHAN_PRODUCT_FOREIGN_KEY,2026-09-08T16:00:15.302519+00:00,"{""order_id"": ""ORD_0017367"", ""customer_id"": ""CUST_004609"", ""product_id"": ""PROD_0031"", ""order_date"": ""2023-01-04"", ""quantity"": 1, ""payment_method"": ""Debit Card"", ""order_status"": ""Completed""}"
orders,ORD_0017369,ORPHAN_PRODUCT_FOREIGN_KEY,2026-09-08T16:00:15.302519+00:00,"{""order_id"": ""ORD_0017369"", ""customer_id"": ""CUST_004761"", ""product_id"": ""PROD_0101"", ""order_date"": ""2023-01-04"", ""quantity"": 1, ""payment_method"": ""Credit Card"", ""order_status"": ""Completed""}"
orders,ORD_0017406,ORPHAN_PRODUCT_FOREIGN_KEY,2026-09-08T16:00:15.302519+00:00,"{""order_id"": ""ORD_0017406"", ""customer_id"": ""CUST_009041"", ""product_id"": ""PROD_0009"", ""order_date"": ""2023-01-04"", ""quantity"": 2, ""payment_method"": ""Debit Card"", ""order_status"": ""Refunded""}"
orders,ORD_0017470,ORPHAN_PRODUCT_FOREIGN_KEY,2026-09-08T16:00:15.302519+00:00,"{""order_id"": ""ORD_0017470"", ""customer_id"": ""CUST_007109"", ""product_id"": ""PROD_0291"", ""order_date"": ""2023-01-05"", ""quantity"": 1, ""payment_method"": ""PayPal"", ""order_status"": ""Completed""}"
orders,ORD_0017495,ORPHAN_PRODUCT_FOREIGN_KEY,2026-09-08T16:00:15.302519+00:00,"{""order_id"": ""ORD_0017495"", ""customer_id"": ""CUST_009383"", ""product_id"": ""PROD_0009"", ""order_date"": ""2023-01-05"", ""quantity"": 3, ""payment_method"": ""Credit Card"", ""order_status"": ""Completed""}"
orders,ORD_0017539,ORPHAN_PRODUCT_FOREIGN_KEY,2026-09-08T16:00:15.302519+00:00,"{""order_id"": ""ORD_0017539"", ""customer_id"": ""CUST_006330"", ""product_id"": ""PROD_0485"", ""order_date"": ""2023-01-06"", ""quantity"": 1, ""payment_method"": ""Credit Card"", ""order_status"": ""Completed""}"
orders,ORD_0017578,ORPHAN_PRODUCT_FOREIGN_KEY,2026-09-08T16:00:15.302519+00:00,"{""order_id"": ""ORD_0017578"", ""customer_id"": ""CUST_000074"", ""product_id"": ""PROD_0031"", ""order_date"": ""2023-01-07"", ""quantity"": 1, ""payment_method"": ""PayPal"", ""order_status"": ""Completed""}"
orders,ORD_0017583,ORPHAN_PRODUCT_FOREIGN_KEY,2026-09-08T16:00:15.302519+00:00,"{""order_id"": ""ORD_0017583"", ""customer_id"": ""CUST_001403"", ""product_id"": ""PROD_0009"", ""order_date"": ""2023-01-07"", ""quantity"": 1, ""payment_method"": ""Debit Card"", ""order_status"": ""Completed""}"
orders,ORD_0017676,ORPHAN_PRODUCT_FOREIGN_KEY,2026-09-08T16:00:15.302519+00:00,"{""order_id"": ""ORD_0017676"", ""customer_id"": ""CUST_001415"", ""product_id"": ""PROD_0031"", ""order_date"": ""2023-01-08"", ""quantity"": 4, ""payment_method"": ""PayPal"", ""order_status"": ""Shipped""}"
orders,ORD_0017745,ORPHAN_PRODUCT_FOREIGN_KEY,2026-09-08T16:00:15.302519+00:00,"{""order_id"": ""ORD_0017745"", ""customer_id"": ""CUST_008074"", ""product_id"": ""PROD_0009"", ""order_date"": ""2023-01-08"", ""quantity"": 1, ""payment_method"": ""PayPal"", ""order_status"": ""Completed""}"
orders,ORD_0017771,ORPHAN_PRODUCT_FOREIGN_KEY,2026-09-08T16:00:15.302519+00:00,"{""order_id"": ""ORD_0017771"", ""customer_id"": ""CUST_001589"", ""product_id"": ""PROD_0319"", ""order_date"": ""2023-01-09"", ""quantity"": 5, ""payment_method"": ""Credit Card"", ""order_status"": ""Completed""}"
orders,ORD_0017848,ORPHAN_PRODUCT_FOREIGN_KEY,2026-09-08T16:00:15.302519+00:00,"{""order_id"": ""ORD_0017848"", ""customer_id"": ""CUST_000635"", ""product_id"": ""PROD_0009"", ""order_date"": ""2023-01-10"", ""quantity"": 1, ""payment_method"": ""Debit Card"", ""order_status"": ""Completed""}"
orders,ORD_0017852,ORPHAN_PRODUCT_FOREIGN_KEY,2026-09-08T16:00:15.302519+00:00,"{""order_id"": ""ORD_0017852"", ""customer_id"": ""CUST_000901"", ""product_id"": ""PROD_0155"", ""order_date"": ""2023-01-10"", ""quantity"": 1, ""payment_method"": ""Credit Card"", ""order_status"": ""Completed""}"
orders,ORD_0017858,ORPHAN_PRODUCT_FOREIGN_KEY,2026-09-08T16:00:15.302519+00:00,"{""order_id"": ""ORD_0017858"", ""customer_id"": ""CUST_001639"", ""product_id"": ""PROD_0031"", ""order_date"": ""2023-01-10"", ""quantity"": 1, ""payment_method"": ""Credit Card"", ""order_status"": ""Completed""}"
orders,ORD_0017869,ORPHAN_PRODUCT_FOREIGN_KEY,2026-09-08T16:00:15.302519+00:00,"{""order_id"": ""ORD_0017869"", ""customer_id"": ""CUST_002754"", ""product_id"": ""PROD_0101"", ""order_date"": ""2023-01-10"", ""quantity"": 1, ""payment_method"": ""Credit Card"", ""order_status"": ""Cancelled""}"
orders,ORD_0017880,ORPHAN_PRODUCT_FOREIGN_KEY,2026-09-08T16:00:15.302519+00:00,"{""order_id"": ""ORD_0017880"", ""customer_id"": ""CUST_004375"", ""product_id"": ""PROD_0009"", ""order_date"": ""2023-01-10"", ""quantity"": 1, ""payment_method"": ""Unknown"", ""order_status"": ""Completed""}"
orders,ORD_0017884,ORPHAN_PRODUCT_FOREIGN_KEY,2026-09-08T16:00:15.302519+00:00,"{""order_id"": ""ORD_0017884"", ""customer_id"": ""CUST_005084"", ""product_id"": ""PROD_0009"", ""order_date"": ""2023-01-10"", ""quantity"": 1, ""payment_method"": ""PayPal"", ""order_status"": ""Shipped""}"
orders,ORD_0017914,ORPHAN_PRODUCT_FOREIGN_KEY,2026-09-08T16:00:15.302519+00:00,"{""order_id"": ""ORD_0017914"", ""customer_id"": ""CUST_000042"", ""product_id"": ""PROD_0009"", ""order_date"": ""2023-01-11"", ""quantity"": 1, ""payment_method"": ""Debit Card"", ""order_status"": ""Shipped""}"
orders,ORD_0017935,ORPHAN_PRODUCT_FOREIGN_KEY,2026-09-08T16:00:15.302519+00:00,"{""order_id"": ""ORD_0017935"", ""customer_id"": ""CUST_002880"", ""product_id"": ""PROD_0009"", ""order_date"": ""2023-01-11"", ""quantity"": 1, ""payment_method"": ""Credit Card"", ""order_status"": ""Refunded""}"
orders,ORD_0017980,ORPHAN_PRODUCT_FOREIGN_KEY,2026-09-08T16:00:15.302519+00:00,"{""order_id"": ""ORD_0017980"", ""customer_id"": ""CUST_008095"", ""product_id"": ""PROD_0009"", ""order_date"": ""2023-01-11"", ""quantity"": 1, ""payment_method"": ""Credit Card"", ""order_status"": ""Shipped""}"
orders,ORD_0018050,ORPHAN_PRODUCT_FOREIGN_KEY,2026-09-08T16:00:15.302519+00:00,"{""order_id"": ""ORD_0018050"", ""customer_id"": ""CUST_005483"", ""product_id"": ""PROD_0009"", ""order_date"": ""2023-01-12"", ""quantity"": 2, ""payment_method"": ""Credit Card"", ""order_status"": ""Completed""}"
orders,ORD_0018061,ORPHAN_PRODUCT_FOREIGN_KEY,2026-09-08T16:00:15.302519+00:00,"{""order_id"": ""ORD_0018061"", ""customer_id"": ""CUST_006692"", ""product_id"": ""PROD_0009"", ""order_date"": ""2023-01-12"", ""quantity"": 1, ""payment_method"": ""Cash on Delivery"", ""order_status"": ""Shipped""}"
orders,ORD_0018068,ORPHAN_PRODUCT_FOREIGN_KEY,2026-09-08T16:00:15.302519+00:00,"{""order_id"": ""ORD_0018068"", ""customer_id"": ""CUST_007241"", ""product_id"": ""PROD_0009"", ""order_date"": ""2023-01-12"", ""quantity"": 1, ""payment_method"": ""PayPal"", ""order_status"": ""Completed""}"
orders,ORD_0018108,ORPHAN_PRODUCT_FOREIGN_KEY,2026-09-08T16:00:15.302519+00:00,"{""order_id"": ""ORD_0018108"", ""customer_id"": ""CUST_001707"", ""product_id"": ""PROD_0009"", ""order_date"": ""2023-01-13"", ""quantity"": 3, ""payment_method"": ""Apple Pay"", ""order_status"": ""Completed""}"
orders,ORD_0018119,ORPHAN_PRODUCT_FOREIGN_KEY,2026-09-08T16:00:15.302519+00:00,"{""order_id"": ""ORD_0018119"", ""customer_id"": ""CUST_002743"", ""product_id"": ""PROD_0101"", ""order_date"": ""2023-01-13"", ""quantity"": 1, ""payment_method"": ""PayPal"", ""order_status"": ""Completed""}"
orders,ORD_0018178,ORPHAN_PRODUCT_FOREIGN_KEY,2026-09-08T16:00:15.302519+00:00,"{""order_id"": ""ORD_0018178"", ""customer_id"": ""CUST_009138"", ""product_id"": ""PROD_0155"", ""order_date"": ""2023-01-13"", ""quantity"": 2, ""payment_method"": ""Apple Pay"", ""order_status"": ""Completed""}"
orders,ORD_0018181,ORPHAN_PRODUCT_FOREIGN_KEY,2026-09-08T16:00:15.302519+00:00,"{""order_id"": ""ORD_0018181"", ""customer_id"": ""CUST_009728"", ""product_id"": ""PROD_0101"", ""order_date"": ""2023-01-13"", ""quantity"": 1, ""payment_method"": ""PayPal"", ""order_status"": ""Completed""}"
orders,ORD_0018185,ORPHAN_PRODUCT_FOREIGN_KEY,2026-09-08T16:00:15.302519+00:00,"{""order_id"": ""ORD_0018185"", ""customer_id"": ""CUST_000635"", ""product_id"": ""PROD_0031"", ""order_date"": ""2023-01-14"", ""quantity"": 5, ""payment_method"": ""PayPal"", ""order_status"": ""Cancelled""}"
orders,ORD_0018186,ORPHAN_PRODUCT_FOREIGN_KEY,2026-09-08T16:00:15.302519+00:00,"{""order_id"": ""ORD_0018186"", ""customer_id"": ""CUST_000643"", ""product_id"": ""PROD_0031"", ""order_date"": ""2023-01-14"", ""quantity"": 1, ""payment_method"": ""Credit Card"", ""order_status"": ""Completed""}"
orders,ORD_0018251,ORPHAN_PRODUCT_FOREIGN_KEY,2026-09-08T16:00:15.302519+00:00,"{""order_id"": ""ORD_0018251"", ""customer_id"": ""CUST_008474"", ""product_id"": ""PROD_0009"", ""order_date"": ""2023-01-14"", ""quantity"": 1, ""payment_method"": ""Apple Pay"", ""order_status"": ""Refunded""}"
orders,ORD_0018276,ORPHAN_PRODUCT_FOREIGN_KEY,2026-09-08T16:00:15.302519+00:00,"{""order_id"": ""ORD_0018276"", ""customer_id"": ""CUST_002312"", ""product_id"": ""PROD_0031"", ""order_date"": ""2023-01-15"", ""quantity"": 1, ""payment_method"": ""Credit Card"", ""order_status"": ""Cancelled""}"
orders,ORD_0018346,ORPHAN_PRODUCT_FOREIGN_KEY,2026-09-08T16:00:15.302519+00:00,"{""order_id"": ""ORD_0018346"", ""customer_id"": ""CUST_000184"", ""product_id"": ""PROD_0009"", ""order_date"": ""2023-01-16"", ""quantity"": 1, ""payment_method"": ""Credit Card"", ""order_status"": ""Completed""}"
orders,ORD_0018347,ORPHAN_PRODUCT_FOREIGN_KEY,2026-09-08T16:00:15.302519+00:00,"{""order_id"": ""ORD_0018347"", ""customer_id"": ""CUST_000225"", ""product_id"": ""PROD_0031"", ""order_date"": ""2023-01-16"", ""quantity"": 3, ""payment_method"": ""Debit Card"", ""order_status"": ""Completed""}"
orders,ORD_0018377,ORPHAN_PRODUCT_FOREIGN_KEY,2026-09-08T16:00:15.302519+00:00,"{""order_id"": ""ORD_0018377"", ""customer_id"": ""CUST_002854"", ""product_id"": ""PROD_0101"", ""order_date"": ""2023-01-16"", ""quantity"": 1, ""payment_method"": ""PayPal"", ""order_status"": ""Shipped""}"
orders,ORD_0018403,ORPHAN_PRODUCT_FOREIGN_KEY,2026-09-08T16:00:15.302519+00:00,"{""order_id"": ""ORD_0018403"", ""customer_id"": ""CUST_004239"", ""product_id"": ""PROD_0009"", ""order_date"": ""2023-01-16"", ""quantity"": 2, ""payment_method"": ""Credit Card"", ""order_status"": ""Completed""}"
orders,ORD_0018453,ORPHAN_PRODUCT_FOREIGN_KEY,2026-09-08T16:00:15.302519+00:00,"{""order_id"": ""ORD_0018453"", ""customer_id"": ""CUST_000109"", ""product_id"": ""PROD_0009"", ""order_date"": ""2023-01-17"", ""quantity"": 3, ""payment_method"": ""Credit Card"", ""order_status"": ""Completed""}"
orders,ORD_0018540,ORPHAN_PRODUCT_FOREIGN_KEY,2026-09-08T16:00:15.302519+00:00,"{""order_id"": ""ORD_0018540"", ""customer_id"": ""CUST_000969"", ""product_id"": ""PROD_0009"", ""order_date"": ""2023-01-18"", ""quantity"": 1, ""payment_method"": ""PayPal"", ""order_status"": ""Completed""}"
orders,ORD_0018550,ORPHAN_PRODUCT_FOREIGN_KEY,2026-09-08T16:00:15.302519+00:00,"{""order_id"": ""ORD_0018550"", ""customer_id"": ""CUST_001885"", ""product_id"": ""PROD_0101"", ""order_date"": ""2023-01-18"", ""quantity"": 3, ""payment_method"": ""PayPal"", ""order_status"": ""Completed""}"
orders,ORD_0018572,ORPHAN_PRODUCT_FOREIGN_KEY,2026-09-08T16:00:15.302519+00:00,"{""order_id"": ""ORD_0018572"", ""customer_id"": ""CUST_004036"", ""product_id"": ""PROD_0009"", ""order_date"": ""2023-01-18"", ""quantity"": 1, ""payment_method"": ""Credit Card"", ""order_status"": ""Completed""}"
orders,ORD_0018583,ORPHAN_PRODUCT_FOREIGN_KEY,2026-09-08T16:00:15.302519+00:00,"{""order_id"": ""ORD_0018583"", ""customer_id"": ""CUST_005304"", ""product_id"": ""PROD_0009"", ""order_date"": ""2023-01-18"", ""quantity"": 1, ""payment_method"": ""Credit Card"", ""order_status"": ""Completed""}"
orders,ORD_0018627,ORPHAN_PRODUCT_FOREIGN_KEY,2026-09-08T16:00:15.302519+00:00,"{""order_id"": ""ORD_0018627"", ""customer_id"": ""CUST_000218"", ""product_id"": ""PROD_0009"", ""order_date"": ""2023-01-19"", ""quantity"": 1, ""payment_method"": ""Credit Card"", ""order_status"": ""Completed""}"
orders,ORD_0018657,ORPHAN_PRODUCT_FOREIGN_KEY,2026-09-08T16:00:15.302519+00:00,"{""order_id"": ""ORD_0018657"", ""customer_id"": ""CUST_003239"", ""product_id"": ""PROD_0009"", ""order_date"": ""2023-01-19"", ""quantity"": 2, ""payment_method"": ""Cash on Delivery"", ""order_status"": ""Completed""}"
orders,ORD_0018702,ORPHAN_PRODUCT_FOREIGN_KEY,2026-09-08T16:00:15.302519+00:00,"{""order_id"": ""ORD_0018702"", ""customer_id"": ""CUST_009575"", ""product_id"": ""PROD_0009"", ""order_date"": ""2023-01-19"", ""quantity"": 1, ""payment_method"": ""Credit Card"", ""order_status"": ""Cancelled""}"
orders,ORD_0018748,ORPHAN_PRODUCT_FOREIGN_KEY,2026-09-08T16:00:15.302519+00:00,"{""order_id"": ""ORD_0018748"", ""customer_id"": ""CUST_004472"", ""product_id"": ""PROD_0009"", ""order_date"": ""2023-01-20"", ""quantity"": 1, ""payment_method"": ""Unknown"", ""order_status"": ""Shipped""}"
orders,ORD_0018808,ORPHAN_PRODUCT_FOREIGN_KEY,2026-09-08T16:00:15.302519+00:00,"{""order_id"": ""ORD_0018808"", ""customer_id"": ""CUST_001480"", ""product_id"": ""PROD_0031"", ""order_date"": ""2023-01-21"", ""quantity"": 1, ""payment_method"": ""Credit Card"", ""order_status"": ""Completed""}"
orders,ORD_0018891,ORPHAN_PRODUCT_FOREIGN_KEY,2026-09-08T16:00:15.302519+00:00,"{""order_id"": ""ORD_0018891"", ""customer_id"": ""CUST_009556"", ""product_id"": ""PROD_0009"", ""order_date"": ""2023-01-21"", ""quantity"": 1, ""payment_method"": ""Cash on Delivery"", ""order_status"": ""Completed""}"
orders,ORD_0018924,ORPHAN_PRODUCT_FOREIGN_KEY,2026-09-08T16:00:15.302519+00:00,"{""order_id"": ""ORD_0018924"", ""customer_id"": ""CUST_003167"", ""product_id"": ""PROD_0009"", ""order_date"": ""2023-01-22"", ""quantity"": 2, ""payment_method"": ""Credit Card"", ""order_status"": ""Completed""}"
orders,ORD_0018952,ORPHAN_PRODUCT_FOREIGN_KEY,2026-09-08T16:00:15.302519+00:00,"{""order_id"": ""ORD_0018952"", ""customer_id"": ""CUST_005559"", ""product_id"": ""PROD_0291"", ""order_date"": ""2023-01-22"", ""quantity"": 1, ""payment_method"": ""Credit Card"", ""order_status"": ""Completed""}"
orders,ORD_0018959,ORPHAN_PRODUCT_FOREIGN_KEY,2026-09-08T16:00:15.302519+00:00,"{""order_id"": ""ORD_0018959"", ""customer_id"": ""CUST_007125"", ""product_id"": ""PROD_0101"", ""order_date"": ""2023-01-22"", ""quantity"": 1, ""payment_method"": ""Credit Card"", ""order_status"": ""Completed""}"
orders,ORD_0018960,ORPHAN_PRODUCT_FOREIGN_KEY,2026-09-08T16:00:15.302519+00:00,"{""order_id"": ""ORD_0018960"", ""customer_id"": ""CUST_007322"", ""product_id"": ""PROD_0009"", ""order_date"": ""2023-01-22"", ""quantity"": 2, ""payment_method"": ""Debit Card"", ""order_status"": ""Completed""}"
orders,ORD_0018987,ORPHAN_PRODUCT_FOREIGN_KEY,2026-09-08T16:00:15.302519+00:00,"{""order_id"": ""ORD_0018987"", ""customer_id"": ""CUST_001376"", ""product_id"": ""PROD_0101"", ""order_date"": ""2023-01-23"", ""quantity"": 1, ""payment_method"": ""Credit Card"", ""order_status"": ""Completed""}"
orders,ORD_0019010,ORPHAN_PRODUCT_FOREIGN_KEY,2026-09-08T16:00:15.302519+00:00,"{""order_id"": ""ORD_0019010"", ""customer_id"": ""CUST_003725"", ""product_id"": ""PROD_0009"", ""order_date"": ""2023-01-23"", ""quantity"": 1, ""payment_method"": ""Credit Card"", ""order_status"": ""Completed""}"
orders,ORD_0019015,ORPHAN_PRODUCT_FOREIGN_KEY,2026-09-08T16:00:15.302519+00:00,"{""order_id"": ""ORD_0019015"", ""customer_id"": ""CUST_004260"", ""product_id"": ""PROD_0009"", ""order_date"": ""2023-01-23"", ""quantity"": 2, ""payment_method"": ""Apple Pay"", ""order_status"": ""Completed""}"
orders,ORD_0019065,ORPHAN_PRODUCT_FOREIGN_KEY,2026-09-08T16:00:15.302519+00:00,"{""order_id"": ""ORD_0019065"", ""customer_id"": ""CUST_009754"", ""product_id"": ""PROD_0009"", ""order_date"": ""2023-01-23"", ""quantity"": 2, ""payment_method"": ""Debit Card"", ""order_status"": ""Shipped""}"
orders,ORD_0019108,ORPHAN_PRODUCT_FOREIGN_KEY,2026-09-08T16:00:15.302519+00:00,"{""order_id"": ""ORD_0019108"", ""customer_id"": ""CUST_003261"", ""product_id"": ""PROD_0009"", ""order_date"": ""2023-01-24"", ""quantity"": 4, ""payment_method"": ""Debit Card"", ""order_status"": ""Completed""}"
orders,ORD_0019214,ORPHAN_PRODUCT_FOREIGN_KEY,2026-09-08T16:00:15.302519+00:00,"{""order_id"": ""ORD_0019214"", ""customer_id"": ""CUST_003578"", ""product_id"": ""PROD_0009"", ""order_date"": ""2023-01-25"", ""quantity"": 1, ""payment_method"": ""Debit Card"", ""order_status"": ""Refunded""}"
orders,ORD_0019236,ORPHAN_PRODUCT_FOREIGN_KEY,2026-09-08T16:00:15.302519+00:00,"{""order_id"": ""ORD_0019236"", ""customer_id"": ""CUST_005863"", ""product_id"": ""PROD_0009"", ""order_date"": ""2023-01-25"", ""quantity"": 4, ""payment_method"": ""PayPal"", ""order_status"": ""Completed""}"
orders,ORD_0019258,ORPHAN_PRODUCT_FOREIGN_KEY,2026-09-08T16:00:15.302519+00:00,"{""order_id"": ""ORD_0019258"", ""customer_id"": ""CUST_007231"", ""product_id"": ""PROD_0155"", ""order_date"": ""2023-01-25"", ""quantity"": 1, ""payment_method"": ""PayPal"", ""order_status"": ""Completed""}"
orders,ORD_0019284,ORPHAN_PRODUCT_FOREIGN_KEY,2026-09-08T16:00:15.302519+00:00,"{""order_id"": ""ORD_0019284"", ""customer_id"": ""CUST_009582"", ""product_id"": ""PROD_0009"", ""order_date"": ""2023-01-25"", ""quantity"": 1, ""payment_method"": ""Cash on Delivery"", ""order_status"": ""Completed""}"
orders,ORD_0019318,ORPHAN_PRODUCT_FOREIGN_KEY,2026-09-08T16:00:15.302519+00:00,"{""order_id"": ""ORD_0019318"", ""customer_id"": ""CUST_003765"", ""product_id"": ""PROD_0009"", ""order_date"": ""2023-01-26"", ""quantity"": 1, ""payment_method"": ""Credit Card"", ""order_status"": ""Completed""}"
orders,ORD_0019355,ORPHAN_PRODUCT_FOREIGN_KEY,2026-09-08T16:00:15.302519+00:00,"{""order_id"": ""ORD_0019355"", ""customer_id"": ""CUST_007866"", ""product_id"": ""PROD_0009"", ""order_date"": ""2023-01-26"", ""quantity"": 1, ""payment_method"": ""Cash on Delivery"", ""order_status"": ""Completed""}"
orders,ORD_0019404,ORPHAN_PRODUCT_FOREIGN_KEY,2026-09-08T16:00:15.302519+00:00,"{""order_id"": ""ORD_0019404"", ""customer_id"": ""CUST_004592"", ""product_id"": ""PROD_0009"", ""order_date"": ""2023-01-27"", ""quantity"": 1, ""payment_method"": ""Credit Card"", ""order_status"": ""Completed""}"
orders,ORD_0019408,ORPHAN_PRODUCT_FOREIGN_KEY,2026-09-08T16:00:15.302519+00:00,"{""order_id"": ""ORD_0019408"", ""customer_id"": ""CUST_004877"", ""product_id"": ""PROD_0009"", ""order_date"": ""2023-01-27"", ""quantity"": 3, ""payment_method"": ""Credit Card"", ""order_status"": ""Completed""}"
orders,ORD_0019465,ORPHAN_PRODUCT_FOREIGN_KEY,2026-09-08T16:00:15.302519+00:00,"{""order_id"": ""ORD_0019465"", ""customer_id"": ""CUST_001084"", ""product_id"": ""PROD_0031"", ""order_date"": ""2023-01-28"", ""quantity"": 1, ""payment_method"": ""Cash on Delivery"", ""order_status"": ""Completed""}"
orders,ORD_0019546,ORPHAN_PRODUCT_FOREIGN_KEY,2026-09-08T16:00:15.302519+00:00,"{""order_id"": ""ORD_0019546"", ""customer_id"": ""CUST_008361"", ""product_id"": ""PROD_0009"", ""order_date"": ""2023-01-28"", ""quantity"": 4, ""payment_method"": ""Debit Card"", ""order_status"": ""Completed""}"
orders,ORD_0019586,ORPHAN_PRODUCT_FOREIGN_KEY,2026-09-08T16:00:15.302519+00:00,"{""order_id"": ""ORD_0019586"", ""customer_id"": ""CUST_001126"", ""product_id"": ""PROD_0485"", ""order_date"": ""2023-01-29"", ""quantity"": 2, ""payment_method"": ""Credit Card"", ""order_status"": ""Completed""}"
orders,ORD_0019588,ORPHAN_PRODUCT_FOREIGN_KEY,2026-09-08T16:00:15.302519+00:00,"{""order_id"": ""ORD_0019588"", ""customer_id"": ""CUST_001621"", ""product_id"": ""PROD_0319"", ""order_date"": ""2023-01-29"", ""quantity"": 3, ""payment_method"": ""Credit Card"", ""order_status"": ""Completed""}"
orders,ORD_0019612,ORPHAN_PRODUCT_FOREIGN_KEY,2026-09-08T16:00:15.302519+00:00,"{""order_id"": ""ORD_0019612"", ""customer_id"": ""CUST_002992"", ""product_id"": ""PROD_0009"", ""order_date"": ""2023-01-29"", ""quantity"": 4, ""payment_method"": ""Credit Card"", ""order_status"": ""Cancelled""}"
orders,ORD_0019740,ORPHAN_PRODUCT_FOREIGN_KEY,2026-09-08T16:00:15.302519+00:00,"{""order_id"": ""ORD_0019740"", ""customer_id"": ""CUST_007282"", ""product_id"": ""PROD_0009"", ""order_date"": ""2023-01-30"", ""quantity"": 5, ""payment_method"": ""PayPal"", ""order_status"": ""Completed""}"
orders,ORD_0019769,ORPHAN_PRODUCT_FOREIGN_KEY,2026-09-08T16:00:15.302519+00:00,"{""order_id"": ""ORD_0019769"", ""customer_id"": ""CUST_009892"", ""product_id"": ""PROD_0009"", ""order_date"": ""2023-01-30"", ""quantity"": 1, ""payment_method"": ""Cash on Delivery"", ""order_status"": ""Completed""}"
orders,ORD_0019799,ORPHAN_PRODUCT_FOREIGN_KEY,2026-09-08T16:00:15.302519+00:00,"{""order_id"": ""ORD_0019799"", ""customer_id"": ""CUST_003735"", ""product_id"": ""PROD_0009"", ""order_date"": ""2023-01-31"", ""quantity"": 1, ""payment_method"": ""Debit Card"", ""order_status"": ""Completed""}"
orders,ORD_0019843,ORPHAN_PRODUCT_FOREIGN_KEY,2026-09-08T16:00:15.302519+00:00,"{""order_id"": ""ORD_0019843"", ""customer_id"": ""CUST_007867"", ""product_id"": ""PROD_0009"", ""order_date"": ""2023-01-31"", ""quantity"": 1, ""payment_method"": ""Debit Card"", ""order_status"": ""Completed""}"
orders,ORD_0019891,ORPHAN_PRODUCT_FOREIGN_KEY,2026-09-08T16:00:15.302519+00:00,"{""order_id"": ""ORD_0019891"", ""customer_id"": ""CUST_002129"", ""product_id"": ""PROD_0319"", ""order_date"": ""2023-02-01"", ""quantity"": 2, ""payment_method"": ""Credit Card"", ""order_status"": ""Completed""}"
orders,ORD_0019934,ORPHAN_PRODUCT_FOREIGN_KEY,2026-09-08T16:00:15.302519+00:00,"{""order_id"": ""ORD_0019934"", ""customer_id"": ""CUST_005684"", ""product_id"": ""PROD_0009"", ""order_date"": ""2023-02-01"", ""quantity"": 1, ""payment_method"": ""Credit Card"", ""order_status"": ""Completed""}"
orders,ORD_0019943,ORPHAN_PRODUCT_FOREIGN_KEY,2026-09-08T16:00:15.302519+00:00,"{""order_id"": ""ORD_0019943"", ""customer_id"": ""CUST_006338"", ""product_id"": ""PROD_0291"", ""order_date"": ""2023-02-01"", ""quantity"": 1, ""payment_method"": ""PayPal"", ""order_status"": ""Completed""}"
orders,ORD_0019998,ORPHAN_PRODUCT_FOREIGN_KEY,2026-09-08T16:00:15.302519+00:00,"{""order_id"": ""ORD_0019998"", ""customer_id"": ""CUST_003330"", ""product_id"": ""PROD_0031"", ""order_date"": ""2023-02-02"", ""quantity"": 1, ""payment_method"": ""Cash on Delivery"", ""order_status"": ""Completed""}"
orders,ORD_0020051,ORPHAN_PRODUCT_FOREIGN_KEY,2026-09-08T16:00:15.302519+00:00,"{""order_id"": ""ORD_0020051"", ""customer_id"": ""CUST_009497"", ""product_id"": ""PROD_0031"", ""order_date"": ""2023-02-02"", ""quantity"": 2, ""payment_method"": ""Credit Card"", ""order_status"": ""Completed""}"
orders,ORD_0020114,ORPHAN_PRODUCT_FOREIGN_KEY,2026-09-08T16:00:15.302519+00:00,"{""order_id"": ""ORD_0020114"", ""customer_id"": ""CUST_007161"", ""product_id"": ""PROD_0031"", ""order_date"": ""2023-02-03"", ""quantity"": 2, ""payment_method"": ""Debit Card"", ""order_status"": ""Completed""}"
orders,ORD_0020162,ORPHAN_PRODUCT_FOREIGN_KEY,2026-09-08T16:00:15.302519+00:00,"{""order_id"": ""ORD_0020162"", ""customer_id"": ""CUST_001740"", ""product_id"": ""PROD_0009"", ""order_date"": ""2023-02-04"", ""quantity"": 2, ""payment_method"": ""Credit Card"", ""order_status"": ""Completed""}"
orders,ORD_0020176,ORPHAN_PRODUCT_FOREIGN_KEY,2026-09-08T16:00:15.302519+00:00,"{""order_id"": ""ORD_0020176"", ""customer_id"": ""CUST_002887"", ""product_id"": ""PROD_0009"", ""order_date"": ""2023-02-04"", ""quantity"": 1, ""payment_method"": ""Credit Card"", ""order_status"": ""Completed""}"
orders,ORD_0020427,ORPHAN_PRODUCT_FOREIGN_KEY,2026-09-08T16:00:15.302519+00:00,"{""order_id"": ""ORD_0020427"", ""customer_id"": ""CUST_000769"", ""product_id"": ""PROD_0031"", ""order_date"": ""2023-02-07"", ""quantity"": 1, ""payment_method"": ""Debit Card"", ""order_status"": ""Completed""}"
orders,ORD_0020437,ORPHAN_PRODUCT_FOREIGN_KEY,2026-09-08T16:00:15.302519+00:00,"{""order_id"": ""ORD_0020437"", ""customer_id"": ""CUST_002152"", ""product_id"": ""PROD_0177"", ""order_date"": ""2023-02-07"", ""quantity"": 1, ""payment_method"": ""PayPal"", ""order_status"": ""Completed""}"
orders,ORD_0020443,ORPHAN_PRODUCT_FOREIGN_KEY,2026-09-08T16:00:15.302519+00:00,"{""order_id"": ""ORD_0020443"", ""customer_id"": ""CUST_002514"", ""product_id"": ""PROD_0009"", ""order_date"": ""2023-02-07"", ""quantity"": 1, ""payment_method"": ""Credit Card"", ""order_status"": ""Completed""}"
orders,ORD_0020457,ORPHAN_PRODUCT_FOREIGN_KEY,2026-09-08T16:00:15.302519+00:00,"{""order_id"": ""ORD_0020457"", ""customer_id"": ""CUST_003525"", ""product_id"": ""PROD_0319"", ""order_date"": ""2023-02-07"", ""quantity"": 1, ""payment_method"": ""Credit Card"", ""order_status"": ""Completed""}"
orders,ORD_0020458,ORPHAN_PRODUCT_FOREIGN_KEY,2026-09-08T16:00:15.302519+00:00,"{""order_id"": ""ORD_0020458"", ""customer_id"": ""CUST_003660"", ""product_id"": ""PROD_0009"", ""order_date"": ""2023-02-07"", ""quantity"": 1, ""payment_method"": ""PayPal"", ""order_status"": ""Refunded""}"
orders,ORD_0020517,ORPHAN_PRODUCT_FOREIGN_KEY,2026-09-08T16:00:15.302519+00:00,"{""order_id"": ""ORD_0020517"", ""customer_id"": ""CUST_000350"", ""product_id"": ""PROD_0009"", ""order_date"": ""2023-02-08"", ""quantity"": 2, ""payment_method"": ""Debit Card"", ""order_status"": ""Completed""}"
orders,ORD_0020535,ORPHAN_PRODUCT_FOREIGN_KEY,2026-09-08T16:00:15.302519+00:00,"{""order_id"": ""ORD_0020535"", ""customer_id"": ""CUST_001842"", ""product_id"": ""PROD_0155"", ""order_date"": ""2023-02-08"", ""quantity"": 1, ""payment_method"": ""Cash on Delivery"", ""order_status"": ""Completed""}"
orders,ORD_0020548,ORPHAN_PRODUCT_FOREIGN_KEY,2026-09-08T16:00:15.302519+00:00,"{""order_id"": ""ORD_0020548"", ""customer_id"": ""CUST_003034"", ""product_id"": ""PROD_0177"", ""order_date"": ""2023-02-08"", ""quantity"": 1, ""payment_method"": ""Credit Card"", ""order_status"": ""Completed""}"
orders,ORD_0020648,ORPHAN_PRODUCT_FOREIGN_KEY,2026-09-08T16:00:15.302519+00:00,"{""order_id"": ""ORD_0020648"", ""customer_id"": ""CUST_003255"", ""product_id"": ""PROD_0009"", ""order_date"": ""2023-02-09"", ""quantity"": 2, ""payment_method"": ""Credit Card"", ""order_status"": ""Completed""}"
orders,ORD_0020671,ORPHAN_PRODUCT_FOREIGN_KEY,2026-09-08T16:00:15.302519+00:00,"{""order_id"": ""ORD_0020671"", ""customer_id"": ""CUST_006245"", ""product_id"": ""PROD_0155"", ""order_date"": ""2023-02-09"", ""quantity"": 1, ""payment_method"": ""PayPal"", ""order_status"": ""Completed""}"
orders,ORD_0020694,ORPHAN_PRODUCT_FOREIGN_KEY,2026-09-08T16:00:15.302519+00:00,"{""order_id"": ""ORD_0020694"", ""customer_id"": ""CUST_008933"", ""product_id"": ""PROD_0009"", ""order_date"": ""2023-02-09"", ""quantity"": 1, ""payment_method"": ""Credit Card"", ""order_status"": ""Completed""}"
orders,ORD_0020710,ORPHAN_PRODUCT_FOREIGN_KEY,2026-09-08T16:00:15.302519+00:00,"{""order_id"": ""ORD_0020710"", ""customer_id"": ""CUST_001255"", ""product_id"": ""PROD_0009"", ""order_date"": ""2023-02-10"", ""quantity"": 1, ""payment_method"": ""Credit Card"", ""order_status"": ""Completed""}"
orders,ORD_0020742,ORPHAN_PRODUCT_FOREIGN_KEY,2026-09-08T16:00:15.302519+00:00,"{""order_id"": ""ORD_0020742"", ""customer_id"": ""CUST_004089"", ""product_id"": ""PROD_0009"", ""order_date"": ""2023-02-10"", ""quantity"": 2, ""payment_method"": ""Debit Card"", ""order_status"": ""Completed""}"
orders,ORD_0020812,ORPHAN_PRODUCT_FOREIGN_KEY,2026-09-08T16:00:15.302519+00:00,"{""order_id"": ""ORD_0020812"", ""customer_id"": ""CUST_001367"", ""product_id"": ""PROD_0009"", ""order_date"": ""2023-02-11"", ""quantity"": 1, ""payment_method"": ""Cash on Delivery"", ""order_status"": ""Completed""}"
orders,ORD_0020838,ORPHAN_PRODUCT_FOREIGN_KEY,2026-09-08T16:00:15.302519+00:00,"{""order_id"": ""ORD_0020838"", ""customer_id"": ""CUST_003765"", ""product_id"": ""PROD_0009"", ""order_date"": ""2023-02-11"", ""quantity"": 1, ""payment_method"": ""Apple Pay"", ""order_status"": ""Completed""}"
orders,ORD_0020855,ORPHAN_PRODUCT_FOREIGN_KEY,2026-09-08T16:00:15.302519+00:00,"{""order_id"": ""ORD_0020855"", ""customer_id"": ""CUST_005438"", ""product_id"": ""PROD_0009"", ""order_date"": ""2023-02-11"", ""quantity"": 1, ""payment_method"": ""Credit Card"", ""order_status"": ""Completed""}"
orders,ORD_0020872,ORPHAN_PRODUCT_FOREIGN_KEY,2026-09-08T16:00:15.302519+00:00,"{""order_id"": ""ORD_0020872"", ""customer_id"": ""CUST_006685"", ""product_id"": ""PROD_0009"", ""order_date"": ""2023-02-11"", ""quantity"": 1, ""payment_method"": ""Cash on Delivery"", ""order_status"": ""Completed""}"
orders,ORD_0020918,ORPHAN_PRODUCT_FOREIGN_KEY,2026-09-08T16:00:15.302519+00:00,"{""order_id"": ""ORD_0020918"", ""customer_id"": ""CUST_001877"", ""product_id"": ""PROD_0009"", ""order_date"": ""2023-02-12"", ""quantity"": 1, ""payment_method"": ""Debit Card"", ""order_status"": ""Shipped""}"
orders,ORD_0020964,ORPHAN_PRODUCT_FOREIGN_KEY,2026-09-08T16:00:15.302519+00:00,"{""order_id"": ""ORD_0020964"", ""customer_id"": ""CUST_006536"", ""product_id"": ""PROD_0009"", ""order_date"": ""2023-02-12"", ""quantity"": 1, ""payment_method"": ""Credit Card"", ""order_status"": ""Completed""}"
orders,ORD_0020978,ORPHAN_PRODUCT_FOREIGN_KEY,2026-09-08T16:00:15.302519+00:00,"{""order_id"": ""ORD_0020978"", ""customer_id"": ""CUST_007575"", ""product_id"": ""PROD_0009"", ""order_date"": ""2023-02-12"", ""quantity"": 1, ""payment_method"": ""Credit Card"", ""order_status"": ""Completed""}"
orders,ORD_0021010,ORPHAN_PRODUCT_FOREIGN_KEY,2026-09-08T16:00:15.302519+00:00,"{""order_id"": ""ORD_0021010"", ""customer_id"": ""CUST_000294"", ""product_id"": ""PROD_0031"", ""order_date"": ""2023-02-13"", ""quantity"": 1, ""payment_method"": ""PayPal"", ""order_status"": ""Completed""}"
orders,ORD_0021038,ORPHAN_PRODUCT_FOREIGN_KEY,2026-09-08T16:00:15.302519+00:00,"{""order_id"": ""ORD_0021038"", ""customer_id"": ""CUST_003801"", ""product_id"": ""PROD_0009"", ""order_date"": ""2023-02-13"", ""quantity"": 8, ""payment_method"": ""Cash on Delivery"", ""order_status"": ""Completed""}"
orders,ORD_0021132,ORPHAN_PRODUCT_FOREIGN_KEY,2026-09-08T16:00:15.302519+00:00,"{""order_id"": ""ORD_0021132"", ""customer_id"": ""CUST_003707"", ""product_id"": ""PROD_0319"", ""order_date"": ""2023-02-14"", ""quantity"": 1, ""payment_method"": ""Credit Card"", ""order_status"": ""Completed""}"
orders,ORD_0021157,ORPHAN_PRODUCT_FOREIGN_KEY,2026-09-08T16:00:15.302519+00:00,"{""order_id"": ""ORD_0021157"", ""customer_id"": ""CUST_006236"", ""product_id"": ""PROD_0009"", ""order_date"": ""2023-02-14"", ""quantity"": 1, ""payment_method"": ""PayPal"", ""order_status"": ""Completed""}"
orders,ORD_0021218,ORPHAN_PRODUCT_FOREIGN_KEY,2026-09-08T16:00:15.302519+00:00,"{""order_id"": ""ORD_0021218"", ""customer_id"": ""CUST_003232"", ""product_id"": ""PROD_0009"", ""order_date"": ""2023-02-15"", ""quantity"": 6, ""payment_method"": ""Credit Card"", ""order_status"": ""Completed""}"
orders,ORD_0021350,ORPHAN_PRODUCT_FOREIGN_KEY,2026-09-08T16:00:15.302519+00:00,"{""order_id"": ""ORD_0021350"", ""customer_id"": ""CUST_005468"", ""product_id"": ""PROD_0101"", ""order_date"": ""2023-02-16"", ""quantity"": 1, ""payment_method"": ""PayPal"", ""order_status"": ""Completed""}"
orders,ORD_0021401,ORPHAN_PRODUCT_FOREIGN_KEY,2026-09-08T16:00:15.302519+00:00,"{""order_id"": ""ORD_0021401"", ""customer_id"": ""CUST_000781"", ""product_id"": ""PROD_0031"", ""order_date"": ""2023-02-17"", ""quantity"": 1, ""payment_method"": ""Credit Card"", ""order_status"": ""Completed""}"
orders,ORD_0021421,ORPHAN_PRODUCT_FOREIGN_KEY,2026-09-08T16:00:15.302519+00:00,"{""order_id"": ""ORD_0021421"", ""customer_id"": ""CUST_002645"", ""product_id"": ""PROD_0009"", ""order_date"": ""2023-02-17"", ""quantity"": 1, ""payment_method"": ""Credit Card"", ""order_status"": ""Cancelled""}"
orders,ORD_0021461,ORPHAN_PRODUCT_FOREIGN_KEY,2026-09-08T16:00:15.302519+00:00,"{""order_id"": ""ORD_0021461"", ""customer_id"": ""CUST_005611"", ""product_id"": ""PROD_0009"", ""order_date"": ""2023-02-17"", ""quantity"": 2, ""payment_method"": ""Cash on Delivery"", ""order_status"": ""Completed""}"
orders,ORD_0021475,ORPHAN_PRODUCT_FOREIGN_KEY,2026-09-08T16:00:15.302519+00:00,"{""order_id"": ""ORD_0021475"", ""customer_id"": ""CUST_006655"", ""product_id"": ""PROD_0009"", ""order_date"": ""2023-02-17"", ""quantity"": 1, ""payment_method"": ""Credit Card"", ""order_status"": ""Completed""}"
orders,ORD_0021483,ORPHAN_PRODUCT_FOREIGN_KEY,2026-09-08T16:00:15.302519+00:00,"{""order_id"": ""ORD_0021483"", ""customer_id"": ""CUST_007603"", ""product_id"": ""PROD_0155"", ""order_date"": ""2023-02-17"", ""quantity"": 1, ""payment_method"": ""Credit Card"", ""order_status"": ""Completed""}"
orders,ORD_0021521,ORPHAN_PRODUCT_FOREIGN_KEY,2026-09-08T16:00:15.302519+00:00,"{""order_id"": ""ORD_0021521"", ""customer_id"": ""CUST_000966"", ""product_id"": ""PROD_0009"", ""order_date"": ""2023-02-18"", ""quantity"": 1, ""payment_method"": ""Credit Card"", ""order_status"": ""Completed""}"
orders,ORD_0021551,ORPHAN_PRODUCT_FOREIGN_KEY,2026-09-08T16:00:15.302519+00:00,"{""order_id"": ""ORD_0021551"", ""customer_id"": ""CUST_004452"", ""product_id"": ""PROD_0009"", ""order_date"": ""2023-02-18"", ""quantity"": 1, ""payment_method"": ""PayPal"", ""order_status"": ""Completed""}"
orders,ORD_0021604,ORPHAN_PRODUCT_FOREIGN_KEY,2026-09-08T16:00:15.302519+00:00,"{""order_id"": ""ORD_0021604"", ""customer_id"": ""CUST_009638"", ""product_id"": ""PROD_0009"", ""order_date"": ""2023-02-18"", ""quantity"": 1, ""payment_method"": ""Credit Card"", ""order_status"": ""Completed""}"
orders,ORD_0021622,ORPHAN_PRODUCT_FOREIGN_KEY,2026-09-08T16:00:15.302519+00:00,"{""order_id"": ""ORD_0021622"", ""customer_id"": ""CUST_001517"", ""product_id"": ""PROD_0031"", ""order_date"": ""2023-02-19"", ""quantity"": 1, ""payment_method"": ""Credit Card"", ""order_status"": ""Completed""}"
orders,ORD_0021683,ORPHAN_PRODUCT_FOREIGN_KEY,2026-09-08T16:00:15.302519+00:00,"{""order_id"": ""ORD_0021683"", ""customer_id"": ""CUST_008715"", ""product_id"": ""PROD_0155"", ""order_date"": ""2023-02-19"", ""quantity"": 1, ""payment_method"": ""PayPal"", ""order_status"": ""Completed""}"
orders,ORD_0021710,ORPHAN_PRODUCT_FOREIGN_KEY,2026-09-08T16:00:15.302519+00:00,"{""order_id"": ""ORD_0021710"", ""customer_id"": ""CUST_001984"", ""product_id"": ""PROD_0009"", ""order_date"": ""2023-02-20"", ""quantity"": 1, ""payment_method"": ""Credit Card"", ""order_status"": ""Completed""}"
orders,ORD_0021719,ORPHAN_PRODUCT_FOREIGN_KEY,2026-09-08T16:00:15.302519+00:00,"{""order_id"": ""ORD_0021719"", ""customer_id"": ""CUST_002665"", ""product_id"": ""PROD_0009"", ""order_date"": ""2023-02-20"", ""quantity"": 2, ""payment_method"": ""PayPal"", ""order_status"": ""Completed""}"
orders,ORD_0021861,ORPHAN_PRODUCT_FOREIGN_KEY,2026-09-08T16:00:15.302519+00:00,"{""order_id"": ""ORD_0021861"", ""customer_id"": ""CUST_009360"", ""product_id"": ""PROD_0009"", ""order_date"": ""2023-02-21"", ""quantity"": 1, ""payment_method"": ""Apple Pay"", ""order_status"": ""Completed""}"
orders,ORD_0021890,ORPHAN_PRODUCT_FOREIGN_KEY,2026-09-08T16:00:15.302519+00:00,"{""order_id"": ""ORD_0021890"", ""customer_id"": ""CUST_002228"", ""product_id"": ""PROD_0009"", ""order_date"": ""2023-02-22"", ""quantity"": 1, ""payment_method"": ""Credit Card"", ""order_status"": ""Completed""}"
orders,ORD_0021921,ORPHAN_PRODUCT_FOREIGN_KEY,2026-09-08T16:00:15.302519+00:00,"{""order_id"": ""ORD_0021921"", ""customer_id"": ""CUST_004949"", ""product_id"": ""PROD_0101"", ""order_date"": ""2023-02-22"", ""quantity"": 2, ""payment_method"": ""Credit Card"", ""order_status"": ""Completed""}"
orders,ORD_0021932,ORPHAN_PRODUCT_FOREIGN_KEY,2026-09-08T16:00:15.302519+00:00,"{""order_id"": ""ORD_0021932"", ""customer_id"": ""CUST_005587"", ""product_id"": ""PROD_0009"", ""order_date"": ""2023-02-22"", ""quantity"": 1, ""payment_method"": ""Credit Card"", ""order_status"": ""Completed""}"
orders,ORD_0021958,ORPHAN_PRODUCT_FOREIGN_KEY,2026-09-08T16:00:15.302519+00:00,"{""order_id"": ""ORD_0021958"", ""customer_id"": ""CUST_007970"", ""product_id"": ""PROD_0009"", ""order_date"": ""2023-02-22"", ""quantity"": 1, ""payment_method"": ""Cash on Delivery"", ""order_status"": ""Completed""}"
orders,ORD_0021963,ORPHAN_PRODUCT_FOREIGN_KEY,2026-09-08T16:00:15.302519+00:00,"{""order_id"": ""ORD_0021963"", ""customer_id"": ""CUST_008508"", ""product_id"": ""PROD_0031"", ""order_date"": ""2023-02-22"", ""quantity"": 1, ""payment_method"": ""Credit Card"", ""order_status"": ""Refunded""}"
orders,ORD_0021998,ORPHAN_PRODUCT_FOREIGN_KEY,2026-09-08T16:00:15.302519+00:00,"{""order_id"": ""ORD_0021998"", ""customer_id"": ""CUST_002130"", ""product_id"": ""PROD_0009"", ""order_date"": ""2023-02-23"", ""quantity"": 1, ""payment_method"": ""Credit Card"", ""order_status"": ""Completed""}"
orders,ORD_0022010,ORPHAN_PRODUCT_FOREIGN_KEY,2026-09-08T16:00:15.302519+00:00,"{""order_id"": ""ORD_0022010"", ""customer_id"": ""CUST_003039"", ""product_id"": ""PROD_0155"", ""order_date"": ""2023-02-23"", ""quantity"": 1, ""payment_method"": ""Debit Card"", ""order_status"": ""Completed""}"
orders,ORD_0022029,ORPHAN_PRODUCT_FOREIGN_KEY,2026-09-08T16:00:15.302519+00:00,"{""order_id"": ""ORD_0022029"", ""customer_id"": ""CUST_005304"", ""product_id"": ""PROD_0291"", ""order_date"": ""2023-02-23"", ""quantity"": 1, ""payment_method"": ""Credit Card"", ""order_status"": ""Completed""}"
orders,ORD_0022079,ORPHAN_PRODUCT_FOREIGN_KEY,2026-09-08T16:00:15.302519+00:00,"{""order_id"": ""ORD_0022079"", ""customer_id"": ""CUST_009886"", ""product_id"": ""PROD_0009"", ""order_date"": ""2023-02-23"", ""quantity"": 1, ""payment_method"": ""Debit Card"", ""order_status"": ""Shipped""}"
orders,ORD_0022084,ORPHAN_PRODUCT_FOREIGN_KEY,2026-09-08T16:00:15.302519+00:00,"{""order_id"": ""ORD_0022084"", ""customer_id"": ""CUST_001019"", ""product_id"": ""PROD_0155"", ""order_date"": ""2023-02-24"", ""quantity"": 1, ""payment_method"": ""Credit Card"", ""order_status"": ""Cancelled""}"
orders,ORD_0022097,ORPHAN_PRODUCT_FOREIGN_KEY,2026-09-08T16:00:15.302519+00:00,"{""order_id"": ""ORD_0022097"", ""customer_id"": ""CUST_002919"", ""product_id"": ""PROD_0009"", ""order_date"": ""2023-02-24"", ""quantity"": 1, ""payment_method"": ""Credit Card"", ""order_status"": ""Completed""}"
orders,ORD_0022115,ORPHAN_PRODUCT_FOREIGN_KEY,2026-09-08T16:00:15.302519+00:00,"{""order_id"": ""ORD_0022115"", ""customer_id"": ""CUST_004687"", ""product_id"": ""PROD_0031"", ""order_date"": ""2023-02-24"", ""quantity"": 4, ""payment_method"": ""Debit Card"", ""order_status"": ""Completed""}"
orders,ORD_0022144,ORPHAN_PRODUCT_FOREIGN_KEY,2026-09-08T16:00:15.302519+00:00,"{""order_id"": ""ORD_0022144"", ""customer_id"": ""CUST_008091"", ""product_id"": ""PROD_0009"", ""order_date"": ""2023-02-24"", ""quantity"": 4, ""payment_method"": ""Credit Card"", ""order_status"": ""Completed""}"
orders,ORD_0022171,ORPHAN_PRODUCT_FOREIGN_KEY,2026-09-08T16:00:15.302519+00:00,"{""order_id"": ""ORD_0022171"", ""customer_id"": ""CUST_001765"", ""product_id"": ""PROD_0009"", ""order_date"": ""2023-02-25"", ""quantity"": 2, ""payment_method"": ""Credit Card"", ""order_status"": ""Cancelled""}"
orders,ORD_0022178,ORPHAN_PRODUCT_FOREIGN_KEY,2026-09-08T16:00:15.302519+00:00,"{""order_id"": ""ORD_0022178"", ""customer_id"": ""CUST_002741"", ""product_id"": ""PROD_0009"", ""order_date"": ""2023-02-25"", ""quantity"": 2, ""payment_method"": ""Credit Card"", ""order_status"": ""Completed""}"
orders,ORD_0022199,ORPHAN_PRODUCT_FOREIGN_KEY,2026-09-08T16:00:15.302519+00:00,"{""order_id"": ""ORD_0022199"", ""customer_id"": ""CUST_004359"", ""product_id"": ""PROD_0031"", ""order_date"": ""2023-02-25"", ""quantity"": 1, ""payment_method"": ""Credit Card"", ""order_status"": ""Completed""}"
orders,ORD_0022203,ORPHAN_PRODUCT_FOREIGN_KEY,2026-09-08T16:00:15.302519+00:00,"{""order_id"": ""ORD_0022203"", ""customer_id"": ""CUST_004723"", ""product_id"": ""PROD_0009"", ""order_date"": ""2023-02-25"", ""quantity"": 1, ""payment_method"": ""Credit Card"", ""order_status"": ""Completed""}"
orders,ORD_0022256,ORPHAN_PRODUCT_FOREIGN_KEY,2026-09-08T16:00:15.302519+00:00,"{""order_id"": ""ORD_0022256"", ""customer_id"": ""CUST_000615"", ""product_id"": ""PROD_0009"", ""order_date"": ""2023-02-26"", ""quantity"": 1, ""payment_method"": ""Debit Card"", ""order_status"": ""Cancelled""}"
orders,ORD_0022279,ORPHAN_PRODUCT_FOREIGN_KEY,2026-09-08T16:00:15.302519+00:00,"{""order_id"": ""ORD_0022279"", ""customer_id"": ""CUST_002712"", ""product_id"": ""PROD_0031"", ""order_date"": ""2023-02-26"", ""quantity"": 1, ""payment_method"": ""PayPal"", ""order_status"": ""Completed""}"
orders,ORD_0022286,ORPHAN_PRODUCT_FOREIGN_KEY,2026-09-08T16:00:15.302519+00:00,"{""order_id"": ""ORD_0022286"", ""customer_id"": ""CUST_003714"", ""product_id"": ""PROD_0009"", ""order_date"": ""2023-02-26"", ""quantity"": 2, ""payment_method"": ""Credit Card"", ""order_status"": ""Completed""}"
orders,ORD_0022292,ORPHAN_PRODUCT_FOREIGN_KEY,2026-09-08T16:00:15.302519+00:00,"{""order_id"": ""ORD_0022292"", ""customer_id"": ""CUST_004208"", ""product_id"": ""PROD_0031"", ""order_date"": ""2023-02-26"", ""quantity"": 1, ""payment_method"": ""PayPal"", ""order_status"": ""Completed""}"
orders,ORD_0022307,ORPHAN_PRODUCT_FOREIGN_KEY,2026-09-08T16:00:15.302519+00:00,"{""order_id"": ""ORD_0022307"", ""customer_id"": ""CUST_006573"", ""product_id"": ""PROD_0009"", ""order_date"": ""2023-02-26"", ""quantity"": 1, ""payment_method"": ""Debit Card"", ""order_status"": ""Completed""}"
orders,ORD_0022356,ORPHAN_PRODUCT_FOREIGN_KEY,2026-09-08T16:00:15.302519+00:00,"{""order_id"": ""ORD_0022356"", ""customer_id"": ""CUST_001157"", ""product_id"": ""PROD_0291"", ""order_date"": ""2023-02-27"", ""quantity"": 1, ""payment_method"": ""PayPal"", ""order_status"": ""Completed""}"
orders,ORD_0022529,ORPHAN_PRODUCT_FOREIGN_KEY,2026-09-08T16:00:15.302519+00:00,"{""order_id"": ""ORD_0022529"", ""customer_id"": ""CUST_009342"", ""product_id"": ""PROD_0031"", ""order_date"": ""2023-02-28"", ""quantity"": 1, ""payment_method"": ""PayPal"", ""order_status"": ""Completed""}"
orders,ORD_0022661,ORPHAN_PRODUCT_FOREIGN_KEY,2026-09-08T16:00:15.302519+00:00,"{""order_id"": ""ORD_0022661"", ""customer_id"": ""CUST_002260"", ""product_id"": ""PROD_0009"", ""order_date"": ""2023-03-02"", ""quantity"": 1, ""payment_method"": ""Cash on Delivery"", ""order_status"": ""Completed""}"
orders,ORD_0022665,ORPHAN_PRODUCT_FOREIGN_KEY,2026-09-08T16:00:15.302519+00:00,"{""order_id"": ""ORD_0022665"", ""customer_id"": ""CUST_002712"", ""product_id"": ""PROD_0291"", ""order_date"": ""2023-03-02"", ""quantity"": 3, ""payment_method"": ""Credit Card"", ""order_status"": ""Cancelled""}"
orders,ORD_0022691,ORPHAN_PRODUCT_FOREIGN_KEY,2026-09-08T16:00:15.302519+00:00,"{""order_id"": ""ORD_0022691"", ""customer_id"": ""CUST_005454"", ""product_id"": ""PROD_0009"", ""order_date"": ""2023-03-02"", ""quantity"": 2, ""payment_method"": ""PayPal"", ""order_status"": ""Completed""}"
orders,ORD_0022708,ORPHAN_PRODUCT_FOREIGN_KEY,2026-09-08T16:00:15.302519+00:00,"{""order_id"": ""ORD_0022708"", ""customer_id"": ""CUST_007758"", ""product_id"": ""PROD_0009"", ""order_date"": ""2023-03-02"", ""quantity"": 1, ""payment_method"": ""PayPal"", ""order_status"": ""Completed""}"
orders,ORD_0022730,ORPHAN_PRODUCT_FOREIGN_KEY,2026-09-08T16:00:15.302519+00:00,"{""order_id"": ""ORD_0022730"", ""customer_id"": ""CUST_000140"", ""product_id"": ""PROD_0009"", ""order_date"": ""2023-03-03"", ""quantity"": 2, ""payment_method"": ""PayPal"", ""order_status"": ""Completed""}"
orders,ORD_0022752,ORPHAN_PRODUCT_FOREIGN_KEY,2026-09-08T16:00:15.302519+00:00,"{""order_id"": ""ORD_0022752"", ""customer_id"": ""CUST_002359"", ""product_id"": ""PROD_0291"", ""order_date"": ""2023-03-03"", ""quantity"": 1, ""payment_method"": ""PayPal"", ""order_status"": ""Completed""}"
orders,ORD_0022775,ORPHAN_PRODUCT_FOREIGN_KEY,2026-09-08T16:00:15.302519+00:00,"{""order_id"": ""ORD_0022775"", ""customer_id"": ""CUST_004640"", ""product_id"": ""PROD_0031"", ""order_date"": ""2023-03-03"", ""quantity"": 1, ""payment_method"": ""Debit Card"", ""order_status"": ""Completed""}"
orders,ORD_0022791,ORPHAN_PRODUCT_FOREIGN_KEY,2026-09-08T16:00:15.302519+00:00,"{""order_id"": ""ORD_0022791"", ""customer_id"": ""CUST_006082"", ""product_id"": ""PROD_0009"", ""order_date"": ""2023-03-03"", ""quantity"": 1, ""payment_method"": ""PayPal"", ""order_status"": ""Completed""}"
orders,ORD_0022794,ORPHAN_PRODUCT_FOREIGN_KEY,2026-09-08T16:00:15.302519+00:00,"{""order_id"": ""ORD_0022794"", ""customer_id"": ""CUST_006324"", ""product_id"": ""PROD_0101"", ""order_date"": ""2023-03-03"", ""quantity"": 1, ""payment_method"": ""Apple Pay"", ""order_status"": ""Completed""}"
orders,ORD_0022818,ORPHAN_PRODUCT_FOREIGN_KEY,2026-09-08T16:00:15.302519+00:00,"{""order_id"": ""ORD_0022818"", ""customer_id"": ""CUST_009201"", ""product_id"": ""PROD_0009"", ""order_date"": ""2023-03-03"", ""quantity"": 1, ""payment_method"": ""Credit Card"", ""order_status"": ""Completed""}"
orders,ORD_0022834,ORPHAN_PRODUCT_FOREIGN_KEY,2026-09-08T16:00:15.302519+00:00,"{""order_id"": ""ORD_0022834"", ""customer_id"": ""CUST_000725"", ""product_id"": ""PROD_0031"", ""order_date"": ""2023-03-04"", ""quantity"": 4, ""payment_method"": ""PayPal"", ""order_status"": ""Completed""}"
orders,ORD_0022909,ORPHAN_PRODUCT_FOREIGN_KEY,2026-09-08T16:00:15.302519+00:00,"{""order_id"": ""ORD_0022909"", ""customer_id"": ""CUST_007957"", ""product_id"": ""PROD_0101"", ""order_date"": ""2023-03-04"", ""quantity"": 1, ""payment_method"": ""PayPal"", ""order_status"": ""Completed""}"
orders,ORD_0022977,ORPHAN_PRODUCT_FOREIGN_KEY,2026-09-08T16:00:15.302519+00:00,"{""order_id"": ""ORD_0022977"", ""customer_id"": ""CUST_005211"", ""product_id"": ""PROD_0009"", ""order_date"": ""2023-03-05"", ""quantity"": 1, ""payment_method"": ""PayPal"", ""order_status"": ""Completed""}"
orders,ORD_0023012,ORPHAN_PRODUCT_FOREIGN_KEY,2026-09-08T16:00:15.302519+00:00,"{""order_id"": ""ORD_0023012"", ""customer_id"": ""CUST_008633"", ""product_id"": ""PROD_0009"", ""order_date"": ""2023-03-05"", ""quantity"": 1, ""payment_method"": ""Debit Card"", ""order_status"": ""Completed""}"
orders,ORD_0023069,ORPHAN_PRODUCT_FOREIGN_KEY,2026-09-08T16:00:15.302519+00:00,"{""order_id"": ""ORD_0023069"", ""customer_id"": ""CUST_003933"", ""product_id"": ""PROD_0009"", ""order_date"": ""2023-03-06"", ""quantity"": 1, ""payment_method"": ""PayPal"", ""order_status"": ""Completed""}"
orders,ORD_0023121,ORPHAN_PRODUCT_FOREIGN_KEY,2026-09-08T16:00:15.302519+00:00,"{""order_id"": ""ORD_0023121"", ""customer_id"": ""CUST_008338"", ""product_id"": ""PROD_0009"", ""order_date"": ""2023-03-06"", ""quantity"": 1, ""payment_method"": ""Credit Card"", ""order_status"": ""Completed""}"
orders,ORD_0023129,ORPHAN_PRODUCT_FOREIGN_KEY,2026-09-08T16:00:15.302519+00:00,"{""order_id"": ""ORD_0023129"", ""customer_id"": ""CUST_009571"", ""product_id"": ""PROD_0291"", ""order_date"": ""2023-03-06"", ""quantity"": 1, ""payment_method"": ""Debit Card"", ""order_status"": ""Completed""}"
orders,ORD_0023143,ORPHAN_PRODUCT_FOREIGN_KEY,2026-09-08T16:00:15.302519+00:00,"{""order_id"": ""ORD_0023143"", ""customer_id"": ""CUST_000225"", ""product_id"": ""PROD_0009"", ""order_date"": ""2023-03-07"", ""quantity"": 1, ""payment_method"": ""Credit Card"", ""order_status"": ""Cancelled""}"
orders,ORD_0023177,ORPHAN_PRODUCT_FOREIGN_KEY,2026-09-08T16:00:15.302519+00:00,"{""order_id"": ""ORD_0023177"", ""customer_id"": ""CUST_004325"", ""product_id"": ""PROD_0009"", ""order_date"": ""2023-03-07"", ""quantity"": 3, ""payment_method"": ""Credit Card"", ""order_status"": ""Completed""}"
orders,ORD_0023209,ORPHAN_PRODUCT_FOREIGN_KEY,2026-09-08T16:00:15.302519+00:00,"{""order_id"": ""ORD_0023209"", ""customer_id"": ""CUST_008360"", ""product_id"": ""PROD_0009"", ""order_date"": ""2023-03-07"", ""quantity"": 3, ""payment_method"": ""PayPal"", ""order_status"": ""Completed""}"
orders,ORD_0023256,ORPHAN_PRODUCT_FOREIGN_KEY,2026-09-08T16:00:15.302519+00:00,"{""order_id"": ""ORD_0023256"", ""customer_id"": ""CUST_003300"", ""product_id"": ""PROD_0009"", ""order_date"": ""2023-03-08"", ""quantity"": 1, ""payment_method"": ""Debit Card"", ""order_status"": ""Completed""}"
orders,ORD_0023280,ORPHAN_PRODUCT_FOREIGN_KEY,2026-09-08T16:00:15.302519+00:00,"{""order_id"": ""ORD_0023280"", ""customer_id"": ""CUST_004958"", ""product_id"": ""PROD_0031"", ""order_date"": ""2023-03-08"", ""quantity"": 3, ""payment_method"": ""Credit Card"", ""order_status"": ""Completed""}"
orders,ORD_0023316,ORPHAN_PRODUCT_FOREIGN_KEY,2026-09-08T16:00:15.302519+00:00,"{""order_id"": ""ORD_0023316"", ""customer_id"": ""CUST_009140"", ""product_id"": ""PROD_0009"", ""order_date"": ""2023-03-08"", ""quantity"": 1, ""payment_method"": ""Credit Card"", ""order_status"": ""Completed""}"
orders,ORD_0023399,ORPHAN_PRODUCT_FOREIGN_KEY,2026-09-08T16:00:15.302519+00:00,"{""order_id"": ""ORD_0023399"", ""customer_id"": ""CUST_006534"", ""product_id"": ""PROD_0009"", ""order_date"": ""2023-03-09"", ""quantity"": 1, ""payment_method"": ""Credit Card"", ""order_status"": ""Completed""}"
orders,ORD_0023424,ORPHAN_PRODUCT_FOREIGN_KEY,2026-09-08T16:00:15.302519+00:00,"{""order_id"": ""ORD_0023424"", ""customer_id"": ""CUST_008294"", ""product_id"": ""PROD_0155"", ""order_date"": ""2023-03-09"", ""quantity"": 1, ""payment_method"": ""Credit Card"", ""order_status"": ""Completed""}"
orders,ORD_0023446,ORPHAN_PRODUCT_FOREIGN_KEY,2026-09-08T16:00:15.302519+00:00,"{""order_id"": ""ORD_0023446"", ""customer_id"": ""CUST_001433"", ""product_id"": ""PROD_0009"", ""order_date"": ""2023-03-10"", ""quantity"": 8, ""payment_method"": ""PayPal"", ""order_status"": ""Shipped""}"
orders,ORD_0023522,ORPHAN_PRODUCT_FOREIGN_KEY,2026-09-08T16:00:15.302519+00:00,"{""order_id"": ""ORD_0023522"", ""customer_id"": ""CUST_009362"", ""product_id"": ""PROD_0101"", ""order_date"": ""2023-03-10"", ""quantity"": 1, ""payment_method"": ""PayPal"", ""order_status"": ""Completed""}"
orders,ORD_0023527,ORPHAN_PRODUCT_FOREIGN_KEY,2026-09-08T16:00:15.302519+00:00,"{""order_id"": ""ORD_0023527"", ""customer_id"": ""CUST_009871"", ""product_id"": ""PROD_0009"", ""order_date"": ""2023-03-10"", ""quantity"": 1, ""payment_method"": ""Cash on Delivery"", ""order_status"": ""Shipped""}"
orders,ORD_0023530,ORPHAN_PRODUCT_FOREIGN_KEY,2026-09-08T16:00:15.302519+00:00,"{""order_id"": ""ORD_0023530"", ""customer_id"": ""CUST_000226"", ""product_id"": ""PROD_0009"", ""order_date"": ""2023-03-11"", ""quantity"": 1, ""payment_method"": ""PayPal"", ""order_status"": ""Completed""}"
orders,ORD_0023543,ORPHAN_PRODUCT_FOREIGN_KEY,2026-09-08T16:00:15.302519+00:00,"{""order_id"": ""ORD_0023543"", ""customer_id"": ""CUST_001693"", ""product_id"": ""PROD_0031"", ""order_date"": ""2023-03-11"", ""quantity"": 1, ""payment_method"": ""Credit Card"", ""order_status"": ""Completed""}"
orders,ORD_0023559,ORPHAN_PRODUCT_FOREIGN_KEY,2026-09-08T16:00:15.302519+00:00,"{""order_id"": ""ORD_0023559"", ""customer_id"": ""CUST_003538"", ""product_id"": ""PROD_0009"", ""order_date"": ""2023-03-11"", ""quantity"": 1, ""payment_method"": ""PayPal"", ""order_status"": ""Completed""}"
orders,ORD_0023578,ORPHAN_PRODUCT_FOREIGN_KEY,2026-09-08T16:00:15.302519+00:00,"{""order_id"": ""ORD_0023578"", ""customer_id"": ""CUST_005035"", ""product_id"": ""PROD_0009"", ""order_date"": ""2023-03-11"", ""quantity"": 2, ""payment_method"": ""Credit Card"", ""order_status"": ""Completed""}"
orders,ORD_0023597,ORPHAN_PRODUCT_FOREIGN_KEY,2026-09-08T16:00:15.302519+00:00,"{""order_id"": ""ORD_0023597"", ""customer_id"": ""CUST_007683"", ""product_id"": ""PROD_0009"", ""order_date"": ""2023-03-11"", ""quantity"": 2, ""payment_method"": ""Apple Pay"", ""order_status"": ""Completed""}"
orders,ORD_0023629,ORPHAN_PRODUCT_FOREIGN_KEY,2026-09-08T16:00:15.302519+00:00,"{""order_id"": ""ORD_0023629"", ""customer_id"": ""CUST_000812"", ""product_id"": ""PROD_0031"", ""order_date"": ""2023-03-12"", ""quantity"": 1, ""payment_method"": ""Debit Card"", ""order_status"": ""Completed""}"
orders,ORD_0023644,ORPHAN_PRODUCT_FOREIGN_KEY,2026-09-08T16:00:15.302519+00:00,"{""order_id"": ""ORD_0023644"", ""customer_id"": ""CUST_002422"", ""product_id"": ""PROD_0031"", ""order_date"": ""2023-03-12"", ""quantity"": 1, ""payment_method"": ""Debit Card"", ""order_status"": ""Completed""}"
orders,ORD_0023704,ORPHAN_PRODUCT_FOREIGN_KEY,2026-09-08T16:00:15.302519+00:00,"{""order_id"": ""ORD_0023704"", ""customer_id"": ""CUST_008693"", ""product_id"": ""PROD_0009"", ""order_date"": ""2023-03-12"", ""quantity"": 2, ""payment_method"": ""Debit Card"", ""order_status"": ""Completed""}"
orders,ORD_0023749,ORPHAN_PRODUCT_FOREIGN_KEY,2026-09-08T16:00:15.302519+00:00,"{""order_id"": ""ORD_0023749"", ""customer_id"": ""CUST_001994"", ""product_id"": ""PROD_0009"", ""order_date"": ""2023-03-13"", ""quantity"": 1, ""payment_method"": ""Credit Card"", ""order_status"": ""Completed""}"
orders,ORD_0023763,ORPHAN_PRODUCT_FOREIGN_KEY,2026-09-08T16:00:15.302519+00:00,"{""order_id"": ""ORD_0023763"", ""customer_id"": ""CUST_003263"", ""product_id"": ""PROD_0009"", ""order_date"": ""2023-03-13"", ""quantity"": 2, ""payment_method"": ""Credit Card"", ""order_status"": ""Completed""}"
orders,ORD_0023767,ORPHAN_PRODUCT_FOREIGN_KEY,2026-09-08T16:00:15.302519+00:00,"{""order_id"": ""ORD_0023767"", ""customer_id"": ""CUST_003449"", ""product_id"": ""PROD_0009"", ""order_date"": ""2023-03-13"", ""quantity"": 1, ""payment_method"": ""Cash on Delivery"", ""order_status"": ""Completed""}"
orders,ORD_0023784,ORPHAN_PRODUCT_FOREIGN_KEY,2026-09-08T16:00:15.302519+00:00,"{""order_id"": ""ORD_0023784"", ""customer_id"": ""CUST_004678"", ""product_id"": ""PROD_0009"", ""order_date"": ""2023-03-13"", ""quantity"": 1, ""payment_method"": ""Credit Card"", ""order_status"": ""Completed""}"
orders,ORD_0023865,ORPHAN_PRODUCT_FOREIGN_KEY,2026-09-08T16:00:15.302519+00:00,"{""order_id"": ""ORD_0023865"", ""customer_id"": ""CUST_004000"", ""product_id"": ""PROD_0009"", ""order_date"": ""2023-03-14"", ""quantity"": 1, ""payment_method"": ""PayPal"", ""order_status"": ""Completed""}"
orders,ORD_0023892,ORPHAN_PRODUCT_FOREIGN_KEY,2026-09-08T16:00:15.302519+00:00,"{""order_id"": ""ORD_0023892"", ""customer_id"": ""CUST_007228"", ""product_id"": ""PROD_0031"", ""order_date"": ""2023-03-14"", ""quantity"": 3, ""payment_method"": ""Credit Card"", ""order_status"": ""Completed""}"
orders,ORD_0023938,ORPHAN_PRODUCT_FOREIGN_KEY,2026-09-08T16:00:15.302519+00:00,"{""order_id"": ""ORD_0023938"", ""customer_id"": ""CUST_001757"", ""product_id"": ""PROD_0009"", ""order_date"": ""2023-03-15"", ""quantity"": 1, ""payment_method"": ""Debit Card"", ""order_status"": ""Completed""}"
orders,ORD_0024066,ORPHAN_PRODUCT_FOREIGN_KEY,2026-09-08T16:00:15.302519+00:00,"{""order_id"": ""ORD_0024066"", ""customer_id"": ""CUST_004145"", ""product_id"": ""PROD_0009"", ""order_date"": ""2023-03-16"", ""quantity"": 1, ""payment_method"": ""Credit Card"", ""order_status"": ""Completed""}"
orders,ORD_0024079,ORPHAN_PRODUCT_FOREIGN_KEY,2026-09-08T16:00:15.302519+00:00,"{""order_id"": ""ORD_0024079"", ""customer_id"": ""CUST_005414"", ""product_id"": ""PROD_0031"", ""order_date"": ""2023-03-16"", ""quantity"": 1, ""payment_method"": ""Credit Card"", ""order_status"": ""Completed""}"
orders,ORD_0024091,ORPHAN_PRODUCT_FOREIGN_KEY,2026-09-08T16:00:15.302519+00:00,"{""order_id"": ""ORD_0024091"", ""customer_id"": ""CUST_007223"", ""product_id"": ""PROD_0031"", ""order_date"": ""2023-03-16"", ""quantity"": 2, ""payment_method"": ""PayPal"", ""order_status"": ""Completed""}"
orders,ORD_0024113,ORPHAN_PRODUCT_FOREIGN_KEY,2026-09-08T16:00:15.302519+00:00,"{""order_id"": ""ORD_0024113"", ""customer_id"": ""CUST_009294"", ""product_id"": ""PROD_0009"", ""order_date"": ""2023-03-16"", ""quantity"": 1, ""payment_method"": ""PayPal"", ""order_status"": ""Completed""}"
orders,ORD_0024129,ORPHAN_PRODUCT_FOREIGN_KEY,2026-09-08T16:00:15.302519+00:00,"{""order_id"": ""ORD_0024129"", ""customer_id"": ""CUST_001077"", ""product_id"": ""PROD_0009"", ""order_date"": ""2023-03-17"", ""quantity"": 3, ""payment_method"": ""PayPal"", ""order_status"": ""Completed""}"
orders,ORD_0024182,ORPHAN_PRODUCT_FOREIGN_KEY,2026-09-08T16:00:15.302519+00:00,"{""order_id"": ""ORD_0024182"", ""customer_id"": ""CUST_006508"", ""product_id"": ""PROD_0101"", ""order_date"": ""2023-03-17"", ""quantity"": 1, ""payment_method"": ""Credit Card"", ""order_status"": ""Completed""}"
orders,ORD_0024391,ORPHAN_PRODUCT_FOREIGN_KEY,2026-09-08T16:00:15.302519+00:00,"{""order_id"": ""ORD_0024391"", ""customer_id"": ""CUST_008159"", ""product_id"": ""PROD_0155"", ""order_date"": ""2023-03-19"", ""quantity"": 1, ""payment_method"": ""Credit Card"", ""order_status"": ""Completed""}"
orders,ORD_0024416,ORPHAN_PRODUCT_FOREIGN_KEY,2026-09-08T16:00:15.302519+00:00,"{""order_id"": ""ORD_0024416"", ""customer_id"": ""CUST_001380"", ""product_id"": ""PROD_0031"", ""order_date"": ""2023-03-20"", ""quantity"": 1, ""payment_method"": ""Credit Card"", ""order_status"": ""Completed""}"
orders,ORD_0024426,ORPHAN_PRODUCT_FOREIGN_KEY,2026-09-08T16:00:15.302519+00:00,"{""order_id"": ""ORD_0024426"", ""customer_id"": ""CUST_002124"", ""product_id"": ""PROD_0009"", ""order_date"": ""2023-03-20"", ""quantity"": 3, ""payment_method"": ""PayPal"", ""order_status"": ""Completed""}"
orders,ORD_0024456,ORPHAN_PRODUCT_FOREIGN_KEY,2026-09-08T16:00:15.302519+00:00,"{""order_id"": ""ORD_0024456"", ""customer_id"": ""CUST_005436"", ""product_id"": ""PROD_0009"", ""order_date"": ""2023-03-20"", ""quantity"": 1, ""payment_method"": ""Credit Card"", ""order_status"": ""Completed""}"
orders,ORD_0024468,ORPHAN_PRODUCT_FOREIGN_KEY,2026-09-08T16:00:15.302519+00:00,"{""order_id"": ""ORD_0024468"", ""customer_id"": ""CUST_006322"", ""product_id"": ""PROD_0009"", ""order_date"": ""2023-03-20"", ""quantity"": 3, ""payment_method"": ""Credit Card"", ""order_status"": ""Cancelled""}"
orders,ORD_0024470,ORPHAN_PRODUCT_FOREIGN_KEY,2026-09-08T16:00:15.302519+00:00,"{""order_id"": ""ORD_0024470"", ""customer_id"": ""CUST_006989"", ""product_id"": ""PROD_0009"", ""order_date"": ""2023-03-20"", ""quantity"": 1, ""payment_method"": ""Debit Card"", ""order_status"": ""Refunded""}"
orders,ORD_0024477,ORPHAN_PRODUCT_FOREIGN_KEY,2026-09-08T16:00:15.302519+00:00,"{""order_id"": ""ORD_0024477"", ""customer_id"": ""CUST_007701"", ""product_id"": ""PROD_0009"", ""order_date"": ""2023-03-20"", ""quantity"": 1, ""payment_method"": ""Credit Card"", ""order_status"": ""Completed""}"
orders,ORD_0024494,ORPHAN_PRODUCT_FOREIGN_KEY,2026-09-08T16:00:15.302519+00:00,"{""order_id"": ""ORD_0024494"", ""customer_id"": ""CUST_009150"", ""product_id"": ""PROD_0009"", ""order_date"": ""2023-03-20"", ""quantity"": 1, ""payment_method"": ""Credit Card"", ""order_status"": ""Completed""}"
orders,ORD_0024561,ORPHAN_PRODUCT_FOREIGN_KEY,2026-09-08T16:00:15.302519+00:00,"{""order_id"": ""ORD_0024561"", ""customer_id"": ""CUST_007375"", ""product_id"": ""PROD_0009"", ""order_date"": ""2023-03-21"", ""quantity"": 1, ""payment_method"": ""Credit Card"", ""order_status"": ""Completed""}"
orders,ORD_0024564,ORPHAN_PRODUCT_FOREIGN_KEY,2026-09-08T16:00:15.302519+00:00,"{""order_id"": ""ORD_0024564"", ""customer_id"": ""CUST_007974"", ""product_id"": ""PROD_0177"", ""order_date"": ""2023-03-21"", ""quantity"": 1, ""payment_method"": ""PayPal"", ""order_status"": ""Completed""}"
orders,ORD_0024642,ORPHAN_PRODUCT_FOREIGN_KEY,2026-09-08T16:00:15.302519+00:00,"{""order_id"": ""ORD_0024642"", ""customer_id"": ""CUST_006964"", ""product_id"": ""PROD_0009"", ""order_date"": ""2023-03-22"", ""quantity"": 2, ""payment_method"": ""Credit Card"", ""order_status"": ""Completed""}"
orders,ORD_0024705,ORPHAN_PRODUCT_FOREIGN_KEY,2026-09-08T16:00:15.302519+00:00,"{""order_id"": ""ORD_0024705"", ""customer_id"": ""CUST_003660"", ""product_id"": ""PROD_0009"", ""order_date"": ""2023-03-23"", ""quantity"": 2, ""payment_method"": ""Debit Card"", ""order_status"": ""Completed""}"
orders,ORD_0024742,ORPHAN_PRODUCT_FOREIGN_KEY,2026-09-08T16:00:15.302519+00:00,"{""order_id"": ""ORD_0024742"", ""customer_id"": ""CUST_007758"", ""product_id"": ""PROD_0177"", ""order_date"": ""2023-03-23"", ""quantity"": 1, ""payment_method"": ""Credit Card"", ""order_status"": ""Completed""}"
orders,ORD_0024870,ORPHAN_PRODUCT_FOREIGN_KEY,2026-09-08T16:00:15.302519+00:00,"{""order_id"": ""ORD_0024870"", ""customer_id"": ""CUST_002940"", ""product_id"": ""PROD_0009"", ""order_date"": ""2023-03-25"", ""quantity"": 1, ""payment_method"": ""Credit Card"", ""order_status"": ""Completed""}"
orders,ORD_0024937,ORPHAN_PRODUCT_FOREIGN_KEY,2026-09-08T16:00:15.302519+00:00,"{""order_id"": ""ORD_0024937"", ""customer_id"": ""CUST_009358"", ""product_id"": ""PROD_0291"", ""order_date"": ""2023-03-25"", ""quantity"": 2, ""payment_method"": ""Credit Card"", ""order_status"": ""Completed""}"
orders,ORD_0024958,ORPHAN_PRODUCT_FOREIGN_KEY,2026-09-08T16:00:15.302519+00:00,"{""order_id"": ""ORD_0024958"", ""customer_id"": ""CUST_001847"", ""product_id"": ""PROD_0009"", ""order_date"": ""2023-03-26"", ""quantity"": 1, ""payment_method"": ""Debit Card"", ""order_status"": ""Completed""}"
orders,ORD_0025001,ORPHAN_PRODUCT_FOREIGN_KEY,2026-09-08T16:00:15.302519+00:00,"{""order_id"": ""ORD_0025001"", ""customer_id"": ""CUST_006784"", ""product_id"": ""PROD_0009"", ""order_date"": ""2023-03-26"", ""quantity"": 2, ""payment_method"": ""Credit Card"", ""order_status"": ""Completed""}"
orders,ORD_0025037,ORPHAN_PRODUCT_FOREIGN_KEY,2026-09-08T16:00:15.302519+00:00,"{""order_id"": ""ORD_0025037"", ""customer_id"": ""CUST_000076"", ""product_id"": ""PROD_0009"", ""order_date"": ""2023-03-27"", ""quantity"": 1, ""payment_method"": ""Credit Card"", ""order_status"": ""Completed""}"
orders,ORD_0025079,ORPHAN_PRODUCT_FOREIGN_KEY,2026-09-08T16:00:15.302519+00:00,"{""order_id"": ""ORD_0025079"", ""customer_id"": ""CUST_004678"", ""product_id"": ""PROD_0031"", ""order_date"": ""2023-03-27"", ""quantity"": 1, ""payment_method"": ""PayPal"", ""order_status"": ""Cancelled""}"
orders,ORD_0025099,ORPHAN_PRODUCT_FOREIGN_KEY,2026-09-08T16:00:15.302519+00:00,"{""order_id"": ""ORD_0025099"", ""customer_id"": ""CUST_006602"", ""product_id"": ""PROD_0319"", ""order_date"": ""2023-03-27"", ""quantity"": 1, ""payment_method"": ""Credit Card"", ""order_status"": ""Completed""}"
orders,ORD_0025148,ORPHAN_PRODUCT_FOREIGN_KEY,2026-09-08T16:00:15.302519+00:00,"{""order_id"": ""ORD_0025148"", ""customer_id"": ""CUST_001843"", ""product_id"": ""PROD_0155"", ""order_date"": ""2023-03-28"", ""quantity"": 1, ""payment_method"": ""Cash on Delivery"", ""order_status"": ""Completed""}"
orders,ORD_0025152,ORPHAN_PRODUCT_FOREIGN_KEY,2026-09-08T16:00:15.302519+00:00,"{""order_id"": ""ORD_0025152"", ""customer_id"": ""CUST_002171"", ""product_id"": ""PROD_0009"", ""order_date"": ""2023-03-28"", ""quantity"": 1, ""payment_method"": ""Credit Card"", ""order_status"": ""Completed""}"
orders,ORD_0025222,ORPHAN_PRODUCT_FOREIGN_KEY,2026-09-08T16:00:15.302519+00:00,"{""order_id"": ""ORD_0025222"", ""customer_id"": ""CUST_008789"", ""product_id"": ""PROD_0009"", ""order_date"": ""2023-03-28"", ""quantity"": 1, ""payment_method"": ""Debit Card"", ""order_status"": ""Completed""}"
orders,ORD_0025243,ORPHAN_PRODUCT_FOREIGN_KEY,2026-09-08T16:00:15.302519+00:00,"{""order_id"": ""ORD_0025243"", ""customer_id"": ""CUST_001456"", ""product_id"": ""PROD_0009"", ""order_date"": ""2023-03-29"", ""quantity"": 1, ""payment_method"": ""PayPal"", ""order_status"": ""Cancelled""}"
orders,ORD_0025266,ORPHAN_PRODUCT_FOREIGN_KEY,2026-09-08T16:00:15.302519+00:00,"{""order_id"": ""ORD_0025266"", ""customer_id"": ""CUST_003793"", ""product_id"": ""PROD_0009"", ""order_date"": ""2023-03-29"", ""quantity"": 1, ""payment_method"": ""Cash on Delivery"", ""order_status"": ""Shipped""}"
orders,ORD_0025379,ORPHAN_PRODUCT_FOREIGN_KEY,2026-09-08T16:00:15.302519+00:00,"{""order_id"": ""ORD_0025379"", ""customer_id"": ""CUST_003850"", ""product_id"": ""PROD_0155"", ""order_date"": ""2023-03-30"", ""quantity"": 1, ""payment_method"": ""Cash on Delivery"", ""order_status"": ""Completed""}"
orders,ORD_0025424,ORPHAN_PRODUCT_FOREIGN_KEY,2026-09-08T16:00:15.302519+00:00,"{""order_id"": ""ORD_0025424"", ""customer_id"": ""CUST_008474"", ""product_id"": ""PROD_0009"", ""order_date"": ""2023-03-30"", ""quantity"": 1, ""payment_method"": ""Credit Card"", ""order_status"": ""Shipped""}"
orders,ORD_0025446,ORPHAN_PRODUCT_FOREIGN_KEY,2026-09-08T16:00:15.302519+00:00,"{""order_id"": ""ORD_0025446"", ""customer_id"": ""CUST_000103"", ""product_id"": ""PROD_0291"", ""order_date"": ""2023-03-31"", ""quantity"": 2, ""payment_method"": ""Credit Card"", ""order_status"": ""Completed""}"
orders,ORD_0025476,ORPHAN_PRODUCT_FOREIGN_KEY,2026-09-08T16:00:15.302519+00:00,"{""order_id"": ""ORD_0025476"", ""customer_id"": ""CUST_003516"", ""product_id"": ""PROD_0009"", ""order_date"": ""2023-03-31"", ""quantity"": 1, ""payment_method"": ""Apple Pay"", ""order_status"": ""Completed""}"
orders,ORD_0025667,ORPHAN_PRODUCT_FOREIGN_KEY,2026-09-08T16:00:15.302519+00:00,"{""order_id"": ""ORD_0025667"", ""customer_id"": ""CUST_002706"", ""product_id"": ""PROD_0009"", ""order_date"": ""2023-04-02"", ""quantity"": 3, ""payment_method"": ""PayPal"", ""order_status"": ""Completed""}"
orders,ORD_0025669,ORPHAN_PRODUCT_FOREIGN_KEY,2026-09-08T16:00:15.302519+00:00,"{""order_id"": ""ORD_0025669"", ""customer_id"": ""CUST_002909"", ""product_id"": ""PROD_0009"", ""order_date"": ""2023-04-02"", ""quantity"": 1, ""payment_method"": ""PayPal"", ""order_status"": ""Completed""}"
orders,ORD_0025686,ORPHAN_PRODUCT_FOREIGN_KEY,2026-09-08T16:00:15.302519+00:00,"{""order_id"": ""ORD_0025686"", ""customer_id"": ""CUST_004733"", ""product_id"": ""PROD_0009"", ""order_date"": ""2023-04-02"", ""quantity"": 4, ""payment_method"": ""Credit Card"", ""order_status"": ""Completed""}"
orders,ORD_0025718,ORPHAN_PRODUCT_FOREIGN_KEY,2026-09-08T16:00:15.302519+00:00,"{""order_id"": ""ORD_0025718"", ""customer_id"": ""CUST_007635"", ""product_id"": ""PROD_0155"", ""order_date"": ""2023-04-02"", ""quantity"": 1, ""payment_method"": ""Debit Card"", ""order_status"": ""Completed""}"
orders,ORD_0025735,ORPHAN_PRODUCT_FOREIGN_KEY,2026-09-08T16:00:15.302519+00:00,"{""order_id"": ""ORD_0025735"", ""customer_id"": ""CUST_009199"", ""product_id"": ""PROD_0101"", ""order_date"": ""2023-04-02"", ""quantity"": 1, ""payment_method"": ""PayPal"", ""order_status"": ""Completed""}"
orders,ORD_0025753,ORPHAN_PRODUCT_FOREIGN_KEY,2026-09-08T16:00:15.302519+00:00,"{""order_id"": ""ORD_0025753"", ""customer_id"": ""CUST_000790"", ""product_id"": ""PROD_0009"", ""order_date"": ""2023-04-03"", ""quantity"": 4, ""payment_method"": ""Credit Card"", ""order_status"": ""Completed""}"
orders,ORD_0025761,ORPHAN_PRODUCT_FOREIGN_KEY,2026-09-08T16:00:15.302519+00:00,"{""order_id"": ""ORD_0025761"", ""customer_id"": ""CUST_001473"", ""product_id"": ""PROD_0009"", ""order_date"": ""2023-04-03"", ""quantity"": 2, ""payment_method"": ""Debit Card"", ""order_status"": ""Shipped""}"
orders,ORD_0025798,ORPHAN_PRODUCT_FOREIGN_KEY,2026-09-08T16:00:15.302519+00:00,"{""order_id"": ""ORD_0025798"", ""customer_id"": ""CUST_005001"", ""product_id"": ""PROD_0031"", ""order_date"": ""2023-04-03"", ""quantity"": 2, ""payment_method"": ""Debit Card"", ""order_status"": ""Completed""}"
orders,ORD_0025818,ORPHAN_PRODUCT_FOREIGN_KEY,2026-09-08T16:00:15.302519+00:00,"{""order_id"": ""ORD_0025818"", ""customer_id"": ""CUST_007216"", ""product_id"": ""PROD_0009"", ""order_date"": ""2023-04-03"", ""quantity"": 1, ""payment_method"": ""Credit Card"", ""order_status"": ""Completed""}"
orders,ORD_0025905,ORPHAN_PRODUCT_FOREIGN_KEY,2026-09-08T16:00:15.302519+00:00,"{""order_id"": ""ORD_0025905"", ""customer_id"": ""CUST_006728"", ""product_id"": ""PROD_0009"", ""order_date"": ""2023-04-04"", ""quantity"": 1, ""payment_method"": ""Credit Card"", ""order_status"": ""Refunded""}"
orders,ORD_0025933,ORPHAN_PRODUCT_FOREIGN_KEY,2026-09-08T16:00:15.302519+00:00,"{""order_id"": ""ORD_0025933"", ""customer_id"": ""CUST_009925"", ""product_id"": ""PROD_0009"", ""order_date"": ""2023-04-04"", ""quantity"": 1, ""payment_method"": ""Cash on Delivery"", ""order_status"": ""Completed""}"
orders,ORD_0025984,ORPHAN_PRODUCT_FOREIGN_KEY,2026-09-08T16:00:15.302519+00:00,"{""order_id"": ""ORD_0025984"", ""customer_id"": ""CUST_005439"", ""product_id"": ""PROD_0031"", ""order_date"": ""2023-04-05"", ""quantity"": 2, ""payment_method"": ""PayPal"", ""order_status"": ""Completed""}"
orders,ORD_0025988,ORPHAN_PRODUCT_FOREIGN_KEY,2026-09-08T16:00:15.302519+00:00,"{""order_id"": ""ORD_0025988"", ""customer_id"": ""CUST_005982"", ""product_id"": ""PROD_0009"", ""order_date"": ""2023-04-05"", ""quantity"": 1, ""payment_method"": ""Credit Card"", ""order_status"": ""Completed""}"
orders,ORD_0025997,ORPHAN_PRODUCT_FOREIGN_KEY,2026-09-08T16:00:15.302519+00:00,"{""order_id"": ""ORD_0025997"", ""customer_id"": ""CUST_006596"", ""product_id"": ""PROD_0009"", ""order_date"": ""2023-04-05"", ""quantity"": 1, ""payment_method"": ""Debit Card"", ""order_status"": ""Completed""}"
orders,ORD_0026006,ORPHAN_PRODUCT_FOREIGN_KEY,2026-09-08T16:00:15.302519+00:00,"{""order_id"": ""ORD_0026006"", ""customer_id"": ""CUST_007490"", ""product_id"": ""PROD_0009"", ""order_date"": ""2023-04-05"", ""quantity"": 1, ""payment_method"": ""PayPal"", ""order_status"": ""Completed""}"
orders,ORD_0026059,ORPHAN_PRODUCT_FOREIGN_KEY,2026-09-08T16:00:15.302519+00:00,"{""order_id"": ""ORD_0026059"", ""customer_id"": ""CUST_002698"", ""product_id"": ""PROD_0031"", ""order_date"": ""2023-04-06"", ""quantity"": 5, ""payment_method"": ""Credit Card"", ""order_status"": ""Completed""}"
orders,ORD_0026086,ORPHAN_PRODUCT_FOREIGN_KEY,2026-09-08T16:00:15.302519+00:00,"{""order_id"": ""ORD_0026086"", ""customer_id"": ""CUST_006452"", ""product_id"": ""PROD_0319"", ""order_date"": ""2023-04-06"", ""quantity"": 2, ""payment_method"": ""Debit Card"", ""order_status"": ""Completed""}"
orders,ORD_0026108,ORPHAN_PRODUCT_FOREIGN_KEY,2026-09-08T16:00:15.302519+00:00,"{""order_id"": ""ORD_0026108"", ""customer_id"": ""CUST_009137"", ""product_id"": ""PROD_0101"", ""order_date"": ""2023-04-06"", ""quantity"": 2, ""payment_method"": ""Credit Card"", ""order_status"": ""Completed""}"
orders,ORD_0026216,ORPHAN_PRODUCT_FOREIGN_KEY,2026-09-08T16:00:15.302519+00:00,"{""order_id"": ""ORD_0026216"", ""customer_id"": ""CUST_008657"", ""product_id"": ""PROD_0009"", ""order_date"": ""2023-04-07"", ""quantity"": 1, ""payment_method"": ""Debit Card"", ""order_status"": ""Completed""}"
orders,ORD_0026230,ORPHAN_PRODUCT_FOREIGN_KEY,2026-09-08T16:00:15.302519+00:00,"{""order_id"": ""ORD_0026230"", ""customer_id"": ""CUST_000363"", ""product_id"": ""PROD_0101"", ""order_date"": ""2023-04-08"", ""quantity"": 1, ""payment_method"": ""Credit Card"", ""order_status"": ""Completed""}"
orders,ORD_0026266,ORPHAN_PRODUCT_FOREIGN_KEY,2026-09-08T16:00:15.302519+00:00,"{""order_id"": ""ORD_0026266"", ""customer_id"": ""CUST_004419"", ""product_id"": ""PROD_0009"", ""order_date"": ""2023-04-08"", ""quantity"": 1, ""payment_method"": ""Debit Card"", ""order_status"": ""Completed""}"
orders,ORD_0026313,ORPHAN_PRODUCT_FOREIGN_KEY,2026-09-08T16:00:15.302519+00:00,"{""order_id"": ""ORD_0026313"", ""customer_id"": ""CUST_008887"", ""product_id"": ""PROD_0155"", ""order_date"": ""2023-04-08"", ""quantity"": 1, ""payment_method"": ""Credit Card"", ""order_status"": ""Completed""}"
orders,ORD_0026350,ORPHAN_PRODUCT_FOREIGN_KEY,2026-09-08T16:00:15.302519+00:00,"{""order_id"": ""ORD_0026350"", ""customer_id"": ""CUST_002052"", ""product_id"": ""PROD_0009"", ""order_date"": ""2023-04-09"", ""quantity"": 1, ""payment_method"": ""PayPal"", ""order_status"": ""Completed""}"
orders,ORD_0026357,ORPHAN_PRODUCT_FOREIGN_KEY,2026-09-08T16:00:15.302519+00:00,"{""order_id"": ""ORD_0026357"", ""customer_id"": ""CUST_002588"", ""product_id"": ""PROD_0031"", ""order_date"": ""2023-04-09"", ""quantity"": 1, ""payment_method"": ""Credit Card"", ""order_status"": ""Shipped""}"
orders,ORD_0026458,ORPHAN_PRODUCT_FOREIGN_KEY,2026-09-08T16:00:15.302519+00:00,"{""order_id"": ""ORD_0026458"", ""customer_id"": ""CUST_003142"", ""product_id"": ""PROD_0009"", ""order_date"": ""2023-04-10"", ""quantity"": 1, ""payment_method"": ""Credit Card"", ""order_status"": ""Completed""}"
orders,ORD_0026503,ORPHAN_PRODUCT_FOREIGN_KEY,2026-09-08T16:00:15.302519+00:00,"{""order_id"": ""ORD_0026503"", ""customer_id"": ""CUST_008974"", ""product_id"": ""PROD_0009"", ""order_date"": ""2023-04-10"", ""quantity"": 1, ""payment_method"": ""Apple Pay"", ""order_status"": ""Completed""}"
orders,ORD_0026580,ORPHAN_PRODUCT_FOREIGN_KEY,2026-09-08T16:00:15.302519+00:00,"{""order_id"": ""ORD_0026580"", ""customer_id"": ""CUST_006375"", ""product_id"": ""PROD_0009"", ""order_date"": ""2023-04-11"", ""quantity"": 1, ""payment_method"": ""PayPal"", ""order_status"": ""Completed""}"
orders,ORD_0026601,ORPHAN_PRODUCT_FOREIGN_KEY,2026-09-08T16:00:15.302519+00:00,"{""order_id"": ""ORD_0026601"", ""customer_id"": ""CUST_008911"", ""product_id"": ""PROD_0177"", ""order_date"": ""2023-04-11"", ""quantity"": 1, ""payment_method"": ""Credit Card"", ""order_status"": ""Completed""}"
orders,ORD_0026628,ORPHAN_PRODUCT_FOREIGN_KEY,2026-09-08T16:00:15.302519+00:00,"{""order_id"": ""ORD_0026628"", ""customer_id"": ""CUST_002712"", ""product_id"": ""PROD_0177"", ""order_date"": ""2023-04-12"", ""quantity"": 4, ""payment_method"": ""Credit Card"", ""order_status"": ""Completed""}"
orders,ORD_0026716,ORPHAN_PRODUCT_FOREIGN_KEY,2026-09-08T16:00:15.302519+00:00,"{""order_id"": ""ORD_0026716"", ""customer_id"": ""CUST_002585"", ""product_id"": ""PROD_0291"", ""order_date"": ""2023-04-13"", ""quantity"": 2, ""payment_method"": ""Credit Card"", ""order_status"": ""Completed""}"
orders,ORD_0026819,ORPHAN_PRODUCT_FOREIGN_KEY,2026-09-08T16:00:15.302519+00:00,"{""order_id"": ""ORD_0026819"", ""customer_id"": ""CUST_002978"", ""product_id"": ""PROD_0009"", ""order_date"": ""2023-04-14"", ""quantity"": 3, ""payment_method"": ""Debit Card"", ""order_status"": ""Completed""}"
orders,ORD_0026836,ORPHAN_PRODUCT_FOREIGN_KEY,2026-09-08T16:00:15.302519+00:00,"{""order_id"": ""ORD_0026836"", ""customer_id"": ""CUST_004618"", ""product_id"": ""PROD_0009"", ""order_date"": ""2023-04-14"", ""quantity"": 2, ""payment_method"": ""Debit Card"", ""order_status"": ""Completed""}"
orders,ORD_0026837,ORPHAN_PRODUCT_FOREIGN_KEY,2026-09-08T16:00:15.302519+00:00,"{""order_id"": ""ORD_0026837"", ""customer_id"": ""CUST_004640"", ""product_id"": ""PROD_0009"", ""order_date"": ""2023-04-14"", ""quantity"": 1, ""payment_method"": ""Debit Card"", ""order_status"": ""Completed""}"
orders,ORD_0026860,ORPHAN_PRODUCT_FOREIGN_KEY,2026-09-08T16:00:15.302519+00:00,"{""order_id"": ""ORD_0026860"", ""customer_id"": ""CUST_006147"", ""product_id"": ""PROD_0031"", ""order_date"": ""2023-04-14"", ""quantity"": 2, ""payment_method"": ""Cash on Delivery"", ""order_status"": ""Completed""}"
orders,ORD_0026879,ORPHAN_PRODUCT_FOREIGN_KEY,2026-09-08T16:00:15.302519+00:00,"{""order_id"": ""ORD_0026879"", ""customer_id"": ""CUST_008761"", ""product_id"": ""PROD_0031"", ""order_date"": ""2023-04-14"", ""quantity"": 1, ""payment_method"": ""Credit Card"", ""order_status"": ""Completed""}"
orders,ORD_0026880,ORPHAN_PRODUCT_FOREIGN_KEY,2026-09-08T16:00:15.302519+00:00,"{""order_id"": ""ORD_0026880"", ""customer_id"": ""CUST_008867"", ""product_id"": ""PROD_0009"", ""order_date"": ""2023-04-14"", ""quantity"": 1, ""payment_method"": ""PayPal"", ""order_status"": ""Completed""}"
orders,ORD_0026953,ORPHAN_PRODUCT_FOREIGN_KEY,2026-09-08T16:00:15.302519+00:00,"{""order_id"": ""ORD_0026953"", ""customer_id"": ""CUST_005414"", ""product_id"": ""PROD_0155"", ""order_date"": ""2023-04-15"", ""quantity"": 1, ""payment_method"": ""Debit Card"", ""order_status"": ""Shipped""}"
orders,ORD_0027003,ORPHAN_PRODUCT_FOREIGN_KEY,2026-09-08T16:00:15.302519+00:00,"{""order_id"": ""ORD_0027003"", ""customer_id"": ""CUST_000987"", ""product_id"": ""PROD_0009"", ""order_date"": ""2023-04-16"", ""quantity"": 1, ""payment_method"": ""PayPal"", ""order_status"": ""Completed""}"
orders,ORD_0027077,ORPHAN_PRODUCT_FOREIGN_KEY,2026-09-08T16:00:15.302519+00:00,"{""order_id"": ""ORD_0027077"", ""customer_id"": ""CUST_008175"", ""product_id"": ""PROD_0009"", ""order_date"": ""2023-04-16"", ""quantity"": 2, ""payment_method"": ""PayPal"", ""order_status"": ""Completed""}"
orders,ORD_0027125,ORPHAN_PRODUCT_FOREIGN_KEY,2026-09-08T16:00:15.302519+00:00,"{""order_id"": ""ORD_0027125"", ""customer_id"": ""CUST_002115"", ""product_id"": ""PROD_0031"", ""order_date"": ""2023-04-17"", ""quantity"": 1, ""payment_method"": ""Apple Pay"", ""order_status"": ""Cancelled""}"
orders,ORD_0027140,ORPHAN_PRODUCT_FOREIGN_KEY,2026-09-08T16:00:15.302519+00:00,"{""order_id"": ""ORD_0027140"", ""customer_id"": ""CUST_003257"", ""product_id"": ""PROD_0319"", ""order_date"": ""2023-04-17"", ""quantity"": 1, ""payment_method"": ""Debit Card"", ""order_status"": ""Completed""}"
orders,ORD_0027161,ORPHAN_PRODUCT_FOREIGN_KEY,2026-09-08T16:00:15.302519+00:00,"{""order_id"": ""ORD_0027161"", ""customer_id"": ""CUST_005794"", ""product_id"": ""PROD_0155"", ""order_date"": ""2023-04-17"", ""quantity"": 1, ""payment_method"": ""Credit Card"", ""order_status"": ""Completed""}"
orders,ORD_0027165,ORPHAN_PRODUCT_FOREIGN_KEY,2026-09-08T16:00:15.302519+00:00,"{""order_id"": ""ORD_0027165"", ""customer_id"": ""CUST_006583"", ""product_id"": ""PROD_0291"", ""order_date"": ""2023-04-17"", ""quantity"": 3, ""payment_method"": ""Credit Card"", ""order_status"": ""Completed""}"
orders,ORD_0027200,ORPHAN_PRODUCT_FOREIGN_KEY,2026-09-08T16:00:15.302519+00:00,"{""order_id"": ""ORD_0027200"", ""customer_id"": ""CUST_009276"", ""product_id"": ""PROD_0009"", ""order_date"": ""2023-04-17"", ""quantity"": 1, ""payment_method"": ""Apple Pay"", ""order_status"": ""Cancelled""}"
orders,ORD_0027258,ORPHAN_PRODUCT_FOREIGN_KEY,2026-09-08T16:00:15.302519+00:00,"{""order_id"": ""ORD_0027258"", ""customer_id"": ""CUST_004759"", ""product_id"": ""PROD_0101"", ""order_date"": ""2023-04-18"", ""quantity"": 3, ""payment_method"": ""Debit Card"", ""order_status"": ""Completed""}"
orders,ORD_0027273,ORPHAN_PRODUCT_FOREIGN_KEY,2026-09-08T16:00:15.302519+00:00,"{""order_id"": ""ORD_0027273"", ""customer_id"": ""CUST_005890"", ""product_id"": ""PROD_0031"", ""order_date"": ""2023-04-18"", ""quantity"": 1, ""payment_method"": ""Credit Card"", ""order_status"": ""Completed""}"
orders,ORD_0027339,ORPHAN_PRODUCT_FOREIGN_KEY,2026-09-08T16:00:15.302519+00:00,"{""order_id"": ""ORD_0027339"", ""customer_id"": ""CUST_003111"", ""product_id"": ""PROD_0009"", ""order_date"": ""2023-04-19"", ""quantity"": 2, ""payment_method"": ""PayPal"", ""order_status"": ""Shipped""}"
orders,ORD_0027376,ORPHAN_PRODUCT_FOREIGN_KEY,2026-09-08T16:00:15.302519+00:00,"{""order_id"": ""ORD_0027376"", ""customer_id"": ""CUST_008338"", ""product_id"": ""PROD_0009"", ""order_date"": ""2023-04-19"", ""quantity"": 5, ""payment_method"": ""Cash on Delivery"", ""order_status"": ""Completed""}"
orders,ORD_0027382,ORPHAN_PRODUCT_FOREIGN_KEY,2026-09-08T16:00:15.302519+00:00,"{""order_id"": ""ORD_0027382"", ""customer_id"": ""CUST_009107"", ""product_id"": ""PROD_0009"", ""order_date"": ""2023-04-19"", ""quantity"": 3, ""payment_method"": ""Credit Card"", ""order_status"": ""Completed""}"
orders,ORD_0027399,ORPHAN_PRODUCT_FOREIGN_KEY,2026-09-08T16:00:15.302519+00:00,"{""order_id"": ""ORD_0027399"", ""customer_id"": ""CUST_001442"", ""product_id"": ""PROD_0009"", ""order_date"": ""2023-04-20"", ""quantity"": 1, ""payment_method"": ""PayPal"", ""order_status"": ""Shipped""}"
orders,ORD_0027488,ORPHAN_PRODUCT_FOREIGN_KEY,2026-09-08T16:00:15.302519+00:00,"{""order_id"": ""ORD_0027488"", ""customer_id"": ""CUST_001116"", ""product_id"": ""PROD_0009"", ""order_date"": ""2023-04-21"", ""quantity"": 1, ""payment_method"": ""PayPal"", ""order_status"": ""Completed""}"
orders,ORD_0027555,ORPHAN_PRODUCT_FOREIGN_KEY,2026-09-08T16:00:15.302519+00:00,"{""order_id"": ""ORD_0027555"", ""customer_id"": ""CUST_006587"", ""product_id"": ""PROD_0155"", ""order_date"": ""2023-04-21"", ""quantity"": 1, ""payment_method"": ""PayPal"", ""order_status"": ""Cancelled""}"
orders,ORD_0027609,ORPHAN_PRODUCT_FOREIGN_KEY,2026-09-08T16:00:15.302519+00:00,"{""order_id"": ""ORD_0027609"", ""customer_id"": ""CUST_001814"", ""product_id"": ""PROD_0009"", ""order_date"": ""2023-04-22"", ""quantity"": 2, ""payment_method"": ""PayPal"", ""order_status"": ""Completed""}"
orders,ORD_0027641,ORPHAN_PRODUCT_FOREIGN_KEY,2026-09-08T16:00:15.302519+00:00,"{""order_id"": ""ORD_0027641"", ""customer_id"": ""CUST_004555"", ""product_id"": ""PROD_0319"", ""order_date"": ""2023-04-22"", ""quantity"": 2, ""payment_method"": ""Credit Card"", ""order_status"": ""Completed""}"
orders,ORD_0027648,ORPHAN_PRODUCT_FOREIGN_KEY,2026-09-08T16:00:15.302519+00:00,"{""order_id"": ""ORD_0027648"", ""customer_id"": ""CUST_005030"", ""product_id"": ""PROD_0031"", ""order_date"": ""2023-04-22"", ""quantity"": 1, ""payment_method"": ""Debit Card"", ""order_status"": ""Completed""}"
orders,ORD_0027698,ORPHAN_PRODUCT_FOREIGN_KEY,2026-09-08T16:00:15.302519+00:00,"{""order_id"": ""ORD_0027698"", ""customer_id"": ""CUST_009315"", ""product_id"": ""PROD_0101"", ""order_date"": ""2023-04-22"", ""quantity"": 1, ""payment_method"": ""Credit Card"", ""order_status"": ""Shipped""}"
orders,ORD_0027753,ORPHAN_PRODUCT_FOREIGN_KEY,2026-09-08T16:00:15.302519+00:00,"{""order_id"": ""ORD_0027753"", ""customer_id"": ""CUST_004495"", ""product_id"": ""PROD_0031"", ""order_date"": ""2023-04-23"", ""quantity"": 5, ""payment_method"": ""Debit Card"", ""order_status"": ""Completed""}"
orders,ORD_0027779,ORPHAN_PRODUCT_FOREIGN_KEY,2026-09-08T16:00:15.302519+00:00,"{""order_id"": ""ORD_0027779"", ""customer_id"": ""CUST_007102"", ""product_id"": ""PROD_0177"", ""order_date"": ""2023-04-23"", ""quantity"": 1, ""payment_method"": ""PayPal"", ""order_status"": ""Completed""}"
orders,ORD_0027797,ORPHAN_PRODUCT_FOREIGN_KEY,2026-09-08T16:00:15.302519+00:00,"{""order_id"": ""ORD_0027797"", ""customer_id"": ""CUST_009309"", ""product_id"": ""PROD_0009"", ""order_date"": ""2023-04-23"", ""quantity"": 2, ""payment_method"": ""PayPal"", ""order_status"": ""Completed""}"
orders,ORD_0027803,ORPHAN_PRODUCT_FOREIGN_KEY,2026-09-08T16:00:15.302519+00:00,"{""order_id"": ""ORD_0027803"", ""customer_id"": ""CUST_009689"", ""product_id"": ""PROD_0009"", ""order_date"": ""2023-04-23"", ""quantity"": 1, ""payment_method"": ""PayPal"", ""order_status"": ""Completed""}"
orders,ORD_0027812,ORPHAN_PRODUCT_FOREIGN_KEY,2026-09-08T16:00:15.302519+00:00,"{""order_id"": ""ORD_0027812"", ""customer_id"": ""CUST_001197"", ""product_id"": ""PROD_0031"", ""order_date"": ""2023-04-24"", ""quantity"": 1, ""payment_method"": ""PayPal"", ""order_status"": ""Completed""}"
orders,ORD_0027876,ORPHAN_PRODUCT_FOREIGN_KEY,2026-09-08T16:00:15.302519+00:00,"{""order_id"": ""ORD_0027876"", ""customer_id"": ""CUST_008268"", ""product_id"": ""PROD_0177"", ""order_date"": ""2023-04-24"", ""quantity"": 1, ""payment_method"": ""Cash on Delivery"", ""order_status"": ""Completed""}"
orders,ORD_0027902,ORPHAN_PRODUCT_FOREIGN_KEY,2026-09-08T16:00:15.302519+00:00,"{""order_id"": ""ORD_0027902"", ""customer_id"": ""CUST_001424"", ""product_id"": ""PROD_0009"", ""order_date"": ""2023-04-25"", ""quantity"": 4, ""payment_method"": ""Debit Card"", ""order_status"": ""Completed""}"
orders,ORD_0027940,ORPHAN_PRODUCT_FOREIGN_KEY,2026-09-08T16:00:15.302519+00:00,"{""order_id"": ""ORD_0027940"", ""customer_id"": ""CUST_004630"", ""product_id"": ""PROD_0009"", ""order_date"": ""2023-04-25"", ""quantity"": 1, ""payment_method"": ""Debit Card"", ""order_status"": ""Completed""}"
orders,ORD_0027952,ORPHAN_PRODUCT_FOREIGN_KEY,2026-09-08T16:00:15.302519+00:00,"{""order_id"": ""ORD_0027952"", ""customer_id"": ""CUST_005702"", ""product_id"": ""PROD_0031"", ""order_date"": ""2023-04-25"", ""quantity"": 5, ""payment_method"": ""Credit Card"", ""order_status"": ""Completed""}"
orders,ORD_0027961,ORPHAN_PRODUCT_FOREIGN_KEY,2026-09-08T16:00:15.302519+00:00,"{""order_id"": ""ORD_0027961"", ""customer_id"": ""CUST_006620"", ""product_id"": ""PROD_0031"", ""order_date"": ""2023-04-25"", ""quantity"": 1, ""payment_method"": ""PayPal"", ""order_status"": ""Completed""}"
orders,ORD_0027964,ORPHAN_PRODUCT_FOREIGN_KEY,2026-09-08T16:00:15.302519+00:00,"{""order_id"": ""ORD_0027964"", ""customer_id"": ""CUST_007448"", ""product_id"": ""PROD_0031"", ""order_date"": ""2023-04-25"", ""quantity"": 2, ""payment_method"": ""Credit Card"", ""order_status"": ""Completed""}"
orders,ORD_0028033,ORPHAN_PRODUCT_FOREIGN_KEY,2026-09-08T16:00:15.302519+00:00,"{""order_id"": ""ORD_0028033"", ""customer_id"": ""CUST_002881"", ""product_id"": ""PROD_0009"", ""order_date"": ""2023-04-26"", ""quantity"": 1, ""payment_method"": ""Credit Card"", ""order_status"": ""Completed""}"
orders,ORD_0028098,ORPHAN_PRODUCT_FOREIGN_KEY,2026-09-08T16:00:15.302519+00:00,"{""order_id"": ""ORD_0028098"", ""customer_id"": ""CUST_009826"", ""product_id"": ""PROD_0485"", ""order_date"": ""2023-04-26"", ""quantity"": 2, ""payment_method"": ""Credit Card"", ""order_status"": ""Cancelled""}"
orders,ORD_0028115,ORPHAN_PRODUCT_FOREIGN_KEY,2026-09-08T16:00:15.302519+00:00,"{""order_id"": ""ORD_0028115"", ""customer_id"": ""CUST_002313"", ""product_id"": ""PROD_0009"", ""order_date"": ""2023-04-27"", ""quantity"": 1, ""payment_method"": ""Credit Card"", ""order_status"": ""Completed""}"
orders,ORD_0028147,ORPHAN_PRODUCT_FOREIGN_KEY,2026-09-08T16:00:15.302519+00:00,"{""order_id"": ""ORD_0028147"", ""customer_id"": ""CUST_004658"", ""product_id"": ""PROD_0009"", ""order_date"": ""2023-04-27"", ""quantity"": 7, ""payment_method"": ""Debit Card"", ""order_status"": ""Completed""}"
orders,ORD_0028205,ORPHAN_PRODUCT_FOREIGN_KEY,2026-09-08T16:00:15.302519+00:00,"{""order_id"": ""ORD_0028205"", ""customer_id"": ""CUST_000654"", ""product_id"": ""PROD_0009"", ""order_date"": ""2023-04-28"", ""quantity"": 2, ""payment_method"": ""Debit Card"", ""order_status"": ""Completed""}"
orders,ORD_0028208,ORPHAN_PRODUCT_FOREIGN_KEY,2026-09-08T16:00:15.302519+00:00,"{""order_id"": ""ORD_0028208"", ""customer_id"": ""CUST_000918"", ""product_id"": ""PROD_0009"", ""order_date"": ""2023-04-28"", ""quantity"": 1, ""payment_method"": ""Credit Card"", ""order_status"": ""Completed""}"
orders,ORD_0028222,ORPHAN_PRODUCT_FOREIGN_KEY,2026-09-08T16:00:15.302519+00:00,"{""order_id"": ""ORD_0028222"", ""customer_id"": ""CUST_002169"", ""product_id"": ""PROD_0009"", ""order_date"": ""2023-04-28"", ""quantity"": 1, ""payment_method"": ""Cash on Delivery"", ""order_status"": ""Completed""}"
orders,ORD_0028243,ORPHAN_PRODUCT_FOREIGN_KEY,2026-09-08T16:00:15.302519+00:00,"{""order_id"": ""ORD_0028243"", ""customer_id"": ""CUST_004079"", ""product_id"": ""PROD_0009"", ""order_date"": ""2023-04-28"", ""quantity"": 3, ""payment_method"": ""PayPal"", ""order_status"": ""Completed""}"
orders,ORD_0028300,ORPHAN_PRODUCT_FOREIGN_KEY,2026-09-08T16:00:15.302519+00:00,"{""order_id"": ""ORD_0028300"", ""customer_id"": ""CUST_008758"", ""product_id"": ""PROD_0485"", ""order_date"": ""2023-04-28"", ""quantity"": 1, ""payment_method"": ""Credit Card"", ""order_status"": ""Completed""}"
orders,ORD_0028353,ORPHAN_PRODUCT_FOREIGN_KEY,2026-09-08T16:00:15.302519+00:00,"{""order_id"": ""ORD_0028353"", ""customer_id"": ""CUST_004195"", ""product_id"": ""PROD_0155"", ""order_date"": ""2023-04-29"", ""quantity"": 1, ""payment_method"": ""Credit Card"", ""order_status"": ""Completed""}"
orders,ORD_0028556,ORPHAN_PRODUCT_FOREIGN_KEY,2026-09-08T16:00:15.302519+00:00,"{""order_id"": ""ORD_0028556"", ""customer_id"": ""CUST_003831"", ""product_id"": ""PROD_0291"", ""order_date"": ""2023-05-01"", ""quantity"": 1, ""payment_method"": ""Apple Pay"", ""order_status"": ""Completed""}"
orders,ORD_0028568,ORPHAN_PRODUCT_FOREIGN_KEY,2026-09-08T16:00:15.302519+00:00,"{""order_id"": ""ORD_0028568"", ""customer_id"": ""CUST_004576"", ""product_id"": ""PROD_0009"", ""order_date"": ""2023-05-01"", ""quantity"": 1, ""payment_method"": ""PayPal"", ""order_status"": ""Completed""}"
orders,ORD_0028571,ORPHAN_PRODUCT_FOREIGN_KEY,2026-09-08T16:00:15.302519+00:00,"{""order_id"": ""ORD_0028571"", ""customer_id"": ""CUST_004942"", ""product_id"": ""PROD_0177"", ""order_date"": ""2023-05-01"", ""quantity"": 1, ""payment_method"": ""Debit Card"", ""order_status"": ""Completed""}"
orders,ORD_0028611,ORPHAN_PRODUCT_FOREIGN_KEY,2026-09-08T16:00:15.302519+00:00,"{""order_id"": ""ORD_0028611"", ""customer_id"": ""CUST_009473"", ""product_id"": ""PROD_0009"", ""order_date"": ""2023-05-01"", ""quantity"": 1, ""payment_method"": ""PayPal"", ""order_status"": ""Completed""}"
orders,ORD_0028618,ORPHAN_PRODUCT_FOREIGN_KEY,2026-09-08T16:00:15.302519+00:00,"{""order_id"": ""ORD_0028618"", ""customer_id"": ""CUST_000134"", ""product_id"": ""PROD_0009"", ""order_date"": ""2023-05-02"", ""quantity"": 1, ""payment_method"": ""Debit Card"", ""order_status"": ""Completed""}"
orders,ORD_0028621,ORPHAN_PRODUCT_FOREIGN_KEY,2026-09-08T16:00:15.302519+00:00,"{""order_id"": ""ORD_0028621"", ""customer_id"": ""CUST_000273"", ""product_id"": ""PROD_0009"", ""order_date"": ""2023-05-02"", ""quantity"": 2, ""payment_method"": ""Debit Card"", ""order_status"": ""Completed""}"
orders,ORD_0028631,ORPHAN_PRODUCT_FOREIGN_KEY,2026-09-08T16:00:15.302519+00:00,"{""order_id"": ""ORD_0028631"", ""customer_id"": ""CUST_001221"", ""product_id"": ""PROD_0009"", ""order_date"": ""2023-05-02"", ""quantity"": 1, ""payment_method"": ""Credit Card"", ""order_status"": ""Cancelled""}"
orders,ORD_0028669,ORPHAN_PRODUCT_FOREIGN_KEY,2026-09-08T16:00:15.302519+00:00,"{""order_id"": ""ORD_0028669"", ""customer_id"": ""CUST_005436"", ""product_id"": ""PROD_0155"", ""order_date"": ""2023-05-02"", ""quantity"": 3, ""payment_method"": ""Credit Card"", ""order_status"": ""Completed""}"
orders,ORD_0028720,ORPHAN_PRODUCT_FOREIGN_KEY,2026-09-08T16:00:15.302519+00:00,"{""order_id"": ""ORD_0028720"", ""customer_id"": ""CUST_000482"", ""product_id"": ""PROD_0177"", ""order_date"": ""2023-05-03"", ""quantity"": 1, ""payment_method"": ""Credit Card"", ""order_status"": ""Completed""}"
orders,ORD_0028816,ORPHAN_PRODUCT_FOREIGN_KEY,2026-09-08T16:00:15.302519+00:00,"{""order_id"": ""ORD_0028816"", ""customer_id"": ""CUST_009624"", ""product_id"": ""PROD_0009"", ""order_date"": ""2023-05-03"", ""quantity"": 1, ""payment_method"": ""PayPal"", ""order_status"": ""Completed""}"
orders,ORD_0028881,ORPHAN_PRODUCT_FOREIGN_KEY,2026-09-08T16:00:15.302519+00:00,"{""order_id"": ""ORD_0028881"", ""customer_id"": ""CUST_004081"", ""product_id"": ""PROD_0155"", ""order_date"": ""2023-05-04"", ""quantity"": 1, ""payment_method"": ""Credit Card"", ""order_status"": ""Completed""}"
orders,ORD_0028914,ORPHAN_PRODUCT_FOREIGN_KEY,2026-09-08T16:00:15.302519+00:00,"{""order_id"": ""ORD_0028914"", ""customer_id"": ""CUST_006746"", ""product_id"": ""PROD_0009"", ""order_date"": ""2023-05-04"", ""quantity"": 1, ""payment_method"": ""PayPal"", ""order_status"": ""Shipped""}"
orders,ORD_0028991,ORPHAN_PRODUCT_FOREIGN_KEY,2026-09-08T16:00:15.302519+00:00,"{""order_id"": ""ORD_0028991"", ""customer_id"": ""CUST_004352"", ""product_id"": ""PROD_0009"", ""order_date"": ""2023-05-05"", ""quantity"": 1, ""payment_method"": ""Credit Card"", ""order_status"": ""Completed""}"
orders,ORD_0028995,ORPHAN_PRODUCT_FOREIGN_KEY,2026-09-08T16:00:15.302519+00:00,"{""order_id"": ""ORD_0028995"", ""customer_id"": ""CUST_004539"", ""product_id"": ""PROD_0031"", ""order_date"": ""2023-05-05"", ""quantity"": 1, ""payment_method"": ""PayPal"", ""order_status"": ""Completed""}"
orders,ORD_0028996,ORPHAN_PRODUCT_FOREIGN_KEY,2026-09-08T16:00:15.302519+00:00,"{""order_id"": ""ORD_0028996"", ""customer_id"": ""CUST_004649"", ""product_id"": ""PROD_0155"", ""order_date"": ""2023-05-05"", ""quantity"": 1, ""payment_method"": ""PayPal"", ""order_status"": ""Completed""}"
orders,ORD_0029020,ORPHAN_PRODUCT_FOREIGN_KEY,2026-09-08T16:00:15.302519+00:00,"{""order_id"": ""ORD_0029020"", ""customer_id"": ""CUST_008252"", ""product_id"": ""PROD_0009"", ""order_date"": ""2023-05-05"", ""quantity"": 2, ""payment_method"": ""Debit Card"", ""order_status"": ""Completed""}"
orders,ORD_0029082,ORPHAN_PRODUCT_FOREIGN_KEY,2026-09-08T16:00:15.302519+00:00,"{""order_id"": ""ORD_0029082"", ""customer_id"": ""CUST_004083"", ""product_id"": ""PROD_0009"", ""order_date"": ""2023-05-06"", ""quantity"": 1, ""payment_method"": ""Credit Card"", ""order_status"": ""Completed""}"
orders,ORD_0029155,ORPHAN_PRODUCT_FOREIGN_KEY,2026-09-08T16:00:15.302519+00:00,"{""order_id"": ""ORD_0029155"", ""customer_id"": ""CUST_001771"", ""product_id"": ""PROD_0031"", ""order_date"": ""2023-05-07"", ""quantity"": 1, ""payment_method"": ""Credit Card"", ""order_status"": ""Shipped""}"
orders,ORD_0029192,ORPHAN_PRODUCT_FOREIGN_KEY,2026-09-08T16:00:15.302519+00:00,"{""order_id"": ""ORD_0029192"", ""customer_id"": ""CUST_005265"", ""product_id"": ""PROD_0319"", ""order_date"": ""2023-05-07"", ""quantity"": 1, ""payment_method"": ""PayPal"", ""order_status"": ""Completed""}"
orders,ORD_0029238,ORPHAN_PRODUCT_FOREIGN_KEY,2026-09-08T16:00:15.302519+00:00,"{""order_id"": ""ORD_0029238"", ""customer_id"": ""CUST_009618"", ""product_id"": ""PROD_0031"", ""order_date"": ""2023-05-07"", ""quantity"": 1, ""payment_method"": ""PayPal"", ""order_status"": ""Completed""}"
orders,ORD_0029248,ORPHAN_PRODUCT_FOREIGN_KEY,2026-09-08T16:00:15.302519+00:00,"{""order_id"": ""ORD_0029248"", ""customer_id"": ""CUST_000768"", ""product_id"": ""PROD_0009"", ""order_date"": ""2023-05-08"", ""quantity"": 2, ""payment_method"": ""Credit Card"", ""order_status"": ""Completed""}"
orders,ORD_0029286,ORPHAN_PRODUCT_FOREIGN_KEY,2026-09-08T16:00:15.302519+00:00,"{""order_id"": ""ORD_0029286"", ""customer_id"": ""CUST_004396"", ""product_id"": ""PROD_0009"", ""order_date"": ""2023-05-08"", ""quantity"": 4, ""payment_method"": ""Apple Pay"", ""order_status"": ""Completed""}"
orders,ORD_0029306,ORPHAN_PRODUCT_FOREIGN_KEY,2026-09-08T16:00:15.302519+00:00,"{""order_id"": ""ORD_0029306"", ""customer_id"": ""CUST_006092"", ""product_id"": ""PROD_0009"", ""order_date"": ""2023-05-08"", ""quantity"": 1, ""payment_method"": ""Credit Card"", ""order_status"": ""Completed""}"
orders,ORD_0029311,ORPHAN_PRODUCT_FOREIGN_KEY,2026-09-08T16:00:15.302519+00:00,"{""order_id"": ""ORD_0029311"", ""customer_id"": ""CUST_006274"", ""product_id"": ""PROD_0101"", ""order_date"": ""2023-05-08"", ""quantity"": 2, ""payment_method"": ""PayPal"", ""order_status"": ""Shipped""}"
orders,ORD_0029317,ORPHAN_PRODUCT_FOREIGN_KEY,2026-09-08T16:00:15.302519+00:00,"{""order_id"": ""ORD_0029317"", ""customer_id"": ""CUST_007264"", ""product_id"": ""PROD_0009"", ""order_date"": ""2023-05-08"", ""quantity"": 1, ""payment_method"": ""Cash on Delivery"", ""order_status"": ""Completed""}"
orders,ORD_0029327,ORPHAN_PRODUCT_FOREIGN_KEY,2026-09-08T16:00:15.302519+00:00,"{""order_id"": ""ORD_0029327"", ""customer_id"": ""CUST_008833"", ""product_id"": ""PROD_0101"", ""order_date"": ""2023-05-08"", ""quantity"": 5, ""payment_method"": ""PayPal"", ""order_status"": ""Completed""}"
orders,ORD_0029350,ORPHAN_PRODUCT_FOREIGN_KEY,2026-09-08T16:00:15.302519+00:00,"{""order_id"": ""ORD_0029350"", ""customer_id"": ""CUST_001026"", ""product_id"": ""PROD_0101"", ""order_date"": ""2023-05-09"", ""quantity"": 1, ""payment_method"": ""Debit Card"", ""order_status"": ""Completed""}"
orders,ORD_0029370,ORPHAN_PRODUCT_FOREIGN_KEY,2026-09-08T16:00:15.302519+00:00,"{""order_id"": ""ORD_0029370"", ""customer_id"": ""CUST_002714"", ""product_id"": ""PROD_0485"", ""order_date"": ""2023-05-09"", ""quantity"": 3, ""payment_method"": ""Credit Card"", ""order_status"": ""Shipped""}"
orders,ORD_0029377,ORPHAN_PRODUCT_FOREIGN_KEY,2026-09-08T16:00:15.302519+00:00,"{""order_id"": ""ORD_0029377"", ""customer_id"": ""CUST_003300"", ""product_id"": ""PROD_0155"", ""order_date"": ""2023-05-09"", ""quantity"": 1, ""payment_method"": ""Credit Card"", ""order_status"": ""Refunded""}"
orders,ORD_0029379,ORPHAN_PRODUCT_FOREIGN_KEY,2026-09-08T16:00:15.302519+00:00,"{""order_id"": ""ORD_0029379"", ""customer_id"": ""CUST_003555"", ""product_id"": ""PROD_0009"", ""order_date"": ""2023-05-09"", ""quantity"": 1, ""payment_method"": ""Credit Card"", ""order_status"": ""Completed""}"
orders,ORD_0029416,ORPHAN_PRODUCT_FOREIGN_KEY,2026-09-08T16:00:15.302519+00:00,"{""order_id"": ""ORD_0029416"", ""customer_id"": ""CUST_006935"", ""product_id"": ""PROD_0009"", ""order_date"": ""2023-05-09"", ""quantity"": 2, ""payment_method"": ""PayPal"", ""order_status"": ""Completed""}"
orders,ORD_0029418,ORPHAN_PRODUCT_FOREIGN_KEY,2026-09-08T16:00:15.302519+00:00,"{""order_id"": ""ORD_0029418"", ""customer_id"": ""CUST_007072"", ""product_id"": ""PROD_0009"", ""order_date"": ""2023-05-09"", ""quantity"": 1, ""payment_method"": ""Credit Card"", ""order_status"": ""Completed""}"
orders,ORD_0029428,ORPHAN_PRODUCT_FOREIGN_KEY,2026-09-08T16:00:15.302519+00:00,"{""order_id"": ""ORD_0029428"", ""customer_id"": ""CUST_008500"", ""product_id"": ""PROD_0031"", ""order_date"": ""2023-05-09"", ""quantity"": 2, ""payment_method"": ""Apple Pay"", ""order_status"": ""Completed""}"
orders,ORD_0029445,ORPHAN_PRODUCT_FOREIGN_KEY,2026-09-08T16:00:15.302519+00:00,"{""order_id"": ""ORD_0029445"", ""customer_id"": ""CUST_009979"", ""product_id"": ""PROD_0009"", ""order_date"": ""2023-05-09"", ""quantity"": 1, ""payment_method"": ""Credit Card"", ""order_status"": ""Refunded""}"
orders,ORD_0029447,ORPHAN_PRODUCT_FOREIGN_KEY,2026-09-08T16:00:15.302519+00:00,"{""order_id"": ""ORD_0029447"", ""customer_id"": ""CUST_009996"", ""product_id"": ""PROD_0031"", ""order_date"": ""2023-05-09"", ""quantity"": 1, ""payment_method"": ""Credit Card"", ""order_status"": ""Completed""}"
orders,ORD_0029466,ORPHAN_PRODUCT_FOREIGN_KEY,2026-09-08T16:00:15.302519+00:00,"{""order_id"": ""ORD_0029466"", ""customer_id"": ""CUST_001908"", ""product_id"": ""PROD_0009"", ""order_date"": ""2023-05-10"", ""quantity"": 1, ""payment_method"": ""Credit Card"", ""order_status"": ""Completed""}"
orders,ORD_0029467,ORPHAN_PRODUCT_FOREIGN_KEY,2026-09-08T16:00:15.302519+00:00,"{""order_id"": ""ORD_0029467"", ""customer_id"": ""CUST_001975"", ""product_id"": ""PROD_0009"", ""order_date"": ""2023-05-10"", ""quantity"": 1, ""payment_method"": ""Credit Card"", ""order_status"": ""Completed""}"
orders,ORD_0029470,ORPHAN_PRODUCT_FOREIGN_KEY,2026-09-08T16:00:15.302519+00:00,"{""order_id"": ""ORD_0029470"", ""customer_id"": ""CUST_002086"", ""product_id"": ""PROD_0009"", ""order_date"": ""2023-05-10"", ""quantity"": 3, ""payment_method"": ""PayPal"", ""order_status"": ""Completed""}"
orders,ORD_0029566,ORPHAN_PRODUCT_FOREIGN_KEY,2026-09-08T16:00:15.302519+00:00,"{""order_id"": ""ORD_0029566"", ""customer_id"": ""CUST_000964"", ""product_id"": ""PROD_0177"", ""order_date"": ""2023-05-11"", ""quantity"": 1, ""payment_method"": ""PayPal"", ""order_status"": ""Completed""}"
orders,ORD_0029585,ORPHAN_PRODUCT_FOREIGN_KEY,2026-09-08T16:00:15.302519+00:00,"{""order_id"": ""ORD_0029585"", ""customer_id"": ""CUST_003071"", ""product_id"": ""PROD_0009"", ""order_date"": ""2023-05-11"", ""quantity"": 1, ""payment_method"": ""PayPal"", ""order_status"": ""Completed""}"
orders,ORD_0029603,ORPHAN_PRODUCT_FOREIGN_KEY,2026-09-08T16:00:15.302519+00:00,"{""order_id"": ""ORD_0029603"", ""customer_id"": ""CUST_004979"", ""product_id"": ""PROD_0009"", ""order_date"": ""2023-05-11"", ""quantity"": 1, ""payment_method"": ""Credit Card"", ""order_status"": ""Completed""}"
orders,ORD_0029616,ORPHAN_PRODUCT_FOREIGN_KEY,2026-09-08T16:00:15.302519+00:00,"{""order_id"": ""ORD_0029616"", ""customer_id"": ""CUST_006530"", ""product_id"": ""PROD_0009"", ""order_date"": ""2023-05-11"", ""quantity"": 1, ""payment_method"": ""Credit Card"", ""order_status"": ""Completed""}"
orders,ORD_0029651,ORPHAN_PRODUCT_FOREIGN_KEY,2026-09-08T16:00:15.302519+00:00,"{""order_id"": ""ORD_0029651"", ""customer_id"": ""CUST_009196"", ""product_id"": ""PROD_0009"", ""order_date"": ""2023-05-11"", ""quantity"": 1, ""payment_method"": ""Credit Card"", ""order_status"": ""Refunded""}"
orders,ORD_0029691,ORPHAN_PRODUCT_FOREIGN_KEY,2026-09-08T16:00:15.302519+00:00,"{""order_id"": ""ORD_0029691"", ""customer_id"": ""CUST_002993"", ""product_id"": ""PROD_0031"", ""order_date"": ""2023-05-12"", ""quantity"": 4, ""payment_method"": ""Cash on Delivery"", ""order_status"": ""Completed""}"
orders,ORD_0029733,ORPHAN_PRODUCT_FOREIGN_KEY,2026-09-08T16:00:15.302519+00:00,"{""order_id"": ""ORD_0029733"", ""customer_id"": ""CUST_006917"", ""product_id"": ""PROD_0319"", ""order_date"": ""2023-05-12"", ""quantity"": 1, ""payment_method"": ""Credit Card"", ""order_status"": ""Completed""}"
orders,ORD_0029793,ORPHAN_PRODUCT_FOREIGN_KEY,2026-09-08T16:00:15.302519+00:00,"{""order_id"": ""ORD_0029793"", ""customer_id"": ""CUST_003534"", ""product_id"": ""PROD_0009"", ""order_date"": ""2023-05-13"", ""quantity"": 1, ""payment_method"": ""Debit Card"", ""order_status"": ""Refunded""}"
orders,ORD_0029809,ORPHAN_PRODUCT_FOREIGN_KEY,2026-09-08T16:00:15.302519+00:00,"{""order_id"": ""ORD_0029809"", ""customer_id"": ""CUST_005221"", ""product_id"": ""PROD_0101"", ""order_date"": ""2023-05-13"", ""quantity"": 3, ""payment_method"": ""Credit Card"", ""order_status"": ""Completed""}"
orders,ORD_0029822,ORPHAN_PRODUCT_FOREIGN_KEY,2026-09-08T16:00:15.302519+00:00,"{""order_id"": ""ORD_0029822"", ""customer_id"": ""CUST_006163"", ""product_id"": ""PROD_0009"", ""order_date"": ""2023-05-13"", ""quantity"": 1, ""payment_method"": ""Apple Pay"", ""order_status"": ""Shipped""}"
orders,ORD_0029834,ORPHAN_PRODUCT_FOREIGN_KEY,2026-09-08T16:00:15.302519+00:00,"{""order_id"": ""ORD_0029834"", ""customer_id"": ""CUST_008586"", ""product_id"": ""PROD_0485"", ""order_date"": ""2023-05-13"", ""quantity"": 1, ""payment_method"": ""Debit Card"", ""order_status"": ""Completed""}"
orders,ORD_0029852,ORPHAN_PRODUCT_FOREIGN_KEY,2026-09-08T16:00:15.302519+00:00,"{""order_id"": ""ORD_0029852"", ""customer_id"": ""CUST_000619"", ""product_id"": ""PROD_0009"", ""order_date"": ""2023-05-14"", ""quantity"": 1, ""payment_method"": ""Credit Card"", ""order_status"": ""Completed""}"
orders,ORD_0029955,ORPHAN_PRODUCT_FOREIGN_KEY,2026-09-08T16:00:15.302519+00:00,"{""order_id"": ""ORD_0029955"", ""customer_id"": ""CUST_000769"", ""product_id"": ""PROD_0319"", ""order_date"": ""2023-05-15"", ""quantity"": 1, ""payment_method"": ""Credit Card"", ""order_status"": ""Completed""}"
orders,ORD_0029987,ORPHAN_PRODUCT_FOREIGN_KEY,2026-09-08T16:00:15.302519+00:00,"{""order_id"": ""ORD_0029987"", ""customer_id"": ""CUST_003648"", ""product_id"": ""PROD_0101"", ""order_date"": ""2023-05-15"", ""quantity"": 1, ""payment_method"": ""PayPal"", ""order_status"": ""Completed""}"
orders,ORD_0030014,ORPHAN_PRODUCT_FOREIGN_KEY,2026-09-08T16:00:15.302519+00:00,"{""order_id"": ""ORD_0030014"", ""customer_id"": ""CUST_005454"", ""product_id"": ""PROD_0009"", ""order_date"": ""2023-05-15"", ""quantity"": 1, ""payment_method"": ""Credit Card"", ""order_status"": ""Completed""}"
orders,ORD_0030023,ORPHAN_PRODUCT_FOREIGN_KEY,2026-09-08T16:00:15.302519+00:00,"{""order_id"": ""ORD_0030023"", ""customer_id"": ""CUST_006530"", ""product_id"": ""PROD_0009"", ""order_date"": ""2023-05-15"", ""quantity"": 2, ""payment_method"": ""PayPal"", ""order_status"": ""Completed""}"
orders,ORD_0030035,ORPHAN_PRODUCT_FOREIGN_KEY,2026-09-08T16:00:15.302519+00:00,"{""order_id"": ""ORD_0030035"", ""customer_id"": ""CUST_007216"", ""product_id"": ""PROD_0009"", ""order_date"": ""2023-05-15"", ""quantity"": 4, ""payment_method"": ""Credit Card"", ""order_status"": ""Completed""}"
orders,ORD_0030043,ORPHAN_PRODUCT_FOREIGN_KEY,2026-09-08T16:00:15.302519+00:00,"{""order_id"": ""ORD_0030043"", ""customer_id"": ""CUST_008078"", ""product_id"": ""PROD_0485"", ""order_date"": ""2023-05-15"", ""quantity"": 2, ""payment_method"": ""Credit Card"", ""order_status"": ""Completed""}"
orders,ORD_0030051,ORPHAN_PRODUCT_FOREIGN_KEY,2026-09-08T16:00:15.302519+00:00,"{""order_id"": ""ORD_0030051"", ""customer_id"": ""CUST_008942"", ""product_id"": ""PROD_0031"", ""order_date"": ""2023-05-15"", ""quantity"": 1, ""payment_method"": ""Debit Card"", ""order_status"": ""Completed""}"
orders,ORD_0030077,ORPHAN_PRODUCT_FOREIGN_KEY,2026-09-08T16:00:15.302519+00:00,"{""order_id"": ""ORD_0030077"", ""customer_id"": ""CUST_001651"", ""product_id"": ""PROD_0009"", ""order_date"": ""2023-05-16"", ""quantity"": 1, ""payment_method"": ""Credit Card"", ""order_status"": ""Completed""}"
orders,ORD_0030138,ORPHAN_PRODUCT_FOREIGN_KEY,2026-09-08T16:00:15.302519+00:00,"{""order_id"": ""ORD_0030138"", ""customer_id"": ""CUST_006804"", ""product_id"": ""PROD_0009"", ""order_date"": ""2023-05-16"", ""quantity"": 1, ""payment_method"": ""PayPal"", ""order_status"": ""Completed""}"
orders,ORD_0030169,ORPHAN_PRODUCT_FOREIGN_KEY,2026-09-08T16:00:15.302519+00:00,"{""order_id"": ""ORD_0030169"", ""customer_id"": ""CUST_009951"", ""product_id"": ""PROD_0009"", ""order_date"": ""2023-05-16"", ""quantity"": 1, ""payment_method"": ""PayPal"", ""order_status"": ""Completed""}"
orders,ORD_0030319,ORPHAN_PRODUCT_FOREIGN_KEY,2026-09-08T16:00:15.302519+00:00,"{""order_id"": ""ORD_0030319"", ""customer_id"": ""CUST_004167"", ""product_id"": ""PROD_0009"", ""order_date"": ""2023-05-18"", ""quantity"": 1, ""payment_method"": ""Credit Card"", ""order_status"": ""Completed""}"
orders,ORD_0030355,ORPHAN_PRODUCT_FOREIGN_KEY,2026-09-08T16:00:15.302519+00:00,"{""order_id"": ""ORD_0030355"", ""customer_id"": ""CUST_007497"", ""product_id"": ""PROD_0031"", ""order_date"": ""2023-05-18"", ""quantity"": 1, ""payment_method"": ""Credit Card"", ""order_status"": ""Completed""}"
orders,ORD_0030379,ORPHAN_PRODUCT_FOREIGN_KEY,2026-09-08T16:00:15.302519+00:00,"{""order_id"": ""ORD_0030379"", ""customer_id"": ""CUST_009463"", ""product_id"": ""PROD_0031"", ""order_date"": ""2023-05-18"", ""quantity"": 3, ""payment_method"": ""Debit Card"", ""order_status"": ""Completed""}"
orders,ORD_0030433,ORPHAN_PRODUCT_FOREIGN_KEY,2026-09-08T16:00:15.302519+00:00,"{""order_id"": ""ORD_0030433"", ""customer_id"": ""CUST_002581"", ""product_id"": ""PROD_0009"", ""order_date"": ""2023-05-19"", ""quantity"": 1, ""payment_method"": ""Credit Card"", ""order_status"": ""Completed""}"
orders,ORD_0030445,ORPHAN_PRODUCT_FOREIGN_KEY,2026-09-08T16:00:15.302519+00:00,"{""order_id"": ""ORD_0030445"", ""customer_id"": ""CUST_004235"", ""product_id"": ""PROD_0031"", ""order_date"": ""2023-05-19"", ""quantity"": 1, ""payment_method"": ""PayPal"", ""order_status"": ""Completed""}"
orders,ORD_0030519,ORPHAN_PRODUCT_FOREIGN_KEY,2026-09-08T16:00:15.302519+00:00,"{""order_id"": ""ORD_0030519"", ""customer_id"": ""CUST_009658"", ""product_id"": ""PROD_0177"", ""order_date"": ""2023-05-19"", ""quantity"": 1, ""payment_method"": ""Credit Card"", ""order_status"": ""Completed""}"
orders,ORD_0030552,ORPHAN_PRODUCT_FOREIGN_KEY,2026-09-08T16:00:15.302519+00:00,"{""order_id"": ""ORD_0030552"", ""customer_id"": ""CUST_002774"", ""product_id"": ""PROD_0009"", ""order_date"": ""2023-05-20"", ""quantity"": 1, ""payment_method"": ""Credit Card"", ""order_status"": ""Completed""}"
orders,ORD_0030593,ORPHAN_PRODUCT_FOREIGN_KEY,2026-09-08T16:00:15.302519+00:00,"{""order_id"": ""ORD_0030593"", ""customer_id"": ""CUST_006208"", ""product_id"": ""PROD_0177"", ""order_date"": ""2023-05-20"", ""quantity"": 2, ""payment_method"": ""Debit Card"", ""order_status"": ""Shipped""}"
orders,ORD_0030684,ORPHAN_PRODUCT_FOREIGN_KEY,2026-09-08T16:00:15.302519+00:00,"{""order_id"": ""ORD_0030684"", ""customer_id"": ""CUST_003467"", ""product_id"": ""PROD_0009"", ""order_date"": ""2023-05-21"", ""quantity"": 1, ""payment_method"": ""PayPal"", ""order_status"": ""Completed""}"
orders,ORD_0030694,ORPHAN_PRODUCT_FOREIGN_KEY,2026-09-08T16:00:15.302519+00:00,"{""order_id"": ""ORD_0030694"", ""customer_id"": ""CUST_004251"", ""product_id"": ""PROD_0009"", ""order_date"": ""2023-05-21"", ""quantity"": 1, ""payment_method"": ""Credit Card"", ""order_status"": ""Completed""}"
orders,ORD_0030736,ORPHAN_PRODUCT_FOREIGN_KEY,2026-09-08T16:00:15.302519+00:00,"{""order_id"": ""ORD_0030736"", ""customer_id"": ""CUST_009798"", ""product_id"": ""PROD_0009"", ""order_date"": ""2023-05-21"", ""quantity"": 1, ""payment_method"": ""Credit Card"", ""order_status"": ""Completed""}"
orders,ORD_0030750,ORPHAN_PRODUCT_FOREIGN_KEY,2026-09-08T16:00:15.302519+00:00,"{""order_id"": ""ORD_0030750"", ""customer_id"": ""CUST_001295"", ""product_id"": ""PROD_0177"", ""order_date"": ""2023-05-22"", ""quantity"": 1, ""payment_method"": ""Cash on Delivery"", ""order_status"": ""Completed""}"
orders,ORD_0030752,ORPHAN_PRODUCT_FOREIGN_KEY,2026-09-08T16:00:15.302519+00:00,"{""order_id"": ""ORD_0030752"", ""customer_id"": ""CUST_001721"", ""product_id"": ""PROD_0009"", ""order_date"": ""2023-05-22"", ""quantity"": 3, ""payment_method"": ""Credit Card"", ""order_status"": ""Completed""}"
orders,ORD_0030814,ORPHAN_PRODUCT_FOREIGN_KEY,2026-09-08T16:00:15.302519+00:00,"{""order_id"": ""ORD_0030814"", ""customer_id"": ""CUST_005785"", ""product_id"": ""PROD_0009"", ""order_date"": ""2023-05-22"", ""quantity"": 1, ""payment_method"": ""Credit Card"", ""order_status"": ""Completed""}"
orders,ORD_0030893,ORPHAN_PRODUCT_FOREIGN_KEY,2026-09-08T16:00:15.302519+00:00,"{""order_id"": ""ORD_0030893"", ""customer_id"": ""CUST_002568"", ""product_id"": ""PROD_0031"", ""order_date"": ""2023-05-23"", ""quantity"": 1, ""payment_method"": ""Credit Card"", ""order_status"": ""Shipped""}"
orders,ORD_0030914,ORPHAN_PRODUCT_FOREIGN_KEY,2026-09-08T16:00:15.302519+00:00,"{""order_id"": ""ORD_0030914"", ""customer_id"": ""CUST_003898"", ""product_id"": ""PROD_0177"", ""order_date"": ""2023-05-23"", ""quantity"": 2, ""payment_method"": ""PayPal"", ""order_status"": ""Completed""}"
orders,ORD_0030972,ORPHAN_PRODUCT_FOREIGN_KEY,2026-09-08T16:00:15.302519+00:00,"{""order_id"": ""ORD_0030972"", ""customer_id"": ""CUST_008743"", ""product_id"": ""PROD_0177"", ""order_date"": ""2023-05-23"", ""quantity"": 1, ""payment_method"": ""PayPal"", ""order_status"": ""Completed""}"
orders,ORD_0031090,ORPHAN_PRODUCT_FOREIGN_KEY,2026-09-08T16:00:15.302519+00:00,"{""order_id"": ""ORD_0031090"", ""customer_id"": ""CUST_008395"", ""product_id"": ""PROD_0031"", ""order_date"": ""2023-05-24"", ""quantity"": 1, ""payment_method"": ""Credit Card"", ""order_status"": ""Completed""}"
orders,ORD_0031094,ORPHAN_PRODUCT_FOREIGN_KEY,2026-09-08T16:00:15.302519+00:00,"{""order_id"": ""ORD_0031094"", ""customer_id"": ""CUST_008578"", ""product_id"": ""PROD_0009"", ""order_date"": ""2023-05-24"", ""quantity"": 1, ""payment_method"": ""PayPal"", ""order_status"": ""Refunded""}"
orders,ORD_0031122,ORPHAN_PRODUCT_FOREIGN_KEY,2026-09-08T16:00:15.302519+00:00,"{""order_id"": ""ORD_0031122"", ""customer_id"": ""CUST_000654"", ""product_id"": ""PROD_0009"", ""order_date"": ""2023-05-25"", ""quantity"": 3, ""payment_method"": ""Credit Card"", ""order_status"": ""Completed""}"
orders,ORD_0031153,ORPHAN_PRODUCT_FOREIGN_KEY,2026-09-08T16:00:15.302519+00:00,"{""order_id"": ""ORD_0031153"", ""customer_id"": ""CUST_003537"", ""product_id"": ""PROD_0485"", ""order_date"": ""2023-05-25"", ""quantity"": 1, ""payment_method"": ""Credit Card"", ""order_status"": ""Completed""}"
orders,ORD_0031173,ORPHAN_PRODUCT_FOREIGN_KEY,2026-09-08T16:00:15.302519+00:00,"{""order_id"": ""ORD_0031173"", ""customer_id"": ""CUST_005528"", ""product_id"": ""PROD_0009"", ""order_date"": ""2023-05-25"", ""quantity"": 3, ""payment_method"": ""PayPal"", ""order_status"": ""Completed""}"
orders,ORD_0031228,ORPHAN_PRODUCT_FOREIGN_KEY,2026-09-08T16:00:15.302519+00:00,"{""order_id"": ""ORD_0031228"", ""customer_id"": ""CUST_000980"", ""product_id"": ""PROD_0009"", ""order_date"": ""2023-05-26"", ""quantity"": 2, ""payment_method"": ""Debit Card"", ""order_status"": ""Completed""}"
orders,ORD_0031231,ORPHAN_PRODUCT_FOREIGN_KEY,2026-09-08T16:00:15.302519+00:00,"{""order_id"": ""ORD_0031231"", ""customer_id"": ""CUST_001442"", ""product_id"": ""PROD_0009"", ""order_date"": ""2023-05-26"", ""quantity"": 1, ""payment_method"": ""Credit Card"", ""order_status"": ""Completed""}"
orders,ORD_0031320,ORPHAN_PRODUCT_FOREIGN_KEY,2026-09-08T16:00:15.302519+00:00,"{""order_id"": ""ORD_0031320"", ""customer_id"": ""CUST_008763"", ""product_id"": ""PROD_0291"", ""order_date"": ""2023-05-26"", ""quantity"": 1, ""payment_method"": ""PayPal"", ""order_status"": ""Completed""}"
orders,ORD_0031353,ORPHAN_PRODUCT_FOREIGN_KEY,2026-09-08T16:00:15.302519+00:00,"{""order_id"": ""ORD_0031353"", ""customer_id"": ""CUST_001432"", ""product_id"": ""PROD_0031"", ""order_date"": ""2023-05-27"", ""quantity"": 2, ""payment_method"": ""Cash on Delivery"", ""order_status"": ""Completed""}"
orders,ORD_0031379,ORPHAN_PRODUCT_FOREIGN_KEY,2026-09-08T16:00:15.302519+00:00,"{""order_id"": ""ORD_0031379"", ""customer_id"": ""CUST_003234"", ""product_id"": ""PROD_0009"", ""order_date"": ""2023-05-27"", ""quantity"": 1, ""payment_method"": ""PayPal"", ""order_status"": ""Cancelled""}"
orders,ORD_0031400,ORPHAN_PRODUCT_FOREIGN_KEY,2026-09-08T16:00:15.302519+00:00,"{""order_id"": ""ORD_0031400"", ""customer_id"": ""CUST_004730"", ""product_id"": ""PROD_0009"", ""order_date"": ""2023-05-27"", ""quantity"": 2, ""payment_method"": ""Credit Card"", ""order_status"": ""Completed""}"
orders,ORD_0031411,ORPHAN_PRODUCT_FOREIGN_KEY,2026-09-08T16:00:15.302519+00:00,"{""order_id"": ""ORD_0031411"", ""customer_id"": ""CUST_006108"", ""product_id"": ""PROD_0009"", ""order_date"": ""2023-05-27"", ""quantity"": 1, ""payment_method"": ""Credit Card"", ""order_status"": ""Completed""}"
orders,ORD_0031421,ORPHAN_PRODUCT_FOREIGN_KEY,2026-09-08T16:00:15.302519+00:00,"{""order_id"": ""ORD_0031421"", ""customer_id"": ""CUST_007393"", ""product_id"": ""PROD_0031"", ""order_date"": ""2023-05-27"", ""quantity"": 2, ""payment_method"": ""Debit Card"", ""order_status"": ""Completed""}"
orders,ORD_0031464,ORPHAN_PRODUCT_FOREIGN_KEY,2026-09-08T16:00:15.302519+00:00,"{""order_id"": ""ORD_0031464"", ""customer_id"": ""CUST_000849"", ""product_id"": ""PROD_0009"", ""order_date"": ""2023-05-28"", ""quantity"": 2, ""payment_method"": ""Debit Card"", ""order_status"": ""Completed""}"
orders,ORD_0031476,ORPHAN_PRODUCT_FOREIGN_KEY,2026-09-08T16:00:15.302519+00:00,"{""order_id"": ""ORD_0031476"", ""customer_id"": ""CUST_002105"", ""product_id"": ""PROD_0031"", ""order_date"": ""2023-05-28"", ""quantity"": 1, ""payment_method"": ""PayPal"", ""order_status"": ""Completed""}"
orders,ORD_0031479,ORPHAN_PRODUCT_FOREIGN_KEY,2026-09-08T16:00:15.302519+00:00,"{""order_id"": ""ORD_0031479"", ""customer_id"": ""CUST_002636"", ""product_id"": ""PROD_0009"", ""order_date"": ""2023-05-28"", ""quantity"": 2, ""payment_method"": ""Credit Card"", ""order_status"": ""Completed""}"
orders,ORD_0031606,ORPHAN_PRODUCT_FOREIGN_KEY,2026-09-08T16:00:15.302519+00:00,"{""order_id"": ""ORD_0031606"", ""customer_id"": ""CUST_003835"", ""product_id"": ""PROD_0009"", ""order_date"": ""2023-05-29"", ""quantity"": 1, ""payment_method"": ""PayPal"", ""order_status"": ""Completed""}"
orders,ORD_0031617,ORPHAN_PRODUCT_FOREIGN_KEY,2026-09-08T16:00:15.302519+00:00,"{""order_id"": ""ORD_0031617"", ""customer_id"": ""CUST_004759"", ""product_id"": ""PROD_0031"", ""order_date"": ""2023-05-29"", ""quantity"": 1, ""payment_method"": ""Credit Card"", ""order_status"": ""Completed""}"
orders,ORD_0031679,ORPHAN_PRODUCT_FOREIGN_KEY,2026-09-08T16:00:15.302519+00:00,"{""order_id"": ""ORD_0031679"", ""customer_id"": ""CUST_009931"", ""product_id"": ""PROD_0009"", ""order_date"": ""2023-05-29"", ""quantity"": 1, ""payment_method"": ""Credit Card"", ""order_status"": ""Completed""}"
orders,ORD_0031687,ORPHAN_PRODUCT_FOREIGN_KEY,2026-09-08T16:00:15.302519+00:00,"{""order_id"": ""ORD_0031687"", ""customer_id"": ""CUST_000980"", ""product_id"": ""PROD_0009"", ""order_date"": ""2023-05-30"", ""quantity"": 1, ""payment_method"": ""Cash on Delivery"", ""order_status"": ""Completed""}"
orders,ORD_0031861,ORPHAN_PRODUCT_FOREIGN_KEY,2026-09-08T16:00:15.302519+00:00,"{""order_id"": ""ORD_0031861"", ""customer_id"": ""CUST_007974"", ""product_id"": ""PROD_0031"", ""order_date"": ""2023-05-31"", ""quantity"": 3, ""payment_method"": ""PayPal"", ""order_status"": ""Completed""}"
orders,ORD_0031872,ORPHAN_PRODUCT_FOREIGN_KEY,2026-09-08T16:00:15.302519+00:00,"{""order_id"": ""ORD_0031872"", ""customer_id"": ""CUST_008887"", ""product_id"": ""PROD_0031"", ""order_date"": ""2023-05-31"", ""quantity"": 1, ""payment_method"": ""Credit Card"", ""order_status"": ""Completed""}"
orders,ORD_0031916,ORPHAN_PRODUCT_FOREIGN_KEY,2026-09-08T16:00:15.302519+00:00,"{""order_id"": ""ORD_0031916"", ""customer_id"": ""CUST_002761"", ""product_id"": ""PROD_0177"", ""order_date"": ""2023-06-01"", ""quantity"": 1, ""payment_method"": ""PayPal"", ""order_status"": ""Completed""}"
orders,ORD_0031962,ORPHAN_PRODUCT_FOREIGN_KEY,2026-09-08T16:00:15.302519+00:00,"{""order_id"": ""ORD_0031962"", ""customer_id"": ""CUST_006131"", ""product_id"": ""PROD_0101"", ""order_date"": ""2023-06-01"", ""quantity"": 2, ""payment_method"": ""Credit Card"", ""order_status"": ""Completed""}"
orders,ORD_0032052,ORPHAN_PRODUCT_FOREIGN_KEY,2026-09-08T16:00:15.302519+00:00,"{""order_id"": ""ORD_0032052"", ""customer_id"": ""CUST_004243"", ""product_id"": ""PROD_0009"", ""order_date"": ""2023-06-02"", ""quantity"": 1, ""payment_method"": ""Credit Card"", ""order_status"": ""Completed""}"
orders,ORD_0032160,ORPHAN_PRODUCT_FOREIGN_KEY,2026-09-08T16:00:15.302519+00:00,"{""order_id"": ""ORD_0032160"", ""customer_id"": ""CUST_004168"", ""product_id"": ""PROD_0155"", ""order_date"": ""2023-06-03"", ""quantity"": 1, ""payment_method"": ""PayPal"", ""order_status"": ""Completed""}"
orders,ORD_0032183,ORPHAN_PRODUCT_FOREIGN_KEY,2026-09-08T16:00:15.302519+00:00,"{""order_id"": ""ORD_0032183"", ""customer_id"": ""CUST_006465"", ""product_id"": ""PROD_0009"", ""order_date"": ""2023-06-03"", ""quantity"": 2, ""payment_method"": ""Credit Card"", ""order_status"": ""Completed""}"
orders,ORD_0032205,ORPHAN_PRODUCT_FOREIGN_KEY,2026-09-08T16:00:15.302519+00:00,"{""order_id"": ""ORD_0032205"", ""customer_id"": ""CUST_007771"", ""product_id"": ""PROD_0177"", ""order_date"": ""2023-06-03"", ""quantity"": 1, ""payment_method"": ""Credit Card"", ""order_status"": ""Shipped""}"
orders,ORD_0032214,ORPHAN_PRODUCT_FOREIGN_KEY,2026-09-08T16:00:15.302519+00:00,"{""order_id"": ""ORD_0032214"", ""customer_id"": ""CUST_008584"", ""product_id"": ""PROD_0009"", ""order_date"": ""2023-06-03"", ""quantity"": 1, ""payment_method"": ""Credit Card"", ""order_status"": ""Completed""}"
orders,ORD_0032226,ORPHAN_PRODUCT_FOREIGN_KEY,2026-09-08T16:00:15.302519+00:00,"{""order_id"": ""ORD_0032226"", ""customer_id"": ""CUST_009814"", ""product_id"": ""PROD_0009"", ""order_date"": ""2023-06-03"", ""quantity"": 1, ""payment_method"": ""Credit Card"", ""order_status"": ""Completed""}"
orders,ORD_0032253,ORPHAN_PRODUCT_FOREIGN_KEY,2026-09-08T16:00:15.302519+00:00,"{""order_id"": ""ORD_0032253"", ""customer_id"": ""CUST_002327"", ""product_id"": ""PROD_0155"", ""order_date"": ""2023-06-04"", ""quantity"": 1, ""payment_method"": ""Credit Card"", ""order_status"": ""Completed""}"
orders,ORD_0032282,ORPHAN_PRODUCT_FOREIGN_KEY,2026-09-08T16:00:15.302519+00:00,"{""order_id"": ""ORD_0032282"", ""customer_id"": ""CUST_005571"", ""product_id"": ""PROD_0031"", ""order_date"": ""2023-06-04"", ""quantity"": 2, ""payment_method"": ""Credit Card"", ""order_status"": ""Completed""}"
orders,ORD_0032314,ORPHAN_PRODUCT_FOREIGN_KEY,2026-09-08T16:00:15.302519+00:00,"{""order_id"": ""ORD_0032314"", ""customer_id"": ""CUST_008203"", ""product_id"": ""PROD_0031"", ""order_date"": ""2023-06-04"", ""quantity"": 4, ""payment_method"": ""Credit Card"", ""order_status"": ""Completed""}"
orders,ORD_0032331,ORPHAN_PRODUCT_FOREIGN_KEY,2026-09-08T16:00:15.302519+00:00,"{""order_id"": ""ORD_0032331"", ""customer_id"": ""CUST_000290"", ""product_id"": ""PROD_0009"", ""order_date"": ""2023-06-05"", ""quantity"": 1, ""payment_method"": ""Debit Card"", ""order_status"": ""Completed""}"
orders,ORD_0032386,ORPHAN_PRODUCT_FOREIGN_KEY,2026-09-08T16:00:15.302519+00:00,"{""order_id"": ""ORD_0032386"", ""customer_id"": ""CUST_005304"", ""product_id"": ""PROD_0031"", ""order_date"": ""2023-06-05"", ""quantity"": 1, ""payment_method"": ""Cash on Delivery"", ""order_status"": ""Completed""}"
orders,ORD_0032442,ORPHAN_PRODUCT_FOREIGN_KEY,2026-09-08T16:00:15.302519+00:00,"{""order_id"": ""ORD_0032442"", ""customer_id"": ""CUST_000350"", ""product_id"": ""PROD_0009"", ""order_date"": ""2023-06-06"", ""quantity"": 1, ""payment_method"": ""PayPal"", ""order_status"": ""Completed""}"
orders,ORD_0032461,ORPHAN_PRODUCT_FOREIGN_KEY,2026-09-08T16:00:15.302519+00:00,"{""order_id"": ""ORD_0032461"", ""customer_id"": ""CUST_001976"", ""product_id"": ""PROD_0101"", ""order_date"": ""2023-06-06"", ""quantity"": 1, ""payment_method"": ""PayPal"", ""order_status"": ""Completed""}"
orders,ORD_0032540,ORPHAN_PRODUCT_FOREIGN_KEY,2026-09-08T16:00:15.302519+00:00,"{""order_id"": ""ORD_0032540"", ""customer_id"": ""CUST_007826"", ""product_id"": ""PROD_0009"", ""order_date"": ""2023-06-06"", ""quantity"": 2, ""payment_method"": ""Debit Card"", ""order_status"": ""Completed""}"
orders,ORD_0032550,ORPHAN_PRODUCT_FOREIGN_KEY,2026-09-08T16:00:15.302519+00:00,"{""order_id"": ""ORD_0032550"", ""customer_id"": ""CUST_009106"", ""product_id"": ""PROD_0009"", ""order_date"": ""2023-06-06"", ""quantity"": 2, ""payment_method"": ""Credit Card"", ""order_status"": ""Completed""}"
orders,ORD_0032560,ORPHAN_PRODUCT_FOREIGN_KEY,2026-09-08T16:00:15.302519+00:00,"{""order_id"": ""ORD_0032560"", ""customer_id"": ""CUST_009663"", ""product_id"": ""PROD_0031"", ""order_date"": ""2023-06-06"", ""quantity"": 1, ""payment_method"": ""Credit Card"", ""order_status"": ""Completed""}"
orders,ORD_0032570,ORPHAN_PRODUCT_FOREIGN_KEY,2026-09-08T16:00:15.302519+00:00,"{""order_id"": ""ORD_0032570"", ""customer_id"": ""CUST_001457"", ""product_id"": ""PROD_0009"", ""order_date"": ""2023-06-07"", ""quantity"": 2, ""payment_method"": ""PayPal"", ""order_status"": ""Completed""}"
orders,ORD_0032572,ORPHAN_PRODUCT_FOREIGN_KEY,2026-09-08T16:00:15.302519+00:00,"{""order_id"": ""ORD_0032572"", ""customer_id"": ""CUST_001783"", ""product_id"": ""PROD_0009"", ""order_date"": ""2023-06-07"", ""quantity"": 1, ""payment_method"": ""Credit Card"", ""order_status"": ""Completed""}"
orders,ORD_0032607,ORPHAN_PRODUCT_FOREIGN_KEY,2026-09-08T16:00:15.302519+00:00,"{""order_id"": ""ORD_0032607"", ""customer_id"": ""CUST_004733"", ""product_id"": ""PROD_0177"", ""order_date"": ""2023-06-07"", ""quantity"": 1, ""payment_method"": ""Debit Card"", ""order_status"": ""Completed""}"
orders,ORD_0032658,ORPHAN_PRODUCT_FOREIGN_KEY,2026-09-08T16:00:15.302519+00:00,"{""order_id"": ""ORD_0032658"", ""customer_id"": ""CUST_009550"", ""product_id"": ""PROD_0009"", ""order_date"": ""2023-06-07"", ""quantity"": 1, ""payment_method"": ""Credit Card"", ""order_status"": ""Completed""}"
orders,ORD_0032665,ORPHAN_PRODUCT_FOREIGN_KEY,2026-09-08T16:00:15.302519+00:00,"{""order_id"": ""ORD_0032665"", ""customer_id"": ""CUST_000239"", ""product_id"": ""PROD_0009"", ""order_date"": ""2023-06-08"", ""quantity"": 1, ""payment_method"": ""Credit Card"", ""order_status"": ""Completed""}"
orders,ORD_0032687,ORPHAN_PRODUCT_FOREIGN_KEY,2026-09-08T16:00:15.302519+00:00,"{""order_id"": ""ORD_0032687"", ""customer_id"": ""CUST_002118"", ""product_id"": ""PROD_0009"", ""order_date"": ""2023-06-08"", ""quantity"": 1, ""payment_method"": ""Apple Pay"", ""order_status"": ""Completed""}"
orders,ORD_0032725,ORPHAN_PRODUCT_FOREIGN_KEY,2026-09-08T16:00:15.302519+00:00,"{""order_id"": ""ORD_0032725"", ""customer_id"": ""CUST_005119"", ""product_id"": ""PROD_0009"", ""order_date"": ""2023-06-08"", ""quantity"": 2, ""payment_method"": ""Credit Card"", ""order_status"": ""Completed""}"
orders,ORD_0032745,ORPHAN_PRODUCT_FOREIGN_KEY,2026-09-08T16:00:15.302519+00:00,"{""order_id"": ""ORD_0032745"", ""customer_id"": ""CUST_006824"", ""product_id"": ""PROD_0101"", ""order_date"": ""2023-06-08"", ""quantity"": 1, ""payment_method"": ""Credit Card"", ""order_status"": ""Completed""}"
orders,ORD_0032819,ORPHAN_PRODUCT_FOREIGN_KEY,2026-09-08T16:00:15.302519+00:00,"{""order_id"": ""ORD_0032819"", ""customer_id"": ""CUST_004494"", ""product_id"": ""PROD_0009"", ""order_date"": ""2023-06-09"", ""quantity"": 2, ""payment_method"": ""PayPal"", ""order_status"": ""Refunded""}"
orders,ORD_0032852,ORPHAN_PRODUCT_FOREIGN_KEY,2026-09-08T16:00:15.302519+00:00,"{""order_id"": ""ORD_0032852"", ""customer_id"": ""CUST_007868"", ""product_id"": ""PROD_0177"", ""order_date"": ""2023-06-09"", ""quantity"": 1, ""payment_method"": ""Cash on Delivery"", ""order_status"": ""Completed""}"
orders,ORD_0032881,ORPHAN_PRODUCT_FOREIGN_KEY,2026-09-08T16:00:15.302519+00:00,"{""order_id"": ""ORD_0032881"", ""customer_id"": ""CUST_000723"", ""product_id"": ""PROD_0031"", ""order_date"": ""2023-06-10"", ""quantity"": 2, ""payment_method"": ""Unknown"", ""order_status"": ""Completed""}"
orders,ORD_0032953,ORPHAN_PRODUCT_FOREIGN_KEY,2026-09-08T16:00:15.302519+00:00,"{""order_id"": ""ORD_0032953"", ""customer_id"": ""CUST_007309"", ""product_id"": ""PROD_0009"", ""order_date"": ""2023-06-10"", ""quantity"": 1, ""payment_method"": ""Cash on Delivery"", ""order_status"": ""Completed""}"
orders,ORD_0032968,ORPHAN_PRODUCT_FOREIGN_KEY,2026-09-08T16:00:15.302519+00:00,"{""order_id"": ""ORD_0032968"", ""customer_id"": ""CUST_008803"", ""product_id"": ""PROD_0319"", ""order_date"": ""2023-06-10"", ""quantity"": 1, ""payment_method"": ""Debit Card"", ""order_status"": ""Completed""}"
orders,ORD_0033001,ORPHAN_PRODUCT_FOREIGN_KEY,2026-09-08T16:00:15.302519+00:00,"{""order_id"": ""ORD_0033001"", ""customer_id"": ""CUST_001069"", ""product_id"": ""PROD_0155"", ""order_date"": ""2023-06-11"", ""quantity"": 1, ""payment_method"": ""Apple Pay"", ""order_status"": ""Completed""}"
orders,ORD_0033002,ORPHAN_PRODUCT_FOREIGN_KEY,2026-09-08T16:00:15.302519+00:00,"{""order_id"": ""ORD_0033002"", ""customer_id"": ""CUST_001297"", ""product_id"": ""PROD_0291"", ""order_date"": ""2023-06-11"", ""quantity"": 1, ""payment_method"": ""Apple Pay"", ""order_status"": ""Completed""}"
orders,ORD_0033112,ORPHAN_PRODUCT_FOREIGN_KEY,2026-09-08T16:00:15.302519+00:00,"{""order_id"": ""ORD_0033112"", ""customer_id"": ""CUST_000620"", ""product_id"": ""PROD_0009"", ""order_date"": ""2023-06-12"", ""quantity"": 4, ""payment_method"": ""PayPal"", ""order_status"": ""Completed""}"
orders,ORD_0033121,ORPHAN_PRODUCT_FOREIGN_KEY,2026-09-08T16:00:15.302519+00:00,"{""order_id"": ""ORD_0033121"", ""customer_id"": ""CUST_001509"", ""product_id"": ""PROD_0291"", ""order_date"": ""2023-06-12"", ""quantity"": 2, ""payment_method"": ""Credit Card"", ""order_status"": ""Completed""}"
orders,ORD_0033134,ORPHAN_PRODUCT_FOREIGN_KEY,2026-09-08T16:00:15.302519+00:00,"{""order_id"": ""ORD_0033134"", ""customer_id"": ""CUST_002925"", ""product_id"": ""PROD_0291"", ""order_date"": ""2023-06-12"", ""quantity"": 1, ""payment_method"": ""Debit Card"", ""order_status"": ""Completed""}"
orders,ORD_0033152,ORPHAN_PRODUCT_FOREIGN_KEY,2026-09-08T16:00:15.302519+00:00,"{""order_id"": ""ORD_0033152"", ""customer_id"": ""CUST_005345"", ""product_id"": ""PROD_0009"", ""order_date"": ""2023-06-12"", ""quantity"": 1, ""payment_method"": ""Credit Card"", ""order_status"": ""Completed""}"
orders,ORD_0033206,ORPHAN_PRODUCT_FOREIGN_KEY,2026-09-08T16:00:15.302519+00:00,"{""order_id"": ""ORD_0033206"", ""customer_id"": ""CUST_009252"", ""product_id"": ""PROD_0031"", ""order_date"": ""2023-06-12"", ""quantity"": 1, ""payment_method"": ""PayPal"", ""order_status"": ""Completed""}"
orders,ORD_0033253,ORPHAN_PRODUCT_FOREIGN_KEY,2026-09-08T16:00:15.302519+00:00,"{""order_id"": ""ORD_0033253"", ""customer_id"": ""CUST_004063"", ""product_id"": ""PROD_0009"", ""order_date"": ""2023-06-13"", ""quantity"": 1, ""payment_method"": ""Credit Card"", ""order_status"": ""Completed""}"
orders,ORD_0033272,ORPHAN_PRODUCT_FOREIGN_KEY,2026-09-08T16:00:15.302519+00:00,"{""order_id"": ""ORD_0033272"", ""customer_id"": ""CUST_006097"", ""product_id"": ""PROD_0009"", ""order_date"": ""2023-06-13"", ""quantity"": 2, ""payment_method"": ""Credit Card"", ""order_status"": ""Completed""}"
orders,ORD_0033316,ORPHAN_PRODUCT_FOREIGN_KEY,2026-09-08T16:00:15.302519+00:00,"{""order_id"": ""ORD_0033316"", ""customer_id"": ""CUST_000509"", ""product_id"": ""PROD_0009"", ""order_date"": ""2023-06-14"", ""quantity"": 1, ""payment_method"": ""PayPal"", ""order_status"": ""Shipped""}"
orders,ORD_0033335,ORPHAN_PRODUCT_FOREIGN_KEY,2026-09-08T16:00:15.302519+00:00,"{""order_id"": ""ORD_0033335"", ""customer_id"": ""CUST_002484"", ""product_id"": ""PROD_0009"", ""order_date"": ""2023-06-14"", ""quantity"": 2, ""payment_method"": ""Cash on Delivery"", ""order_status"": ""Shipped""}"
orders,ORD_0033352,ORPHAN_PRODUCT_FOREIGN_KEY,2026-09-08T16:00:15.302519+00:00,"{""order_id"": ""ORD_0033352"", ""customer_id"": ""CUST_004195"", ""product_id"": ""PROD_0009"", ""order_date"": ""2023-06-14"", ""quantity"": 1, ""payment_method"": ""Credit Card"", ""order_status"": ""Completed""}"
orders,ORD_0033362,ORPHAN_PRODUCT_FOREIGN_KEY,2026-09-08T16:00:15.302519+00:00,"{""order_id"": ""ORD_0033362"", ""customer_id"": ""CUST_005463"", ""product_id"": ""PROD_0009"", ""order_date"": ""2023-06-14"", ""quantity"": 1, ""payment_method"": ""Credit Card"", ""order_status"": ""Completed""}"
orders,ORD_0033386,ORPHAN_PRODUCT_FOREIGN_KEY,2026-09-08T16:00:15.302519+00:00,"{""order_id"": ""ORD_0033386"", ""customer_id"": ""CUST_007693"", ""product_id"": ""PROD_0155"", ""order_date"": ""2023-06-14"", ""quantity"": 1, ""payment_method"": ""Debit Card"", ""order_status"": ""Completed""}"
orders,ORD_0033398,ORPHAN_PRODUCT_FOREIGN_KEY,2026-09-08T16:00:15.302519+00:00,"{""order_id"": ""ORD_0033398"", ""customer_id"": ""CUST_009079"", ""product_id"": ""PROD_0009"", ""order_date"": ""2023-06-14"", ""quantity"": 1, ""payment_method"": ""Debit Card"", ""order_status"": ""Completed""}"
orders,ORD_0033437,ORPHAN_PRODUCT_FOREIGN_KEY,2026-09-08T16:00:15.302519+00:00,"{""order_id"": ""ORD_0033437"", ""customer_id"": ""CUST_002940"", ""product_id"": ""PROD_0009"", ""order_date"": ""2023-06-15"", ""quantity"": 1, ""payment_method"": ""PayPal"", ""order_status"": ""Refunded""}"
orders,ORD_0033463,ORPHAN_PRODUCT_FOREIGN_KEY,2026-09-08T16:00:15.302519+00:00,"{""order_id"": ""ORD_0033463"", ""customer_id"": ""CUST_004494"", ""product_id"": ""PROD_0009"", ""order_date"": ""2023-06-15"", ""quantity"": 2, ""payment_method"": ""Debit Card"", ""order_status"": ""Completed""}"
orders,ORD_0033527,ORPHAN_PRODUCT_FOREIGN_KEY,2026-09-08T16:00:15.302519+00:00,"{""order_id"": ""ORD_0033527"", ""customer_id"": ""CUST_000243"", ""product_id"": ""PROD_0009"", ""order_date"": ""2023-06-16"", ""quantity"": 4, ""payment_method"": ""Credit Card"", ""order_status"": ""Completed""}"
orders,ORD_0033528,ORPHAN_PRODUCT_FOREIGN_KEY,2026-09-08T16:00:15.302519+00:00,"{""order_id"": ""ORD_0033528"", ""customer_id"": ""CUST_000422"", ""product_id"": ""PROD_0177"", ""order_date"": ""2023-06-16"", ""quantity"": 1, ""payment_method"": ""Debit Card"", ""order_status"": ""Completed""}"
orders,ORD_0033619,ORPHAN_PRODUCT_FOREIGN_KEY,2026-09-08T16:00:15.302519+00:00,"{""order_id"": ""ORD_0033619"", ""customer_id"": ""CUST_007553"", ""product_id"": ""PROD_0031"", ""order_date"": ""2023-06-16"", ""quantity"": 1, ""payment_method"": ""PayPal"", ""order_status"": ""Completed""}"
orders,ORD_0033636,ORPHAN_PRODUCT_FOREIGN_KEY,2026-09-08T16:00:15.302519+00:00,"{""order_id"": ""ORD_0033636"", ""customer_id"": ""CUST_008871"", ""product_id"": ""PROD_0009"", ""order_date"": ""2023-06-16"", ""quantity"": 2, ""payment_method"": ""Credit Card"", ""order_status"": ""Completed""}"
orders,ORD_0033648,ORPHAN_PRODUCT_FOREIGN_KEY,2026-09-08T16:00:15.302519+00:00,"{""order_id"": ""ORD_0033648"", ""customer_id"": ""CUST_009933"", ""product_id"": ""PROD_0009"", ""order_date"": ""2023-06-16"", ""quantity"": 2, ""payment_method"": ""PayPal"", ""order_status"": ""Completed""}"
orders,ORD_0033729,ORPHAN_PRODUCT_FOREIGN_KEY,2026-09-08T16:00:15.302519+00:00,"{""order_id"": ""ORD_0033729"", ""customer_id"": ""CUST_006827"", ""product_id"": ""PROD_0009"", ""order_date"": ""2023-06-17"", ""quantity"": 1, ""payment_method"": ""PayPal"", ""order_status"": ""Completed""}"
orders,ORD_0033827,ORPHAN_PRODUCT_FOREIGN_KEY,2026-09-08T16:00:15.302519+00:00,"{""order_id"": ""ORD_0033827"", ""customer_id"": ""CUST_004858"", ""product_id"": ""PROD_0009"", ""order_date"": ""2023-06-18"", ""quantity"": 1, ""payment_method"": ""Credit Card"", ""order_status"": ""Completed""}"
orders,ORD_0033835,ORPHAN_PRODUCT_FOREIGN_KEY,2026-09-08T16:00:15.302519+00:00,"{""order_id"": ""ORD_0033835"", ""customer_id"": ""CUST_005175"", ""product_id"": ""PROD_0101"", ""order_date"": ""2023-06-18"", ""quantity"": 1, ""payment_method"": ""PayPal"", ""order_status"": ""Completed""}"
orders,ORD_0033912,ORPHAN_PRODUCT_FOREIGN_KEY,2026-09-08T16:00:15.302519+00:00,"{""order_id"": ""ORD_0033912"", ""customer_id"": ""CUST_001325"", ""product_id"": ""PROD_0009"", ""order_date"": ""2023-06-19"", ""quantity"": 1, ""payment_method"": ""PayPal"", ""order_status"": ""Completed""}"
orders,ORD_0033922,ORPHAN_PRODUCT_FOREIGN_KEY,2026-09-08T16:00:15.302519+00:00,"{""order_id"": ""ORD_0033922"", ""customer_id"": ""CUST_001743"", ""product_id"": ""PROD_0009"", ""order_date"": ""2023-06-19"", ""quantity"": 3, ""payment_method"": ""Credit Card"", ""order_status"": ""Completed""}"
orders,ORD_0033942,ORPHAN_PRODUCT_FOREIGN_KEY,2026-09-08T16:00:15.302519+00:00,"{""order_id"": ""ORD_0033942"", ""customer_id"": ""CUST_003941"", ""product_id"": ""PROD_0009"", ""order_date"": ""2023-06-19"", ""quantity"": 1, ""payment_method"": ""PayPal"", ""order_status"": ""Completed""}"
orders,ORD_0033952,ORPHAN_PRODUCT_FOREIGN_KEY,2026-09-08T16:00:15.302519+00:00,"{""order_id"": ""ORD_0033952"", ""customer_id"": ""CUST_004832"", ""product_id"": ""PROD_0009"", ""order_date"": ""2023-06-19"", ""quantity"": 1, ""payment_method"": ""Credit Card"", ""order_status"": ""Completed""}"
orders,ORD_0033969,ORPHAN_PRODUCT_FOREIGN_KEY,2026-09-08T16:00:15.302519+00:00,"{""order_id"": ""ORD_0033969"", ""customer_id"": ""CUST_006896"", ""product_id"": ""PROD_0009"", ""order_date"": ""2023-06-19"", ""quantity"": 1, ""payment_method"": ""PayPal"", ""order_status"": ""Completed""}"
orders,ORD_0033985,ORPHAN_PRODUCT_FOREIGN_KEY,2026-09-08T16:00:15.302519+00:00,"{""order_id"": ""ORD_0033985"", ""customer_id"": ""CUST_009000"", ""product_id"": ""PROD_0177"", ""order_date"": ""2023-06-19"", ""quantity"": 1, ""payment_method"": ""Credit Card"", ""order_status"": ""Completed""}"
orders,ORD_0033989,ORPHAN_PRODUCT_FOREIGN_KEY,2026-09-08T16:00:15.302519+00:00,"{""order_id"": ""ORD_0033989"", ""customer_id"": ""CUST_009474"", ""product_id"": ""PROD_0155"", ""order_date"": ""2023-06-19"", ""quantity"": 2, ""payment_method"": ""PayPal"", ""order_status"": ""Cancelled""}"
orders,ORD_0033997,ORPHAN_PRODUCT_FOREIGN_KEY,2026-09-08T16:00:15.302519+00:00,"{""order_id"": ""ORD_0033997"", ""customer_id"": ""CUST_009882"", ""product_id"": ""PROD_0009"", ""order_date"": ""2023-06-19"", ""quantity"": 3, ""payment_method"": ""Apple Pay"", ""order_status"": ""Completed""}"
orders,ORD_0034058,ORPHAN_PRODUCT_FOREIGN_KEY,2026-09-08T16:00:15.302519+00:00,"{""order_id"": ""ORD_0034058"", ""customer_id"": ""CUST_006065"", ""product_id"": ""PROD_0031"", ""order_date"": ""2023-06-20"", ""quantity"": 1, ""payment_method"": ""PayPal"", ""order_status"": ""Completed""}"
orders,ORD_0034099,ORPHAN_PRODUCT_FOREIGN_KEY,2026-09-08T16:00:15.302519+00:00,"{""order_id"": ""ORD_0034099"", ""customer_id"": ""CUST_009640"", ""product_id"": ""PROD_0009"", ""order_date"": ""2023-06-20"", ""quantity"": 1, ""payment_method"": ""PayPal"", ""order_status"": ""Cancelled""}"
orders,ORD_0034104,ORPHAN_PRODUCT_FOREIGN_KEY,2026-09-08T16:00:15.302519+00:00,"{""order_id"": ""ORD_0034104"", ""customer_id"": ""CUST_009946"", ""product_id"": ""PROD_0031"", ""order_date"": ""2023-06-20"", ""quantity"": 1, ""payment_method"": ""PayPal"", ""order_status"": ""Completed""}"
orders,ORD_0034119,ORPHAN_PRODUCT_FOREIGN_KEY,2026-09-08T16:00:15.302519+00:00,"{""order_id"": ""ORD_0034119"", ""customer_id"": ""CUST_001133"", ""product_id"": ""PROD_0009"", ""order_date"": ""2023-06-21"", ""quantity"": 5, ""payment_method"": ""Credit Card"", ""order_status"": ""Completed""}"
orders,ORD_0034129,ORPHAN_PRODUCT_FOREIGN_KEY,2026-09-08T16:00:15.302519+00:00,"{""order_id"": ""ORD_0034129"", ""customer_id"": ""CUST_002597"", ""product_id"": ""PROD_0031"", ""order_date"": ""2023-06-21"", ""quantity"": 1, ""payment_method"": ""Debit Card"", ""order_status"": ""Completed""}"
orders,ORD_0034184,ORPHAN_PRODUCT_FOREIGN_KEY,2026-09-08T16:00:15.302519+00:00,"{""order_id"": ""ORD_0034184"", ""customer_id"": ""CUST_007031"", ""product_id"": ""PROD_0101"", ""order_date"": ""2023-06-21"", ""quantity"": 3, ""payment_method"": ""Credit Card"", ""order_status"": ""Completed""}"
orders,ORD_0034226,ORPHAN_PRODUCT_FOREIGN_KEY,2026-09-08T16:00:15.302519+00:00,"{""order_id"": ""ORD_0034226"", ""customer_id"": ""CUST_000289"", ""product_id"": ""PROD_0009"", ""order_date"": ""2023-06-22"", ""quantity"": 2, ""payment_method"": ""Credit Card"", ""order_status"": ""Completed""}"
orders,ORD_0034245,ORPHAN_PRODUCT_FOREIGN_KEY,2026-09-08T16:00:15.302519+00:00,"{""order_id"": ""ORD_0034245"", ""customer_id"": ""CUST_001997"", ""product_id"": ""PROD_0031"", ""order_date"": ""2023-06-22"", ""quantity"": 1, ""payment_method"": ""PayPal"", ""order_status"": ""Shipped""}"
orders,ORD_0034311,ORPHAN_PRODUCT_FOREIGN_KEY,2026-09-08T16:00:15.302519+00:00,"{""order_id"": ""ORD_0034311"", ""customer_id"": ""CUST_007408"", ""product_id"": ""PROD_0291"", ""order_date"": ""2023-06-22"", ""quantity"": 1, ""payment_method"": ""Debit Card"", ""order_status"": ""Refunded""}"
orders,ORD_0034323,ORPHAN_PRODUCT_FOREIGN_KEY,2026-09-08T16:00:15.302519+00:00,"{""order_id"": ""ORD_0034323"", ""customer_id"": ""CUST_008344"", ""product_id"": ""PROD_0155"", ""order_date"": ""2023-06-22"", ""quantity"": 1, ""payment_method"": ""PayPal"", ""order_status"": ""Shipped""}"
orders,ORD_0034345,ORPHAN_PRODUCT_FOREIGN_KEY,2026-09-08T16:00:15.302519+00:00,"{""order_id"": ""ORD_0034345"", ""customer_id"": ""CUST_001078"", ""product_id"": ""PROD_0031"", ""order_date"": ""2023-06-23"", ""quantity"": 5, ""payment_method"": ""Cash on Delivery"", ""order_status"": ""Completed""}"
orders,ORD_0034403,ORPHAN_PRODUCT_FOREIGN_KEY,2026-09-08T16:00:15.302519+00:00,"{""order_id"": ""ORD_0034403"", ""customer_id"": ""CUST_005625"", ""product_id"": ""PROD_0485"", ""order_date"": ""2023-06-23"", ""quantity"": 1, ""payment_method"": ""PayPal"", ""order_status"": ""Completed""}"
orders,ORD_0034414,ORPHAN_PRODUCT_FOREIGN_KEY,2026-09-08T16:00:15.302519+00:00,"{""order_id"": ""ORD_0034414"", ""customer_id"": ""CUST_006811"", ""product_id"": ""PROD_0009"", ""order_date"": ""2023-06-23"", ""quantity"": 1, ""payment_method"": ""Credit Card"", ""order_status"": ""Completed""}"
orders,ORD_0034460,ORPHAN_PRODUCT_FOREIGN_KEY,2026-09-08T16:00:15.302519+00:00,"{""order_id"": ""ORD_0034460"", ""customer_id"": ""CUST_001442"", ""product_id"": ""PROD_0031"", ""order_date"": ""2023-06-24"", ""quantity"": 1, ""payment_method"": ""Cash on Delivery"", ""order_status"": ""Completed""}"
orders,ORD_0034483,ORPHAN_PRODUCT_FOREIGN_KEY,2026-09-08T16:00:15.302519+00:00,"{""order_id"": ""ORD_0034483"", ""customer_id"": ""CUST_003134"", ""product_id"": ""PROD_0009"", ""order_date"": ""2023-06-24"", ""quantity"": 1, ""payment_method"": ""PayPal"", ""order_status"": ""Completed""}"
orders,ORD_0034539,ORPHAN_PRODUCT_FOREIGN_KEY,2026-09-08T16:00:15.302519+00:00,"{""order_id"": ""ORD_0034539"", ""customer_id"": ""CUST_009960"", ""product_id"": ""PROD_0177"", ""order_date"": ""2023-06-24"", ""quantity"": 1, ""payment_method"": ""PayPal"", ""order_status"": ""Completed""}"
orders,ORD_0034547,ORPHAN_PRODUCT_FOREIGN_KEY,2026-09-08T16:00:15.302519+00:00,"{""order_id"": ""ORD_0034547"", ""customer_id"": ""CUST_000637"", ""product_id"": ""PROD_0291"", ""order_date"": ""2023-06-25"", ""quantity"": 1, ""payment_method"": ""PayPal"", ""order_status"": ""Completed""}"
orders,ORD_0034564,ORPHAN_PRODUCT_FOREIGN_KEY,2026-09-08T16:00:15.302519+00:00,"{""order_id"": ""ORD_0034564"", ""customer_id"": ""CUST_001842"", ""product_id"": ""PROD_0009"", ""order_date"": ""2023-06-25"", ""quantity"": 1, ""payment_method"": ""Credit Card"", ""order_status"": ""Shipped""}"
orders,ORD_0034573,ORPHAN_PRODUCT_FOREIGN_KEY,2026-09-08T16:00:15.302519+00:00,"{""order_id"": ""ORD_0034573"", ""customer_id"": ""CUST_002605"", ""product_id"": ""PROD_0009"", ""order_date"": ""2023-06-25"", ""quantity"": 1, ""payment_method"": ""Debit Card"", ""order_status"": ""Completed""}"
orders,ORD_0034621,ORPHAN_PRODUCT_FOREIGN_KEY,2026-09-08T16:00:15.302519+00:00,"{""order_id"": ""ORD_0034621"", ""customer_id"": ""CUST_007048"", ""product_id"": ""PROD_0009"", ""order_date"": ""2023-06-25"", ""quantity"": 1, ""payment_method"": ""Credit Card"", ""order_status"": ""Completed""}"
orders,ORD_0034646,ORPHAN_PRODUCT_FOREIGN_KEY,2026-09-08T16:00:15.302519+00:00,"{""order_id"": ""ORD_0034646"", ""customer_id"": ""CUST_008313"", ""product_id"": ""PROD_0009"", ""order_date"": ""2023-06-25"", ""quantity"": 1, ""payment_method"": ""Debit Card"", ""order_status"": ""Completed""}"
orders,ORD_0034680,ORPHAN_PRODUCT_FOREIGN_KEY,2026-09-08T16:00:15.302519+00:00,"{""order_id"": ""ORD_0034680"", ""customer_id"": ""CUST_000919"", ""product_id"": ""PROD_0009"", ""order_date"": ""2023-06-26"", ""quantity"": 2, ""payment_method"": ""Credit Card"", ""order_status"": ""Completed""}"
orders,ORD_0034682,ORPHAN_PRODUCT_FOREIGN_KEY,2026-09-08T16:00:15.302519+00:00,"{""order_id"": ""ORD_0034682"", ""customer_id"": ""CUST_001168"", ""product_id"": ""PROD_0009"", ""order_date"": ""2023-06-26"", ""quantity"": 1, ""payment_method"": ""Credit Card"", ""order_status"": ""Completed""}"
orders,ORD_0034716,ORPHAN_PRODUCT_FOREIGN_KEY,2026-09-08T16:00:15.302519+00:00,"{""order_id"": ""ORD_0034716"", ""customer_id"": ""CUST_004167"", ""product_id"": ""PROD_0177"", ""order_date"": ""2023-06-26"", ""quantity"": 1, ""payment_method"": ""Apple Pay"", ""order_status"": ""Completed""}"
orders,ORD_0034718,ORPHAN_PRODUCT_FOREIGN_KEY,2026-09-08T16:00:15.302519+00:00,"{""order_id"": ""ORD_0034718"", ""customer_id"": ""CUST_004360"", ""product_id"": ""PROD_0009"", ""order_date"": ""2023-06-26"", ""quantity"": 1, ""payment_method"": ""Credit Card"", ""order_status"": ""Completed""}"
orders,ORD_0034814,ORPHAN_PRODUCT_FOREIGN_KEY,2026-09-08T16:00:15.302519+00:00,"{""order_id"": ""ORD_0034814"", ""customer_id"": ""CUST_001639"", ""product_id"": ""PROD_0031"", ""order_date"": ""2023-06-27"", ""quantity"": 1, ""payment_method"": ""Credit Card"", ""order_status"": ""Completed""}"
orders,ORD_0034841,ORPHAN_PRODUCT_FOREIGN_KEY,2026-09-08T16:00:15.302519+00:00,"{""order_id"": ""ORD_0034841"", ""customer_id"": ""CUST_003616"", ""product_id"": ""PROD_0177"", ""order_date"": ""2023-06-27"", ""quantity"": 3, ""payment_method"": ""Credit Card"", ""order_status"": ""Completed""}"
orders,ORD_0034867,ORPHAN_PRODUCT_FOREIGN_KEY,2026-09-08T16:00:15.302519+00:00,"{""order_id"": ""ORD_0034867"", ""customer_id"": ""CUST_005685"", ""product_id"": ""PROD_0101"", ""order_date"": ""2023-06-27"", ""quantity"": 1, ""payment_method"": ""Cash on Delivery"", ""order_status"": ""Completed""}"
orders,ORD_0034868,ORPHAN_PRODUCT_FOREIGN_KEY,2026-09-08T16:00:15.302519+00:00,"{""order_id"": ""ORD_0034868"", ""customer_id"": ""CUST_005853"", ""product_id"": ""PROD_0009"", ""order_date"": ""2023-06-27"", ""quantity"": 2, ""payment_method"": ""Credit Card"", ""order_status"": ""Completed""}"
orders,ORD_0034887,ORPHAN_PRODUCT_FOREIGN_KEY,2026-09-08T16:00:15.302519+00:00,"{""order_id"": ""ORD_0034887"", ""customer_id"": ""CUST_007488"", ""product_id"": ""PROD_0177"", ""order_date"": ""2023-06-27"", ""quantity"": 1, ""payment_method"": ""Cash on Delivery"", ""order_status"": ""Completed""}"
orders,ORD_0034940,ORPHAN_PRODUCT_FOREIGN_KEY,2026-09-08T16:00:15.302519+00:00,"{""order_id"": ""ORD_0034940"", ""customer_id"": ""CUST_002159"", ""product_id"": ""PROD_0155"", ""order_date"": ""2023-06-28"", ""quantity"": 1, ""payment_method"": ""PayPal"", ""order_status"": ""Completed""}"
orders,ORD_0034954,ORPHAN_PRODUCT_FOREIGN_KEY,2026-09-08T16:00:15.302519+00:00,"{""order_id"": ""ORD_0034954"", ""customer_id"": ""CUST_002973"", ""product_id"": ""PROD_0009"", ""order_date"": ""2023-06-28"", ""quantity"": 1, ""payment_method"": ""Credit Card"", ""order_status"": ""Completed""}"
orders,ORD_0035041,ORPHAN_PRODUCT_FOREIGN_KEY,2026-09-08T16:00:15.302519+00:00,"{""order_id"": ""ORD_0035041"", ""customer_id"": ""CUST_009951"", ""product_id"": ""PROD_0031"", ""order_date"": ""2023-06-28"", ""quantity"": 4, ""payment_method"": ""PayPal"", ""order_status"": ""Completed""}"
orders,ORD_0035052,ORPHAN_PRODUCT_FOREIGN_KEY,2026-09-08T16:00:15.302519+00:00,"{""order_id"": ""ORD_0035052"", ""customer_id"": ""CUST_000921"", ""product_id"": ""PROD_0009"", ""order_date"": ""2023-06-29"", ""quantity"": 2, ""payment_method"": ""PayPal"", ""order_status"": ""Shipped""}"
orders,ORD_0035114,ORPHAN_PRODUCT_FOREIGN_KEY,2026-09-08T16:00:15.302519+00:00,"{""order_id"": ""ORD_0035114"", ""customer_id"": ""CUST_005706"", ""product_id"": ""PROD_0009"", ""order_date"": ""2023-06-29"", ""quantity"": 1, ""payment_method"": ""Credit Card"", ""order_status"": ""Completed""}"
orders,ORD_0035138,ORPHAN_PRODUCT_FOREIGN_KEY,2026-09-08T16:00:15.302519+00:00,"{""order_id"": ""ORD_0035138"", ""customer_id"": ""CUST_007532"", ""product_id"": ""PROD_0031"", ""order_date"": ""2023-06-29"", ""quantity"": 2, ""payment_method"": ""Credit Card"", ""order_status"": ""Completed""}"
orders,ORD_0035145,ORPHAN_PRODUCT_FOREIGN_KEY,2026-09-08T16:00:15.302519+00:00,"{""order_id"": ""ORD_0035145"", ""customer_id"": ""CUST_007969"", ""product_id"": ""PROD_0009"", ""order_date"": ""2023-06-29"", ""quantity"": 5, ""payment_method"": ""Credit Card"", ""order_status"": ""Completed""}"
orders,ORD_0035168,ORPHAN_PRODUCT_FOREIGN_KEY,2026-09-08T16:00:15.302519+00:00,"{""order_id"": ""ORD_0035168"", ""customer_id"": ""CUST_000135"", ""product_id"": ""PROD_0031"", ""order_date"": ""2023-06-30"", ""quantity"": 2, ""payment_method"": ""Credit Card"", ""order_status"": ""Completed""}"
orders,ORD_0035171,ORPHAN_PRODUCT_FOREIGN_KEY,2026-09-08T16:00:15.302519+00:00,"{""order_id"": ""ORD_0035171"", ""customer_id"": ""CUST_000350"", ""product_id"": ""PROD_0101"", ""order_date"": ""2023-06-30"", ""quantity"": 1, ""payment_method"": ""Unknown"", ""order_status"": ""Completed""}"
orders,ORD_0035297,ORPHAN_PRODUCT_FOREIGN_KEY,2026-09-08T16:00:15.302519+00:00,"{""order_id"": ""ORD_0035297"", ""customer_id"": ""CUST_000596"", ""product_id"": ""PROD_0009"", ""order_date"": ""2023-07-01"", ""quantity"": 1, ""payment_method"": ""Debit Card"", ""order_status"": ""Completed""}"
orders,ORD_0035331,ORPHAN_PRODUCT_FOREIGN_KEY,2026-09-08T16:00:15.302519+00:00,"{""order_id"": ""ORD_0035331"", ""customer_id"": ""CUST_002908"", ""product_id"": ""PROD_0009"", ""order_date"": ""2023-07-01"", ""quantity"": 5, ""payment_method"": ""Cash on Delivery"", ""order_status"": ""Refunded""}"
orders,ORD_0035483,ORPHAN_PRODUCT_FOREIGN_KEY,2026-09-08T16:00:15.302519+00:00,"{""order_id"": ""ORD_0035483"", ""customer_id"": ""CUST_004484"", ""product_id"": ""PROD_0009"", ""order_date"": ""2023-07-02"", ""quantity"": 2, ""payment_method"": ""PayPal"", ""order_status"": ""Completed""}"
orders,ORD_0035485,ORPHAN_PRODUCT_FOREIGN_KEY,2026-09-08T16:00:15.302519+00:00,"{""order_id"": ""ORD_0035485"", ""customer_id"": ""CUST_005319"", ""product_id"": ""PROD_0155"", ""order_date"": ""2023-07-02"", ""quantity"": 2, ""payment_method"": ""PayPal"", ""order_status"": ""Completed""}"
orders,ORD_0035594,ORPHAN_PRODUCT_FOREIGN_KEY,2026-09-08T16:00:15.302519+00:00,"{""order_id"": ""ORD_0035594"", ""customer_id"": ""CUST_006336"", ""product_id"": ""PROD_0009"", ""order_date"": ""2023-07-03"", ""quantity"": 1, ""payment_method"": ""Credit Card"", ""order_status"": ""Completed""}"
orders,ORD_0035595,ORPHAN_PRODUCT_FOREIGN_KEY,2026-09-08T16:00:15.302519+00:00,"{""order_id"": ""ORD_0035595"", ""customer_id"": ""CUST_007018"", ""product_id"": ""PROD_0101"", ""order_date"": ""2023-07-03"", ""quantity"": 1, ""payment_method"": ""Credit Card"", ""order_status"": ""Completed""}"
orders,ORD_0035601,ORPHAN_PRODUCT_FOREIGN_KEY,2026-09-08T16:00:15.302519+00:00,"{""order_id"": ""ORD_0035601"", ""customer_id"": ""CUST_007211"", ""product_id"": ""PROD_0009"", ""order_date"": ""2023-07-03"", ""quantity"": 2, ""payment_method"": ""PayPal"", ""order_status"": ""Completed""}"
orders,ORD_0035689,ORPHAN_PRODUCT_FOREIGN_KEY,2026-09-08T16:00:15.302519+00:00,"{""order_id"": ""ORD_0035689"", ""customer_id"": ""CUST_004327"", ""product_id"": ""PROD_0155"", ""order_date"": ""2023-07-04"", ""quantity"": 1, ""payment_method"": ""Debit Card"", ""order_status"": ""Completed""}"
orders,ORD_0035797,ORPHAN_PRODUCT_FOREIGN_KEY,2026-09-08T16:00:15.302519+00:00,"{""order_id"": ""ORD_0035797"", ""customer_id"": ""CUST_003284"", ""product_id"": ""PROD_0101"", ""order_date"": ""2023-07-05"", ""quantity"": 2, ""payment_method"": ""Credit Card"", ""order_status"": ""Completed""}"
orders,ORD_0035878,ORPHAN_PRODUCT_FOREIGN_KEY,2026-09-08T16:00:15.302519+00:00,"{""order_id"": ""ORD_0035878"", ""customer_id"": ""CUST_000781"", ""product_id"": ""PROD_0101"", ""order_date"": ""2023-07-06"", ""quantity"": 1, ""payment_method"": ""Credit Card"", ""order_status"": ""Completed""}"
orders,ORD_0035879,ORPHAN_PRODUCT_FOREIGN_KEY,2026-09-08T16:00:15.302519+00:00,"{""order_id"": ""ORD_0035879"", ""customer_id"": ""CUST_000811"", ""product_id"": ""PROD_0155"", ""order_date"": ""2023-07-06"", ""quantity"": 1, ""payment_method"": ""Debit Card"", ""order_status"": ""Completed""}"
orders,ORD_0035895,ORPHAN_PRODUCT_FOREIGN_KEY,2026-09-08T16:00:15.302519+00:00,"{""order_id"": ""ORD_0035895"", ""customer_id"": ""CUST_002031"", ""product_id"": ""PROD_0031"", ""order_date"": ""2023-07-06"", ""quantity"": 4, ""payment_method"": ""Credit Card"", ""order_status"": ""Completed""}"
orders,ORD_0035921,ORPHAN_PRODUCT_FOREIGN_KEY,2026-09-08T16:00:15.302519+00:00,"{""order_id"": ""ORD_0035921"", ""customer_id"": ""CUST_003764"", ""product_id"": ""PROD_0031"", ""order_date"": ""2023-07-06"", ""quantity"": 1, ""payment_method"": ""Credit Card"", ""order_status"": ""Completed""}"
orders,ORD_0035999,ORPHAN_PRODUCT_FOREIGN_KEY,2026-09-08T16:00:15.302519+00:00,"{""order_id"": ""ORD_0035999"", ""customer_id"": ""CUST_000827"", ""product_id"": ""PROD_0009"", ""order_date"": ""2023-07-07"", ""quantity"": 1, ""payment_method"": ""Credit Card"", ""order_status"": ""Completed""}"
orders,ORD_0036017,ORPHAN_PRODUCT_FOREIGN_KEY,2026-09-08T16:00:15.302519+00:00,"{""order_id"": ""ORD_0036017"", ""customer_id"": ""CUST_002679"", ""product_id"": ""PROD_0101"", ""order_date"": ""2023-07-07"", ""quantity"": 1, ""payment_method"": ""PayPal"", ""order_status"": ""Completed""}"
orders,ORD_0036028,ORPHAN_PRODUCT_FOREIGN_KEY,2026-09-08T16:00:15.302519+00:00,"{""order_id"": ""ORD_0036028"", ""customer_id"": ""CUST_003305"", ""product_id"": ""PROD_0101"", ""order_date"": ""2023-07-07"", ""quantity"": 1, ""payment_method"": ""Apple Pay"", ""order_status"": ""Completed""}"
orders,ORD_0036076,ORPHAN_PRODUCT_FOREIGN_KEY,2026-09-08T16:00:15.302519+00:00,"{""order_id"": ""ORD_0036076"", ""customer_id"": ""CUST_007298"", ""product_id"": ""PROD_0101"", ""order_date"": ""2023-07-07"", ""quantity"": 1, ""payment_method"": ""Credit Card"", ""order_status"": ""Completed""}"
orders,ORD_0036184,ORPHAN_PRODUCT_FOREIGN_KEY,2026-09-08T16:00:15.302519+00:00,"{""order_id"": ""ORD_0036184"", ""customer_id"": ""CUST_005215"", ""product_id"": ""PROD_0031"", ""order_date"": ""2023-07-08"", ""quantity"": 3, ""payment_method"": ""PayPal"", ""order_status"": ""Completed""}"
orders,ORD_0036218,ORPHAN_PRODUCT_FOREIGN_KEY,2026-09-08T16:00:15.302519+00:00,"{""order_id"": ""ORD_0036218"", ""customer_id"": ""CUST_008201"", ""product_id"": ""PROD_0031"", ""order_date"": ""2023-07-08"", ""quantity"": 2, ""payment_method"": ""Credit Card"", ""order_status"": ""Completed""}"
orders,ORD_0036239,ORPHAN_PRODUCT_FOREIGN_KEY,2026-09-08T16:00:15.302519+00:00,"{""order_id"": ""ORD_0036239"", ""customer_id"": ""CUST_009444"", ""product_id"": ""PROD_0009"", ""order_date"": ""2023-07-08"", ""quantity"": 2, ""payment_method"": ""Credit Card"", ""order_status"": ""Completed""}"
orders,ORD_0036246,ORPHAN_PRODUCT_FOREIGN_KEY,2026-09-08T16:00:15.302519+00:00,"{""order_id"": ""ORD_0036246"", ""customer_id"": ""CUST_000261"", ""product_id"": ""PROD_0009"", ""order_date"": ""2023-07-09"", ""quantity"": 1, ""payment_method"": ""Credit Card"", ""order_status"": ""Completed""}"
orders,ORD_0036248,ORPHAN_PRODUCT_FOREIGN_KEY,2026-09-08T16:00:15.302519+00:00,"{""order_id"": ""ORD_0036248"", ""customer_id"": ""CUST_000404"", ""product_id"": ""PROD_0009"", ""order_date"": ""2023-07-09"", ""quantity"": 1, ""payment_method"": ""Debit Card"", ""order_status"": ""Completed""}"
orders,ORD_0036297,ORPHAN_PRODUCT_FOREIGN_KEY,2026-09-08T16:00:15.302519+00:00,"{""order_id"": ""ORD_0036297"", ""customer_id"": ""CUST_004642"", ""product_id"": ""PROD_0177"", ""order_date"": ""2023-07-09"", ""quantity"": 1, ""payment_method"": ""Credit Card"", ""order_status"": ""Completed""}"
orders,ORD_0036298,ORPHAN_PRODUCT_FOREIGN_KEY,2026-09-08T16:00:15.302519+00:00,"{""order_id"": ""ORD_0036298"", ""customer_id"": ""CUST_004706"", ""product_id"": ""PROD_0009"", ""order_date"": ""2023-07-09"", ""quantity"": 2, ""payment_method"": ""Credit Card"", ""order_status"": ""Completed""}"
orders,ORD_0036312,ORPHAN_PRODUCT_FOREIGN_KEY,2026-09-08T16:00:15.302519+00:00,"{""order_id"": ""ORD_0036312"", ""customer_id"": ""CUST_005436"", ""product_id"": ""PROD_0009"", ""order_date"": ""2023-07-09"", ""quantity"": 1, ""payment_method"": ""Apple Pay"", ""order_status"": ""Completed""}"
orders,ORD_0036352,ORPHAN_PRODUCT_FOREIGN_KEY,2026-09-08T16:00:15.302519+00:00,"{""order_id"": ""ORD_0036352"", ""customer_id"": ""CUST_008395"", ""product_id"": ""PROD_0009"", ""order_date"": ""2023-07-09"", ""quantity"": 2, ""payment_method"": ""PayPal"", ""order_status"": ""Completed""}"
orders,ORD_0036423,ORPHAN_PRODUCT_FOREIGN_KEY,2026-09-08T16:00:15.302519+00:00,"{""order_id"": ""ORD_0036423"", ""customer_id"": ""CUST_003438"", ""product_id"": ""PROD_0009"", ""order_date"": ""2023-07-10"", ""quantity"": 1, ""payment_method"": ""Credit Card"", ""order_status"": ""Completed""}"
orders,ORD_0036439,ORPHAN_PRODUCT_FOREIGN_KEY,2026-09-08T16:00:15.302519+00:00,"{""order_id"": ""ORD_0036439"", ""customer_id"": ""CUST_004634"", ""product_id"": ""PROD_0009"", ""order_date"": ""2023-07-10"", ""quantity"": 2, ""payment_method"": ""Debit Card"", ""order_status"": ""Completed""}"
orders,ORD_0036445,ORPHAN_PRODUCT_FOREIGN_KEY,2026-09-08T16:00:15.302519+00:00,"{""order_id"": ""ORD_0036445"", ""customer_id"": ""CUST_005201"", ""product_id"": ""PROD_0031"", ""order_date"": ""2023-07-10"", ""quantity"": 4, ""payment_method"": ""PayPal"", ""order_status"": ""Completed""}"
orders,ORD_0036459,ORPHAN_PRODUCT_FOREIGN_KEY,2026-09-08T16:00:15.302519+00:00,"{""order_id"": ""ORD_0036459"", ""customer_id"": ""CUST_006267"", ""product_id"": ""PROD_0009"", ""order_date"": ""2023-07-10"", ""quantity"": 1, ""payment_method"": ""Cash on Delivery"", ""order_status"": ""Completed""}"
orders,ORD_0036497,ORPHAN_PRODUCT_FOREIGN_KEY,2026-09-08T16:00:15.302519+00:00,"{""order_id"": ""ORD_0036497"", ""customer_id"": ""CUST_009899"", ""product_id"": ""PROD_0291"", ""order_date"": ""2023-07-10"", ""quantity"": 1, ""payment_method"": ""Debit Card"", ""order_status"": ""Completed""}"
orders,ORD_0036507,ORPHAN_PRODUCT_FOREIGN_KEY,2026-09-08T16:00:15.302519+00:00,"{""order_id"": ""ORD_0036507"", ""customer_id"": ""CUST_000552"", ""product_id"": ""PROD_0031"", ""order_date"": ""2023-07-11"", ""quantity"": 1, ""payment_method"": ""Credit Card"", ""order_status"": ""Refunded""}"
orders,ORD_0036596,ORPHAN_PRODUCT_FOREIGN_KEY,2026-09-08T16:00:15.302519+00:00,"{""order_id"": ""ORD_0036596"", ""customer_id"": ""CUST_008163"", ""product_id"": ""PROD_0155"", ""order_date"": ""2023-07-11"", ""quantity"": 1, ""payment_method"": ""Credit Card"", ""order_status"": ""Completed""}"
orders,ORD_0036606,ORPHAN_PRODUCT_FOREIGN_KEY,2026-09-08T16:00:15.302519+00:00,"{""order_id"": ""ORD_0036606"", ""customer_id"": ""CUST_009194"", ""product_id"": ""PROD_0031"", ""order_date"": ""2023-07-11"", ""quantity"": 2, ""payment_method"": ""Apple Pay"", ""order_status"": ""Shipped""}"
orders,ORD_0036732,ORPHAN_PRODUCT_FOREIGN_KEY,2026-09-08T16:00:15.302519+00:00,"{""order_id"": ""ORD_0036732"", ""customer_id"": ""CUST_000076"", ""product_id"": ""PROD_0009"", ""order_date"": ""2023-07-13"", ""quantity"": 5, ""payment_method"": ""Cash on Delivery"", ""order_status"": ""Completed""}"
orders,ORD_0036738,ORPHAN_PRODUCT_FOREIGN_KEY,2026-09-08T16:00:15.302519+00:00,"{""order_id"": ""ORD_0036738"", ""customer_id"": ""CUST_000416"", ""product_id"": ""PROD_0031"", ""order_date"": ""2023-07-13"", ""quantity"": 3, ""payment_method"": ""PayPal"", ""order_status"": ""Completed""}"
orders,ORD_0036797,ORPHAN_PRODUCT_FOREIGN_KEY,2026-09-08T16:00:15.302519+00:00,"{""order_id"": ""ORD_0036797"", ""customer_id"": ""CUST_005132"", ""product_id"": ""PROD_0031"", ""order_date"": ""2023-07-13"", ""quantity"": 1, ""payment_method"": ""Credit Card"", ""order_status"": ""Completed""}"
orders,ORD_0036803,ORPHAN_PRODUCT_FOREIGN_KEY,2026-09-08T16:00:15.302519+00:00,"{""order_id"": ""ORD_0036803"", ""customer_id"": ""CUST_005987"", ""product_id"": ""PROD_0009"", ""order_date"": ""2023-07-13"", ""quantity"": 2, ""payment_method"": ""Debit Card"", ""order_status"": ""Cancelled""}"
orders,ORD_0036903,ORPHAN_PRODUCT_FOREIGN_KEY,2026-09-08T16:00:15.302519+00:00,"{""order_id"": ""ORD_0036903"", ""customer_id"": ""CUST_004644"", ""product_id"": ""PROD_0009"", ""order_date"": ""2023-07-14"", ""quantity"": 1, ""payment_method"": ""Credit Card"", ""order_status"": ""Shipped""}"
orders,ORD_0036946,ORPHAN_PRODUCT_FOREIGN_KEY,2026-09-08T16:00:15.302519+00:00,"{""order_id"": ""ORD_0036946"", ""customer_id"": ""CUST_008078"", ""product_id"": ""PROD_0009"", ""order_date"": ""2023-07-14"", ""quantity"": 1, ""payment_method"": ""Credit Card"", ""order_status"": ""Completed""}"
orders,ORD_0036956,ORPHAN_PRODUCT_FOREIGN_KEY,2026-09-08T16:00:15.302519+00:00,"{""order_id"": ""ORD_0036956"", ""customer_id"": ""CUST_008648"", ""product_id"": ""PROD_0009"", ""order_date"": ""2023-07-14"", ""quantity"": 1, ""payment_method"": ""Credit Card"", ""order_status"": ""Completed""}"
orders,ORD_0037002,ORPHAN_PRODUCT_FOREIGN_KEY,2026-09-08T16:00:15.302519+00:00,"{""order_id"": ""ORD_0037002"", ""customer_id"": ""CUST_002712"", ""product_id"": ""PROD_0009"", ""order_date"": ""2023-07-15"", ""quantity"": 1, ""payment_method"": ""Credit Card"", ""order_status"": ""Cancelled""}"
orders,ORD_0037112,ORPHAN_PRODUCT_FOREIGN_KEY,2026-09-08T16:00:15.302519+00:00,"{""order_id"": ""ORD_0037112"", ""customer_id"": ""CUST_001617"", ""product_id"": ""PROD_0009"", ""order_date"": ""2023-07-16"", ""quantity"": 2, ""payment_method"": ""PayPal"", ""order_status"": ""Completed""}"
orders,ORD_0037160,ORPHAN_PRODUCT_FOREIGN_KEY,2026-09-08T16:00:15.302519+00:00,"{""order_id"": ""ORD_0037160"", ""customer_id"": ""CUST_005863"", ""product_id"": ""PROD_0009"", ""order_date"": ""2023-07-16"", ""quantity"": 1, ""payment_method"": ""Debit Card"", ""order_status"": ""Completed""}"
orders,ORD_0037171,ORPHAN_PRODUCT_FOREIGN_KEY,2026-09-08T16:00:15.302519+00:00,"{""order_id"": ""ORD_0037171"", ""customer_id"": ""CUST_006877"", ""product_id"": ""PROD_0009"", ""order_date"": ""2023-07-16"", ""quantity"": 2, ""payment_method"": ""PayPal"", ""order_status"": ""Completed""}"
orders,ORD_0037182,ORPHAN_PRODUCT_FOREIGN_KEY,2026-09-08T16:00:15.302519+00:00,"{""order_id"": ""ORD_0037182"", ""customer_id"": ""CUST_007835"", ""product_id"": ""PROD_0031"", ""order_date"": ""2023-07-16"", ""quantity"": 2, ""payment_method"": ""Credit Card"", ""order_status"": ""Completed""}"
orders,ORD_0037189,ORPHAN_PRODUCT_FOREIGN_KEY,2026-09-08T16:00:15.302519+00:00,"{""order_id"": ""ORD_0037189"", ""customer_id"": ""CUST_008199"", ""product_id"": ""PROD_0009"", ""order_date"": ""2023-07-16"", ""quantity"": 1, ""payment_method"": ""Credit Card"", ""order_status"": ""Completed""}"
orders,ORD_0037190,ORPHAN_PRODUCT_FOREIGN_KEY,2026-09-08T16:00:15.302519+00:00,"{""order_id"": ""ORD_0037190"", ""customer_id"": ""CUST_008236"", ""product_id"": ""PROD_0009"", ""order_date"": ""2023-07-16"", ""quantity"": 1, ""payment_method"": ""Cash on Delivery"", ""order_status"": ""Completed""}"
orders,ORD_0037200,ORPHAN_PRODUCT_FOREIGN_KEY,2026-09-08T16:00:15.302519+00:00,"{""order_id"": ""ORD_0037200"", ""customer_id"": ""CUST_009350"", ""product_id"": ""PROD_0009"", ""order_date"": ""2023-07-16"", ""quantity"": 2, ""payment_method"": ""PayPal"", ""order_status"": ""Completed""}"
orders,ORD_0037217,ORPHAN_PRODUCT_FOREIGN_KEY,2026-09-08T16:00:15.302519+00:00,"{""order_id"": ""ORD_0037217"", ""customer_id"": ""CUST_000771"", ""product_id"": ""PROD_0009"", ""order_date"": ""2023-07-17"", ""quantity"": 1, ""payment_method"": ""Credit Card"", ""order_status"": ""Completed""}"
orders,ORD_0037271,ORPHAN_PRODUCT_FOREIGN_KEY,2026-09-08T16:00:15.302519+00:00,"{""order_id"": ""ORD_0037271"", ""customer_id"": ""CUST_005935"", ""product_id"": ""PROD_0031"", ""order_date"": ""2023-07-17"", ""quantity"": 1, ""payment_method"": ""PayPal"", ""order_status"": ""Completed""}"
orders,ORD_0037273,ORPHAN_PRODUCT_FOREIGN_KEY,2026-09-08T16:00:15.302519+00:00,"{""order_id"": ""ORD_0037273"", ""customer_id"": ""CUST_006016"", ""product_id"": ""PROD_0009"", ""order_date"": ""2023-07-17"", ""quantity"": 3, ""payment_method"": ""Credit Card"", ""order_status"": ""Shipped""}"
orders,ORD_0037305,ORPHAN_PRODUCT_FOREIGN_KEY,2026-09-08T16:00:15.302519+00:00,"{""order_id"": ""ORD_0037305"", ""customer_id"": ""CUST_009318"", ""product_id"": ""PROD_0009"", ""order_date"": ""2023-07-17"", ""quantity"": 3, ""payment_method"": ""Credit Card"", ""order_status"": ""Shipped""}"
orders,ORD_0037426,ORPHAN_PRODUCT_FOREIGN_KEY,2026-09-08T16:00:15.302519+00:00,"{""order_id"": ""ORD_0037426"", ""customer_id"": ""CUST_009694"", ""product_id"": ""PROD_0009"", ""order_date"": ""2023-07-18"", ""quantity"": 6, ""payment_method"": ""Credit Card"", ""order_status"": ""Completed""}"
orders,ORD_0037432,ORPHAN_PRODUCT_FOREIGN_KEY,2026-09-08T16:00:15.302519+00:00,"{""order_id"": ""ORD_0037432"", ""customer_id"": ""CUST_000266"", ""product_id"": ""PROD_0009"", ""order_date"": ""2023-07-19"", ""quantity"": 1, ""payment_method"": ""Debit Card"", ""order_status"": ""Completed""}"
orders,ORD_0037433,ORPHAN_PRODUCT_FOREIGN_KEY,2026-09-08T16:00:15.302519+00:00,"{""order_id"": ""ORD_0037433"", ""customer_id"": ""CUST_000281"", ""product_id"": ""PROD_0031"", ""order_date"": ""2023-07-19"", ""quantity"": 1, ""payment_method"": ""Credit Card"", ""order_status"": ""Completed""}"
orders,ORD_0037551,ORPHAN_PRODUCT_FOREIGN_KEY,2026-09-08T16:00:15.302519+00:00,"{""order_id"": ""ORD_0037551"", ""customer_id"": ""CUST_000921"", ""product_id"": ""PROD_0177"", ""order_date"": ""2023-07-20"", ""quantity"": 1, ""payment_method"": ""Credit Card"", ""order_status"": ""Cancelled""}"
orders,ORD_0037572,ORPHAN_PRODUCT_FOREIGN_KEY,2026-09-08T16:00:15.302519+00:00,"{""order_id"": ""ORD_0037572"", ""customer_id"": ""CUST_003754"", ""product_id"": ""PROD_0031"", ""order_date"": ""2023-07-20"", ""quantity"": 4, ""payment_method"": ""PayPal"", ""order_status"": ""Completed""}"
orders,ORD_0037608,ORPHAN_PRODUCT_FOREIGN_KEY,2026-09-08T16:00:15.302519+00:00,"{""order_id"": ""ORD_0037608"", ""customer_id"": ""CUST_006459"", ""product_id"": ""PROD_0031"", ""order_date"": ""2023-07-20"", ""quantity"": 1, ""payment_method"": ""Credit Card"", ""order_status"": ""Completed""}"
orders,ORD_0037682,ORPHAN_PRODUCT_FOREIGN_KEY,2026-09-08T16:00:15.302519+00:00,"{""order_id"": ""ORD_0037682"", ""customer_id"": ""CUST_002890"", ""product_id"": ""PROD_0009"", ""order_date"": ""2023-07-21"", ""quantity"": 1, ""payment_method"": ""PayPal"", ""order_status"": ""Cancelled""}"
orders,ORD_0037684,ORPHAN_PRODUCT_FOREIGN_KEY,2026-09-08T16:00:15.302519+00:00,"{""order_id"": ""ORD_0037684"", ""customer_id"": ""CUST_002922"", ""product_id"": ""PROD_0319"", ""order_date"": ""2023-07-21"", ""quantity"": 1, ""payment_method"": ""Credit Card"", ""order_status"": ""Refunded""}"
orders,ORD_0037692,ORPHAN_PRODUCT_FOREIGN_KEY,2026-09-08T16:00:15.302519+00:00,"{""order_id"": ""ORD_0037692"", ""customer_id"": ""CUST_003661"", ""product_id"": ""PROD_0009"", ""order_date"": ""2023-07-21"", ""quantity"": 4, ""payment_method"": ""Apple Pay"", ""order_status"": ""Completed""}"
orders,ORD_0037702,ORPHAN_PRODUCT_FOREIGN_KEY,2026-09-08T16:00:15.302519+00:00,"{""order_id"": ""ORD_0037702"", ""customer_id"": ""CUST_004642"", ""product_id"": ""PROD_0319"", ""order_date"": ""2023-07-21"", ""quantity"": 2, ""payment_method"": ""Credit Card"", ""order_status"": ""Shipped""}"
orders,ORD_0037780,ORPHAN_PRODUCT_FOREIGN_KEY,2026-09-08T16:00:15.302519+00:00,"{""order_id"": ""ORD_0037780"", ""customer_id"": ""CUST_000768"", ""product_id"": ""PROD_0009"", ""order_date"": ""2023-07-22"", ""quantity"": 1, ""payment_method"": ""Debit Card"", ""order_status"": ""Completed""}"
orders,ORD_0037830,ORPHAN_PRODUCT_FOREIGN_KEY,2026-09-08T16:00:15.302519+00:00,"{""order_id"": ""ORD_0037830"", ""customer_id"": ""CUST_005385"", ""product_id"": ""PROD_0009"", ""order_date"": ""2023-07-22"", ""quantity"": 1, ""payment_method"": ""PayPal"", ""order_status"": ""Completed""}"
orders,ORD_0037948,ORPHAN_PRODUCT_FOREIGN_KEY,2026-09-08T16:00:15.302519+00:00,"{""order_id"": ""ORD_0037948"", ""customer_id"": ""CUST_003849"", ""product_id"": ""PROD_0101"", ""order_date"": ""2023-07-23"", ""quantity"": 1, ""payment_method"": ""Debit Card"", ""order_status"": ""Completed""}"
orders,ORD_0037957,ORPHAN_PRODUCT_FOREIGN_KEY,2026-09-08T16:00:15.302519+00:00,"{""order_id"": ""ORD_0037957"", ""customer_id"": ""CUST_004605"", ""product_id"": ""PROD_0009"", ""order_date"": ""2023-07-23"", ""quantity"": 1, ""payment_method"": ""Credit Card"", ""order_status"": ""Completed""}"
orders,ORD_0038090,ORPHAN_PRODUCT_FOREIGN_KEY,2026-09-08T16:00:15.302519+00:00,"{""order_id"": ""ORD_0038090"", ""customer_id"": ""CUST_004249"", ""product_id"": ""PROD_0485"", ""order_date"": ""2023-07-24"", ""quantity"": 1, ""payment_method"": ""PayPal"", ""order_status"": ""Completed""}"
orders,ORD_0038102,ORPHAN_PRODUCT_FOREIGN_KEY,2026-09-08T16:00:15.302519+00:00,"{""order_id"": ""ORD_0038102"", ""customer_id"": ""CUST_005370"", ""product_id"": ""PROD_0009"", ""order_date"": ""2023-07-24"", ""quantity"": 5, ""payment_method"": ""PayPal"", ""order_status"": ""Shipped""}"
orders,ORD_0038124,ORPHAN_PRODUCT_FOREIGN_KEY,2026-09-08T16:00:15.302519+00:00,"{""order_id"": ""ORD_0038124"", ""customer_id"": ""CUST_007525"", ""product_id"": ""PROD_0101"", ""order_date"": ""2023-07-24"", ""quantity"": 2, ""payment_method"": ""Cash on Delivery"", ""order_status"": ""Completed""}"
orders,ORD_0038217,ORPHAN_PRODUCT_FOREIGN_KEY,2026-09-08T16:00:15.302519+00:00,"{""order_id"": ""ORD_0038217"", ""customer_id"": ""CUST_005855"", ""product_id"": ""PROD_0009"", ""order_date"": ""2023-07-25"", ""quantity"": 4, ""payment_method"": ""Credit Card"", ""order_status"": ""Completed""}"
orders,ORD_0038241,ORPHAN_PRODUCT_FOREIGN_KEY,2026-09-08T16:00:15.302519+00:00,"{""order_id"": ""ORD_0038241"", ""customer_id"": ""CUST_008611"", ""product_id"": ""PROD_0031"", ""order_date"": ""2023-07-25"", ""quantity"": 1, ""payment_method"": ""Debit Card"", ""order_status"": ""Cancelled""}"
orders,ORD_0038252,ORPHAN_PRODUCT_FOREIGN_KEY,2026-09-08T16:00:15.302519+00:00,"{""order_id"": ""ORD_0038252"", ""customer_id"": ""CUST_009575"", ""product_id"": ""PROD_0009"", ""order_date"": ""2023-07-25"", ""quantity"": 1, ""payment_method"": ""Apple Pay"", ""order_status"": ""Shipped""}"
orders,ORD_0038254,ORPHAN_PRODUCT_FOREIGN_KEY,2026-09-08T16:00:15.302519+00:00,"{""order_id"": ""ORD_0038254"", ""customer_id"": ""CUST_009807"", ""product_id"": ""PROD_0031"", ""order_date"": ""2023-07-25"", ""quantity"": 1, ""payment_method"": ""Credit Card"", ""order_status"": ""Completed""}"
orders,ORD_0038296,ORPHAN_PRODUCT_FOREIGN_KEY,2026-09-08T16:00:15.302519+00:00,"{""order_id"": ""ORD_0038296"", ""customer_id"": ""CUST_003454"", ""product_id"": ""PROD_0155"", ""order_date"": ""2023-07-26"", ""quantity"": 1, ""payment_method"": ""PayPal"", ""order_status"": ""Completed""}"
orders,ORD_0038322,ORPHAN_PRODUCT_FOREIGN_KEY,2026-09-08T16:00:15.302519+00:00,"{""order_id"": ""ORD_0038322"", ""customer_id"": ""CUST_005702"", ""product_id"": ""PROD_0031"", ""order_date"": ""2023-07-26"", ""quantity"": 3, ""payment_method"": ""PayPal"", ""order_status"": ""Cancelled""}"
orders,ORD_0038328,ORPHAN_PRODUCT_FOREIGN_KEY,2026-09-08T16:00:15.302519+00:00,"{""order_id"": ""ORD_0038328"", ""customer_id"": ""CUST_006181"", ""product_id"": ""PROD_0031"", ""order_date"": ""2023-07-26"", ""quantity"": 3, ""payment_method"": ""Credit Card"", ""order_status"": ""Completed""}"
orders,ORD_0038451,ORPHAN_PRODUCT_FOREIGN_KEY,2026-09-08T16:00:15.302519+00:00,"{""order_id"": ""ORD_0038451"", ""customer_id"": ""CUST_006145"", ""product_id"": ""PROD_0009"", ""order_date"": ""2023-07-27"", ""quantity"": 2, ""payment_method"": ""Credit Card"", ""order_status"": ""Completed""}"
orders,ORD_0038456,ORPHAN_PRODUCT_FOREIGN_KEY,2026-09-08T16:00:15.302519+00:00,"{""order_id"": ""ORD_0038456"", ""customer_id"": ""CUST_006489"", ""product_id"": ""PROD_0031"", ""order_date"": ""2023-07-27"", ""quantity"": 2, ""payment_method"": ""Credit Card"", ""order_status"": ""Cancelled""}"
orders,ORD_0038484,ORPHAN_PRODUCT_FOREIGN_KEY,2026-09-08T16:00:15.302519+00:00,"{""order_id"": ""ORD_0038484"", ""customer_id"": ""CUST_008548"", ""product_id"": ""PROD_0009"", ""order_date"": ""2023-07-27"", ""quantity"": 1, ""payment_method"": ""PayPal"", ""order_status"": ""Completed""}"
orders,ORD_0038514,ORPHAN_PRODUCT_FOREIGN_KEY,2026-09-08T16:00:15.302519+00:00,"{""order_id"": ""ORD_0038514"", ""customer_id"": ""CUST_000684"", ""product_id"": ""PROD_0009"", ""order_date"": ""2023-07-28"", ""quantity"": 2, ""payment_method"": ""Debit Card"", ""order_status"": ""Completed""}"
orders,ORD_0038565,ORPHAN_PRODUCT_FOREIGN_KEY,2026-09-08T16:00:15.302519+00:00,"{""order_id"": ""ORD_0038565"", ""customer_id"": ""CUST_004806"", ""product_id"": ""PROD_0031"", ""order_date"": ""2023-07-28"", ""quantity"": 1, ""payment_method"": ""Credit Card"", ""order_status"": ""Completed""}"
orders,ORD_0038568,ORPHAN_PRODUCT_FOREIGN_KEY,2026-09-08T16:00:15.302519+00:00,"{""order_id"": ""ORD_0038568"", ""customer_id"": ""CUST_005145"", ""product_id"": ""PROD_0009"", ""order_date"": ""2023-07-28"", ""quantity"": 1, ""payment_method"": ""Debit Card"", ""order_status"": ""Completed""}"
orders,ORD_0038589,ORPHAN_PRODUCT_FOREIGN_KEY,2026-09-08T16:00:15.302519+00:00,"{""order_id"": ""ORD_0038589"", ""customer_id"": ""CUST_006824"", ""product_id"": ""PROD_0009"", ""order_date"": ""2023-07-28"", ""quantity"": 2, ""payment_method"": ""PayPal"", ""order_status"": ""Completed""}"
orders,ORD_0038614,ORPHAN_PRODUCT_FOREIGN_KEY,2026-09-08T16:00:15.302519+00:00,"{""order_id"": ""ORD_0038614"", ""customer_id"": ""CUST_009021"", ""product_id"": ""PROD_0009"", ""order_date"": ""2023-07-28"", ""quantity"": 1, ""payment_method"": ""PayPal"", ""order_status"": ""Completed""}"
orders,ORD_0038638,ORPHAN_PRODUCT_FOREIGN_KEY,2026-09-08T16:00:15.302519+00:00,"{""order_id"": ""ORD_0038638"", ""customer_id"": ""CUST_000596"", ""product_id"": ""PROD_0031"", ""order_date"": ""2023-07-29"", ""quantity"": 1, ""payment_method"": ""PayPal"", ""order_status"": ""Cancelled""}"
orders,ORD_0038643,ORPHAN_PRODUCT_FOREIGN_KEY,2026-09-08T16:00:15.302519+00:00,"{""order_id"": ""ORD_0038643"", ""customer_id"": ""CUST_000860"", ""product_id"": ""PROD_0009"", ""order_date"": ""2023-07-29"", ""quantity"": 1, ""payment_method"": ""PayPal"", ""order_status"": ""Completed""}"
orders,ORD_0038707,ORPHAN_PRODUCT_FOREIGN_KEY,2026-09-08T16:00:15.302519+00:00,"{""order_id"": ""ORD_0038707"", ""customer_id"": ""CUST_006610"", ""product_id"": ""PROD_0291"", ""order_date"": ""2023-07-29"", ""quantity"": 5, ""payment_method"": ""Debit Card"", ""order_status"": ""Completed""}"
orders,ORD_0038750,ORPHAN_PRODUCT_FOREIGN_KEY,2026-09-08T16:00:15.302519+00:00,"{""order_id"": ""ORD_0038750"", ""customer_id"": ""CUST_000269"", ""product_id"": ""PROD_0009"", ""order_date"": ""2023-07-30"", ""quantity"": 1, ""payment_method"": ""Credit Card"", ""order_status"": ""Completed""}"
orders,ORD_0038802,ORPHAN_PRODUCT_FOREIGN_KEY,2026-09-08T16:00:15.302519+00:00,"{""order_id"": ""ORD_0038802"", ""customer_id"": ""CUST_004720"", ""product_id"": ""PROD_0009"", ""order_date"": ""2023-07-30"", ""quantity"": 1, ""payment_method"": ""Credit Card"", ""order_status"": ""Completed""}"
orders,ORD_0038920,ORPHAN_PRODUCT_FOREIGN_KEY,2026-09-08T16:00:15.302519+00:00,"{""order_id"": ""ORD_0038920"", ""customer_id"": ""CUST_005350"", ""product_id"": ""PROD_0177"", ""order_date"": ""2023-07-31"", ""quantity"": 1, ""payment_method"": ""Cash on Delivery"", ""order_status"": ""Completed""}"
orders,ORD_0038929,ORPHAN_PRODUCT_FOREIGN_KEY,2026-09-08T16:00:15.302519+00:00,"{""order_id"": ""ORD_0038929"", ""customer_id"": ""CUST_006489"", ""product_id"": ""PROD_0031"", ""order_date"": ""2023-07-31"", ""quantity"": 1, ""payment_method"": ""Debit Card"", ""order_status"": ""Completed""}"
orders,ORD_0038964,ORPHAN_PRODUCT_FOREIGN_KEY,2026-09-08T16:00:15.302519+00:00,"{""order_id"": ""ORD_0038964"", ""customer_id"": ""CUST_008474"", ""product_id"": ""PROD_0009"", ""order_date"": ""2023-07-31"", ""quantity"": 2, ""payment_method"": ""Debit Card"", ""order_status"": ""Completed""}"
orders,ORD_0038967,ORPHAN_PRODUCT_FOREIGN_KEY,2026-09-08T16:00:15.302519+00:00,"{""order_id"": ""ORD_0038967"", ""customer_id"": ""CUST_008688"", ""product_id"": ""PROD_0009"", ""order_date"": ""2023-07-31"", ""quantity"": 3, ""payment_method"": ""Credit Card"", ""order_status"": ""Completed""}"
orders,ORD_0038992,ORPHAN_PRODUCT_FOREIGN_KEY,2026-09-08T16:00:15.302519+00:00,"{""order_id"": ""ORD_0038992"", ""customer_id"": ""CUST_000768"", ""product_id"": ""PROD_0031"", ""order_date"": ""2023-08-01"", ""quantity"": 1, ""payment_method"": ""Debit Card"", ""order_status"": ""Completed""}"
orders,ORD_0039057,ORPHAN_PRODUCT_FOREIGN_KEY,2026-09-08T16:00:15.302519+00:00,"{""order_id"": ""ORD_0039057"", ""customer_id"": ""CUST_005740"", ""product_id"": ""PROD_0101"", ""order_date"": ""2023-08-01"", ""quantity"": 1, ""payment_method"": ""Debit Card"", ""order_status"": ""Completed""}"
orders,ORD_0039126,ORPHAN_PRODUCT_FOREIGN_KEY,2026-09-08T16:00:15.302519+00:00,"{""order_id"": ""ORD_0039126"", ""customer_id"": ""CUST_002162"", ""product_id"": ""PROD_0101"", ""order_date"": ""2023-08-02"", ""quantity"": 2, ""payment_method"": ""PayPal"", ""order_status"": ""Completed""}"
orders,ORD_0039144,ORPHAN_PRODUCT_FOREIGN_KEY,2026-09-08T16:00:15.302519+00:00,"{""order_id"": ""ORD_0039144"", ""customer_id"": ""CUST_003763"", ""product_id"": ""PROD_0177"", ""order_date"": ""2023-08-02"", ""quantity"": 6, ""payment_method"": ""Apple Pay"", ""order_status"": ""Completed""}"
orders,ORD_0039158,ORPHAN_PRODUCT_FOREIGN_KEY,2026-09-08T16:00:15.302519+00:00,"{""order_id"": ""ORD_0039158"", ""customer_id"": ""CUST_004940"", ""product_id"": ""PROD_0009"", ""order_date"": ""2023-08-02"", ""quantity"": 3, ""payment_method"": ""PayPal"", ""order_status"": ""Completed""}"
orders,ORD_0039190,ORPHAN_PRODUCT_FOREIGN_KEY,2026-09-08T16:00:15.302519+00:00,"{""order_id"": ""ORD_0039190"", ""customer_id"": ""CUST_007766"", ""product_id"": ""PROD_0101"", ""order_date"": ""2023-08-02"", ""quantity"": 3, ""payment_method"": ""Apple Pay"", ""order_status"": ""Completed""}"
orders,ORD_0039230,ORPHAN_PRODUCT_FOREIGN_KEY,2026-09-08T16:00:15.302519+00:00,"{""order_id"": ""ORD_0039230"", ""customer_id"": ""CUST_000757"", ""product_id"": ""PROD_0009"", ""order_date"": ""2023-08-03"", ""quantity"": 4, ""payment_method"": ""Apple Pay"", ""order_status"": ""Completed""}"
orders,ORD_0039262,ORPHAN_PRODUCT_FOREIGN_KEY,2026-09-08T16:00:15.302519+00:00,"{""order_id"": ""ORD_0039262"", ""customer_id"": ""CUST_003257"", ""product_id"": ""PROD_0009"", ""order_date"": ""2023-08-03"", ""quantity"": 1, ""payment_method"": ""Debit Card"", ""order_status"": ""Completed""}"
orders,ORD_0039265,ORPHAN_PRODUCT_FOREIGN_KEY,2026-09-08T16:00:15.302519+00:00,"{""order_id"": ""ORD_0039265"", ""customer_id"": ""CUST_003555"", ""product_id"": ""PROD_0009"", ""order_date"": ""2023-08-03"", ""quantity"": 1, ""payment_method"": ""Cash on Delivery"", ""order_status"": ""Completed""}"
orders,ORD_0039306,ORPHAN_PRODUCT_FOREIGN_KEY,2026-09-08T16:00:15.302519+00:00,"{""order_id"": ""ORD_0039306"", ""customer_id"": ""CUST_007758"", ""product_id"": ""PROD_0009"", ""order_date"": ""2023-08-03"", ""quantity"": 1, ""payment_method"": ""PayPal"", ""order_status"": ""Completed""}"
orders,ORD_0039320,ORPHAN_PRODUCT_FOREIGN_KEY,2026-09-08T16:00:15.302519+00:00,"{""order_id"": ""ORD_0039320"", ""customer_id"": ""CUST_009008"", ""product_id"": ""PROD_0009"", ""order_date"": ""2023-08-03"", ""quantity"": 2, ""payment_method"": ""Credit Card"", ""order_status"": ""Completed""}"
orders,ORD_0039323,ORPHAN_PRODUCT_FOREIGN_KEY,2026-09-08T16:00:15.302519+00:00,"{""order_id"": ""ORD_0039323"", ""customer_id"": ""CUST_009115"", ""product_id"": ""PROD_0101"", ""order_date"": ""2023-08-03"", ""quantity"": 6, ""payment_method"": ""Debit Card"", ""order_status"": ""Completed""}"
orders,ORD_0039365,ORPHAN_PRODUCT_FOREIGN_KEY,2026-09-08T16:00:15.302519+00:00,"{""order_id"": ""ORD_0039365"", ""customer_id"": ""CUST_002774"", ""product_id"": ""PROD_0031"", ""order_date"": ""2023-08-04"", ""quantity"": 1, ""payment_method"": ""PayPal"", ""order_status"": ""Completed""}"
orders,ORD_0039368,ORPHAN_PRODUCT_FOREIGN_KEY,2026-09-08T16:00:15.302519+00:00,"{""order_id"": ""ORD_0039368"", ""customer_id"": ""CUST_002942"", ""product_id"": ""PROD_0319"", ""order_date"": ""2023-08-04"", ""quantity"": 3, ""payment_method"": ""Credit Card"", ""order_status"": ""Completed""}"
orders,ORD_0039395,ORPHAN_PRODUCT_FOREIGN_KEY,2026-09-08T16:00:15.302519+00:00,"{""order_id"": ""ORD_0039395"", ""customer_id"": ""CUST_005102"", ""product_id"": ""PROD_0009"", ""order_date"": ""2023-08-04"", ""quantity"": 3, ""payment_method"": ""PayPal"", ""order_status"": ""Completed""}"
orders,ORD_0039457,ORPHAN_PRODUCT_FOREIGN_KEY,2026-09-08T16:00:15.302519+00:00,"{""order_id"": ""ORD_0039457"", ""customer_id"": ""CUST_000239"", ""product_id"": ""PROD_0009"", ""order_date"": ""2023-08-05"", ""quantity"": 1, ""payment_method"": ""Credit Card"", ""order_status"": ""Completed""}"
orders,ORD_0039487,ORPHAN_PRODUCT_FOREIGN_KEY,2026-09-08T16:00:15.302519+00:00,"{""order_id"": ""ORD_0039487"", ""customer_id"": ""CUST_003860"", ""product_id"": ""PROD_0009"", ""order_date"": ""2023-08-05"", ""quantity"": 1, ""payment_method"": ""Credit Card"", ""order_status"": ""Completed""}"
orders,ORD_0039497,ORPHAN_PRODUCT_FOREIGN_KEY,2026-09-08T16:00:15.302519+00:00,"{""order_id"": ""ORD_0039497"", ""customer_id"": ""CUST_004837"", ""product_id"": ""PROD_0009"", ""order_date"": ""2023-08-05"", ""quantity"": 1, ""payment_method"": ""PayPal"", ""order_status"": ""Completed""}"
orders,ORD_0039609,ORPHAN_PRODUCT_FOREIGN_KEY,2026-09-08T16:00:15.302519+00:00,"{""order_id"": ""ORD_0039609"", ""customer_id"": ""CUST_004272"", ""product_id"": ""PROD_0009"", ""order_date"": ""2023-08-06"", ""quantity"": 3, ""payment_method"": ""Debit Card"", ""order_status"": ""Completed""}"
orders,ORD_0039633,ORPHAN_PRODUCT_FOREIGN_KEY,2026-09-08T16:00:15.302519+00:00,"{""order_id"": ""ORD_0039633"", ""customer_id"": ""CUST_006016"", ""product_id"": ""PROD_0031"", ""order_date"": ""2023-08-06"", ""quantity"": 1, ""payment_method"": ""Credit Card"", ""order_status"": ""Completed""}"
orders,ORD_0039675,ORPHAN_PRODUCT_FOREIGN_KEY,2026-09-08T16:00:15.302519+00:00,"{""order_id"": ""ORD_0039675"", ""customer_id"": ""CUST_009404"", ""product_id"": ""PROD_0009"", ""order_date"": ""2023-08-06"", ""quantity"": 1, ""payment_method"": ""Credit Card"", ""order_status"": ""Shipped""}"
orders,ORD_0039693,ORPHAN_PRODUCT_FOREIGN_KEY,2026-09-08T16:00:15.302519+00:00,"{""order_id"": ""ORD_0039693"", ""customer_id"": ""CUST_001019"", ""product_id"": ""PROD_0009"", ""order_date"": ""2023-08-07"", ""quantity"": 2, ""payment_method"": ""Credit Card"", ""order_status"": ""Completed""}"
orders,ORD_0039823,ORPHAN_PRODUCT_FOREIGN_KEY,2026-09-08T16:00:15.302519+00:00,"{""order_id"": ""ORD_0039823"", ""customer_id"": ""CUST_000352"", ""product_id"": ""PROD_0009"", ""order_date"": ""2023-08-08"", ""quantity"": 4, ""payment_method"": ""Credit Card"", ""order_status"": ""Completed""}"
orders,ORD_0039834,ORPHAN_PRODUCT_FOREIGN_KEY,2026-09-08T16:00:15.302519+00:00,"{""order_id"": ""ORD_0039834"", ""customer_id"": ""CUST_001076"", ""product_id"": ""PROD_0177"", ""order_date"": ""2023-08-08"", ""quantity"": 1, ""payment_method"": ""Cash on Delivery"", ""order_status"": ""Completed""}"
orders,ORD_0039838,ORPHAN_PRODUCT_FOREIGN_KEY,2026-09-08T16:00:15.302519+00:00,"{""order_id"": ""ORD_0039838"", ""customer_id"": ""CUST_001734"", ""product_id"": ""PROD_0009"", ""order_date"": ""2023-08-08"", ""quantity"": 1, ""payment_method"": ""Credit Card"", ""order_status"": ""Completed""}"
orders,ORD_0039841,ORPHAN_PRODUCT_FOREIGN_KEY,2026-09-08T16:00:15.302519+00:00,"{""order_id"": ""ORD_0039841"", ""customer_id"": ""CUST_001887"", ""product_id"": ""PROD_0031"", ""order_date"": ""2023-08-08"", ""quantity"": 2, ""payment_method"": ""Cash on Delivery"", ""order_status"": ""Completed""}"
orders,ORD_0039885,ORPHAN_PRODUCT_FOREIGN_KEY,2026-09-08T16:00:15.302519+00:00,"{""order_id"": ""ORD_0039885"", ""customer_id"": ""CUST_005346"", ""product_id"": ""PROD_0031"", ""order_date"": ""2023-08-08"", ""quantity"": 1, ""payment_method"": ""PayPal"", ""order_status"": ""Completed""}"
orders,ORD_0039911,ORPHAN_PRODUCT_FOREIGN_KEY,2026-09-08T16:00:15.302519+00:00,"{""order_id"": ""ORD_0039911"", ""customer_id"": ""CUST_007109"", ""product_id"": ""PROD_0101"", ""order_date"": ""2023-08-08"", ""quantity"": 1, ""payment_method"": ""Credit Card"", ""order_status"": ""Completed""}"
orders,ORD_0039933,ORPHAN_PRODUCT_FOREIGN_KEY,2026-09-08T16:00:15.302519+00:00,"{""order_id"": ""ORD_0039933"", ""customer_id"": ""CUST_008841"", ""product_id"": ""PROD_0101"", ""order_date"": ""2023-08-08"", ""quantity"": 1, ""payment_method"": ""Credit Card"", ""order_status"": ""Completed""}"
orders,ORD_0039948,ORPHAN_PRODUCT_FOREIGN_KEY,2026-09-08T16:00:15.302519+00:00,"{""order_id"": ""ORD_0039948"", ""customer_id"": ""CUST_000112"", ""product_id"": ""PROD_0031"", ""order_date"": ""2023-08-09"", ""quantity"": 1, ""payment_method"": ""Credit Card"", ""order_status"": ""Cancelled""}"
orders,ORD_0039953,ORPHAN_PRODUCT_FOREIGN_KEY,2026-09-08T16:00:15.302519+00:00,"{""order_id"": ""ORD_0039953"", ""customer_id"": ""CUST_000350"", ""product_id"": ""PROD_0009"", ""order_date"": ""2023-08-09"", ""quantity"": 2, ""payment_method"": ""Apple Pay"", ""order_status"": ""Completed""}"
orders,ORD_0039960,ORPHAN_PRODUCT_FOREIGN_KEY,2026-09-08T16:00:15.302519+00:00,"{""order_id"": ""ORD_0039960"", ""customer_id"": ""CUST_000855"", ""product_id"": ""PROD_0009"", ""order_date"": ""2023-08-09"", ""quantity"": 1, ""payment_method"": ""Cash on Delivery"", ""order_status"": ""Completed""}"
orders,ORD_0040045,ORPHAN_PRODUCT_FOREIGN_KEY,2026-09-08T16:00:15.302519+00:00,"{""order_id"": ""ORD_0040045"", ""customer_id"": ""CUST_008138"", ""product_id"": ""PROD_0031"", ""order_date"": ""2023-08-09"", ""quantity"": 3, ""payment_method"": ""PayPal"", ""order_status"": ""Completed""}"
orders,ORD_0040055,ORPHAN_PRODUCT_FOREIGN_KEY,2026-09-08T16:00:15.302519+00:00,"{""order_id"": ""ORD_0040055"", ""customer_id"": ""CUST_008771"", ""product_id"": ""PROD_0009"", ""order_date"": ""2023-08-09"", ""quantity"": 1, ""payment_method"": ""PayPal"", ""order_status"": ""Completed""}"
orders,ORD_0040068,ORPHAN_PRODUCT_FOREIGN_KEY,2026-09-08T16:00:15.302519+00:00,"{""order_id"": ""ORD_0040068"", ""customer_id"": ""CUST_000511"", ""product_id"": ""PROD_0031"", ""order_date"": ""2023-08-10"", ""quantity"": 1, ""payment_method"": ""PayPal"", ""order_status"": ""Completed""}"
orders,ORD_0040101,ORPHAN_PRODUCT_FOREIGN_KEY,2026-09-08T16:00:15.302519+00:00,"{""order_id"": ""ORD_0040101"", ""customer_id"": ""CUST_003852"", ""product_id"": ""PROD_0009"", ""order_date"": ""2023-08-10"", ""quantity"": 2, ""payment_method"": ""Credit Card"", ""order_status"": ""Completed""}"
orders,ORD_0040125,ORPHAN_PRODUCT_FOREIGN_KEY,2026-09-08T16:00:15.302519+00:00,"{""order_id"": ""ORD_0040125"", ""customer_id"": ""CUST_006073"", ""product_id"": ""PROD_0009"", ""order_date"": ""2023-08-10"", ""quantity"": 2, ""payment_method"": ""Credit Card"", ""order_status"": ""Completed""}"
orders,ORD_0040167,ORPHAN_PRODUCT_FOREIGN_KEY,2026-09-08T16:00:15.302519+00:00,"{""order_id"": ""ORD_0040167"", ""customer_id"": ""CUST_000490"", ""product_id"": ""PROD_0009"", ""order_date"": ""2023-08-11"", ""quantity"": 3, ""payment_method"": ""Credit Card"", ""order_status"": ""Completed""}"
orders,ORD_0040186,ORPHAN_PRODUCT_FOREIGN_KEY,2026-09-08T16:00:15.302519+00:00,"{""order_id"": ""ORD_0040186"", ""customer_id"": ""CUST_001741"", ""product_id"": ""PROD_0009"", ""order_date"": ""2023-08-11"", ""quantity"": 2, ""payment_method"": ""PayPal"", ""order_status"": ""Completed""}"
orders,ORD_0040254,ORPHAN_PRODUCT_FOREIGN_KEY,2026-09-08T16:00:15.302519+00:00,"{""order_id"": ""ORD_0040254"", ""customer_id"": ""CUST_008853"", ""product_id"": ""PROD_0009"", ""order_date"": ""2023-08-11"", ""quantity"": 1, ""payment_method"": ""Credit Card"", ""order_status"": ""Shipped""}"
orders,ORD_0040258,ORPHAN_PRODUCT_FOREIGN_KEY,2026-09-08T16:00:15.302519+00:00,"{""order_id"": ""ORD_0040258"", ""customer_id"": ""CUST_009085"", ""product_id"": ""PROD_0009"", ""order_date"": ""2023-08-11"", ""quantity"": 1, ""payment_method"": ""Credit Card"", ""order_status"": ""Completed""}"
orders,ORD_0040279,ORPHAN_PRODUCT_FOREIGN_KEY,2026-09-08T16:00:15.302519+00:00,"{""order_id"": ""ORD_0040279"", ""customer_id"": ""CUST_000395"", ""product_id"": ""PROD_0101"", ""order_date"": ""2023-08-12"", ""quantity"": 2, ""payment_method"": ""Debit Card"", ""order_status"": ""Completed""}"
orders,ORD_0040334,ORPHAN_PRODUCT_FOREIGN_KEY,2026-09-08T16:00:15.302519+00:00,"{""order_id"": ""ORD_0040334"", ""customer_id"": ""CUST_005346"", ""product_id"": ""PROD_0031"", ""order_date"": ""2023-08-12"", ""quantity"": 1, ""payment_method"": ""Debit Card"", ""order_status"": ""Completed""}"
orders,ORD_0040370,ORPHAN_PRODUCT_FOREIGN_KEY,2026-09-08T16:00:15.302519+00:00,"{""order_id"": ""ORD_0040370"", ""customer_id"": ""CUST_007581"", ""product_id"": ""PROD_0009"", ""order_date"": ""2023-08-12"", ""quantity"": 2, ""payment_method"": ""Credit Card"", ""order_status"": ""Completed""}"
orders,ORD_0040378,ORPHAN_PRODUCT_FOREIGN_KEY,2026-09-08T16:00:15.302519+00:00,"{""order_id"": ""ORD_0040378"", ""customer_id"": ""CUST_008335"", ""product_id"": ""PROD_0009"", ""order_date"": ""2023-08-12"", ""quantity"": 1, ""payment_method"": ""PayPal"", ""order_status"": ""Refunded""}"
orders,ORD_0040385,ORPHAN_PRODUCT_FOREIGN_KEY,2026-09-08T16:00:15.302519+00:00,"{""order_id"": ""ORD_0040385"", ""customer_id"": ""CUST_008974"", ""product_id"": ""PROD_0485"", ""order_date"": ""2023-08-12"", ""quantity"": 1, ""payment_method"": ""Cash on Delivery"", ""order_status"": ""Completed""}"
orders,ORD_0040413,ORPHAN_PRODUCT_FOREIGN_KEY,2026-09-08T16:00:15.302519+00:00,"{""order_id"": ""ORD_0040413"", ""customer_id"": ""CUST_000845"", ""product_id"": ""PROD_0031"", ""order_date"": ""2023-08-13"", ""quantity"": 4, ""payment_method"": ""Cash on Delivery"", ""order_status"": ""Completed""}"
orders,ORD_0040444,ORPHAN_PRODUCT_FOREIGN_KEY,2026-09-08T16:00:15.302519+00:00,"{""order_id"": ""ORD_0040444"", ""customer_id"": ""CUST_002847"", ""product_id"": ""PROD_0009"", ""order_date"": ""2023-08-13"", ""quantity"": 1, ""payment_method"": ""Credit Card"", ""order_status"": ""Completed""}"
orders,ORD_0040459,ORPHAN_PRODUCT_FOREIGN_KEY,2026-09-08T16:00:15.302519+00:00,"{""order_id"": ""ORD_0040459"", ""customer_id"": ""CUST_003854"", ""product_id"": ""PROD_0009"", ""order_date"": ""2023-08-13"", ""quantity"": 1, ""payment_method"": ""Credit Card"", ""order_status"": ""Completed""}"
orders,ORD_0040530,ORPHAN_PRODUCT_FOREIGN_KEY,2026-09-08T16:00:15.302519+00:00,"{""order_id"": ""ORD_0040530"", ""customer_id"": ""CUST_009948"", ""product_id"": ""PROD_0101"", ""order_date"": ""2023-08-13"", ""quantity"": 1, ""payment_method"": ""Cash on Delivery"", ""order_status"": ""Completed""}"
orders,ORD_0040538,ORPHAN_PRODUCT_FOREIGN_KEY,2026-09-08T16:00:15.302519+00:00,"{""order_id"": ""ORD_0040538"", ""customer_id"": ""CUST_000471"", ""product_id"": ""PROD_0031"", ""order_date"": ""2023-08-14"", ""quantity"": 1, ""payment_method"": ""Credit Card"", ""order_status"": ""Completed""}"
orders,ORD_0040578,ORPHAN_PRODUCT_FOREIGN_KEY,2026-09-08T16:00:15.302519+00:00,"{""order_id"": ""ORD_0040578"", ""customer_id"": ""CUST_003862"", ""product_id"": ""PROD_0009"", ""order_date"": ""2023-08-14"", ""quantity"": 2, ""payment_method"": ""Credit Card"", ""order_status"": ""Cancelled""}"
orders,ORD_0040691,ORPHAN_PRODUCT_FOREIGN_KEY,2026-09-08T16:00:15.302519+00:00,"{""order_id"": ""ORD_0040691"", ""customer_id"": ""CUST_002197"", ""product_id"": ""PROD_0009"", ""order_date"": ""2023-08-15"", ""quantity"": 1, ""payment_method"": ""PayPal"", ""order_status"": ""Completed""}"
orders,ORD_0040693,ORPHAN_PRODUCT_FOREIGN_KEY,2026-09-08T16:00:15.302519+00:00,"{""order_id"": ""ORD_0040693"", ""customer_id"": ""CUST_002408"", ""product_id"": ""PROD_0009"", ""order_date"": ""2023-08-15"", ""quantity"": 3, ""payment_method"": ""Credit Card"", ""order_status"": ""Completed""}"
orders,ORD_0040728,ORPHAN_PRODUCT_FOREIGN_KEY,2026-09-08T16:00:15.302519+00:00,"{""order_id"": ""ORD_0040728"", ""customer_id"": ""CUST_005463"", ""product_id"": ""PROD_0031"", ""order_date"": ""2023-08-15"", ""quantity"": 1, ""payment_method"": ""Credit Card"", ""order_status"": ""Completed""}"
orders,ORD_0040732,ORPHAN_PRODUCT_FOREIGN_KEY,2026-09-08T16:00:15.302519+00:00,"{""order_id"": ""ORD_0040732"", ""customer_id"": ""CUST_005740"", ""product_id"": ""PROD_0031"", ""order_date"": ""2023-08-15"", ""quantity"": 1, ""payment_method"": ""Credit Card"", ""order_status"": ""Completed""}"
orders,ORD_0040846,ORPHAN_PRODUCT_FOREIGN_KEY,2026-09-08T16:00:15.302519+00:00,"{""order_id"": ""ORD_0040846"", ""customer_id"": ""CUST_004288"", ""product_id"": ""PROD_0031"", ""order_date"": ""2023-08-16"", ""quantity"": 1, ""payment_method"": ""Credit Card"", ""order_status"": ""Completed""}"
orders,ORD_0040852,ORPHAN_PRODUCT_FOREIGN_KEY,2026-09-08T16:00:15.302519+00:00,"{""order_id"": ""ORD_0040852"", ""customer_id"": ""CUST_004710"", ""product_id"": ""PROD_0009"", ""order_date"": ""2023-08-16"", ""quantity"": 1, ""payment_method"": ""PayPal"", ""order_status"": ""Completed""}"
orders,ORD_0040917,ORPHAN_PRODUCT_FOREIGN_KEY,2026-09-08T16:00:15.302519+00:00,"{""order_id"": ""ORD_0040917"", ""customer_id"": ""CUST_009448"", ""product_id"": ""PROD_0009"", ""order_date"": ""2023-08-16"", ""quantity"": 1, ""payment_method"": ""Debit Card"", ""order_status"": ""Completed""}"
orders,ORD_0040935,ORPHAN_PRODUCT_FOREIGN_KEY,2026-09-08T16:00:15.302519+00:00,"{""order_id"": ""ORD_0040935"", ""customer_id"": ""CUST_000855"", ""product_id"": ""PROD_0291"", ""order_date"": ""2023-08-17"", ""quantity"": 1, ""payment_method"": ""Credit Card"", ""order_status"": ""Completed""}"
orders,ORD_0041029,ORPHAN_PRODUCT_FOREIGN_KEY,2026-09-08T16:00:15.302519+00:00,"{""order_id"": ""ORD_0041029"", ""customer_id"": ""CUST_009663"", ""product_id"": ""PROD_0177"", ""order_date"": ""2023-08-17"", ""quantity"": 3, ""payment_method"": ""PayPal"", ""order_status"": ""Completed""}"
orders,ORD_0041040,ORPHAN_PRODUCT_FOREIGN_KEY,2026-09-08T16:00:15.302519+00:00,"{""order_id"": ""ORD_0041040"", ""customer_id"": ""CUST_000767"", ""product_id"": ""PROD_0101"", ""order_date"": ""2023-08-18"", ""quantity"": 3, ""payment_method"": ""Credit Card"", ""order_status"": ""Completed""}"
orders,ORD_0041167,ORPHAN_PRODUCT_FOREIGN_KEY,2026-09-08T16:00:15.302519+00:00,"{""order_id"": ""ORD_0041167"", ""customer_id"": ""CUST_002201"", ""product_id"": ""PROD_0009"", ""order_date"": ""2023-08-19"", ""quantity"": 3, ""payment_method"": ""Credit Card"", ""order_status"": ""Cancelled""}"
orders,ORD_0041208,ORPHAN_PRODUCT_FOREIGN_KEY,2026-09-08T16:00:15.302519+00:00,"{""order_id"": ""ORD_0041208"", ""customer_id"": ""CUST_005976"", ""product_id"": ""PROD_0009"", ""order_date"": ""2023-08-19"", ""quantity"": 1, ""payment_method"": ""Credit Card"", ""order_status"": ""Completed""}"
orders,ORD_0041235,ORPHAN_PRODUCT_FOREIGN_KEY,2026-09-08T16:00:15.302519+00:00,"{""order_id"": ""ORD_0041235"", ""customer_id"": ""CUST_007740"", ""product_id"": ""PROD_0009"", ""order_date"": ""2023-08-19"", ""quantity"": 2, ""payment_method"": ""Cash on Delivery"", ""order_status"": ""Completed""}"
orders,ORD_0041264,ORPHAN_PRODUCT_FOREIGN_KEY,2026-09-08T16:00:15.302519+00:00,"{""order_id"": ""ORD_0041264"", ""customer_id"": ""CUST_009811"", ""product_id"": ""PROD_0031"", ""order_date"": ""2023-08-19"", ""quantity"": 1, ""payment_method"": ""Credit Card"", ""order_status"": ""Completed""}"
orders,ORD_0041268,ORPHAN_PRODUCT_FOREIGN_KEY,2026-09-08T16:00:15.302519+00:00,"{""order_id"": ""ORD_0041268"", ""customer_id"": ""CUST_000239"", ""product_id"": ""PROD_0031"", ""order_date"": ""2023-08-20"", ""quantity"": 1, ""payment_method"": ""PayPal"", ""order_status"": ""Completed""}"
orders,ORD_0041340,ORPHAN_PRODUCT_FOREIGN_KEY,2026-09-08T16:00:15.302519+00:00,"{""order_id"": ""ORD_0041340"", ""customer_id"": ""CUST_005060"", ""product_id"": ""PROD_0177"", ""order_date"": ""2023-08-20"", ""quantity"": 2, ""payment_method"": ""Credit Card"", ""order_status"": ""Completed""}"
orders,ORD_0041377,ORPHAN_PRODUCT_FOREIGN_KEY,2026-09-08T16:00:15.302519+00:00,"{""order_id"": ""ORD_0041377"", ""customer_id"": ""CUST_007837"", ""product_id"": ""PROD_0009"", ""order_date"": ""2023-08-20"", ""quantity"": 2, ""payment_method"": ""Debit Card"", ""order_status"": ""Completed""}"
orders,ORD_0041517,ORPHAN_PRODUCT_FOREIGN_KEY,2026-09-08T16:00:15.302519+00:00,"{""order_id"": ""ORD_0041517"", ""customer_id"": ""CUST_008927"", ""product_id"": ""PROD_0101"", ""order_date"": ""2023-08-21"", ""quantity"": 3, ""payment_method"": ""Credit Card"", ""order_status"": ""Completed""}"
orders,ORD_0041520,ORPHAN_PRODUCT_FOREIGN_KEY,2026-09-08T16:00:15.302519+00:00,"{""order_id"": ""ORD_0041520"", ""customer_id"": ""CUST_009345"", ""product_id"": ""PROD_0101"", ""order_date"": ""2023-08-21"", ""quantity"": 2, ""payment_method"": ""Cash on Delivery"", ""order_status"": ""Shipped""}"
orders,ORD_0041522,ORPHAN_PRODUCT_FOREIGN_KEY,2026-09-08T16:00:15.302519+00:00,"{""order_id"": ""ORD_0041522"", ""customer_id"": ""CUST_009658"", ""product_id"": ""PROD_0155"", ""order_date"": ""2023-08-21"", ""quantity"": 2, ""payment_method"": ""Apple Pay"", ""order_status"": ""Completed""}"
orders,ORD_0041577,ORPHAN_PRODUCT_FOREIGN_KEY,2026-09-08T16:00:15.302519+00:00,"{""order_id"": ""ORD_0041577"", ""customer_id"": ""CUST_003977"", ""product_id"": ""PROD_0009"", ""order_date"": ""2023-08-22"", ""quantity"": 1, ""payment_method"": ""Credit Card"", ""order_status"": ""Completed""}"
orders,ORD_0041584,ORPHAN_PRODUCT_FOREIGN_KEY,2026-09-08T16:00:15.302519+00:00,"{""order_id"": ""ORD_0041584"", ""customer_id"": ""CUST_004731"", ""product_id"": ""PROD_0009"", ""order_date"": ""2023-08-22"", ""quantity"": 1, ""payment_method"": ""Debit Card"", ""order_status"": ""Shipped""}"
orders,ORD_0041585,ORPHAN_PRODUCT_FOREIGN_KEY,2026-09-08T16:00:15.302519+00:00,"{""order_id"": ""ORD_0041585"", ""customer_id"": ""CUST_004871"", ""product_id"": ""PROD_0291"", ""order_date"": ""2023-08-22"", ""quantity"": 1, ""payment_method"": ""Debit Card"", ""order_status"": ""Completed""}"
orders,ORD_0041592,ORPHAN_PRODUCT_FOREIGN_KEY,2026-09-08T16:00:15.302519+00:00,"{""order_id"": ""ORD_0041592"", ""customer_id"": ""CUST_005392"", ""product_id"": ""PROD_0155"", ""order_date"": ""2023-08-22"", ""quantity"": 1, ""payment_method"": ""Credit Card"", ""order_status"": ""Completed""}"
orders,ORD_0041595,ORPHAN_PRODUCT_FOREIGN_KEY,2026-09-08T16:00:15.302519+00:00,"{""order_id"": ""ORD_0041595"", ""customer_id"": ""CUST_005709"", ""product_id"": ""PROD_0009"", ""order_date"": ""2023-08-22"", ""quantity"": 4, ""payment_method"": ""Cash on Delivery"", ""order_status"": ""Completed""}"
orders,ORD_0041612,ORPHAN_PRODUCT_FOREIGN_KEY,2026-09-08T16:00:15.302519+00:00,"{""order_id"": ""ORD_0041612"", ""customer_id"": ""CUST_007044"", ""product_id"": ""PROD_0101"", ""order_date"": ""2023-08-22"", ""quantity"": 2, ""payment_method"": ""PayPal"", ""order_status"": ""Completed""}"
orders,ORD_0041654,ORPHAN_PRODUCT_FOREIGN_KEY,2026-09-08T16:00:15.302519+00:00,"{""order_id"": ""ORD_0041654"", ""customer_id"": ""CUST_000271"", ""product_id"": ""PROD_0009"", ""order_date"": ""2023-08-23"", ""quantity"": 1, ""payment_method"": ""Debit Card"", ""order_status"": ""Completed""}"
orders,ORD_0041697,ORPHAN_PRODUCT_FOREIGN_KEY,2026-09-08T16:00:15.302519+00:00,"{""order_id"": ""ORD_0041697"", ""customer_id"": ""CUST_003167"", ""product_id"": ""PROD_0031"", ""order_date"": ""2023-08-23"", ""quantity"": 1, ""payment_method"": ""Credit Card"", ""order_status"": ""Completed""}"
orders,ORD_0041721,ORPHAN_PRODUCT_FOREIGN_KEY,2026-09-08T16:00:15.302519+00:00,"{""order_id"": ""ORD_0041721"", ""customer_id"": ""CUST_005373"", ""product_id"": ""PROD_0031"", ""order_date"": ""2023-08-23"", ""quantity"": 1, ""payment_method"": ""Cash on Delivery"", ""order_status"": ""Completed""}"
orders,ORD_0041723,ORPHAN_PRODUCT_FOREIGN_KEY,2026-09-08T16:00:15.302519+00:00,"{""order_id"": ""ORD_0041723"", ""customer_id"": ""CUST_005620"", ""product_id"": ""PROD_0009"", ""order_date"": ""2023-08-23"", ""quantity"": 1, ""payment_method"": ""Credit Card"", ""order_status"": ""Completed""}"
orders,ORD_0041746,ORPHAN_PRODUCT_FOREIGN_KEY,2026-09-08T16:00:15.302519+00:00,"{""order_id"": ""ORD_0041746"", ""customer_id"": ""CUST_007273"", ""product_id"": ""PROD_0101"", ""order_date"": ""2023-08-23"", ""quantity"": 3, ""payment_method"": ""Credit Card"", ""order_status"": ""Refunded""}"
orders,ORD_0041751,ORPHAN_PRODUCT_FOREIGN_KEY,2026-09-08T16:00:15.302519+00:00,"{""order_id"": ""ORD_0041751"", ""customer_id"": ""CUST_007579"", ""product_id"": ""PROD_0031"", ""order_date"": ""2023-08-23"", ""quantity"": 8, ""payment_method"": ""Credit Card"", ""order_status"": ""Completed""}"
orders,ORD_0041788,ORPHAN_PRODUCT_FOREIGN_KEY,2026-09-08T16:00:15.302519+00:00,"{""order_id"": ""ORD_0041788"", ""customer_id"": ""CUST_001340"", ""product_id"": ""PROD_0009"", ""order_date"": ""2023-08-24"", ""quantity"": 1, ""payment_method"": ""Credit Card"", ""order_status"": ""Shipped""}"
orders,ORD_0041839,ORPHAN_PRODUCT_FOREIGN_KEY,2026-09-08T16:00:15.302519+00:00,"{""order_id"": ""ORD_0041839"", ""customer_id"": ""CUST_006089"", ""product_id"": ""PROD_0031"", ""order_date"": ""2023-08-24"", ""quantity"": 1, ""payment_method"": ""PayPal"", ""order_status"": ""Completed""}"
orders,ORD_0041850,ORPHAN_PRODUCT_FOREIGN_KEY,2026-09-08T16:00:15.302519+00:00,"{""order_id"": ""ORD_0041850"", ""customer_id"": ""CUST_006925"", ""product_id"": ""PROD_0031"", ""order_date"": ""2023-08-24"", ""quantity"": 2, ""payment_method"": ""Credit Card"", ""order_status"": ""Refunded""}"
orders,ORD_0041877,ORPHAN_PRODUCT_FOREIGN_KEY,2026-09-08T16:00:15.302519+00:00,"{""order_id"": ""ORD_0041877"", ""customer_id"": ""CUST_009139"", ""product_id"": ""PROD_0009"", ""order_date"": ""2023-08-24"", ""quantity"": 1, ""payment_method"": ""Debit Card"", ""order_status"": ""Completed""}"
orders,ORD_0041958,ORPHAN_PRODUCT_FOREIGN_KEY,2026-09-08T16:00:15.302519+00:00,"{""order_id"": ""ORD_0041958"", ""customer_id"": ""CUST_005746"", ""product_id"": ""PROD_0009"", ""order_date"": ""2023-08-25"", ""quantity"": 1, ""payment_method"": ""PayPal"", ""order_status"": ""Shipped""}"
orders,ORD_0041975,ORPHAN_PRODUCT_FOREIGN_KEY,2026-09-08T16:00:15.302519+00:00,"{""order_id"": ""ORD_0041975"", ""customer_id"": ""CUST_007622"", ""product_id"": ""PROD_0319"", ""order_date"": ""2023-08-25"", ""quantity"": 1, ""payment_method"": ""Cash on Delivery"", ""order_status"": ""Completed""}"
orders,ORD_0041981,ORPHAN_PRODUCT_FOREIGN_KEY,2026-09-08T16:00:15.302519+00:00,"{""order_id"": ""ORD_0041981"", ""customer_id"": ""CUST_007927"", ""product_id"": ""PROD_0009"", ""order_date"": ""2023-08-25"", ""quantity"": 1, ""payment_method"": ""PayPal"", ""order_status"": ""Completed""}"
orders,ORD_0042095,ORPHAN_PRODUCT_FOREIGN_KEY,2026-09-08T16:00:15.302519+00:00,"{""order_id"": ""ORD_0042095"", ""customer_id"": ""CUST_006627"", ""product_id"": ""PROD_0101"", ""order_date"": ""2023-08-26"", ""quantity"": 3, ""payment_method"": ""PayPal"", ""order_status"": ""Completed""}"
orders,ORD_0042196,ORPHAN_PRODUCT_FOREIGN_KEY,2026-09-08T16:00:15.302519+00:00,"{""order_id"": ""ORD_0042196"", ""customer_id"": ""CUST_004773"", ""product_id"": ""PROD_0009"", ""order_date"": ""2023-08-27"", ""quantity"": 1, ""payment_method"": ""Credit Card"", ""order_status"": ""Completed""}"
orders,ORD_0042203,ORPHAN_PRODUCT_FOREIGN_KEY,2026-09-08T16:00:15.302519+00:00,"{""order_id"": ""ORD_0042203"", ""customer_id"": ""CUST_005457"", ""product_id"": ""PROD_0009"", ""order_date"": ""2023-08-27"", ""quantity"": 2, ""payment_method"": ""Credit Card"", ""order_status"": ""Completed""}"
orders,ORD_0042306,ORPHAN_PRODUCT_FOREIGN_KEY,2026-09-08T16:00:15.302519+00:00,"{""order_id"": ""ORD_0042306"", ""customer_id"": ""CUST_003434"", ""product_id"": ""PROD_0031"", ""order_date"": ""2023-08-28"", ""quantity"": 1, ""payment_method"": ""Credit Card"", ""order_status"": ""Shipped""}"
orders,ORD_0042448,ORPHAN_PRODUCT_FOREIGN_KEY,2026-09-08T16:00:15.302519+00:00,"{""order_id"": ""ORD_0042448"", ""customer_id"": ""CUST_005866"", ""product_id"": ""PROD_0009"", ""order_date"": ""2023-08-29"", ""quantity"": 1, ""payment_method"": ""Cash on Delivery"", ""order_status"": ""Refunded""}"
orders,ORD_0042481,ORPHAN_PRODUCT_FOREIGN_KEY,2026-09-08T16:00:15.302519+00:00,"{""order_id"": ""ORD_0042481"", ""customer_id"": ""CUST_009050"", ""product_id"": ""PROD_0009"", ""order_date"": ""2023-08-29"", ""quantity"": 4, ""payment_method"": ""Credit Card"", ""order_status"": ""Completed""}"
orders,ORD_0042520,ORPHAN_PRODUCT_FOREIGN_KEY,2026-09-08T16:00:15.302519+00:00,"{""order_id"": ""ORD_0042520"", ""customer_id"": ""CUST_001836"", ""product_id"": ""PROD_0319"", ""order_date"": ""2023-08-30"", ""quantity"": 3, ""payment_method"": ""Credit Card"", ""order_status"": ""Refunded""}"
orders,ORD_0042526,ORPHAN_PRODUCT_FOREIGN_KEY,2026-09-08T16:00:15.302519+00:00,"{""order_id"": ""ORD_0042526"", ""customer_id"": ""CUST_002084"", ""product_id"": ""PROD_0009"", ""order_date"": ""2023-08-30"", ""quantity"": 2, ""payment_method"": ""Debit Card"", ""order_status"": ""Completed""}"
orders,ORD_0042541,ORPHAN_PRODUCT_FOREIGN_KEY,2026-09-08T16:00:15.302519+00:00,"{""order_id"": ""ORD_0042541"", ""customer_id"": ""CUST_004011"", ""product_id"": ""PROD_0009"", ""order_date"": ""2023-08-30"", ""quantity"": 1, ""payment_method"": ""Credit Card"", ""order_status"": ""Shipped""}"
orders,ORD_0042595,ORPHAN_PRODUCT_FOREIGN_KEY,2026-09-08T16:00:15.302519+00:00,"{""order_id"": ""ORD_0042595"", ""customer_id"": ""CUST_007410"", ""product_id"": ""PROD_0319"", ""order_date"": ""2023-08-30"", ""quantity"": 1, ""payment_method"": ""Credit Card"", ""order_status"": ""Completed""}"
orders,ORD_0042607,ORPHAN_PRODUCT_FOREIGN_KEY,2026-09-08T16:00:15.302519+00:00,"{""order_id"": ""ORD_0042607"", ""customer_id"": ""CUST_008294"", ""product_id"": ""PROD_0485"", ""order_date"": ""2023-08-30"", ""quantity"": 1, ""payment_method"": ""Credit Card"", ""order_status"": ""Completed""}"
orders,ORD_0042751,ORPHAN_PRODUCT_FOREIGN_KEY,2026-09-08T16:00:15.302519+00:00,"{""order_id"": ""ORD_0042751"", ""customer_id"": ""CUST_000831"", ""product_id"": ""PROD_0031"", ""order_date"": ""2023-09-01"", ""quantity"": 1, ""payment_method"": ""Credit Card"", ""order_status"": ""Completed""}"
orders,ORD_0042756,ORPHAN_PRODUCT_FOREIGN_KEY,2026-09-08T16:00:15.302519+00:00,"{""order_id"": ""ORD_0042756"", ""customer_id"": ""CUST_001046"", ""product_id"": ""PROD_0031"", ""order_date"": ""2023-09-01"", ""quantity"": 1, ""payment_method"": ""PayPal"", ""order_status"": ""Completed""}"
orders,ORD_0042775,ORPHAN_PRODUCT_FOREIGN_KEY,2026-09-08T16:00:15.302519+00:00,"{""order_id"": ""ORD_0042775"", ""customer_id"": ""CUST_002566"", ""product_id"": ""PROD_0009"", ""order_date"": ""2023-09-01"", ""quantity"": 2, ""payment_method"": ""Credit Card"", ""order_status"": ""Completed""}"
orders,ORD_0042810,ORPHAN_PRODUCT_FOREIGN_KEY,2026-09-08T16:00:15.302519+00:00,"{""order_id"": ""ORD_0042810"", ""customer_id"": ""CUST_006216"", ""product_id"": ""PROD_0291"", ""order_date"": ""2023-09-01"", ""quantity"": 1, ""payment_method"": ""Debit Card"", ""order_status"": ""Completed""}"
orders,ORD_0042825,ORPHAN_PRODUCT_FOREIGN_KEY,2026-09-08T16:00:15.302519+00:00,"{""order_id"": ""ORD_0042825"", ""customer_id"": ""CUST_007540"", ""product_id"": ""PROD_0155"", ""order_date"": ""2023-09-01"", ""quantity"": 1, ""payment_method"": ""Credit Card"", ""order_status"": ""Completed""}"
orders,ORD_0042849,ORPHAN_PRODUCT_FOREIGN_KEY,2026-09-08T16:00:15.302519+00:00,"{""order_id"": ""ORD_0042849"", ""customer_id"": ""CUST_009545"", ""product_id"": ""PROD_0319"", ""order_date"": ""2023-09-01"", ""quantity"": 2, ""payment_method"": ""Cash on Delivery"", ""order_status"": ""Shipped""}"
orders,ORD_0042889,ORPHAN_PRODUCT_FOREIGN_KEY,2026-09-08T16:00:15.302519+00:00,"{""order_id"": ""ORD_0042889"", ""customer_id"": ""CUST_003099"", ""product_id"": ""PROD_0009"", ""order_date"": ""2023-09-02"", ""quantity"": 1, ""payment_method"": ""PayPal"", ""order_status"": ""Completed""}"
orders,ORD_0042942,ORPHAN_PRODUCT_FOREIGN_KEY,2026-09-08T16:00:15.302519+00:00,"{""order_id"": ""ORD_0042942"", ""customer_id"": ""CUST_007367"", ""product_id"": ""PROD_0009"", ""order_date"": ""2023-09-02"", ""quantity"": 3, ""payment_method"": ""Credit Card"", ""order_status"": ""Completed""}"
orders,ORD_0042956,ORPHAN_PRODUCT_FOREIGN_KEY,2026-09-08T16:00:15.302519+00:00,"{""order_id"": ""ORD_0042956"", ""customer_id"": ""CUST_008015"", ""product_id"": ""PROD_0009"", ""order_date"": ""2023-09-02"", ""quantity"": 1, ""payment_method"": ""Credit Card"", ""order_status"": ""Completed""}"
orders,ORD_0043017,ORPHAN_PRODUCT_FOREIGN_KEY,2026-09-08T16:00:15.302519+00:00,"{""order_id"": ""ORD_0043017"", ""customer_id"": ""CUST_002266"", ""product_id"": ""PROD_0177"", ""order_date"": ""2023-09-03"", ""quantity"": 1, ""payment_method"": ""Credit Card"", ""order_status"": ""Completed""}"
orders,ORD_0043027,ORPHAN_PRODUCT_FOREIGN_KEY,2026-09-08T16:00:15.302519+00:00,"{""order_id"": ""ORD_0043027"", ""customer_id"": ""CUST_003108"", ""product_id"": ""PROD_0291"", ""order_date"": ""2023-09-03"", ""quantity"": 1, ""payment_method"": ""Credit Card"", ""order_status"": ""Completed""}"
orders,ORD_0043076,ORPHAN_PRODUCT_FOREIGN_KEY,2026-09-08T16:00:15.302519+00:00,"{""order_id"": ""ORD_0043076"", ""customer_id"": ""CUST_007530"", ""product_id"": ""PROD_0009"", ""order_date"": ""2023-09-03"", ""quantity"": 1, ""payment_method"": ""Credit Card"", ""order_status"": ""Shipped""}"
orders,ORD_0043092,ORPHAN_PRODUCT_FOREIGN_KEY,2026-09-08T16:00:15.302519+00:00,"{""order_id"": ""ORD_0043092"", ""customer_id"": ""CUST_008633"", ""product_id"": ""PROD_0009"", ""order_date"": ""2023-09-03"", ""quantity"": 1, ""payment_method"": ""PayPal"", ""order_status"": ""Completed""}"
orders,ORD_0043104,ORPHAN_PRODUCT_FOREIGN_KEY,2026-09-08T16:00:15.302519+00:00,"{""order_id"": ""ORD_0043104"", ""customer_id"": ""CUST_009171"", ""product_id"": ""PROD_0009"", ""order_date"": ""2023-09-03"", ""quantity"": 2, ""payment_method"": ""PayPal"", ""order_status"": ""Completed""}"
orders,ORD_0043179,ORPHAN_PRODUCT_FOREIGN_KEY,2026-09-08T16:00:15.302519+00:00,"{""order_id"": ""ORD_0043179"", ""customer_id"": ""CUST_005812"", ""product_id"": ""PROD_0009"", ""order_date"": ""2023-09-04"", ""quantity"": 2, ""payment_method"": ""Credit Card"", ""order_status"": ""Completed""}"
orders,ORD_0043199,ORPHAN_PRODUCT_FOREIGN_KEY,2026-09-08T16:00:15.302519+00:00,"{""order_id"": ""ORD_0043199"", ""customer_id"": ""CUST_007438"", ""product_id"": ""PROD_0319"", ""order_date"": ""2023-09-04"", ""quantity"": 1, ""payment_method"": ""Debit Card"", ""order_status"": ""Completed""}"
orders,ORD_0043240,ORPHAN_PRODUCT_FOREIGN_KEY,2026-09-08T16:00:15.302519+00:00,"{""order_id"": ""ORD_0043240"", ""customer_id"": ""CUST_000735"", ""product_id"": ""PROD_0009"", ""order_date"": ""2023-09-05"", ""quantity"": 1, ""payment_method"": ""Credit Card"", ""order_status"": ""Completed""}"
orders,ORD_0043278,ORPHAN_PRODUCT_FOREIGN_KEY,2026-09-08T16:00:15.302519+00:00,"{""order_id"": ""ORD_0043278"", ""customer_id"": ""CUST_003545"", ""product_id"": ""PROD_0009"", ""order_date"": ""2023-09-05"", ""quantity"": 3, ""payment_method"": ""Debit Card"", ""order_status"": ""Cancelled""}"
orders,ORD_0043299,ORPHAN_PRODUCT_FOREIGN_KEY,2026-09-08T16:00:15.302519+00:00,"{""order_id"": ""ORD_0043299"", ""customer_id"": ""CUST_005026"", ""product_id"": ""PROD_0031"", ""order_date"": ""2023-09-05"", ""quantity"": 2, ""payment_method"": ""Debit Card"", ""order_status"": ""Completed""}"
orders,ORD_0043333,ORPHAN_PRODUCT_FOREIGN_KEY,2026-09-08T16:00:15.302519+00:00,"{""order_id"": ""ORD_0043333"", ""customer_id"": ""CUST_008395"", ""product_id"": ""PROD_0031"", ""order_date"": ""2023-09-05"", ""quantity"": 2, ""payment_method"": ""Debit Card"", ""order_status"": ""Shipped""}"
orders,ORD_0043341,ORPHAN_PRODUCT_FOREIGN_KEY,2026-09-08T16:00:15.302519+00:00,"{""order_id"": ""ORD_0043341"", ""customer_id"": ""CUST_009030"", ""product_id"": ""PROD_0009"", ""order_date"": ""2023-09-05"", ""quantity"": 3, ""payment_method"": ""Credit Card"", ""order_status"": ""Completed""}"
orders,ORD_0043434,ORPHAN_PRODUCT_FOREIGN_KEY,2026-09-08T16:00:15.302519+00:00,"{""order_id"": ""ORD_0043434"", ""customer_id"": ""CUST_006827"", ""product_id"": ""PROD_0009"", ""order_date"": ""2023-09-06"", ""quantity"": 2, ""payment_method"": ""Credit Card"", ""order_status"": ""Completed""}"
orders,ORD_0043544,ORPHAN_PRODUCT_FOREIGN_KEY,2026-09-08T16:00:15.302519+00:00,"{""order_id"": ""ORD_0043544"", ""customer_id"": ""CUST_006144"", ""product_id"": ""PROD_0009"", ""order_date"": ""2023-09-07"", ""quantity"": 2, ""payment_method"": ""Credit Card"", ""order_status"": ""Completed""}"
orders,ORD_0043578,ORPHAN_PRODUCT_FOREIGN_KEY,2026-09-08T16:00:15.302519+00:00,"{""order_id"": ""ORD_0043578"", ""customer_id"": ""CUST_007926"", ""product_id"": ""PROD_0009"", ""order_date"": ""2023-09-07"", ""quantity"": 1, ""payment_method"": ""Debit Card"", ""order_status"": ""Completed""}"
orders,ORD_0043625,ORPHAN_PRODUCT_FOREIGN_KEY,2026-09-08T16:00:15.302519+00:00,"{""order_id"": ""ORD_0043625"", ""customer_id"": ""CUST_002759"", ""product_id"": ""PROD_0031"", ""order_date"": ""2023-09-08"", ""quantity"": 1, ""payment_method"": ""Cash on Delivery"", ""order_status"": ""Completed""}"
orders,ORD_0043728,ORPHAN_PRODUCT_FOREIGN_KEY,2026-09-08T16:00:15.302519+00:00,"{""order_id"": ""ORD_0043728"", ""customer_id"": ""CUST_003192"", ""product_id"": ""PROD_0009"", ""order_date"": ""2023-09-09"", ""quantity"": 1, ""payment_method"": ""Cash on Delivery"", ""order_status"": ""Completed""}"
orders,ORD_0043898,ORPHAN_PRODUCT_FOREIGN_KEY,2026-09-08T16:00:15.302519+00:00,"{""order_id"": ""ORD_0043898"", ""customer_id"": ""CUST_005875"", ""product_id"": ""PROD_0101"", ""order_date"": ""2023-09-10"", ""quantity"": 1, ""payment_method"": ""Apple Pay"", ""order_status"": ""Completed""}"
orders,ORD_0043945,ORPHAN_PRODUCT_FOREIGN_KEY,2026-09-08T16:00:15.302519+00:00,"{""order_id"": ""ORD_0043945"", ""customer_id"": ""CUST_000763"", ""product_id"": ""PROD_0319"", ""order_date"": ""2023-09-11"", ""quantity"": 1, ""payment_method"": ""Credit Card"", ""order_status"": ""Completed""}"
orders,ORD_0044002,ORPHAN_PRODUCT_FOREIGN_KEY,2026-09-08T16:00:15.302519+00:00,"{""order_id"": ""ORD_0044002"", ""customer_id"": ""CUST_005051"", ""product_id"": ""PROD_0009"", ""order_date"": ""2023-09-11"", ""quantity"": 1, ""payment_method"": ""Debit Card"", ""order_status"": ""Cancelled""}"
orders,ORD_0044062,ORPHAN_PRODUCT_FOREIGN_KEY,2026-09-08T16:00:15.302519+00:00,"{""order_id"": ""ORD_0044062"", ""customer_id"": ""CUST_001315"", ""product_id"": ""PROD_0009"", ""order_date"": ""2023-09-12"", ""quantity"": 1, ""payment_method"": ""Unknown"", ""order_status"": ""Completed""}"
orders,ORD_0044115,ORPHAN_PRODUCT_FOREIGN_KEY,2026-09-08T16:00:15.302519+00:00,"{""order_id"": ""ORD_0044115"", ""customer_id"": ""CUST_005515"", ""product_id"": ""PROD_0031"", ""order_date"": ""2023-09-12"", ""quantity"": 1, ""payment_method"": ""PayPal"", ""order_status"": ""Completed""}"
orders,ORD_0044170,ORPHAN_PRODUCT_FOREIGN_KEY,2026-09-08T16:00:15.302519+00:00,"{""order_id"": ""ORD_0044170"", ""customer_id"": ""CUST_001483"", ""product_id"": ""PROD_0101"", ""order_date"": ""2023-09-13"", ""quantity"": 4, ""payment_method"": ""PayPal"", ""order_status"": ""Completed""}"
orders,ORD_0044199,ORPHAN_PRODUCT_FOREIGN_KEY,2026-09-08T16:00:15.302519+00:00,"{""order_id"": ""ORD_0044199"", ""customer_id"": ""CUST_004459"", ""product_id"": ""PROD_0009"", ""order_date"": ""2023-09-13"", ""quantity"": 3, ""payment_method"": ""Credit Card"", ""order_status"": ""Completed""}"
orders,ORD_0044235,ORPHAN_PRODUCT_FOREIGN_KEY,2026-09-08T16:00:15.302519+00:00,"{""order_id"": ""ORD_0044235"", ""customer_id"": ""CUST_006641"", ""product_id"": ""PROD_0177"", ""order_date"": ""2023-09-13"", ""quantity"": 2, ""payment_method"": ""Credit Card"", ""order_status"": ""Cancelled""}"
orders,ORD_0044268,ORPHAN_PRODUCT_FOREIGN_KEY,2026-09-08T16:00:15.302519+00:00,"{""order_id"": ""ORD_0044268"", ""customer_id"": ""CUST_009531"", ""product_id"": ""PROD_0155"", ""order_date"": ""2023-09-13"", ""quantity"": 1, ""payment_method"": ""Debit Card"", ""order_status"": ""Completed""}"
orders,ORD_0044326,ORPHAN_PRODUCT_FOREIGN_KEY,2026-09-08T16:00:15.302519+00:00,"{""order_id"": ""ORD_0044326"", ""customer_id"": ""CUST_004103"", ""product_id"": ""PROD_0009"", ""order_date"": ""2023-09-14"", ""quantity"": 4, ""payment_method"": ""Credit Card"", ""order_status"": ""Shipped""}"
orders,ORD_0044340,ORPHAN_PRODUCT_FOREIGN_KEY,2026-09-08T16:00:15.302519+00:00,"{""order_id"": ""ORD_0044340"", ""customer_id"": ""CUST_005667"", ""product_id"": ""PROD_0009"", ""order_date"": ""2023-09-14"", ""quantity"": 4, ""payment_method"": ""PayPal"", ""order_status"": ""Cancelled""}"
orders,ORD_0044360,ORPHAN_PRODUCT_FOREIGN_KEY,2026-09-08T16:00:15.302519+00:00,"{""order_id"": ""ORD_0044360"", ""customer_id"": ""CUST_007239"", ""product_id"": ""PROD_0101"", ""order_date"": ""2023-09-14"", ""quantity"": 4, ""payment_method"": ""PayPal"", ""order_status"": ""Completed""}"
orders,ORD_0044361,ORPHAN_PRODUCT_FOREIGN_KEY,2026-09-08T16:00:15.302519+00:00,"{""order_id"": ""ORD_0044361"", ""customer_id"": ""CUST_007316"", ""product_id"": ""PROD_0291"", ""order_date"": ""2023-09-14"", ""quantity"": 1, ""payment_method"": ""Credit Card"", ""order_status"": ""Completed""}"
orders,ORD_0044406,ORPHAN_PRODUCT_FOREIGN_KEY,2026-09-08T16:00:15.302519+00:00,"{""order_id"": ""ORD_0044406"", ""customer_id"": ""CUST_000805"", ""product_id"": ""PROD_0009"", ""order_date"": ""2023-09-15"", ""quantity"": 2, ""payment_method"": ""Debit Card"", ""order_status"": ""Completed""}"
orders,ORD_0044425,ORPHAN_PRODUCT_FOREIGN_KEY,2026-09-08T16:00:15.302519+00:00,"{""order_id"": ""ORD_0044425"", ""customer_id"": ""CUST_002903"", ""product_id"": ""PROD_0155"", ""order_date"": ""2023-09-15"", ""quantity"": 3, ""payment_method"": ""Credit Card"", ""order_status"": ""Completed""}"
orders,ORD_0044433,ORPHAN_PRODUCT_FOREIGN_KEY,2026-09-08T16:00:15.302519+00:00,"{""order_id"": ""ORD_0044433"", ""customer_id"": ""CUST_003446"", ""product_id"": ""PROD_0031"", ""order_date"": ""2023-09-15"", ""quantity"": 1, ""payment_method"": ""Apple Pay"", ""order_status"": ""Completed""}"
orders,ORD_0044464,ORPHAN_PRODUCT_FOREIGN_KEY,2026-09-08T16:00:15.302519+00:00,"{""order_id"": ""ORD_0044464"", ""customer_id"": ""CUST_006489"", ""product_id"": ""PROD_0009"", ""order_date"": ""2023-09-15"", ""quantity"": 1, ""payment_method"": ""Cash on Delivery"", ""order_status"": ""Completed""}"
orders,ORD_0044465,ORPHAN_PRODUCT_FOREIGN_KEY,2026-09-08T16:00:15.302519+00:00,"{""order_id"": ""ORD_0044465"", ""customer_id"": ""CUST_006554"", ""product_id"": ""PROD_0031"", ""order_date"": ""2023-09-15"", ""quantity"": 2, ""payment_method"": ""Debit Card"", ""order_status"": ""Completed""}"
orders,ORD_0044612,ORPHAN_PRODUCT_FOREIGN_KEY,2026-09-08T16:00:15.302519+00:00,"{""order_id"": ""ORD_0044612"", ""customer_id"": ""CUST_007127"", ""product_id"": ""PROD_0009"", ""order_date"": ""2023-09-16"", ""quantity"": 1, ""payment_method"": ""PayPal"", ""order_status"": ""Completed""}"
orders,ORD_0044641,ORPHAN_PRODUCT_FOREIGN_KEY,2026-09-08T16:00:15.302519+00:00,"{""order_id"": ""ORD_0044641"", ""customer_id"": ""CUST_009946"", ""product_id"": ""PROD_0009"", ""order_date"": ""2023-09-16"", ""quantity"": 1, ""payment_method"": ""PayPal"", ""order_status"": ""Completed""}"
orders,ORD_0044748,ORPHAN_PRODUCT_FOREIGN_KEY,2026-09-08T16:00:15.302519+00:00,"{""order_id"": ""ORD_0044748"", ""customer_id"": ""CUST_007352"", ""product_id"": ""PROD_0031"", ""order_date"": ""2023-09-17"", ""quantity"": 1, ""payment_method"": ""Credit Card"", ""order_status"": ""Completed""}"
orders,ORD_0044803,ORPHAN_PRODUCT_FOREIGN_KEY,2026-09-08T16:00:15.302519+00:00,"{""order_id"": ""ORD_0044803"", ""customer_id"": ""CUST_001784"", ""product_id"": ""PROD_0009"", ""order_date"": ""2023-09-18"", ""quantity"": 1, ""payment_method"": ""Credit Card"", ""order_status"": ""Completed""}"
orders,ORD_0044811,ORPHAN_PRODUCT_FOREIGN_KEY,2026-09-08T16:00:15.302519+00:00,"{""order_id"": ""ORD_0044811"", ""customer_id"": ""CUST_002732"", ""product_id"": ""PROD_0009"", ""order_date"": ""2023-09-18"", ""quantity"": 1, ""payment_method"": ""Apple Pay"", ""order_status"": ""Shipped""}"
orders,ORD_0044826,ORPHAN_PRODUCT_FOREIGN_KEY,2026-09-08T16:00:15.302519+00:00,"{""order_id"": ""ORD_0044826"", ""customer_id"": ""CUST_003805"", ""product_id"": ""PROD_0101"", ""order_date"": ""2023-09-18"", ""quantity"": 2, ""payment_method"": ""Debit Card"", ""order_status"": ""Completed""}"
orders,ORD_0044875,ORPHAN_PRODUCT_FOREIGN_KEY,2026-09-08T16:00:15.302519+00:00,"{""order_id"": ""ORD_0044875"", ""customer_id"": ""CUST_007638"", ""product_id"": ""PROD_0031"", ""order_date"": ""2023-09-18"", ""quantity"": 1, ""payment_method"": ""Credit Card"", ""order_status"": ""Completed""}"
orders,ORD_0044899,ORPHAN_PRODUCT_FOREIGN_KEY,2026-09-08T16:00:15.302519+00:00,"{""order_id"": ""ORD_0044899"", ""customer_id"": ""CUST_009811"", ""product_id"": ""PROD_0291"", ""order_date"": ""2023-09-18"", ""quantity"": 1, ""payment_method"": ""Cash on Delivery"", ""order_status"": ""Completed""}"
orders,ORD_0044926,ORPHAN_PRODUCT_FOREIGN_KEY,2026-09-08T16:00:15.302519+00:00,"{""order_id"": ""ORD_0044926"", ""customer_id"": ""CUST_001650"", ""product_id"": ""PROD_0031"", ""order_date"": ""2023-09-19"", ""quantity"": 4, ""payment_method"": ""Cash on Delivery"", ""order_status"": ""Completed""}"
orders,ORD_0044942,ORPHAN_PRODUCT_FOREIGN_KEY,2026-09-08T16:00:15.302519+00:00,"{""order_id"": ""ORD_0044942"", ""customer_id"": ""CUST_003358"", ""product_id"": ""PROD_0031"", ""order_date"": ""2023-09-19"", ""quantity"": 2, ""payment_method"": ""Debit Card"", ""order_status"": ""Completed""}"
orders,ORD_0044948,ORPHAN_PRODUCT_FOREIGN_KEY,2026-09-08T16:00:15.302519+00:00,"{""order_id"": ""ORD_0044948"", ""customer_id"": ""CUST_003977"", ""product_id"": ""PROD_0009"", ""order_date"": ""2023-09-19"", ""quantity"": 1, ""payment_method"": ""Credit Card"", ""order_status"": ""Completed""}"
orders,ORD_0044959,ORPHAN_PRODUCT_FOREIGN_KEY,2026-09-08T16:00:15.302519+00:00,"{""order_id"": ""ORD_0044959"", ""customer_id"": ""CUST_004781"", ""product_id"": ""PROD_0101"", ""order_date"": ""2023-09-19"", ""quantity"": 3, ""payment_method"": ""PayPal"", ""order_status"": ""Completed""}"
orders,ORD_0044982,ORPHAN_PRODUCT_FOREIGN_KEY,2026-09-08T16:00:15.302519+00:00,"{""order_id"": ""ORD_0044982"", ""customer_id"": ""CUST_006267"", ""product_id"": ""PROD_0485"", ""order_date"": ""2023-09-19"", ""quantity"": 3, ""payment_method"": ""Credit Card"", ""order_status"": ""Completed""}"
orders,ORD_0044983,ORPHAN_PRODUCT_FOREIGN_KEY,2026-09-08T16:00:15.302519+00:00,"{""order_id"": ""ORD_0044983"", ""customer_id"": ""CUST_006426"", ""product_id"": ""PROD_0155"", ""order_date"": ""2023-09-19"", ""quantity"": 1, ""payment_method"": ""Credit Card"", ""order_status"": ""Completed""}"
orders,ORD_0045016,ORPHAN_PRODUCT_FOREIGN_KEY,2026-09-08T16:00:15.302519+00:00,"{""order_id"": ""ORD_0045016"", ""customer_id"": ""CUST_009071"", ""product_id"": ""PROD_0101"", ""order_date"": ""2023-09-19"", ""quantity"": 1, ""payment_method"": ""Credit Card"", ""order_status"": ""Completed""}"
orders,ORD_0045033,ORPHAN_PRODUCT_FOREIGN_KEY,2026-09-08T16:00:15.302519+00:00,"{""order_id"": ""ORD_0045033"", ""customer_id"": ""CUST_000451"", ""product_id"": ""PROD_0009"", ""order_date"": ""2023-09-20"", ""quantity"": 2, ""payment_method"": ""Credit Card"", ""order_status"": ""Completed""}"
orders,ORD_0045069,ORPHAN_PRODUCT_FOREIGN_KEY,2026-09-08T16:00:15.302519+00:00,"{""order_id"": ""ORD_0045069"", ""customer_id"": ""CUST_003330"", ""product_id"": ""PROD_0031"", ""order_date"": ""2023-09-20"", ""quantity"": 1, ""payment_method"": ""Credit Card"", ""order_status"": ""Completed""}"
orders,ORD_0045102,ORPHAN_PRODUCT_FOREIGN_KEY,2026-09-08T16:00:15.302519+00:00,"{""order_id"": ""ORD_0045102"", ""customer_id"": ""CUST_006185"", ""product_id"": ""PROD_0009"", ""order_date"": ""2023-09-20"", ""quantity"": 1, ""payment_method"": ""PayPal"", ""order_status"": ""Completed""}"
orders,ORD_0045174,ORPHAN_PRODUCT_FOREIGN_KEY,2026-09-08T16:00:15.302519+00:00,"{""order_id"": ""ORD_0045174"", ""customer_id"": ""CUST_001568"", ""product_id"": ""PROD_0101"", ""order_date"": ""2023-09-21"", ""quantity"": 1, ""payment_method"": ""Credit Card"", ""order_status"": ""Completed""}"
orders,ORD_0045228,ORPHAN_PRODUCT_FOREIGN_KEY,2026-09-08T16:00:15.302519+00:00,"{""order_id"": ""ORD_0045228"", ""customer_id"": ""CUST_005793"", ""product_id"": ""PROD_0009"", ""order_date"": ""2023-09-21"", ""quantity"": 1, ""payment_method"": ""Debit Card"", ""order_status"": ""Completed""}"
orders,ORD_0045275,ORPHAN_PRODUCT_FOREIGN_KEY,2026-09-08T16:00:15.302519+00:00,"{""order_id"": ""ORD_0045275"", ""customer_id"": ""CUST_009303"", ""product_id"": ""PROD_0009"", ""order_date"": ""2023-09-21"", ""quantity"": 1, ""payment_method"": ""Credit Card"", ""order_status"": ""Completed""}"
orders,ORD_0045281,ORPHAN_PRODUCT_FOREIGN_KEY,2026-09-08T16:00:15.302519+00:00,"{""order_id"": ""ORD_0045281"", ""customer_id"": ""CUST_009793"", ""product_id"": ""PROD_0009"", ""order_date"": ""2023-09-21"", ""quantity"": 1, ""payment_method"": ""Credit Card"", ""order_status"": ""Completed""}"
orders,ORD_0045305,ORPHAN_PRODUCT_FOREIGN_KEY,2026-09-08T16:00:15.302519+00:00,"{""order_id"": ""ORD_0045305"", ""customer_id"": ""CUST_001921"", ""product_id"": ""PROD_0009"", ""order_date"": ""2023-09-22"", ""quantity"": 4, ""payment_method"": ""Cash on Delivery"", ""order_status"": ""Completed""}"
orders,ORD_0045336,ORPHAN_PRODUCT_FOREIGN_KEY,2026-09-08T16:00:15.302519+00:00,"{""order_id"": ""ORD_0045336"", ""customer_id"": ""CUST_004415"", ""product_id"": ""PROD_0009"", ""order_date"": ""2023-09-22"", ""quantity"": 1, ""payment_method"": ""Credit Card"", ""order_status"": ""Completed""}"
orders,ORD_0045364,ORPHAN_PRODUCT_FOREIGN_KEY,2026-09-08T16:00:15.302519+00:00,"{""order_id"": ""ORD_0045364"", ""customer_id"": ""CUST_006489"", ""product_id"": ""PROD_0101"", ""order_date"": ""2023-09-22"", ""quantity"": 1, ""payment_method"": ""Credit Card"", ""order_status"": ""Shipped""}"
orders,ORD_0045374,ORPHAN_PRODUCT_FOREIGN_KEY,2026-09-08T16:00:15.302519+00:00,"{""order_id"": ""ORD_0045374"", ""customer_id"": ""CUST_007109"", ""product_id"": ""PROD_0009"", ""order_date"": ""2023-09-22"", ""quantity"": 2, ""payment_method"": ""Credit Card"", ""order_status"": ""Completed""}"
orders,ORD_0045449,ORPHAN_PRODUCT_FOREIGN_KEY,2026-09-08T16:00:15.302519+00:00,"{""order_id"": ""ORD_0045449"", ""customer_id"": ""CUST_001572"", ""product_id"": ""PROD_0009"", ""order_date"": ""2023-09-23"", ""quantity"": 1, ""payment_method"": ""Credit Card"", ""order_status"": ""Completed""}"
orders,ORD_0045459,ORPHAN_PRODUCT_FOREIGN_KEY,2026-09-08T16:00:15.302519+00:00,"{""order_id"": ""ORD_0045459"", ""customer_id"": ""CUST_002355"", ""product_id"": ""PROD_0009"", ""order_date"": ""2023-09-23"", ""quantity"": 2, ""payment_method"": ""Credit Card"", ""order_status"": ""Shipped""}"
orders,ORD_0045535,ORPHAN_PRODUCT_FOREIGN_KEY,2026-09-08T16:00:15.302519+00:00,"{""order_id"": ""ORD_0045535"", ""customer_id"": ""CUST_008372"", ""product_id"": ""PROD_0031"", ""order_date"": ""2023-09-23"", ""quantity"": 2, ""payment_method"": ""Credit Card"", ""order_status"": ""Completed""}"
orders,ORD_0045553,ORPHAN_PRODUCT_FOREIGN_KEY,2026-09-08T16:00:15.302519+00:00,"{""order_id"": ""ORD_0045553"", ""customer_id"": ""CUST_000276"", ""product_id"": ""PROD_0031"", ""order_date"": ""2023-09-24"", ""quantity"": 1, ""payment_method"": ""Debit Card"", ""order_status"": ""Completed""}"
orders,ORD_0045677,ORPHAN_PRODUCT_FOREIGN_KEY,2026-09-08T16:00:15.302519+00:00,"{""order_id"": ""ORD_0045677"", ""customer_id"": ""CUST_009073"", ""product_id"": ""PROD_0101"", ""order_date"": ""2023-09-24"", ""quantity"": 2, ""payment_method"": ""Credit Card"", ""order_status"": ""Completed""}"
orders,ORD_0045689,ORPHAN_PRODUCT_FOREIGN_KEY,2026-09-08T16:00:15.302519+00:00,"{""order_id"": ""ORD_0045689"", ""customer_id"": ""CUST_009931"", ""product_id"": ""PROD_0009"", ""order_date"": ""2023-09-24"", ""quantity"": 4, ""payment_method"": ""Debit Card"", ""order_status"": ""Completed""}"
orders,ORD_0045734,ORPHAN_PRODUCT_FOREIGN_KEY,2026-09-08T16:00:15.302519+00:00,"{""order_id"": ""ORD_0045734"", ""customer_id"": ""CUST_003606"", ""product_id"": ""PROD_0177"", ""order_date"": ""2023-09-25"", ""quantity"": 1, ""payment_method"": ""PayPal"", ""order_status"": ""Completed""}"
orders,ORD_0045737,ORPHAN_PRODUCT_FOREIGN_KEY,2026-09-08T16:00:15.302519+00:00,"{""order_id"": ""ORD_0045737"", ""customer_id"": ""CUST_003689"", ""product_id"": ""PROD_0177"", ""order_date"": ""2023-09-25"", ""quantity"": 2, ""payment_method"": ""Credit Card"", ""order_status"": ""Completed""}"
orders,ORD_0045805,ORPHAN_PRODUCT_FOREIGN_KEY,2026-09-08T16:00:15.302519+00:00,"{""order_id"": ""ORD_0045805"", ""customer_id"": ""CUST_006989"", ""product_id"": ""PROD_0101"", ""order_date"": ""2023-09-25"", ""quantity"": 1, ""payment_method"": ""Credit Card"", ""order_status"": ""Completed""}"
orders,ORD_0045929,ORPHAN_PRODUCT_FOREIGN_KEY,2026-09-08T16:00:15.302519+00:00,"{""order_id"": ""ORD_0045929"", ""customer_id"": ""CUST_007377"", ""product_id"": ""PROD_0155"", ""order_date"": ""2023-09-26"", ""quantity"": 2, ""payment_method"": ""PayPal"", ""order_status"": ""Refunded""}"
orders,ORD_0046073,ORPHAN_PRODUCT_FOREIGN_KEY,2026-09-08T16:00:15.302519+00:00,"{""order_id"": ""ORD_0046073"", ""customer_id"": ""CUST_008091"", ""product_id"": ""PROD_0319"", ""order_date"": ""2023-09-27"", ""quantity"": 1, ""payment_method"": ""Debit Card"", ""order_status"": ""Cancelled""}"
orders,ORD_0046079,ORPHAN_PRODUCT_FOREIGN_KEY,2026-09-08T16:00:15.302519+00:00,"{""order_id"": ""ORD_0046079"", ""customer_id"": ""CUST_008545"", ""product_id"": ""PROD_0031"", ""order_date"": ""2023-09-27"", ""quantity"": 1, ""payment_method"": ""Credit Card"", ""order_status"": ""Shipped""}"
orders,ORD_0046116,ORPHAN_PRODUCT_FOREIGN_KEY,2026-09-08T16:00:15.302519+00:00,"{""order_id"": ""ORD_0046116"", ""customer_id"": ""CUST_001801"", ""product_id"": ""PROD_0009"", ""order_date"": ""2023-09-28"", ""quantity"": 1, ""payment_method"": ""Credit Card"", ""order_status"": ""Cancelled""}"
orders,ORD_0046133,ORPHAN_PRODUCT_FOREIGN_KEY,2026-09-08T16:00:15.302519+00:00,"{""order_id"": ""ORD_0046133"", ""customer_id"": ""CUST_003071"", ""product_id"": ""PROD_0155"", ""order_date"": ""2023-09-28"", ""quantity"": 1, ""payment_method"": ""Credit Card"", ""order_status"": ""Completed""}"
orders,ORD_0046263,ORPHAN_PRODUCT_FOREIGN_KEY,2026-09-08T16:00:15.302519+00:00,"{""order_id"": ""ORD_0046263"", ""customer_id"": ""CUST_004216"", ""product_id"": ""PROD_0031"", ""order_date"": ""2023-09-29"", ""quantity"": 1, ""payment_method"": ""Credit Card"", ""order_status"": ""Completed""}"
orders,ORD_0046330,ORPHAN_PRODUCT_FOREIGN_KEY,2026-09-08T16:00:15.302519+00:00,"{""order_id"": ""ORD_0046330"", ""customer_id"": ""CUST_009876"", ""product_id"": ""PROD_0031"", ""order_date"": ""2023-09-29"", ""quantity"": 1, ""payment_method"": ""PayPal"", ""order_status"": ""Completed""}"
orders,ORD_0046348,ORPHAN_PRODUCT_FOREIGN_KEY,2026-09-08T16:00:15.302519+00:00,"{""order_id"": ""ORD_0046348"", ""customer_id"": ""CUST_000946"", ""product_id"": ""PROD_0009"", ""order_date"": ""2023-09-30"", ""quantity"": 3, ""payment_method"": ""Credit Card"", ""order_status"": ""Completed""}"
orders,ORD_0046559,ORPHAN_PRODUCT_FOREIGN_KEY,2026-09-08T16:00:15.302519+00:00,"{""order_id"": ""ORD_0046559"", ""customer_id"": ""CUST_006465"", ""product_id"": ""PROD_0009"", ""order_date"": ""2023-10-01"", ""quantity"": 1, ""payment_method"": ""PayPal"", ""order_status"": ""Completed""}"
orders,ORD_0046570,ORPHAN_PRODUCT_FOREIGN_KEY,2026-09-08T16:00:15.302519+00:00,"{""order_id"": ""ORD_0046570"", ""customer_id"": ""CUST_007406"", ""product_id"": ""PROD_0101"", ""order_date"": ""2023-10-01"", ""quantity"": 3, ""payment_method"": ""Debit Card"", ""order_status"": ""Cancelled""}"
orders,ORD_0046592,ORPHAN_PRODUCT_FOREIGN_KEY,2026-09-08T16:00:15.302519+00:00,"{""order_id"": ""ORD_0046592"", ""customer_id"": ""CUST_009222"", ""product_id"": ""PROD_0009"", ""order_date"": ""2023-10-01"", ""quantity"": 2, ""payment_method"": ""Debit Card"", ""order_status"": ""Completed""}"
orders,ORD_0046702,ORPHAN_PRODUCT_FOREIGN_KEY,2026-09-08T16:00:15.302519+00:00,"{""order_id"": ""ORD_0046702"", ""customer_id"": ""CUST_006892"", ""product_id"": ""PROD_0009"", ""order_date"": ""2023-10-02"", ""quantity"": 2, ""payment_method"": ""PayPal"", ""order_status"": ""Completed""}"
orders,ORD_0046818,ORPHAN_PRODUCT_FOREIGN_KEY,2026-09-08T16:00:15.302519+00:00,"{""order_id"": ""ORD_0046818"", ""customer_id"": ""CUST_004978"", ""product_id"": ""PROD_0009"", ""order_date"": ""2023-10-03"", ""quantity"": 2, ""payment_method"": ""Credit Card"", ""order_status"": ""Completed""}"
orders,ORD_0046925,ORPHAN_PRODUCT_FOREIGN_KEY,2026-09-08T16:00:15.302519+00:00,"{""order_id"": ""ORD_0046925"", ""customer_id"": ""CUST_002963"", ""product_id"": ""PROD_0009"", ""order_date"": ""2023-10-04"", ""quantity"": 2, ""payment_method"": ""Credit Card"", ""order_status"": ""Completed""}"
orders,ORD_0046977,ORPHAN_PRODUCT_FOREIGN_KEY,2026-09-08T16:00:15.302519+00:00,"{""order_id"": ""ORD_0046977"", ""customer_id"": ""CUST_007664"", ""product_id"": ""PROD_0009"", ""order_date"": ""2023-10-04"", ""quantity"": 2, ""payment_method"": ""Credit Card"", ""order_status"": ""Completed""}"
orders,ORD_0046998,ORPHAN_PRODUCT_FOREIGN_KEY,2026-09-08T16:00:15.302519+00:00,"{""order_id"": ""ORD_0046998"", ""customer_id"": ""CUST_009127"", ""product_id"": ""PROD_0009"", ""order_date"": ""2023-10-04"", ""quantity"": 1, ""payment_method"": ""PayPal"", ""order_status"": ""Completed""}"
orders,ORD_0047030,ORPHAN_PRODUCT_FOREIGN_KEY,2026-09-08T16:00:15.302519+00:00,"{""order_id"": ""ORD_0047030"", ""customer_id"": ""CUST_002281"", ""product_id"": ""PROD_0009"", ""order_date"": ""2023-10-05"", ""quantity"": 2, ""payment_method"": ""PayPal"", ""order_status"": ""Refunded""}"
orders,ORD_0047061,ORPHAN_PRODUCT_FOREIGN_KEY,2026-09-08T16:00:15.302519+00:00,"{""order_id"": ""ORD_0047061"", ""customer_id"": ""CUST_004305"", ""product_id"": ""PROD_0155"", ""order_date"": ""2023-10-05"", ""quantity"": 1, ""payment_method"": ""Apple Pay"", ""order_status"": ""Shipped""}"
orders,ORD_0047064,ORPHAN_PRODUCT_FOREIGN_KEY,2026-09-08T16:00:15.302519+00:00,"{""order_id"": ""ORD_0047064"", ""customer_id"": ""CUST_004418"", ""product_id"": ""PROD_0155"", ""order_date"": ""2023-10-05"", ""quantity"": 2, ""payment_method"": ""Credit Card"", ""order_status"": ""Completed""}"
orders,ORD_0047075,ORPHAN_PRODUCT_FOREIGN_KEY,2026-09-08T16:00:15.302519+00:00,"{""order_id"": ""ORD_0047075"", ""customer_id"": ""CUST_005279"", ""product_id"": ""PROD_0009"", ""order_date"": ""2023-10-05"", ""quantity"": 1, ""payment_method"": ""Credit Card"", ""order_status"": ""Completed""}"
orders,ORD_0047080,ORPHAN_PRODUCT_FOREIGN_KEY,2026-09-08T16:00:15.302519+00:00,"{""order_id"": ""ORD_0047080"", ""customer_id"": ""CUST_005682"", ""product_id"": ""PROD_0009"", ""order_date"": ""2023-10-05"", ""quantity"": 1, ""payment_method"": ""Credit Card"", ""order_status"": ""Cancelled""}"
orders,ORD_0047095,ORPHAN_PRODUCT_FOREIGN_KEY,2026-09-08T16:00:15.302519+00:00,"{""order_id"": ""ORD_0047095"", ""customer_id"": ""CUST_007031"", ""product_id"": ""PROD_0009"", ""order_date"": ""2023-10-05"", ""quantity"": 1, ""payment_method"": ""Credit Card"", ""order_status"": ""Completed""}"
orders,ORD_0047115,ORPHAN_PRODUCT_FOREIGN_KEY,2026-09-08T16:00:15.302519+00:00,"{""order_id"": ""ORD_0047115"", ""customer_id"": ""CUST_008069"", ""product_id"": ""PROD_0177"", ""order_date"": ""2023-10-05"", ""quantity"": 4, ""payment_method"": ""Credit Card"", ""order_status"": ""Completed""}"
orders,ORD_0047133,ORPHAN_PRODUCT_FOREIGN_KEY,2026-09-08T16:00:15.302519+00:00,"{""order_id"": ""ORD_0047133"", ""customer_id"": ""CUST_009194"", ""product_id"": ""PROD_0101"", ""order_date"": ""2023-10-05"", ""quantity"": 2, ""payment_method"": ""Credit Card"", ""order_status"": ""Completed""}"
orders,ORD_0047155,ORPHAN_PRODUCT_FOREIGN_KEY,2026-09-08T16:00:15.302519+00:00,"{""order_id"": ""ORD_0047155"", ""customer_id"": ""CUST_000931"", ""product_id"": ""PROD_0009"", ""order_date"": ""2023-10-06"", ""quantity"": 4, ""payment_method"": ""Credit Card"", ""order_status"": ""Completed""}"
orders,ORD_0047287,ORPHAN_PRODUCT_FOREIGN_KEY,2026-09-08T16:00:15.302519+00:00,"{""order_id"": ""ORD_0047287"", ""customer_id"": ""CUST_000775"", ""product_id"": ""PROD_0009"", ""order_date"": ""2023-10-07"", ""quantity"": 1, ""payment_method"": ""Credit Card"", ""order_status"": ""Completed""}"
orders,ORD_0047390,ORPHAN_PRODUCT_FOREIGN_KEY,2026-09-08T16:00:15.302519+00:00,"{""order_id"": ""ORD_0047390"", ""customer_id"": ""CUST_007902"", ""product_id"": ""PROD_0031"", ""order_date"": ""2023-10-07"", ""quantity"": 2, ""payment_method"": ""Credit Card"", ""order_status"": ""Completed""}"
orders,ORD_0047417,ORPHAN_PRODUCT_FOREIGN_KEY,2026-09-08T16:00:15.302519+00:00,"{""order_id"": ""ORD_0047417"", ""customer_id"": ""CUST_009595"", ""product_id"": ""PROD_0009"", ""order_date"": ""2023-10-07"", ""quantity"": 2, ""payment_method"": ""Apple Pay"", ""order_status"": ""Refunded""}"
orders,ORD_0047433,ORPHAN_PRODUCT_FOREIGN_KEY,2026-09-08T16:00:15.302519+00:00,"{""order_id"": ""ORD_0047433"", ""customer_id"": ""CUST_001151"", ""product_id"": ""PROD_0031"", ""order_date"": ""2023-10-08"", ""quantity"": 1, ""payment_method"": ""Credit Card"", ""order_status"": ""Completed""}"
orders,ORD_0047434,ORPHAN_PRODUCT_FOREIGN_KEY,2026-09-08T16:00:15.302519+00:00,"{""order_id"": ""ORD_0047434"", ""customer_id"": ""CUST_001227"", ""product_id"": ""PROD_0009"", ""order_date"": ""2023-10-08"", ""quantity"": 1, ""payment_method"": ""Debit Card"", ""order_status"": ""Completed""}"
orders,ORD_0047438,ORPHAN_PRODUCT_FOREIGN_KEY,2026-09-08T16:00:15.302519+00:00,"{""order_id"": ""ORD_0047438"", ""customer_id"": ""CUST_001617"", ""product_id"": ""PROD_0009"", ""order_date"": ""2023-10-08"", ""quantity"": 1, ""payment_method"": ""Credit Card"", ""order_status"": ""Completed""}"
orders,ORD_0047442,ORPHAN_PRODUCT_FOREIGN_KEY,2026-09-08T16:00:15.302519+00:00,"{""order_id"": ""ORD_0047442"", ""customer_id"": ""CUST_001837"", ""product_id"": ""PROD_0009"", ""order_date"": ""2023-10-08"", ""quantity"": 2, ""payment_method"": ""Credit Card"", ""order_status"": ""Completed""}"
orders,ORD_0047500,ORPHAN_PRODUCT_FOREIGN_KEY,2026-09-08T16:00:15.302519+00:00,"{""order_id"": ""ORD_0047500"", ""customer_id"": ""CUST_006783"", ""product_id"": ""PROD_0291"", ""order_date"": ""2023-10-08"", ""quantity"": 4, ""payment_method"": ""Debit Card"", ""order_status"": ""Refunded""}"
orders,ORD_0047501,ORPHAN_PRODUCT_FOREIGN_KEY,2026-09-08T16:00:15.302519+00:00,"{""order_id"": ""ORD_0047501"", ""customer_id"": ""CUST_007321"", ""product_id"": ""PROD_0031"", ""order_date"": ""2023-10-08"", ""quantity"": 1, ""payment_method"": ""Credit Card"", ""order_status"": ""Completed""}"
orders,ORD_0047579,ORPHAN_PRODUCT_FOREIGN_KEY,2026-09-08T16:00:15.302519+00:00,"{""order_id"": ""ORD_0047579"", ""customer_id"": ""CUST_002638"", ""product_id"": ""PROD_0291"", ""order_date"": ""2023-10-09"", ""quantity"": 1, ""payment_method"": ""Credit Card"", ""order_status"": ""Completed""}"
orders,ORD_0047619,ORPHAN_PRODUCT_FOREIGN_KEY,2026-09-08T16:00:15.302519+00:00,"{""order_id"": ""ORD_0047619"", ""customer_id"": ""CUST_005659"", ""product_id"": ""PROD_0009"", ""order_date"": ""2023-10-09"", ""quantity"": 1, ""payment_method"": ""Debit Card"", ""order_status"": ""Shipped""}"
orders,ORD_0047652,ORPHAN_PRODUCT_FOREIGN_KEY,2026-09-08T16:00:15.302519+00:00,"{""order_id"": ""ORD_0047652"", ""customer_id"": ""CUST_008262"", ""product_id"": ""PROD_0009"", ""order_date"": ""2023-10-09"", ""quantity"": 3, ""payment_method"": ""PayPal"", ""order_status"": ""Completed""}"
orders,ORD_0047703,ORPHAN_PRODUCT_FOREIGN_KEY,2026-09-08T16:00:15.302519+00:00,"{""order_id"": ""ORD_0047703"", ""customer_id"": ""CUST_001175"", ""product_id"": ""PROD_0009"", ""order_date"": ""2023-10-10"", ""quantity"": 1, ""payment_method"": ""Credit Card"", ""order_status"": ""Completed""}"
orders,ORD_0047743,ORPHAN_PRODUCT_FOREIGN_KEY,2026-09-08T16:00:15.302519+00:00,"{""order_id"": ""ORD_0047743"", ""customer_id"": ""CUST_003660"", ""product_id"": ""PROD_0101"", ""order_date"": ""2023-10-10"", ""quantity"": 1, ""payment_method"": ""Credit Card"", ""order_status"": ""Completed""}"
orders,ORD_0047923,ORPHAN_PRODUCT_FOREIGN_KEY,2026-09-08T16:00:15.302519+00:00,"{""order_id"": ""ORD_0047923"", ""customer_id"": ""CUST_005945"", ""product_id"": ""PROD_0009"", ""order_date"": ""2023-10-11"", ""quantity"": 1, ""payment_method"": ""Credit Card"", ""order_status"": ""Completed""}"
orders,ORD_0048020,ORPHAN_PRODUCT_FOREIGN_KEY,2026-09-08T16:00:15.302519+00:00,"{""order_id"": ""ORD_0048020"", ""customer_id"": ""CUST_004162"", ""product_id"": ""PROD_0009"", ""order_date"": ""2023-10-12"", ""quantity"": 2, ""payment_method"": ""Cash on Delivery"", ""order_status"": ""Completed""}"
orders,ORD_0048034,ORPHAN_PRODUCT_FOREIGN_KEY,2026-09-08T16:00:15.302519+00:00,"{""order_id"": ""ORD_0048034"", ""customer_id"": ""CUST_005170"", ""product_id"": ""PROD_0009"", ""order_date"": ""2023-10-12"", ""quantity"": 1, ""payment_method"": ""Credit Card"", ""order_status"": ""Completed""}"
orders,ORD_0048090,ORPHAN_PRODUCT_FOREIGN_KEY,2026-09-08T16:00:15.302519+00:00,"{""order_id"": ""ORD_0048090"", ""customer_id"": ""CUST_009331"", ""product_id"": ""PROD_0101"", ""order_date"": ""2023-10-12"", ""quantity"": 1, ""payment_method"": ""Credit Card"", ""order_status"": ""Completed""}"
orders,ORD_0048119,ORPHAN_PRODUCT_FOREIGN_KEY,2026-09-08T16:00:15.302519+00:00,"{""order_id"": ""ORD_0048119"", ""customer_id"": ""CUST_001436"", ""product_id"": ""PROD_0031"", ""order_date"": ""2023-10-13"", ""quantity"": 1, ""payment_method"": ""Debit Card"", ""order_status"": ""Refunded""}"
orders,ORD_0048212,ORPHAN_PRODUCT_FOREIGN_KEY,2026-09-08T16:00:15.302519+00:00,"{""order_id"": ""ORD_0048212"", ""customer_id"": ""CUST_008241"", ""product_id"": ""PROD_0031"", ""order_date"": ""2023-10-13"", ""quantity"": 3, ""payment_method"": ""PayPal"", ""order_status"": ""Completed""}"
orders,ORD_0048214,ORPHAN_PRODUCT_FOREIGN_KEY,2026-09-08T16:00:15.302519+00:00,"{""order_id"": ""ORD_0048214"", ""customer_id"": ""CUST_008319"", ""product_id"": ""PROD_0009"", ""order_date"": ""2023-10-13"", ""quantity"": 1, ""payment_method"": ""Credit Card"", ""order_status"": ""Completed""}"
orders,ORD_0048274,ORPHAN_PRODUCT_FOREIGN_KEY,2026-09-08T16:00:15.302519+00:00,"{""order_id"": ""ORD_0048274"", ""customer_id"": ""CUST_002929"", ""product_id"": ""PROD_0009"", ""order_date"": ""2023-10-14"", ""quantity"": 2, ""payment_method"": ""Credit Card"", ""order_status"": ""Completed""}"
orders,ORD_0048301,ORPHAN_PRODUCT_FOREIGN_KEY,2026-09-08T16:00:15.302519+00:00,"{""order_id"": ""ORD_0048301"", ""customer_id"": ""CUST_004867"", ""product_id"": ""PROD_0009"", ""order_date"": ""2023-10-14"", ""quantity"": 1, ""payment_method"": ""PayPal"", ""order_status"": ""Completed""}"
orders,ORD_0048315,ORPHAN_PRODUCT_FOREIGN_KEY,2026-09-08T16:00:15.302519+00:00,"{""order_id"": ""ORD_0048315"", ""customer_id"": ""CUST_005922"", ""product_id"": ""PROD_0031"", ""order_date"": ""2023-10-14"", ""quantity"": 1, ""payment_method"": ""PayPal"", ""order_status"": ""Completed""}"
orders,ORD_0048339,ORPHAN_PRODUCT_FOREIGN_KEY,2026-09-08T16:00:15.302519+00:00,"{""order_id"": ""ORD_0048339"", ""customer_id"": ""CUST_008027"", ""product_id"": ""PROD_0009"", ""order_date"": ""2023-10-14"", ""quantity"": 1, ""payment_method"": ""Apple Pay"", ""order_status"": ""Completed""}"
orders,ORD_0048341,ORPHAN_PRODUCT_FOREIGN_KEY,2026-09-08T16:00:15.302519+00:00,"{""order_id"": ""ORD_0048341"", ""customer_id"": ""CUST_008138"", ""product_id"": ""PROD_0155"", ""order_date"": ""2023-10-14"", ""quantity"": 1, ""payment_method"": ""Credit Card"", ""order_status"": ""Completed""}"
orders,ORD_0048350,ORPHAN_PRODUCT_FOREIGN_KEY,2026-09-08T16:00:15.302519+00:00,"{""order_id"": ""ORD_0048350"", ""customer_id"": ""CUST_008766"", ""product_id"": ""PROD_0101"", ""order_date"": ""2023-10-14"", ""quantity"": 1, ""payment_method"": ""Cash on Delivery"", ""order_status"": ""Completed""}"
orders,ORD_0048385,ORPHAN_PRODUCT_FOREIGN_KEY,2026-09-08T16:00:15.302519+00:00,"{""order_id"": ""ORD_0048385"", ""customer_id"": ""CUST_001119"", ""product_id"": ""PROD_0009"", ""order_date"": ""2023-10-15"", ""quantity"": 1, ""payment_method"": ""Credit Card"", ""order_status"": ""Completed""}"
orders,ORD_0048460,ORPHAN_PRODUCT_FOREIGN_KEY,2026-09-08T16:00:15.302519+00:00,"{""order_id"": ""ORD_0048460"", ""customer_id"": ""CUST_007209"", ""product_id"": ""PROD_0009"", ""order_date"": ""2023-10-15"", ""quantity"": 1, ""payment_method"": ""Credit Card"", ""order_status"": ""Completed""}"
orders,ORD_0048479,ORPHAN_PRODUCT_FOREIGN_KEY,2026-09-08T16:00:15.302519+00:00,"{""order_id"": ""ORD_0048479"", ""customer_id"": ""CUST_008762"", ""product_id"": ""PROD_0009"", ""order_date"": ""2023-10-15"", ""quantity"": 1, ""payment_method"": ""Credit Card"", ""order_status"": ""Completed""}"
orders,ORD_0048524,ORPHAN_PRODUCT_FOREIGN_KEY,2026-09-08T16:00:15.302519+00:00,"{""order_id"": ""ORD_0048524"", ""customer_id"": ""CUST_001743"", ""product_id"": ""PROD_0031"", ""order_date"": ""2023-10-16"", ""quantity"": 1, ""payment_method"": ""Apple Pay"", ""order_status"": ""Completed""}"
orders,ORD_0048599,ORPHAN_PRODUCT_FOREIGN_KEY,2026-09-08T16:00:15.302519+00:00,"{""order_id"": ""ORD_0048599"", ""customer_id"": ""CUST_008250"", ""product_id"": ""PROD_0177"", ""order_date"": ""2023-10-16"", ""quantity"": 1, ""payment_method"": ""Credit Card"", ""order_status"": ""Completed""}"
orders,ORD_0048604,ORPHAN_PRODUCT_FOREIGN_KEY,2026-09-08T16:00:15.302519+00:00,"{""order_id"": ""ORD_0048604"", ""customer_id"": ""CUST_008453"", ""product_id"": ""PROD_0009"", ""order_date"": ""2023-10-16"", ""quantity"": 1, ""payment_method"": ""Credit Card"", ""order_status"": ""Completed""}"
orders,ORD_0048616,ORPHAN_PRODUCT_FOREIGN_KEY,2026-09-08T16:00:15.302519+00:00,"{""order_id"": ""ORD_0048616"", ""customer_id"": ""CUST_009372"", ""product_id"": ""PROD_0009"", ""order_date"": ""2023-10-16"", ""quantity"": 1, ""payment_method"": ""Credit Card"", ""order_status"": ""Completed""}"
orders,ORD_0048690,ORPHAN_PRODUCT_FOREIGN_KEY,2026-09-08T16:00:15.302519+00:00,"{""order_id"": ""ORD_0048690"", ""customer_id"": ""CUST_006587"", ""product_id"": ""PROD_0177"", ""order_date"": ""2023-10-17"", ""quantity"": 5, ""payment_method"": ""PayPal"", ""order_status"": ""Completed""}"
orders,ORD_0048746,ORPHAN_PRODUCT_FOREIGN_KEY,2026-09-08T16:00:15.302519+00:00,"{""order_id"": ""ORD_0048746"", ""customer_id"": ""CUST_001442"", ""product_id"": ""PROD_0009"", ""order_date"": ""2023-10-18"", ""quantity"": 1, ""payment_method"": ""Cash on Delivery"", ""order_status"": ""Completed""}"
orders,ORD_0048772,ORPHAN_PRODUCT_FOREIGN_KEY,2026-09-08T16:00:15.302519+00:00,"{""order_id"": ""ORD_0048772"", ""customer_id"": ""CUST_003760"", ""product_id"": ""PROD_0177"", ""order_date"": ""2023-10-18"", ""quantity"": 1, ""payment_method"": ""Credit Card"", ""order_status"": ""Completed""}"
orders,ORD_0048788,ORPHAN_PRODUCT_FOREIGN_KEY,2026-09-08T16:00:15.302519+00:00,"{""order_id"": ""ORD_0048788"", ""customer_id"": ""CUST_005139"", ""product_id"": ""PROD_0031"", ""order_date"": ""2023-10-18"", ""quantity"": 1, ""payment_method"": ""Credit Card"", ""order_status"": ""Completed""}"
orders,ORD_0048804,ORPHAN_PRODUCT_FOREIGN_KEY,2026-09-08T16:00:15.302519+00:00,"{""order_id"": ""ORD_0048804"", ""customer_id"": ""CUST_005927"", ""product_id"": ""PROD_0009"", ""order_date"": ""2023-10-18"", ""quantity"": 1, ""payment_method"": ""Credit Card"", ""order_status"": ""Completed""}"
orders,ORD_0048864,ORPHAN_PRODUCT_FOREIGN_KEY,2026-09-08T16:00:15.302519+00:00,"{""order_id"": ""ORD_0048864"", ""customer_id"": ""CUST_000294"", ""product_id"": ""PROD_0009"", ""order_date"": ""2023-10-19"", ""quantity"": 1, ""payment_method"": ""Credit Card"", ""order_status"": ""Completed""}"
orders,ORD_0048866,ORPHAN_PRODUCT_FOREIGN_KEY,2026-09-08T16:00:15.302519+00:00,"{""order_id"": ""ORD_0048866"", ""customer_id"": ""CUST_000364"", ""product_id"": ""PROD_0101"", ""order_date"": ""2023-10-19"", ""quantity"": 2, ""payment_method"": ""PayPal"", ""order_status"": ""Completed""}"
orders,ORD_0048883,ORPHAN_PRODUCT_FOREIGN_KEY,2026-09-08T16:00:15.302519+00:00,"{""order_id"": ""ORD_0048883"", ""customer_id"": ""CUST_001568"", ""product_id"": ""PROD_0031"", ""order_date"": ""2023-10-19"", ""quantity"": 1, ""payment_method"": ""Credit Card"", ""order_status"": ""Completed""}"
orders,ORD_0048961,ORPHAN_PRODUCT_FOREIGN_KEY,2026-09-08T16:00:15.302519+00:00,"{""order_id"": ""ORD_0048961"", ""customer_id"": ""CUST_008022"", ""product_id"": ""PROD_0009"", ""order_date"": ""2023-10-19"", ""quantity"": 3, ""payment_method"": ""Credit Card"", ""order_status"": ""Completed""}"
orders,ORD_0048983,ORPHAN_PRODUCT_FOREIGN_KEY,2026-09-08T16:00:15.302519+00:00,"{""order_id"": ""ORD_0048983"", ""customer_id"": ""CUST_000783"", ""product_id"": ""PROD_0009"", ""order_date"": ""2023-10-20"", ""quantity"": 2, ""payment_method"": ""Credit Card"", ""order_status"": ""Completed""}"
orders,ORD_0049058,ORPHAN_PRODUCT_FOREIGN_KEY,2026-09-08T16:00:15.302519+00:00,"{""order_id"": ""ORD_0049058"", ""customer_id"": ""CUST_006223"", ""product_id"": ""PROD_0009"", ""order_date"": ""2023-10-20"", ""quantity"": 2, ""payment_method"": ""PayPal"", ""order_status"": ""Completed""}"
orders,ORD_0049059,ORPHAN_PRODUCT_FOREIGN_KEY,2026-09-08T16:00:15.302519+00:00,"{""order_id"": ""ORD_0049059"", ""customer_id"": ""CUST_006456"", ""product_id"": ""PROD_0319"", ""order_date"": ""2023-10-20"", ""quantity"": 2, ""payment_method"": ""Debit Card"", ""order_status"": ""Completed""}"
orders,ORD_0049129,ORPHAN_PRODUCT_FOREIGN_KEY,2026-09-08T16:00:15.302519+00:00,"{""order_id"": ""ORD_0049129"", ""customer_id"": ""CUST_001929"", ""product_id"": ""PROD_0319"", ""order_date"": ""2023-10-21"", ""quantity"": 1, ""payment_method"": ""Credit Card"", ""order_status"": ""Completed""}"
orders,ORD_0049148,ORPHAN_PRODUCT_FOREIGN_KEY,2026-09-08T16:00:15.302519+00:00,"{""order_id"": ""ORD_0049148"", ""customer_id"": ""CUST_003306"", ""product_id"": ""PROD_0101"", ""order_date"": ""2023-10-21"", ""quantity"": 1, ""payment_method"": ""Apple Pay"", ""order_status"": ""Completed""}"
orders,ORD_0049173,ORPHAN_PRODUCT_FOREIGN_KEY,2026-09-08T16:00:15.302519+00:00,"{""order_id"": ""ORD_0049173"", ""customer_id"": ""CUST_005010"", ""product_id"": ""PROD_0101"", ""order_date"": ""2023-10-21"", ""quantity"": 1, ""payment_method"": ""Credit Card"", ""order_status"": ""Completed""}"
orders,ORD_0049240,ORPHAN_PRODUCT_FOREIGN_KEY,2026-09-08T16:00:15.302519+00:00,"{""order_id"": ""ORD_0049240"", ""customer_id"": ""CUST_009214"", ""product_id"": ""PROD_0031"", ""order_date"": ""2023-10-21"", ""quantity"": 1, ""payment_method"": ""PayPal"", ""order_status"": ""Completed""}"
orders,ORD_0049248,ORPHAN_PRODUCT_FOREIGN_KEY,2026-09-08T16:00:15.302519+00:00,"{""order_id"": ""ORD_0049248"", ""customer_id"": ""CUST_009893"", ""product_id"": ""PROD_0009"", ""order_date"": ""2023-10-21"", ""quantity"": 1, ""payment_method"": ""Credit Card"", ""order_status"": ""Completed""}"
orders,ORD_0049319,ORPHAN_PRODUCT_FOREIGN_KEY,2026-09-08T16:00:15.302519+00:00,"{""order_id"": ""ORD_0049319"", ""customer_id"": ""CUST_005252"", ""product_id"": ""PROD_0009"", ""order_date"": ""2023-10-22"", ""quantity"": 1, ""payment_method"": ""Debit Card"", ""order_status"": ""Refunded""}"
orders,ORD_0049330,ORPHAN_PRODUCT_FOREIGN_KEY,2026-09-08T16:00:15.302519+00:00,"{""order_id"": ""ORD_0049330"", ""customer_id"": ""CUST_006054"", ""product_id"": ""PROD_0009"", ""order_date"": ""2023-10-22"", ""quantity"": 1, ""payment_method"": ""Credit Card"", ""order_status"": ""Shipped""}"
orders,ORD_0049348,ORPHAN_PRODUCT_FOREIGN_KEY,2026-09-08T16:00:15.302519+00:00,"{""order_id"": ""ORD_0049348"", ""customer_id"": ""CUST_006973"", ""product_id"": ""PROD_0009"", ""order_date"": ""2023-10-22"", ""quantity"": 2, ""payment_method"": ""PayPal"", ""order_status"": ""Completed""}"
orders,ORD_0049408,ORPHAN_PRODUCT_FOREIGN_KEY,2026-09-08T16:00:15.302519+00:00,"{""order_id"": ""ORD_0049408"", ""customer_id"": ""CUST_001798"", ""product_id"": ""PROD_0009"", ""order_date"": ""2023-10-23"", ""quantity"": 1, ""payment_method"": ""Apple Pay"", ""order_status"": ""Completed""}"
orders,ORD_0049415,ORPHAN_PRODUCT_FOREIGN_KEY,2026-09-08T16:00:15.302519+00:00,"{""order_id"": ""ORD_0049415"", ""customer_id"": ""CUST_002246"", ""product_id"": ""PROD_0009"", ""order_date"": ""2023-10-23"", ""quantity"": 2, ""payment_method"": ""Debit Card"", ""order_status"": ""Completed""}"
orders,ORD_0049438,ORPHAN_PRODUCT_FOREIGN_KEY,2026-09-08T16:00:15.302519+00:00,"{""order_id"": ""ORD_0049438"", ""customer_id"": ""CUST_004263"", ""product_id"": ""PROD_0031"", ""order_date"": ""2023-10-23"", ""quantity"": 1, ""payment_method"": ""Credit Card"", ""order_status"": ""Completed""}"
orders,ORD_0049441,ORPHAN_PRODUCT_FOREIGN_KEY,2026-09-08T16:00:15.302519+00:00,"{""order_id"": ""ORD_0049441"", ""customer_id"": ""CUST_004606"", ""product_id"": ""PROD_0155"", ""order_date"": ""2023-10-23"", ""quantity"": 1, ""payment_method"": ""Credit Card"", ""order_status"": ""Completed""}"
orders,ORD_0049467,ORPHAN_PRODUCT_FOREIGN_KEY,2026-09-08T16:00:15.302519+00:00,"{""order_id"": ""ORD_0049467"", ""customer_id"": ""CUST_006744"", ""product_id"": ""PROD_0009"", ""order_date"": ""2023-10-23"", ""quantity"": 1, ""payment_method"": ""Credit Card"", ""order_status"": ""Completed""}"
orders,ORD_0049545,ORPHAN_PRODUCT_FOREIGN_KEY,2026-09-08T16:00:15.302519+00:00,"{""order_id"": ""ORD_0049545"", ""customer_id"": ""CUST_002385"", ""product_id"": ""PROD_0101"", ""order_date"": ""2023-10-24"", ""quantity"": 2, ""payment_method"": ""PayPal"", ""order_status"": ""Completed""}"
orders,ORD_0049570,ORPHAN_PRODUCT_FOREIGN_KEY,2026-09-08T16:00:15.302519+00:00,"{""order_id"": ""ORD_0049570"", ""customer_id"": ""CUST_004256"", ""product_id"": ""PROD_0155"", ""order_date"": ""2023-10-24"", ""quantity"": 1, ""payment_method"": ""Credit Card"", ""order_status"": ""Completed""}"
orders,ORD_0049604,ORPHAN_PRODUCT_FOREIGN_KEY,2026-09-08T16:00:15.302519+00:00,"{""order_id"": ""ORD_0049604"", ""customer_id"": ""CUST_006990"", ""product_id"": ""PROD_0155"", ""order_date"": ""2023-10-24"", ""quantity"": 4, ""payment_method"": ""Credit Card"", ""order_status"": ""Completed""}"
orders,ORD_0049677,ORPHAN_PRODUCT_FOREIGN_KEY,2026-09-08T16:00:15.302519+00:00,"{""order_id"": ""ORD_0049677"", ""customer_id"": ""CUST_002891"", ""product_id"": ""PROD_0031"", ""order_date"": ""2023-10-25"", ""quantity"": 1, ""payment_method"": ""Apple Pay"", ""order_status"": ""Completed""}"
orders,ORD_0049722,ORPHAN_PRODUCT_FOREIGN_KEY,2026-09-08T16:00:15.302519+00:00,"{""order_id"": ""ORD_0049722"", ""customer_id"": ""CUST_005463"", ""product_id"": ""PROD_0155"", ""order_date"": ""2023-10-25"", ""quantity"": 1, ""payment_method"": ""Credit Card"", ""order_status"": ""Completed""}"
orders,ORD_0049884,ORPHAN_PRODUCT_FOREIGN_KEY,2026-09-08T16:00:15.302519+00:00,"{""order_id"": ""ORD_0049884"", ""customer_id"": ""CUST_007300"", ""product_id"": ""PROD_0177"", ""order_date"": ""2023-10-26"", ""quantity"": 1, ""payment_method"": ""Debit Card"", ""order_status"": ""Completed""}"
orders,ORD_0049962,ORPHAN_PRODUCT_FOREIGN_KEY,2026-09-08T16:00:15.302519+00:00,"{""order_id"": ""ORD_0049962"", ""customer_id"": ""CUST_003675"", ""product_id"": ""PROD_0009"", ""order_date"": ""2023-10-27"", ""quantity"": 1, ""payment_method"": ""PayPal"", ""order_status"": ""Cancelled""}"
orders,ORD_0050042,ORPHAN_PRODUCT_FOREIGN_KEY,2026-09-08T16:00:15.302519+00:00,"{""order_id"": ""ORD_0050042"", ""customer_id"": ""CUST_009689"", ""product_id"": ""PROD_0009"", ""order_date"": ""2023-10-27"", ""quantity"": 1, ""payment_method"": ""Cash on Delivery"", ""order_status"": ""Completed""}"
orders,ORD_0050144,ORPHAN_PRODUCT_FOREIGN_KEY,2026-09-08T16:00:15.302519+00:00,"{""order_id"": ""ORD_0050144"", ""customer_id"": ""CUST_008336"", ""product_id"": ""PROD_0009"", ""order_date"": ""2023-10-28"", ""quantity"": 2, ""payment_method"": ""Debit Card"", ""order_status"": ""Completed""}"
orders,ORD_0050192,ORPHAN_PRODUCT_FOREIGN_KEY,2026-09-08T16:00:15.302519+00:00,"{""order_id"": ""ORD_0050192"", ""customer_id"": ""CUST_002557"", ""product_id"": ""PROD_0031"", ""order_date"": ""2023-10-29"", ""quantity"": 1, ""payment_method"": ""Credit Card"", ""order_status"": ""Completed""}"
orders,ORD_0050203,ORPHAN_PRODUCT_FOREIGN_KEY,2026-09-08T16:00:15.302519+00:00,"{""order_id"": ""ORD_0050203"", ""customer_id"": ""CUST_003257"", ""product_id"": ""PROD_0101"", ""order_date"": ""2023-10-29"", ""quantity"": 1, ""payment_method"": ""Credit Card"", ""order_status"": ""Refunded""}"
orders,ORD_0050301,ORPHAN_PRODUCT_FOREIGN_KEY,2026-09-08T16:00:15.302519+00:00,"{""order_id"": ""ORD_0050301"", ""customer_id"": ""CUST_000043"", ""product_id"": ""PROD_0009"", ""order_date"": ""2023-10-30"", ""quantity"": 1, ""payment_method"": ""PayPal"", ""order_status"": ""Completed""}"
orders,ORD_0050307,ORPHAN_PRODUCT_FOREIGN_KEY,2026-09-08T16:00:15.302519+00:00,"{""order_id"": ""ORD_0050307"", ""customer_id"": ""CUST_000732"", ""product_id"": ""PROD_0009"", ""order_date"": ""2023-10-30"", ""quantity"": 5, ""payment_method"": ""Credit Card"", ""order_status"": ""Cancelled""}"
orders,ORD_0050336,ORPHAN_PRODUCT_FOREIGN_KEY,2026-09-08T16:00:15.302519+00:00,"{""order_id"": ""ORD_0050336"", ""customer_id"": ""CUST_003070"", ""product_id"": ""PROD_0031"", ""order_date"": ""2023-10-30"", ""quantity"": 5, ""payment_method"": ""Credit Card"", ""order_status"": ""Completed""}"
orders,ORD_0050375,ORPHAN_PRODUCT_FOREIGN_KEY,2026-09-08T16:00:15.302519+00:00,"{""order_id"": ""ORD_0050375"", ""customer_id"": ""CUST_005952"", ""product_id"": ""PROD_0009"", ""order_date"": ""2023-10-30"", ""quantity"": 2, ""payment_method"": ""Credit Card"", ""order_status"": ""Completed""}"
orders,ORD_0050382,ORPHAN_PRODUCT_FOREIGN_KEY,2026-09-08T16:00:15.302519+00:00,"{""order_id"": ""ORD_0050382"", ""customer_id"": ""CUST_006524"", ""product_id"": ""PROD_0009"", ""order_date"": ""2023-10-30"", ""quantity"": 1, ""payment_method"": ""Credit Card"", ""order_status"": ""Completed""}"
orders,ORD_0050395,ORPHAN_PRODUCT_FOREIGN_KEY,2026-09-08T16:00:15.302519+00:00,"{""order_id"": ""ORD_0050395"", ""customer_id"": ""CUST_007055"", ""product_id"": ""PROD_0031"", ""order_date"": ""2023-10-30"", ""quantity"": 1, ""payment_method"": ""Debit Card"", ""order_status"": ""Completed""}"
orders,ORD_0050424,ORPHAN_PRODUCT_FOREIGN_KEY,2026-09-08T16:00:15.302519+00:00,"{""order_id"": ""ORD_0050424"", ""customer_id"": ""CUST_009184"", ""product_id"": ""PROD_0009"", ""order_date"": ""2023-10-30"", ""quantity"": 1, ""payment_method"": ""PayPal"", ""order_status"": ""Completed""}"
orders,ORD_0050426,ORPHAN_PRODUCT_FOREIGN_KEY,2026-09-08T16:00:15.302519+00:00,"{""order_id"": ""ORD_0050426"", ""customer_id"": ""CUST_009486"", ""product_id"": ""PROD_0031"", ""order_date"": ""2023-10-30"", ""quantity"": 1, ""payment_method"": ""PayPal"", ""order_status"": ""Completed""}"
orders,ORD_0050513,ORPHAN_PRODUCT_FOREIGN_KEY,2026-09-08T16:00:15.302519+00:00,"{""order_id"": ""ORD_0050513"", ""customer_id"": ""CUST_006743"", ""product_id"": ""PROD_0031"", ""order_date"": ""2023-10-31"", ""quantity"": 1, ""payment_method"": ""PayPal"", ""order_status"": ""Completed""}"
orders,ORD_0050601,ORPHAN_PRODUCT_FOREIGN_KEY,2026-09-08T16:00:15.302519+00:00,"{""order_id"": ""ORD_0050601"", ""customer_id"": ""CUST_003228"", ""product_id"": ""PROD_0101"", ""order_date"": ""2023-11-01"", ""quantity"": 1, ""payment_method"": ""PayPal"", ""order_status"": ""Completed""}"
orders,ORD_0050617,ORPHAN_PRODUCT_FOREIGN_KEY,2026-09-08T16:00:15.302519+00:00,"{""order_id"": ""ORD_0050617"", ""customer_id"": ""CUST_004200"", ""product_id"": ""PROD_0009"", ""order_date"": ""2023-11-01"", ""quantity"": 2, ""payment_method"": ""Credit Card"", ""order_status"": ""Completed""}"
orders,ORD_0050624,ORPHAN_PRODUCT_FOREIGN_KEY,2026-09-08T16:00:15.302519+00:00,"{""order_id"": ""ORD_0050624"", ""customer_id"": ""CUST_005053"", ""product_id"": ""PROD_0009"", ""order_date"": ""2023-11-01"", ""quantity"": 1, ""payment_method"": ""PayPal"", ""order_status"": ""Completed""}"
orders,ORD_0050674,ORPHAN_PRODUCT_FOREIGN_KEY,2026-09-08T16:00:15.302519+00:00,"{""order_id"": ""ORD_0050674"", ""customer_id"": ""CUST_009450"", ""product_id"": ""PROD_0031"", ""order_date"": ""2023-11-01"", ""quantity"": 1, ""payment_method"": ""PayPal"", ""order_status"": ""Completed""}"
orders,ORD_0050836,ORPHAN_PRODUCT_FOREIGN_KEY,2026-09-08T16:00:15.302519+00:00,"{""order_id"": ""ORD_0050836"", ""customer_id"": ""CUST_002584"", ""product_id"": ""PROD_0031"", ""order_date"": ""2023-11-03"", ""quantity"": 1, ""payment_method"": ""Credit Card"", ""order_status"": ""Cancelled""}"
orders,ORD_0050837,ORPHAN_PRODUCT_FOREIGN_KEY,2026-09-08T16:00:15.302519+00:00,"{""order_id"": ""ORD_0050837"", ""customer_id"": ""CUST_002603"", ""product_id"": ""PROD_0485"", ""order_date"": ""2023-11-03"", ""quantity"": 1, ""payment_method"": ""Apple Pay"", ""order_status"": ""Completed""}"
orders,ORD_0050876,ORPHAN_PRODUCT_FOREIGN_KEY,2026-09-08T16:00:15.302519+00:00,"{""order_id"": ""ORD_0050876"", ""customer_id"": ""CUST_005812"", ""product_id"": ""PROD_0101"", ""order_date"": ""2023-11-03"", ""quantity"": 1, ""payment_method"": ""Credit Card"", ""order_status"": ""Completed""}"
orders,ORD_0050921,ORPHAN_PRODUCT_FOREIGN_KEY,2026-09-08T16:00:15.302519+00:00,"{""order_id"": ""ORD_0050921"", ""customer_id"": ""CUST_009243"", ""product_id"": ""PROD_0155"", ""order_date"": ""2023-11-03"", ""quantity"": 1, ""payment_method"": ""Credit Card"", ""order_status"": ""Completed""}"
orders,ORD_0050927,ORPHAN_PRODUCT_FOREIGN_KEY,2026-09-08T16:00:15.302519+00:00,"{""order_id"": ""ORD_0050927"", ""customer_id"": ""CUST_009948"", ""product_id"": ""PROD_0009"", ""order_date"": ""2023-11-03"", ""quantity"": 2, ""payment_method"": ""Credit Card"", ""order_status"": ""Completed""}"
orders,ORD_0050943,ORPHAN_PRODUCT_FOREIGN_KEY,2026-09-08T16:00:15.302519+00:00,"{""order_id"": ""ORD_0050943"", ""customer_id"": ""CUST_001304"", ""product_id"": ""PROD_0101"", ""order_date"": ""2023-11-04"", ""quantity"": 1, ""payment_method"": ""PayPal"", ""order_status"": ""Completed""}"
orders,ORD_0050944,ORPHAN_PRODUCT_FOREIGN_KEY,2026-09-08T16:00:15.302519+00:00,"{""order_id"": ""ORD_0050944"", ""customer_id"": ""CUST_001340"", ""product_id"": ""PROD_0031"", ""order_date"": ""2023-11-04"", ""quantity"": 1, ""payment_method"": ""Credit Card"", ""order_status"": ""Completed""}"
orders,ORD_0051011,ORPHAN_PRODUCT_FOREIGN_KEY,2026-09-08T16:00:15.302519+00:00,"{""order_id"": ""ORD_0051011"", ""customer_id"": ""CUST_006357"", ""product_id"": ""PROD_0009"", ""order_date"": ""2023-11-04"", ""quantity"": 6, ""payment_method"": ""PayPal"", ""order_status"": ""Completed""}"
orders,ORD_0051051,ORPHAN_PRODUCT_FOREIGN_KEY,2026-09-08T16:00:15.302519+00:00,"{""order_id"": ""ORD_0051051"", ""customer_id"": ""CUST_008887"", ""product_id"": ""PROD_0031"", ""order_date"": ""2023-11-04"", ""quantity"": 2, ""payment_method"": ""PayPal"", ""order_status"": ""Cancelled""}"
orders,ORD_0051118,ORPHAN_PRODUCT_FOREIGN_KEY,2026-09-08T16:00:15.302519+00:00,"{""order_id"": ""ORD_0051118"", ""customer_id"": ""CUST_004009"", ""product_id"": ""PROD_0155"", ""order_date"": ""2023-11-05"", ""quantity"": 1, ""payment_method"": ""Cash on Delivery"", ""order_status"": ""Completed""}"
orders,ORD_0051213,ORPHAN_PRODUCT_FOREIGN_KEY,2026-09-08T16:00:15.302519+00:00,"{""order_id"": ""ORD_0051213"", ""customer_id"": ""CUST_000161"", ""product_id"": ""PROD_0009"", ""order_date"": ""2023-11-06"", ""quantity"": 1, ""payment_method"": ""Debit Card"", ""order_status"": ""Completed""}"
orders,ORD_0051337,ORPHAN_PRODUCT_FOREIGN_KEY,2026-09-08T16:00:15.302519+00:00,"{""order_id"": ""ORD_0051337"", ""customer_id"": ""CUST_000394"", ""product_id"": ""PROD_0009"", ""order_date"": ""2023-11-07"", ""quantity"": 3, ""payment_method"": ""Credit Card"", ""order_status"": ""Completed""}"
orders,ORD_0051342,ORPHAN_PRODUCT_FOREIGN_KEY,2026-09-08T16:00:15.302519+00:00,"{""order_id"": ""ORD_0051342"", ""customer_id"": ""CUST_000931"", ""product_id"": ""PROD_0009"", ""order_date"": ""2023-11-07"", ""quantity"": 1, ""payment_method"": ""PayPal"", ""order_status"": ""Completed""}"
orders,ORD_0051481,ORPHAN_PRODUCT_FOREIGN_KEY,2026-09-08T16:00:15.302519+00:00,"{""order_id"": ""ORD_0051481"", ""customer_id"": ""CUST_002427"", ""product_id"": ""PROD_0177"", ""order_date"": ""2023-11-08"", ""quantity"": 2, ""payment_method"": ""Credit Card"", ""order_status"": ""Completed""}"
orders,ORD_0051496,ORPHAN_PRODUCT_FOREIGN_KEY,2026-09-08T16:00:15.302519+00:00,"{""order_id"": ""ORD_0051496"", ""customer_id"": ""CUST_003158"", ""product_id"": ""PROD_0101"", ""order_date"": ""2023-11-08"", ""quantity"": 3, ""payment_method"": ""Credit Card"", ""order_status"": ""Completed""}"
orders,ORD_0051540,ORPHAN_PRODUCT_FOREIGN_KEY,2026-09-08T16:00:15.302519+00:00,"{""order_id"": ""ORD_0051540"", ""customer_id"": ""CUST_007091"", ""product_id"": ""PROD_0319"", ""order_date"": ""2023-11-08"", ""quantity"": 1, ""payment_method"": ""PayPal"", ""order_status"": ""Completed""}"
orders,ORD_0051574,ORPHAN_PRODUCT_FOREIGN_KEY,2026-09-08T16:00:15.302519+00:00,"{""order_id"": ""ORD_0051574"", ""customer_id"": ""CUST_008972"", ""product_id"": ""PROD_0009"", ""order_date"": ""2023-11-08"", ""quantity"": 1, ""payment_method"": ""Credit Card"", ""order_status"": ""Cancelled""}"
orders,ORD_0051577,ORPHAN_PRODUCT_FOREIGN_KEY,2026-09-08T16:00:15.302519+00:00,"{""order_id"": ""ORD_0051577"", ""customer_id"": ""CUST_009359"", ""product_id"": ""PROD_0009"", ""order_date"": ""2023-11-08"", ""quantity"": 2, ""payment_method"": ""PayPal"", ""order_status"": ""Completed""}"
orders,ORD_0051587,ORPHAN_PRODUCT_FOREIGN_KEY,2026-09-08T16:00:15.302519+00:00,"{""order_id"": ""ORD_0051587"", ""customer_id"": ""CUST_000109"", ""product_id"": ""PROD_0009"", ""order_date"": ""2023-11-09"", ""quantity"": 4, ""payment_method"": ""Cash on Delivery"", ""order_status"": ""Completed""}"
orders,ORD_0051627,ORPHAN_PRODUCT_FOREIGN_KEY,2026-09-08T16:00:15.302519+00:00,"{""order_id"": ""ORD_0051627"", ""customer_id"": ""CUST_003547"", ""product_id"": ""PROD_0031"", ""order_date"": ""2023-11-09"", ""quantity"": 1, ""payment_method"": ""PayPal"", ""order_status"": ""Completed""}"
orders,ORD_0051742,ORPHAN_PRODUCT_FOREIGN_KEY,2026-09-08T16:00:15.302519+00:00,"{""order_id"": ""ORD_0051742"", ""customer_id"": ""CUST_001693"", ""product_id"": ""PROD_0319"", ""order_date"": ""2023-11-10"", ""quantity"": 1, ""payment_method"": ""Credit Card"", ""order_status"": ""Completed""}"
orders,ORD_0051758,ORPHAN_PRODUCT_FOREIGN_KEY,2026-09-08T16:00:15.302519+00:00,"{""order_id"": ""ORD_0051758"", ""customer_id"": ""CUST_003089"", ""product_id"": ""PROD_0009"", ""order_date"": ""2023-11-10"", ""quantity"": 1, ""payment_method"": ""Credit Card"", ""order_status"": ""Completed""}"
orders,ORD_0051778,ORPHAN_PRODUCT_FOREIGN_KEY,2026-09-08T16:00:15.302519+00:00,"{""order_id"": ""ORD_0051778"", ""customer_id"": ""CUST_004634"", ""product_id"": ""PROD_0009"", ""order_date"": ""2023-11-10"", ""quantity"": 1, ""payment_method"": ""Debit Card"", ""order_status"": ""Completed""}"
orders,ORD_0051787,ORPHAN_PRODUCT_FOREIGN_KEY,2026-09-08T16:00:15.302519+00:00,"{""order_id"": ""ORD_0051787"", ""customer_id"": ""CUST_005269"", ""product_id"": ""PROD_0031"", ""order_date"": ""2023-11-10"", ""quantity"": 1, ""payment_method"": ""Debit Card"", ""order_status"": ""Completed""}"
orders,ORD_0051788,ORPHAN_PRODUCT_FOREIGN_KEY,2026-09-08T16:00:15.302519+00:00,"{""order_id"": ""ORD_0051788"", ""customer_id"": ""CUST_005305"", ""product_id"": ""PROD_0031"", ""order_date"": ""2023-11-10"", ""quantity"": 1, ""payment_method"": ""PayPal"", ""order_status"": ""Completed""}"
orders,ORD_0051841,ORPHAN_PRODUCT_FOREIGN_KEY,2026-09-08T16:00:15.302519+00:00,"{""order_id"": ""ORD_0051841"", ""customer_id"": ""CUST_009754"", ""product_id"": ""PROD_0009"", ""order_date"": ""2023-11-10"", ""quantity"": 1, ""payment_method"": ""PayPal"", ""order_status"": ""Cancelled""}"
orders,ORD_0051911,ORPHAN_PRODUCT_FOREIGN_KEY,2026-09-08T16:00:15.302519+00:00,"{""order_id"": ""ORD_0051911"", ""customer_id"": ""CUST_004866"", ""product_id"": ""PROD_0009"", ""order_date"": ""2023-11-11"", ""quantity"": 1, ""payment_method"": ""PayPal"", ""order_status"": ""Refunded""}"
orders,ORD_0051918,ORPHAN_PRODUCT_FOREIGN_KEY,2026-09-08T16:00:15.302519+00:00,"{""order_id"": ""ORD_0051918"", ""customer_id"": ""CUST_005303"", ""product_id"": ""PROD_0319"", ""order_date"": ""2023-11-11"", ""quantity"": 1, ""payment_method"": ""Cash on Delivery"", ""order_status"": ""Completed""}"
orders,ORD_0051993,ORPHAN_PRODUCT_FOREIGN_KEY,2026-09-08T16:00:15.302519+00:00,"{""order_id"": ""ORD_0051993"", ""customer_id"": ""CUST_000987"", ""product_id"": ""PROD_0485"", ""order_date"": ""2023-11-12"", ""quantity"": 2, ""payment_method"": ""Credit Card"", ""order_status"": ""Completed""}"
orders,ORD_0052006,ORPHAN_PRODUCT_FOREIGN_KEY,2026-09-08T16:00:15.302519+00:00,"{""order_id"": ""ORD_0052006"", ""customer_id"": ""CUST_002266"", ""product_id"": ""PROD_0031"", ""order_date"": ""2023-11-12"", ""quantity"": 1, ""payment_method"": ""PayPal"", ""order_status"": ""Completed""}"
orders,ORD_0052061,ORPHAN_PRODUCT_FOREIGN_KEY,2026-09-08T16:00:15.302519+00:00,"{""order_id"": ""ORD_0052061"", ""customer_id"": ""CUST_007222"", ""product_id"": ""PROD_0485"", ""order_date"": ""2023-11-12"", ""quantity"": 1, ""payment_method"": ""PayPal"", ""order_status"": ""Completed""}"
orders,ORD_0052100,ORPHAN_PRODUCT_FOREIGN_KEY,2026-09-08T16:00:15.302519+00:00,"{""order_id"": ""ORD_0052100"", ""customer_id"": ""CUST_009470"", ""product_id"": ""PROD_0291"", ""order_date"": ""2023-11-12"", ""quantity"": 2, ""payment_method"": ""Credit Card"", ""order_status"": ""Completed""}"
orders,ORD_0052177,ORPHAN_PRODUCT_FOREIGN_KEY,2026-09-08T16:00:15.302519+00:00,"{""order_id"": ""ORD_0052177"", ""customer_id"": ""CUST_007058"", ""product_id"": ""PROD_0009"", ""order_date"": ""2023-11-13"", ""quantity"": 1, ""payment_method"": ""Cash on Delivery"", ""order_status"": ""Completed""}"
orders,ORD_0052264,ORPHAN_PRODUCT_FOREIGN_KEY,2026-09-08T16:00:15.302519+00:00,"{""order_id"": ""ORD_0052264"", ""customer_id"": ""CUST_003900"", ""product_id"": ""PROD_0009"", ""order_date"": ""2023-11-14"", ""quantity"": 1, ""payment_method"": ""Credit Card"", ""order_status"": ""Completed""}"
orders,ORD_0052282,ORPHAN_PRODUCT_FOREIGN_KEY,2026-09-08T16:00:15.302519+00:00,"{""order_id"": ""ORD_0052282"", ""customer_id"": ""CUST_005178"", ""product_id"": ""PROD_0031"", ""order_date"": ""2023-11-14"", ""quantity"": 1, ""payment_method"": ""Credit Card"", ""order_status"": ""Completed""}"
orders,ORD_0052344,ORPHAN_PRODUCT_FOREIGN_KEY,2026-09-08T16:00:15.302519+00:00,"{""order_id"": ""ORD_0052344"", ""customer_id"": ""CUST_000731"", ""product_id"": ""PROD_0031"", ""order_date"": ""2023-11-15"", ""quantity"": 1, ""payment_method"": ""Credit Card"", ""order_status"": ""Completed""}"
orders,ORD_0052351,ORPHAN_PRODUCT_FOREIGN_KEY,2026-09-08T16:00:15.302519+00:00,"{""order_id"": ""ORD_0052351"", ""customer_id"": ""CUST_001065"", ""product_id"": ""PROD_0009"", ""order_date"": ""2023-11-15"", ""quantity"": 1, ""payment_method"": ""PayPal"", ""order_status"": ""Completed""}"
orders,ORD_0052370,ORPHAN_PRODUCT_FOREIGN_KEY,2026-09-08T16:00:15.302519+00:00,"{""order_id"": ""ORD_0052370"", ""customer_id"": ""CUST_002286"", ""product_id"": ""PROD_0155"", ""order_date"": ""2023-11-15"", ""quantity"": 3, ""payment_method"": ""Credit Card"", ""order_status"": ""Completed""}"
orders,ORD_0052439,ORPHAN_PRODUCT_FOREIGN_KEY,2026-09-08T16:00:15.302519+00:00,"{""order_id"": ""ORD_0052439"", ""customer_id"": ""CUST_007873"", ""product_id"": ""PROD_0177"", ""order_date"": ""2023-11-15"", ""quantity"": 1, ""payment_method"": ""Credit Card"", ""order_status"": ""Completed""}"
orders,ORD_0052515,ORPHAN_PRODUCT_FOREIGN_KEY,2026-09-08T16:00:15.302519+00:00,"{""order_id"": ""ORD_0052515"", ""customer_id"": ""CUST_004210"", ""product_id"": ""PROD_0009"", ""order_date"": ""2023-11-16"", ""quantity"": 1, ""payment_method"": ""Credit Card"", ""order_status"": ""Completed""}"
orders,ORD_0052530,ORPHAN_PRODUCT_FOREIGN_KEY,2026-09-08T16:00:15.302519+00:00,"{""order_id"": ""ORD_0052530"", ""customer_id"": ""CUST_005137"", ""product_id"": ""PROD_0009"", ""order_date"": ""2023-11-16"", ""quantity"": 1, ""payment_method"": ""Credit Card"", ""order_status"": ""Completed""}"
orders,ORD_0052547,ORPHAN_PRODUCT_FOREIGN_KEY,2026-09-08T16:00:15.302519+00:00,"{""order_id"": ""ORD_0052547"", ""customer_id"": ""CUST_006435"", ""product_id"": ""PROD_0009"", ""order_date"": ""2023-11-16"", ""quantity"": 1, ""payment_method"": ""Credit Card"", ""order_status"": ""Completed""}"
orders,ORD_0052576,ORPHAN_PRODUCT_FOREIGN_KEY,2026-09-08T16:00:15.302519+00:00,"{""order_id"": ""ORD_0052576"", ""customer_id"": ""CUST_008708"", ""product_id"": ""PROD_0009"", ""order_date"": ""2023-11-16"", ""quantity"": 1, ""payment_method"": ""PayPal"", ""order_status"": ""Completed""}"
orders,ORD_0052578,ORPHAN_PRODUCT_FOREIGN_KEY,2026-09-08T16:00:15.302519+00:00,"{""order_id"": ""ORD_0052578"", ""customer_id"": ""CUST_008831"", ""product_id"": ""PROD_0155"", ""order_date"": ""2023-11-16"", ""quantity"": 1, ""payment_method"": ""PayPal"", ""order_status"": ""Completed""}"
orders,ORD_0052583,ORPHAN_PRODUCT_FOREIGN_KEY,2026-09-08T16:00:15.302519+00:00,"{""order_id"": ""ORD_0052583"", ""customer_id"": ""CUST_009104"", ""product_id"": ""PROD_0009"", ""order_date"": ""2023-11-16"", ""quantity"": 1, ""payment_method"": ""Credit Card"", ""order_status"": ""Completed""}"
orders,ORD_0052585,ORPHAN_PRODUCT_FOREIGN_KEY,2026-09-08T16:00:15.302519+00:00,"{""order_id"": ""ORD_0052585"", ""customer_id"": ""CUST_009311"", ""product_id"": ""PROD_0155"", ""order_date"": ""2023-11-16"", ""quantity"": 1, ""payment_method"": ""PayPal"", ""order_status"": ""Completed""}"
orders,ORD_0052587,ORPHAN_PRODUCT_FOREIGN_KEY,2026-09-08T16:00:15.302519+00:00,"{""order_id"": ""ORD_0052587"", ""customer_id"": ""CUST_009432"", ""product_id"": ""PROD_0319"", ""order_date"": ""2023-11-16"", ""quantity"": 1, ""payment_method"": ""Credit Card"", ""order_status"": ""Completed""}"
orders,ORD_0052629,ORPHAN_PRODUCT_FOREIGN_KEY,2026-09-08T16:00:15.302519+00:00,"{""order_id"": ""ORD_0052629"", ""customer_id"": ""CUST_002282"", ""product_id"": ""PROD_0009"", ""order_date"": ""2023-11-17"", ""quantity"": 1, ""payment_method"": ""Credit Card"", ""order_status"": ""Completed""}"
orders,ORD_0052656,ORPHAN_PRODUCT_FOREIGN_KEY,2026-09-08T16:00:15.302519+00:00,"{""order_id"": ""ORD_0052656"", ""customer_id"": ""CUST_004035"", ""product_id"": ""PROD_0177"", ""order_date"": ""2023-11-17"", ""quantity"": 1, ""payment_method"": ""PayPal"", ""order_status"": ""Shipped""}"
orders,ORD_0052676,ORPHAN_PRODUCT_FOREIGN_KEY,2026-09-08T16:00:15.302519+00:00,"{""order_id"": ""ORD_0052676"", ""customer_id"": ""CUST_005746"", ""product_id"": ""PROD_0031"", ""order_date"": ""2023-11-17"", ""quantity"": 2, ""payment_method"": ""Credit Card"", ""order_status"": ""Shipped""}"
orders,ORD_0052733,ORPHAN_PRODUCT_FOREIGN_KEY,2026-09-08T16:00:15.302519+00:00,"{""order_id"": ""ORD_0052733"", ""customer_id"": ""CUST_009735"", ""product_id"": ""PROD_0009"", ""order_date"": ""2023-11-17"", ""quantity"": 1, ""payment_method"": ""Credit Card"", ""order_status"": ""Completed""}"
orders,ORD_0052798,ORPHAN_PRODUCT_FOREIGN_KEY,2026-09-08T16:00:15.302519+00:00,"{""order_id"": ""ORD_0052798"", ""customer_id"": ""CUST_005472"", ""product_id"": ""PROD_0009"", ""order_date"": ""2023-11-18"", ""quantity"": 1, ""payment_method"": ""Apple Pay"", ""order_status"": ""Completed""}"
orders,ORD_0052806,ORPHAN_PRODUCT_FOREIGN_KEY,2026-09-08T16:00:15.302519+00:00,"{""order_id"": ""ORD_0052806"", ""customer_id"": ""CUST_005754"", ""product_id"": ""PROD_0009"", ""order_date"": ""2023-11-18"", ""quantity"": 1, ""payment_method"": ""Credit Card"", ""order_status"": ""Shipped""}"
orders,ORD_0052813,ORPHAN_PRODUCT_FOREIGN_KEY,2026-09-08T16:00:15.302519+00:00,"{""order_id"": ""ORD_0052813"", ""customer_id"": ""CUST_006126"", ""product_id"": ""PROD_0009"", ""order_date"": ""2023-11-18"", ""quantity"": 1, ""payment_method"": ""PayPal"", ""order_status"": ""Shipped""}"
orders,ORD_0052887,ORPHAN_PRODUCT_FOREIGN_KEY,2026-09-08T16:00:15.302519+00:00,"{""order_id"": ""ORD_0052887"", ""customer_id"": ""CUST_002147"", ""product_id"": ""PROD_0009"", ""order_date"": ""2023-11-19"", ""quantity"": 1, ""payment_method"": ""Debit Card"", ""order_status"": ""Completed""}"
orders,ORD_0052895,ORPHAN_PRODUCT_FOREIGN_KEY,2026-09-08T16:00:15.302519+00:00,"{""order_id"": ""ORD_0052895"", ""customer_id"": ""CUST_002642"", ""product_id"": ""PROD_0101"", ""order_date"": ""2023-11-19"", ""quantity"": 2, ""payment_method"": ""Debit Card"", ""order_status"": ""Completed""}"
orders,ORD_0052995,ORPHAN_PRODUCT_FOREIGN_KEY,2026-09-08T16:00:15.302519+00:00,"{""order_id"": ""ORD_0052995"", ""customer_id"": ""CUST_000005"", ""product_id"": ""PROD_0009"", ""order_date"": ""2023-11-20"", ""quantity"": 2, ""payment_method"": ""Credit Card"", ""order_status"": ""Shipped""}"
orders,ORD_0053002,ORPHAN_PRODUCT_FOREIGN_KEY,2026-09-08T16:00:15.302519+00:00,"{""order_id"": ""ORD_0053002"", ""customer_id"": ""CUST_000429"", ""product_id"": ""PROD_0009"", ""order_date"": ""2023-11-20"", ""quantity"": 1, ""payment_method"": ""Credit Card"", ""order_status"": ""Completed""}"
orders,ORD_0053087,ORPHAN_PRODUCT_FOREIGN_KEY,2026-09-08T16:00:15.302519+00:00,"{""order_id"": ""ORD_0053087"", ""customer_id"": ""CUST_006846"", ""product_id"": ""PROD_0009"", ""order_date"": ""2023-11-20"", ""quantity"": 1, ""payment_method"": ""PayPal"", ""order_status"": ""Completed""}"
orders,ORD_0053138,ORPHAN_PRODUCT_FOREIGN_KEY,2026-09-08T16:00:15.302519+00:00,"{""order_id"": ""ORD_0053138"", ""customer_id"": ""CUST_000931"", ""product_id"": ""PROD_0009"", ""order_date"": ""2023-11-21"", ""quantity"": 1, ""payment_method"": ""Credit Card"", ""order_status"": ""Completed""}"
orders,ORD_0053194,ORPHAN_PRODUCT_FOREIGN_KEY,2026-09-08T16:00:15.302519+00:00,"{""order_id"": ""ORD_0053194"", ""customer_id"": ""CUST_004854"", ""product_id"": ""PROD_0031"", ""order_date"": ""2023-11-21"", ""quantity"": 1, ""payment_method"": ""PayPal"", ""order_status"": ""Completed""}"
orders,ORD_0053196,ORPHAN_PRODUCT_FOREIGN_KEY,2026-09-08T16:00:15.302519+00:00,"{""order_id"": ""ORD_0053196"", ""customer_id"": ""CUST_004988"", ""product_id"": ""PROD_0009"", ""order_date"": ""2023-11-21"", ""quantity"": 2, ""payment_method"": ""Credit Card"", ""order_status"": ""Completed""}"
orders,ORD_0053216,ORPHAN_PRODUCT_FOREIGN_KEY,2026-09-08T16:00:15.302519+00:00,"{""order_id"": ""ORD_0053216"", ""customer_id"": ""CUST_007316"", ""product_id"": ""PROD_0485"", ""order_date"": ""2023-11-21"", ""quantity"": 1, ""payment_method"": ""Credit Card"", ""order_status"": ""Completed""}"
orders,ORD_0053281,ORPHAN_PRODUCT_FOREIGN_KEY,2026-09-08T16:00:15.302519+00:00,"{""order_id"": ""ORD_0053281"", ""customer_id"": ""CUST_002784"", ""product_id"": ""PROD_0031"", ""order_date"": ""2023-11-22"", ""quantity"": 1, ""payment_method"": ""PayPal"", ""order_status"": ""Completed""}"
orders,ORD_0053368,ORPHAN_PRODUCT_FOREIGN_KEY,2026-09-08T16:00:15.302519+00:00,"{""order_id"": ""ORD_0053368"", ""customer_id"": ""CUST_008981"", ""product_id"": ""PROD_0009"", ""order_date"": ""2023-11-22"", ""quantity"": 1, ""payment_method"": ""PayPal"", ""order_status"": ""Completed""}"
orders,ORD_0053374,ORPHAN_PRODUCT_FOREIGN_KEY,2026-09-08T16:00:15.302519+00:00,"{""order_id"": ""ORD_0053374"", ""customer_id"": ""CUST_009508"", ""product_id"": ""PROD_0009"", ""order_date"": ""2023-11-22"", ""quantity"": 3, ""payment_method"": ""PayPal"", ""order_status"": ""Completed""}"
orders,ORD_0053394,ORPHAN_PRODUCT_FOREIGN_KEY,2026-09-08T16:00:15.302519+00:00,"{""order_id"": ""ORD_0053394"", ""customer_id"": ""CUST_000878"", ""product_id"": ""PROD_0101"", ""order_date"": ""2023-11-23"", ""quantity"": 1, ""payment_method"": ""Debit Card"", ""order_status"": ""Completed""}"
orders,ORD_0053401,ORPHAN_PRODUCT_FOREIGN_KEY,2026-09-08T16:00:15.302519+00:00,"{""order_id"": ""ORD_0053401"", ""customer_id"": ""CUST_001427"", ""product_id"": ""PROD_0009"", ""order_date"": ""2023-11-23"", ""quantity"": 1, ""payment_method"": ""PayPal"", ""order_status"": ""Cancelled""}"
orders,ORD_0053404,ORPHAN_PRODUCT_FOREIGN_KEY,2026-09-08T16:00:15.302519+00:00,"{""order_id"": ""ORD_0053404"", ""customer_id"": ""CUST_001530"", ""product_id"": ""PROD_0009"", ""order_date"": ""2023-11-23"", ""quantity"": 1, ""payment_method"": ""Credit Card"", ""order_status"": ""Completed""}"
orders,ORD_0053436,ORPHAN_PRODUCT_FOREIGN_KEY,2026-09-08T16:00:15.302519+00:00,"{""order_id"": ""ORD_0053436"", ""customer_id"": ""CUST_003523"", ""product_id"": ""PROD_0009"", ""order_date"": ""2023-11-23"", ""quantity"": 1, ""payment_method"": ""Credit Card"", ""order_status"": ""Completed""}"
orders,ORD_0053442,ORPHAN_PRODUCT_FOREIGN_KEY,2026-09-08T16:00:15.302519+00:00,"{""order_id"": ""ORD_0053442"", ""customer_id"": ""CUST_004019"", ""product_id"": ""PROD_0009"", ""order_date"": ""2023-11-23"", ""quantity"": 2, ""payment_method"": ""Credit Card"", ""order_status"": ""Completed""}"
orders,ORD_0053592,ORPHAN_PRODUCT_FOREIGN_KEY,2026-09-08T16:00:15.302519+00:00,"{""order_id"": ""ORD_0053592"", ""customer_id"": ""CUST_004034"", ""product_id"": ""PROD_0101"", ""order_date"": ""2023-11-24"", ""quantity"": 1, ""payment_method"": ""Debit Card"", ""order_status"": ""Completed""}"
orders,ORD_0053595,ORPHAN_PRODUCT_FOREIGN_KEY,2026-09-08T16:00:15.302519+00:00,"{""order_id"": ""ORD_0053595"", ""customer_id"": ""CUST_004160"", ""product_id"": ""PROD_0009"", ""order_date"": ""2023-11-24"", ""quantity"": 2, ""payment_method"": ""Credit Card"", ""order_status"": ""Completed""}"
orders,ORD_0053614,ORPHAN_PRODUCT_FOREIGN_KEY,2026-09-08T16:00:15.302519+00:00,"{""order_id"": ""ORD_0053614"", ""customer_id"": ""CUST_005340"", ""product_id"": ""PROD_0009"", ""order_date"": ""2023-11-24"", ""quantity"": 3, ""payment_method"": ""Credit Card"", ""order_status"": ""Completed""}"
orders,ORD_0053618,ORPHAN_PRODUCT_FOREIGN_KEY,2026-09-08T16:00:15.302519+00:00,"{""order_id"": ""ORD_0053618"", ""customer_id"": ""CUST_005629"", ""product_id"": ""PROD_0031"", ""order_date"": ""2023-11-24"", ""quantity"": 1, ""payment_method"": ""Cash on Delivery"", ""order_status"": ""Completed""}"
orders,ORD_0053673,ORPHAN_PRODUCT_FOREIGN_KEY,2026-09-08T16:00:15.302519+00:00,"{""order_id"": ""ORD_0053673"", ""customer_id"": ""CUST_000089"", ""product_id"": ""PROD_0009"", ""order_date"": ""2023-11-25"", ""quantity"": 2, ""payment_method"": ""Credit Card"", ""order_status"": ""Completed""}"
orders,ORD_0053695,ORPHAN_PRODUCT_FOREIGN_KEY,2026-09-08T16:00:15.302519+00:00,"{""order_id"": ""ORD_0053695"", ""customer_id"": ""CUST_001218"", ""product_id"": ""PROD_0155"", ""order_date"": ""2023-11-25"", ""quantity"": 1, ""payment_method"": ""Cash on Delivery"", ""order_status"": ""Completed""}"
orders,ORD_0053763,ORPHAN_PRODUCT_FOREIGN_KEY,2026-09-08T16:00:15.302519+00:00,"{""order_id"": ""ORD_0053763"", ""customer_id"": ""CUST_006286"", ""product_id"": ""PROD_0319"", ""order_date"": ""2023-11-25"", ""quantity"": 1, ""payment_method"": ""Credit Card"", ""order_status"": ""Completed""}"
orders,ORD_0053772,ORPHAN_PRODUCT_FOREIGN_KEY,2026-09-08T16:00:15.302519+00:00,"{""order_id"": ""ORD_0053772"", ""customer_id"": ""CUST_006856"", ""product_id"": ""PROD_0009"", ""order_date"": ""2023-11-25"", ""quantity"": 2, ""payment_method"": ""Credit Card"", ""order_status"": ""Completed""}"
orders,ORD_0053773,ORPHAN_PRODUCT_FOREIGN_KEY,2026-09-08T16:00:15.302519+00:00,"{""order_id"": ""ORD_0053773"", ""customer_id"": ""CUST_006888"", ""product_id"": ""PROD_0177"", ""order_date"": ""2023-11-25"", ""quantity"": 1, ""payment_method"": ""Apple Pay"", ""order_status"": ""Completed""}"
orders,ORD_0053831,ORPHAN_PRODUCT_FOREIGN_KEY,2026-09-08T16:00:15.302519+00:00,"{""order_id"": ""ORD_0053831"", ""customer_id"": ""CUST_001917"", ""product_id"": ""PROD_0031"", ""order_date"": ""2023-11-26"", ""quantity"": 1, ""payment_method"": ""PayPal"", ""order_status"": ""Completed""}"
orders,ORD_0053837,ORPHAN_PRODUCT_FOREIGN_KEY,2026-09-08T16:00:15.302519+00:00,"{""order_id"": ""ORD_0053837"", ""customer_id"": ""CUST_002314"", ""product_id"": ""PROD_0031"", ""order_date"": ""2023-11-26"", ""quantity"": 1, ""payment_method"": ""Credit Card"", ""order_status"": ""Shipped""}"
orders,ORD_0053862,ORPHAN_PRODUCT_FOREIGN_KEY,2026-09-08T16:00:15.302519+00:00,"{""order_id"": ""ORD_0053862"", ""customer_id"": ""CUST_004235"", ""product_id"": ""PROD_0009"", ""order_date"": ""2023-11-26"", ""quantity"": 1, ""payment_method"": ""Credit Card"", ""order_status"": ""Completed""}"
orders,ORD_0053889,ORPHAN_PRODUCT_FOREIGN_KEY,2026-09-08T16:00:15.302519+00:00,"{""order_id"": ""ORD_0053889"", ""customer_id"": ""CUST_005935"", ""product_id"": ""PROD_0009"", ""order_date"": ""2023-11-26"", ""quantity"": 1, ""payment_method"": ""Apple Pay"", ""order_status"": ""Shipped""}"
orders,ORD_0053931,ORPHAN_PRODUCT_FOREIGN_KEY,2026-09-08T16:00:15.302519+00:00,"{""order_id"": ""ORD_0053931"", ""customer_id"": ""CUST_009805"", ""product_id"": ""PROD_0031"", ""order_date"": ""2023-11-26"", ""quantity"": 2, ""payment_method"": ""Credit Card"", ""order_status"": ""Completed""}"
orders,ORD_0053945,ORPHAN_PRODUCT_FOREIGN_KEY,2026-09-08T16:00:15.302519+00:00,"{""order_id"": ""ORD_0053945"", ""customer_id"": ""CUST_000878"", ""product_id"": ""PROD_0031"", ""order_date"": ""2023-11-27"", ""quantity"": 1, ""payment_method"": ""PayPal"", ""order_status"": ""Completed""}"
orders,ORD_0053947,ORPHAN_PRODUCT_FOREIGN_KEY,2026-09-08T16:00:15.302519+00:00,"{""order_id"": ""ORD_0053947"", ""customer_id"": ""CUST_001192"", ""product_id"": ""PROD_0009"", ""order_date"": ""2023-11-27"", ""quantity"": 1, ""payment_method"": ""Credit Card"", ""order_status"": ""Cancelled""}"
orders,ORD_0054018,ORPHAN_PRODUCT_FOREIGN_KEY,2026-09-08T16:00:15.302519+00:00,"{""order_id"": ""ORD_0054018"", ""customer_id"": ""CUST_006211"", ""product_id"": ""PROD_0009"", ""order_date"": ""2023-11-27"", ""quantity"": 1, ""payment_method"": ""Credit Card"", ""order_status"": ""Completed""}"
orders,ORD_0054099,ORPHAN_PRODUCT_FOREIGN_KEY,2026-09-08T16:00:15.302519+00:00,"{""order_id"": ""ORD_0054099"", ""customer_id"": ""CUST_003192"", ""product_id"": ""PROD_0009"", ""order_date"": ""2023-11-28"", ""quantity"": 1, ""payment_method"": ""Debit Card"", ""order_status"": ""Completed""}"
orders,ORD_0054129,ORPHAN_PRODUCT_FOREIGN_KEY,2026-09-08T16:00:15.302519+00:00,"{""order_id"": ""ORD_0054129"", ""customer_id"": ""CUST_005611"", ""product_id"": ""PROD_0031"", ""order_date"": ""2023-11-28"", ""quantity"": 3, ""payment_method"": ""PayPal"", ""order_status"": ""Completed""}"
orders,ORD_0054188,ORPHAN_PRODUCT_FOREIGN_KEY,2026-09-08T16:00:15.302519+00:00,"{""order_id"": ""ORD_0054188"", ""customer_id"": ""CUST_000190"", ""product_id"": ""PROD_0031"", ""order_date"": ""2023-11-29"", ""quantity"": 1, ""payment_method"": ""Credit Card"", ""order_status"": ""Completed""}"
orders,ORD_0054193,ORPHAN_PRODUCT_FOREIGN_KEY,2026-09-08T16:00:15.302519+00:00,"{""order_id"": ""ORD_0054193"", ""customer_id"": ""CUST_000626"", ""product_id"": ""PROD_0009"", ""order_date"": ""2023-11-29"", ""quantity"": 1, ""payment_method"": ""Unknown"", ""order_status"": ""Completed""}"
orders,ORD_0054213,ORPHAN_PRODUCT_FOREIGN_KEY,2026-09-08T16:00:15.302519+00:00,"{""order_id"": ""ORD_0054213"", ""customer_id"": ""CUST_002129"", ""product_id"": ""PROD_0031"", ""order_date"": ""2023-11-29"", ""quantity"": 1, ""payment_method"": ""Apple Pay"", ""order_status"": ""Completed""}"
orders,ORD_0054283,ORPHAN_PRODUCT_FOREIGN_KEY,2026-09-08T16:00:15.302519+00:00,"{""order_id"": ""ORD_0054283"", ""customer_id"": ""CUST_007641"", ""product_id"": ""PROD_0177"", ""order_date"": ""2023-11-29"", ""quantity"": 1, ""payment_method"": ""Credit Card"", ""order_status"": ""Completed""}"
orders,ORD_0054368,ORPHAN_PRODUCT_FOREIGN_KEY,2026-09-08T16:00:15.302519+00:00,"{""order_id"": ""ORD_0054368"", ""customer_id"": ""CUST_003018"", ""product_id"": ""PROD_0009"", ""order_date"": ""2023-11-30"", ""quantity"": 2, ""payment_method"": ""Credit Card"", ""order_status"": ""Completed""}"
orders,ORD_0054378,ORPHAN_PRODUCT_FOREIGN_KEY,2026-09-08T16:00:15.302519+00:00,"{""order_id"": ""ORD_0054378"", ""customer_id"": ""CUST_003901"", ""product_id"": ""PROD_0031"", ""order_date"": ""2023-11-30"", ""quantity"": 1, ""payment_method"": ""Debit Card"", ""order_status"": ""Completed""}"
orders,ORD_0054440,ORPHAN_PRODUCT_FOREIGN_KEY,2026-09-08T16:00:15.302519+00:00,"{""order_id"": ""ORD_0054440"", ""customer_id"": ""CUST_009070"", ""product_id"": ""PROD_0101"", ""order_date"": ""2023-11-30"", ""quantity"": 2, ""payment_method"": ""Credit Card"", ""order_status"": ""Completed""}"
orders,ORD_0054448,ORPHAN_PRODUCT_FOREIGN_KEY,2026-09-08T16:00:15.302519+00:00,"{""order_id"": ""ORD_0054448"", ""customer_id"": ""CUST_009718"", ""product_id"": ""PROD_0009"", ""order_date"": ""2023-11-30"", ""quantity"": 1, ""payment_method"": ""PayPal"", ""order_status"": ""Refunded""}"
orders,ORD_0054504,ORPHAN_PRODUCT_FOREIGN_KEY,2026-09-08T16:00:15.302519+00:00,"{""order_id"": ""ORD_0054504"", ""customer_id"": ""CUST_003763"", ""product_id"": ""PROD_0009"", ""order_date"": ""2023-12-01"", ""quantity"": 1, ""payment_method"": ""Credit Card"", ""order_status"": ""Completed""}"
orders,ORD_0054536,ORPHAN_PRODUCT_FOREIGN_KEY,2026-09-08T16:00:15.302519+00:00,"{""order_id"": ""ORD_0054536"", ""customer_id"": ""CUST_005776"", ""product_id"": ""PROD_0009"", ""order_date"": ""2023-12-01"", ""quantity"": 1, ""payment_method"": ""Debit Card"", ""order_status"": ""Completed""}"
orders,ORD_0054578,ORPHAN_PRODUCT_FOREIGN_KEY,2026-09-08T16:00:15.302519+00:00,"{""order_id"": ""ORD_0054578"", ""customer_id"": ""CUST_008175"", ""product_id"": ""PROD_0009"", ""order_date"": ""2023-12-01"", ""quantity"": 1, ""payment_method"": ""PayPal"", ""order_status"": ""Completed""}"
orders,ORD_0054580,ORPHAN_PRODUCT_FOREIGN_KEY,2026-09-08T16:00:15.302519+00:00,"{""order_id"": ""ORD_0054580"", ""customer_id"": ""CUST_008272"", ""product_id"": ""PROD_0031"", ""order_date"": ""2023-12-01"", ""quantity"": 2, ""payment_method"": ""Credit Card"", ""order_status"": ""Completed""}"
orders,ORD_0054721,ORPHAN_PRODUCT_FOREIGN_KEY,2026-09-08T16:00:15.302519+00:00,"{""order_id"": ""ORD_0054721"", ""customer_id"": ""CUST_008633"", ""product_id"": ""PROD_0009"", ""order_date"": ""2023-12-02"", ""quantity"": 1, ""payment_method"": ""Credit Card"", ""order_status"": ""Completed""}"
orders,ORD_0054807,ORPHAN_PRODUCT_FOREIGN_KEY,2026-09-08T16:00:15.302519+00:00,"{""order_id"": ""ORD_0054807"", ""customer_id"": ""CUST_005987"", ""product_id"": ""PROD_0101"", ""order_date"": ""2023-12-03"", ""quantity"": 1, ""payment_method"": ""Credit Card"", ""order_status"": ""Completed""}"
orders,ORD_0054873,ORPHAN_PRODUCT_FOREIGN_KEY,2026-09-08T16:00:15.302519+00:00,"{""order_id"": ""ORD_0054873"", ""customer_id"": ""CUST_001756"", ""product_id"": ""PROD_0009"", ""order_date"": ""2023-12-04"", ""quantity"": 1, ""payment_method"": ""Credit Card"", ""order_status"": ""Completed""}"
orders,ORD_0054941,ORPHAN_PRODUCT_FOREIGN_KEY,2026-09-08T16:00:15.302519+00:00,"{""order_id"": ""ORD_0054941"", ""customer_id"": ""CUST_007072"", ""product_id"": ""PROD_0155"", ""order_date"": ""2023-12-04"", ""quantity"": 2, ""payment_method"": ""Cash on Delivery"", ""order_status"": ""Completed""}"
orders,ORD_0054991,ORPHAN_PRODUCT_FOREIGN_KEY,2026-09-08T16:00:15.302519+00:00,"{""order_id"": ""ORD_0054991"", ""customer_id"": ""CUST_001156"", ""product_id"": ""PROD_0031"", ""order_date"": ""2023-12-05"", ""quantity"": 1, ""payment_method"": ""Cash on Delivery"", ""order_status"": ""Completed""}"
orders,ORD_0055062,ORPHAN_PRODUCT_FOREIGN_KEY,2026-09-08T16:00:15.302519+00:00,"{""order_id"": ""ORD_0055062"", ""customer_id"": ""CUST_006735"", ""product_id"": ""PROD_0031"", ""order_date"": ""2023-12-05"", ""quantity"": 1, ""payment_method"": ""Credit Card"", ""order_status"": ""Cancelled""}"
orders,ORD_0055083,ORPHAN_PRODUCT_FOREIGN_KEY,2026-09-08T16:00:15.302519+00:00,"{""order_id"": ""ORD_0055083"", ""customer_id"": ""CUST_008092"", ""product_id"": ""PROD_0009"", ""order_date"": ""2023-12-05"", ""quantity"": 2, ""payment_method"": ""PayPal"", ""order_status"": ""Completed""}"
orders,ORD_0055103,ORPHAN_PRODUCT_FOREIGN_KEY,2026-09-08T16:00:15.302519+00:00,"{""order_id"": ""ORD_0055103"", ""customer_id"": ""CUST_009579"", ""product_id"": ""PROD_0031"", ""order_date"": ""2023-12-05"", ""quantity"": 2, ""payment_method"": ""Credit Card"", ""order_status"": ""Completed""}"
orders,ORD_0055128,ORPHAN_PRODUCT_FOREIGN_KEY,2026-09-08T16:00:15.302519+00:00,"{""order_id"": ""ORD_0055128"", ""customer_id"": ""CUST_001507"", ""product_id"": ""PROD_0009"", ""order_date"": ""2023-12-06"", ""quantity"": 3, ""payment_method"": ""Credit Card"", ""order_status"": ""Completed""}"
orders,ORD_0055168,ORPHAN_PRODUCT_FOREIGN_KEY,2026-09-08T16:00:15.302519+00:00,"{""order_id"": ""ORD_0055168"", ""customer_id"": ""CUST_004641"", ""product_id"": ""PROD_0291"", ""order_date"": ""2023-12-06"", ""quantity"": 3, ""payment_method"": ""PayPal"", ""order_status"": ""Completed""}"
orders,ORD_0055169,ORPHAN_PRODUCT_FOREIGN_KEY,2026-09-08T16:00:15.302519+00:00,"{""order_id"": ""ORD_0055169"", ""customer_id"": ""CUST_004664"", ""product_id"": ""PROD_0009"", ""order_date"": ""2023-12-06"", ""quantity"": 1, ""payment_method"": ""PayPal"", ""order_status"": ""Completed""}"
orders,ORD_0055188,ORPHAN_PRODUCT_FOREIGN_KEY,2026-09-08T16:00:15.302519+00:00,"{""order_id"": ""ORD_0055188"", ""customer_id"": ""CUST_005947"", ""product_id"": ""PROD_0031"", ""order_date"": ""2023-12-06"", ""quantity"": 1, ""payment_method"": ""Credit Card"", ""order_status"": ""Completed""}"
orders,ORD_0055288,ORPHAN_PRODUCT_FOREIGN_KEY,2026-09-08T16:00:15.302519+00:00,"{""order_id"": ""ORD_0055288"", ""customer_id"": ""CUST_004218"", ""product_id"": ""PROD_0009"", ""order_date"": ""2023-12-07"", ""quantity"": 1, ""payment_method"": ""Credit Card"", ""order_status"": ""Completed""}"
orders,ORD_0055342,ORPHAN_PRODUCT_FOREIGN_KEY,2026-09-08T16:00:15.302519+00:00,"{""order_id"": ""ORD_0055342"", ""customer_id"": ""CUST_008500"", ""product_id"": ""PROD_0101"", ""order_date"": ""2023-12-07"", ""quantity"": 1, ""payment_method"": ""Cash on Delivery"", ""order_status"": ""Completed""}"
orders,ORD_0055402,ORPHAN_PRODUCT_FOREIGN_KEY,2026-09-08T16:00:15.302519+00:00,"{""order_id"": ""ORD_0055402"", ""customer_id"": ""CUST_004119"", ""product_id"": ""PROD_0009"", ""order_date"": ""2023-12-08"", ""quantity"": 1, ""payment_method"": ""PayPal"", ""order_status"": ""Completed""}"
orders,ORD_0055412,ORPHAN_PRODUCT_FOREIGN_KEY,2026-09-08T16:00:15.302519+00:00,"{""order_id"": ""ORD_0055412"", ""customer_id"": ""CUST_004598"", ""product_id"": ""PROD_0101"", ""order_date"": ""2023-12-08"", ""quantity"": 2, ""payment_method"": ""Credit Card"", ""order_status"": ""Completed""}"
orders,ORD_0055419,ORPHAN_PRODUCT_FOREIGN_KEY,2026-09-08T16:00:15.302519+00:00,"{""order_id"": ""ORD_0055419"", ""customer_id"": ""CUST_004852"", ""product_id"": ""PROD_0031"", ""order_date"": ""2023-12-08"", ""quantity"": 1, ""payment_method"": ""Credit Card"", ""order_status"": ""Completed""}"
orders,ORD_0055520,ORPHAN_PRODUCT_FOREIGN_KEY,2026-09-08T16:00:15.302519+00:00,"{""order_id"": ""ORD_0055520"", ""customer_id"": ""CUST_002350"", ""product_id"": ""PROD_0009"", ""order_date"": ""2023-12-09"", ""quantity"": 1, ""payment_method"": ""Credit Card"", ""order_status"": ""Completed""}"
orders,ORD_0055572,ORPHAN_PRODUCT_FOREIGN_KEY,2026-09-08T16:00:15.302519+00:00,"{""order_id"": ""ORD_0055572"", ""customer_id"": ""CUST_006362"", ""product_id"": ""PROD_0155"", ""order_date"": ""2023-12-09"", ""quantity"": 3, ""payment_method"": ""PayPal"", ""order_status"": ""Completed""}"
orders,ORD_0055588,ORPHAN_PRODUCT_FOREIGN_KEY,2026-09-08T16:00:15.302519+00:00,"{""order_id"": ""ORD_0055588"", ""customer_id"": ""CUST_007294"", ""product_id"": ""PROD_0319"", ""order_date"": ""2023-12-09"", ""quantity"": 1, ""payment_method"": ""PayPal"", ""order_status"": ""Completed""}"
orders,ORD_0055640,ORPHAN_PRODUCT_FOREIGN_KEY,2026-09-08T16:00:15.302519+00:00,"{""order_id"": ""ORD_0055640"", ""customer_id"": ""CUST_001133"", ""product_id"": ""PROD_0009"", ""order_date"": ""2023-12-10"", ""quantity"": 1, ""payment_method"": ""Cash on Delivery"", ""order_status"": ""Completed""}"
orders,ORD_0055750,ORPHAN_PRODUCT_FOREIGN_KEY,2026-09-08T16:00:15.302519+00:00,"{""order_id"": ""ORD_0055750"", ""customer_id"": ""CUST_009846"", ""product_id"": ""PROD_0101"", ""order_date"": ""2023-12-10"", ""quantity"": 1, ""payment_method"": ""Credit Card"", ""order_status"": ""Completed""}"
orders,ORD_0055785,ORPHAN_PRODUCT_FOREIGN_KEY,2026-09-08T16:00:15.302519+00:00,"{""order_id"": ""ORD_0055785"", ""customer_id"": ""CUST_002846"", ""product_id"": ""PROD_0031"", ""order_date"": ""2023-12-11"", ""quantity"": 1, ""payment_method"": ""Debit Card"", ""order_status"": ""Completed""}"
orders,ORD_0055810,ORPHAN_PRODUCT_FOREIGN_KEY,2026-09-08T16:00:15.302519+00:00,"{""order_id"": ""ORD_0055810"", ""customer_id"": ""CUST_004418"", ""product_id"": ""PROD_0031"", ""order_date"": ""2023-12-11"", ""quantity"": 1, ""payment_method"": ""Credit Card"", ""order_status"": ""Completed""}"
orders,ORD_0055818,ORPHAN_PRODUCT_FOREIGN_KEY,2026-09-08T16:00:15.302519+00:00,"{""order_id"": ""ORD_0055818"", ""customer_id"": ""CUST_004674"", ""product_id"": ""PROD_0009"", ""order_date"": ""2023-12-11"", ""quantity"": 1, ""payment_method"": ""Credit Card"", ""order_status"": ""Completed""}"
orders,ORD_0055847,ORPHAN_PRODUCT_FOREIGN_KEY,2026-09-08T16:00:15.302519+00:00,"{""order_id"": ""ORD_0055847"", ""customer_id"": ""CUST_007365"", ""product_id"": ""PROD_0009"", ""order_date"": ""2023-12-11"", ""quantity"": 1, ""payment_method"": ""Credit Card"", ""order_status"": ""Completed""}"
orders,ORD_0055893,ORPHAN_PRODUCT_FOREIGN_KEY,2026-09-08T16:00:15.302519+00:00,"{""order_id"": ""ORD_0055893"", ""customer_id"": ""CUST_000471"", ""product_id"": ""PROD_0009"", ""order_date"": ""2023-12-12"", ""quantity"": 1, ""payment_method"": ""Credit Card"", ""order_status"": ""Completed""}"
orders,ORD_0055917,ORPHAN_PRODUCT_FOREIGN_KEY,2026-09-08T16:00:15.302519+00:00,"{""order_id"": ""ORD_0055917"", ""customer_id"": ""CUST_002571"", ""product_id"": ""PROD_0177"", ""order_date"": ""2023-12-12"", ""quantity"": 1, ""payment_method"": ""Credit Card"", ""order_status"": ""Completed""}"
orders,ORD_0055930,ORPHAN_PRODUCT_FOREIGN_KEY,2026-09-08T16:00:15.302519+00:00,"{""order_id"": ""ORD_0055930"", ""customer_id"": ""CUST_003975"", ""product_id"": ""PROD_0009"", ""order_date"": ""2023-12-12"", ""quantity"": 1, ""payment_method"": ""Credit Card"", ""order_status"": ""Shipped""}"
orders,ORD_0055949,ORPHAN_PRODUCT_FOREIGN_KEY,2026-09-08T16:00:15.302519+00:00,"{""order_id"": ""ORD_0055949"", ""customer_id"": ""CUST_005247"", ""product_id"": ""PROD_0009"", ""order_date"": ""2023-12-12"", ""quantity"": 1, ""payment_method"": ""Debit Card"", ""order_status"": ""Refunded""}"
orders,ORD_0056014,ORPHAN_PRODUCT_FOREIGN_KEY,2026-09-08T16:00:15.302519+00:00,"{""order_id"": ""ORD_0056014"", ""customer_id"": ""CUST_009309"", ""product_id"": ""PROD_0009"", ""order_date"": ""2023-12-12"", ""quantity"": 1, ""payment_method"": ""Apple Pay"", ""order_status"": ""Shipped""}"
orders,ORD_0056033,ORPHAN_PRODUCT_FOREIGN_KEY,2026-09-08T16:00:15.302519+00:00,"{""order_id"": ""ORD_0056033"", ""customer_id"": ""CUST_000718"", ""product_id"": ""PROD_0009"", ""order_date"": ""2023-12-13"", ""quantity"": 1, ""payment_method"": ""PayPal"", ""order_status"": ""Completed""}"
orders,ORD_0056037,ORPHAN_PRODUCT_FOREIGN_KEY,2026-09-08T16:00:15.302519+00:00,"{""order_id"": ""ORD_0056037"", ""customer_id"": ""CUST_000927"", ""product_id"": ""PROD_0031"", ""order_date"": ""2023-12-13"", ""quantity"": 1, ""payment_method"": ""PayPal"", ""order_status"": ""Completed""}"
orders,ORD_0056046,ORPHAN_PRODUCT_FOREIGN_KEY,2026-09-08T16:00:15.302519+00:00,"{""order_id"": ""ORD_0056046"", ""customer_id"": ""CUST_001386"", ""product_id"": ""PROD_0319"", ""order_date"": ""2023-12-13"", ""quantity"": 1, ""payment_method"": ""PayPal"", ""order_status"": ""Completed""}"
orders,ORD_0056076,ORPHAN_PRODUCT_FOREIGN_KEY,2026-09-08T16:00:15.302519+00:00,"{""order_id"": ""ORD_0056076"", ""customer_id"": ""CUST_003365"", ""product_id"": ""PROD_0009"", ""order_date"": ""2023-12-13"", ""quantity"": 1, ""payment_method"": ""Credit Card"", ""order_status"": ""Completed""}"
orders,ORD_0056095,ORPHAN_PRODUCT_FOREIGN_KEY,2026-09-08T16:00:15.302519+00:00,"{""order_id"": ""ORD_0056095"", ""customer_id"": ""CUST_004884"", ""product_id"": ""PROD_0485"", ""order_date"": ""2023-12-13"", ""quantity"": 1, ""payment_method"": ""Credit Card"", ""order_status"": ""Completed""}"
orders,ORD_0056097,ORPHAN_PRODUCT_FOREIGN_KEY,2026-09-08T16:00:15.302519+00:00,"{""order_id"": ""ORD_0056097"", ""customer_id"": ""CUST_005056"", ""product_id"": ""PROD_0009"", ""order_date"": ""2023-12-13"", ""quantity"": 1, ""payment_method"": ""Debit Card"", ""order_status"": ""Completed""}"
orders,ORD_0056104,ORPHAN_PRODUCT_FOREIGN_KEY,2026-09-08T16:00:15.302519+00:00,"{""order_id"": ""ORD_0056104"", ""customer_id"": ""CUST_005795"", ""product_id"": ""PROD_0009"", ""order_date"": ""2023-12-13"", ""quantity"": 3, ""payment_method"": ""Unknown"", ""order_status"": ""Completed""}"
orders,ORD_0056240,ORPHAN_PRODUCT_FOREIGN_KEY,2026-09-08T16:00:15.302519+00:00,"{""order_id"": ""ORD_0056240"", ""customer_id"": ""CUST_006744"", ""product_id"": ""PROD_0009"", ""order_date"": ""2023-12-14"", ""quantity"": 1, ""payment_method"": ""Credit Card"", ""order_status"": ""Completed""}"
orders,ORD_0056355,ORPHAN_PRODUCT_FOREIGN_KEY,2026-09-08T16:00:15.302519+00:00,"{""order_id"": ""ORD_0056355"", ""customer_id"": ""CUST_004947"", ""product_id"": ""PROD_0009"", ""order_date"": ""2023-12-15"", ""quantity"": 1, ""payment_method"": ""PayPal"", ""order_status"": ""Completed""}"
orders,ORD_0056364,ORPHAN_PRODUCT_FOREIGN_KEY,2026-09-08T16:00:15.302519+00:00,"{""order_id"": ""ORD_0056364"", ""customer_id"": ""CUST_005266"", ""product_id"": ""PROD_0009"", ""order_date"": ""2023-12-15"", ""quantity"": 2, ""payment_method"": ""Credit Card"", ""order_status"": ""Completed""}"
orders,ORD_0056393,ORPHAN_PRODUCT_FOREIGN_KEY,2026-09-08T16:00:15.302519+00:00,"{""order_id"": ""ORD_0056393"", ""customer_id"": ""CUST_007565"", ""product_id"": ""PROD_0009"", ""order_date"": ""2023-12-15"", ""quantity"": 1, ""payment_method"": ""Credit Card"", ""order_status"": ""Completed""}"
orders,ORD_0056507,ORPHAN_PRODUCT_FOREIGN_KEY,2026-09-08T16:00:15.302519+00:00,"{""order_id"": ""ORD_0056507"", ""customer_id"": ""CUST_007872"", ""product_id"": ""PROD_0009"", ""order_date"": ""2023-12-16"", ""quantity"": 2, ""payment_method"": ""Credit Card"", ""order_status"": ""Completed""}"
orders,ORD_0056535,ORPHAN_PRODUCT_FOREIGN_KEY,2026-09-08T16:00:15.302519+00:00,"{""order_id"": ""ORD_0056535"", ""customer_id"": ""CUST_009792"", ""product_id"": ""PROD_0291"", ""order_date"": ""2023-12-16"", ""quantity"": 1, ""payment_method"": ""Credit Card"", ""order_status"": ""Completed""}"
orders,ORD_0056549,ORPHAN_PRODUCT_FOREIGN_KEY,2026-09-08T16:00:15.302519+00:00,"{""order_id"": ""ORD_0056549"", ""customer_id"": ""CUST_001025"", ""product_id"": ""PROD_0009"", ""order_date"": ""2023-12-17"", ""quantity"": 1, ""payment_method"": ""Credit Card"", ""order_status"": ""Completed""}"
orders,ORD_0056564,ORPHAN_PRODUCT_FOREIGN_KEY,2026-09-08T16:00:15.302519+00:00,"{""order_id"": ""ORD_0056564"", ""customer_id"": ""CUST_002539"", ""product_id"": ""PROD_0009"", ""order_date"": ""2023-12-17"", ""quantity"": 1, ""payment_method"": ""Cash on Delivery"", ""order_status"": ""Completed""}"
orders,ORD_0056656,ORPHAN_PRODUCT_FOREIGN_KEY,2026-09-08T16:00:15.302519+00:00,"{""order_id"": ""ORD_0056656"", ""customer_id"": ""CUST_009569"", ""product_id"": ""PROD_0291"", ""order_date"": ""2023-12-17"", ""quantity"": 1, ""payment_method"": ""PayPal"", ""order_status"": ""Completed""}"
orders,ORD_0056673,ORPHAN_PRODUCT_FOREIGN_KEY,2026-09-08T16:00:15.302519+00:00,"{""order_id"": ""ORD_0056673"", ""customer_id"": ""CUST_000807"", ""product_id"": ""PROD_0319"", ""order_date"": ""2023-12-18"", ""quantity"": 1, ""payment_method"": ""Credit Card"", ""order_status"": ""Completed""}"
orders,ORD_0056674,ORPHAN_PRODUCT_FOREIGN_KEY,2026-09-08T16:00:15.302519+00:00,"{""order_id"": ""ORD_0056674"", ""customer_id"": ""CUST_000809"", ""product_id"": ""PROD_0101"", ""order_date"": ""2023-12-18"", ""quantity"": 2, ""payment_method"": ""Debit Card"", ""order_status"": ""Completed""}"
orders,ORD_0056771,ORPHAN_PRODUCT_FOREIGN_KEY,2026-09-08T16:00:15.302519+00:00,"{""order_id"": ""ORD_0056771"", ""customer_id"": ""CUST_008597"", ""product_id"": ""PROD_0009"", ""order_date"": ""2023-12-18"", ""quantity"": 1, ""payment_method"": ""Debit Card"", ""order_status"": ""Completed""}"
orders,ORD_0056814,ORPHAN_PRODUCT_FOREIGN_KEY,2026-09-08T16:00:15.302519+00:00,"{""order_id"": ""ORD_0056814"", ""customer_id"": ""CUST_002220"", ""product_id"": ""PROD_0009"", ""order_date"": ""2023-12-19"", ""quantity"": 3, ""payment_method"": ""Cash on Delivery"", ""order_status"": ""Completed""}"
orders,ORD_0056887,ORPHAN_PRODUCT_FOREIGN_KEY,2026-09-08T16:00:15.302519+00:00,"{""order_id"": ""ORD_0056887"", ""customer_id"": ""CUST_006647"", ""product_id"": ""PROD_0009"", ""order_date"": ""2023-12-19"", ""quantity"": 5, ""payment_method"": ""Credit Card"", ""order_status"": ""Completed""}"
orders,ORD_0056927,ORPHAN_PRODUCT_FOREIGN_KEY,2026-09-08T16:00:15.302519+00:00,"{""order_id"": ""ORD_0056927"", ""customer_id"": ""CUST_009914"", ""product_id"": ""PROD_0155"", ""order_date"": ""2023-12-19"", ""quantity"": 2, ""payment_method"": ""PayPal"", ""order_status"": ""Completed""}"
orders,ORD_0057014,ORPHAN_PRODUCT_FOREIGN_KEY,2026-09-08T16:00:15.302519+00:00,"{""order_id"": ""ORD_0057014"", ""customer_id"": ""CUST_006560"", ""product_id"": ""PROD_0009"", ""order_date"": ""2023-12-20"", ""quantity"": 1, ""payment_method"": ""Debit Card"", ""order_status"": ""Completed""}"
orders,ORD_0057096,ORPHAN_PRODUCT_FOREIGN_KEY,2026-09-08T16:00:15.302519+00:00,"{""order_id"": ""ORD_0057096"", ""customer_id"": ""CUST_002676"", ""product_id"": ""PROD_0291"", ""order_date"": ""2023-12-21"", ""quantity"": 3, ""payment_method"": ""Credit Card"", ""order_status"": ""Completed""}"
orders,ORD_0057100,ORPHAN_PRODUCT_FOREIGN_KEY,2026-09-08T16:00:15.302519+00:00,"{""order_id"": ""ORD_0057100"", ""customer_id"": ""CUST_003096"", ""product_id"": ""PROD_0009"", ""order_date"": ""2023-12-21"", ""quantity"": 1, ""payment_method"": ""Apple Pay"", ""order_status"": ""Completed""}"
orders,ORD_0057106,ORPHAN_PRODUCT_FOREIGN_KEY,2026-09-08T16:00:15.302519+00:00,"{""order_id"": ""ORD_0057106"", ""customer_id"": ""CUST_003961"", ""product_id"": ""PROD_0009"", ""order_date"": ""2023-12-21"", ""quantity"": 1, ""payment_method"": ""Credit Card"", ""order_status"": ""Completed""}"
orders,ORD_0057168,ORPHAN_PRODUCT_FOREIGN_KEY,2026-09-08T16:00:15.302519+00:00,"{""order_id"": ""ORD_0057168"", ""customer_id"": ""CUST_008083"", ""product_id"": ""PROD_0319"", ""order_date"": ""2023-12-21"", ""quantity"": 1, ""payment_method"": ""PayPal"", ""order_status"": ""Shipped""}"
orders,ORD_0057267,ORPHAN_PRODUCT_FOREIGN_KEY,2026-09-08T16:00:15.302519+00:00,"{""order_id"": ""ORD_0057267"", ""customer_id"": ""CUST_005220"", ""product_id"": ""PROD_0319"", ""order_date"": ""2023-12-22"", ""quantity"": 1, ""payment_method"": ""Credit Card"", ""order_status"": ""Completed""}"
orders,ORD_0057346,ORPHAN_PRODUCT_FOREIGN_KEY,2026-09-08T16:00:15.302519+00:00,"{""order_id"": ""ORD_0057346"", ""customer_id"": ""CUST_001137"", ""product_id"": ""PROD_0031"", ""order_date"": ""2023-12-23"", ""quantity"": 1, ""payment_method"": ""PayPal"", ""order_status"": ""Completed""}"
orders,ORD_0057347,ORPHAN_PRODUCT_FOREIGN_KEY,2026-09-08T16:00:15.302519+00:00,"{""order_id"": ""ORD_0057347"", ""customer_id"": ""CUST_001146"", ""product_id"": ""PROD_0009"", ""order_date"": ""2023-12-23"", ""quantity"": 3, ""payment_method"": ""Debit Card"", ""order_status"": ""Completed""}"
orders,ORD_0057438,ORPHAN_PRODUCT_FOREIGN_KEY,2026-09-08T16:00:15.302519+00:00,"{""order_id"": ""ORD_0057438"", ""customer_id"": ""CUST_008432"", ""product_id"": ""PROD_0009"", ""order_date"": ""2023-12-23"", ""quantity"": 2, ""payment_method"": ""Apple Pay"", ""order_status"": ""Completed""}"
orders,ORD_0057444,ORPHAN_PRODUCT_FOREIGN_KEY,2026-09-08T16:00:15.302519+00:00,"{""order_id"": ""ORD_0057444"", ""customer_id"": ""CUST_009198"", ""product_id"": ""PROD_0031"", ""order_date"": ""2023-12-23"", ""quantity"": 1, ""payment_method"": ""PayPal"", ""order_status"": ""Completed""}"
orders,ORD_0057473,ORPHAN_PRODUCT_FOREIGN_KEY,2026-09-08T16:00:15.302519+00:00,"{""order_id"": ""ORD_0057473"", ""customer_id"": ""CUST_001267"", ""product_id"": ""PROD_0177"", ""order_date"": ""2023-12-24"", ""quantity"": 1, ""payment_method"": ""Debit Card"", ""order_status"": ""Completed""}"
orders,ORD_0057556,ORPHAN_PRODUCT_FOREIGN_KEY,2026-09-08T16:00:15.302519+00:00,"{""order_id"": ""ORD_0057556"", ""customer_id"": ""CUST_006289"", ""product_id"": ""PROD_0009"", ""order_date"": ""2023-12-24"", ""quantity"": 3, ""payment_method"": ""Cash on Delivery"", ""order_status"": ""Shipped""}"
orders,ORD_0057582,ORPHAN_PRODUCT_FOREIGN_KEY,2026-09-08T16:00:15.302519+00:00,"{""order_id"": ""ORD_0057582"", ""customer_id"": ""CUST_008918"", ""product_id"": ""PROD_0485"", ""order_date"": ""2023-12-24"", ""quantity"": 1, ""payment_method"": ""Credit Card"", ""order_status"": ""Completed""}"
orders,ORD_0057585,ORPHAN_PRODUCT_FOREIGN_KEY,2026-09-08T16:00:15.302519+00:00,"{""order_id"": ""ORD_0057585"", ""customer_id"": ""CUST_009170"", ""product_id"": ""PROD_0009"", ""order_date"": ""2023-12-24"", ""quantity"": 1, ""payment_method"": ""Cash on Delivery"", ""order_status"": ""Completed""}"
orders,ORD_0057610,ORPHAN_PRODUCT_FOREIGN_KEY,2026-09-08T16:00:15.302519+00:00,"{""order_id"": ""ORD_0057610"", ""customer_id"": ""CUST_001116"", ""product_id"": ""PROD_0009"", ""order_date"": ""2023-12-25"", ""quantity"": 3, ""payment_method"": ""PayPal"", ""order_status"": ""Completed""}"
orders,ORD_0057643,ORPHAN_PRODUCT_FOREIGN_KEY,2026-09-08T16:00:15.302519+00:00,"{""order_id"": ""ORD_0057643"", ""customer_id"": ""CUST_003879"", ""product_id"": ""PROD_0155"", ""order_date"": ""2023-12-25"", ""quantity"": 1, ""payment_method"": ""Debit Card"", ""order_status"": ""Completed""}"
orders,ORD_0057645,ORPHAN_PRODUCT_FOREIGN_KEY,2026-09-08T16:00:15.302519+00:00,"{""order_id"": ""ORD_0057645"", ""customer_id"": ""CUST_004216"", ""product_id"": ""PROD_0485"", ""order_date"": ""2023-12-25"", ""quantity"": 4, ""payment_method"": ""Debit Card"", ""order_status"": ""Completed""}"
orders,ORD_0057745,ORPHAN_PRODUCT_FOREIGN_KEY,2026-09-08T16:00:15.302519+00:00,"{""order_id"": ""ORD_0057745"", ""customer_id"": ""CUST_001929"", ""product_id"": ""PROD_0009"", ""order_date"": ""2023-12-26"", ""quantity"": 2, ""payment_method"": ""PayPal"", ""order_status"": ""Completed""}"
orders,ORD_0057772,ORPHAN_PRODUCT_FOREIGN_KEY,2026-09-08T16:00:15.302519+00:00,"{""order_id"": ""ORD_0057772"", ""customer_id"": ""CUST_004006"", ""product_id"": ""PROD_0009"", ""order_date"": ""2023-12-26"", ""quantity"": 3, ""payment_method"": ""Credit Card"", ""order_status"": ""Completed""}"
orders,ORD_0057803,ORPHAN_PRODUCT_FOREIGN_KEY,2026-09-08T16:00:15.302519+00:00,"{""order_id"": ""ORD_0057803"", ""customer_id"": ""CUST_006243"", ""product_id"": ""PROD_0009"", ""order_date"": ""2023-12-26"", ""quantity"": 1, ""payment_method"": ""Credit Card"", ""order_status"": ""Completed""}"
orders,ORD_0057894,ORPHAN_PRODUCT_FOREIGN_KEY,2026-09-08T16:00:15.302519+00:00,"{""order_id"": ""ORD_0057894"", ""customer_id"": ""CUST_004282"", ""product_id"": ""PROD_0031"", ""order_date"": ""2023-12-27"", ""quantity"": 2, ""payment_method"": ""Credit Card"", ""order_status"": ""Shipped""}"
orders,ORD_0057901,ORPHAN_PRODUCT_FOREIGN_KEY,2026-09-08T16:00:15.302519+00:00,"{""order_id"": ""ORD_0057901"", ""customer_id"": ""CUST_004484"", ""product_id"": ""PROD_0009"", ""order_date"": ""2023-12-27"", ""quantity"": 1, ""payment_method"": ""Credit Card"", ""order_status"": ""Completed""}"
orders,ORD_0057963,ORPHAN_PRODUCT_FOREIGN_KEY,2026-09-08T16:00:15.302519+00:00,"{""order_id"": ""ORD_0057963"", ""customer_id"": ""CUST_008640"", ""product_id"": ""PROD_0009"", ""order_date"": ""2023-12-27"", ""quantity"": 1, ""payment_method"": ""Credit Card"", ""order_status"": ""Completed""}"
orders,ORD_0057976,ORPHAN_PRODUCT_FOREIGN_KEY,2026-09-08T16:00:15.302519+00:00,"{""order_id"": ""ORD_0057976"", ""customer_id"": ""CUST_009583"", ""product_id"": ""PROD_0291"", ""order_date"": ""2023-12-27"", ""quantity"": 1, ""payment_method"": ""PayPal"", ""order_status"": ""Completed""}"
orders,ORD_0057999,ORPHAN_PRODUCT_FOREIGN_KEY,2026-09-08T16:00:15.302519+00:00,"{""order_id"": ""ORD_0057999"", ""customer_id"": ""CUST_001052"", ""product_id"": ""PROD_0009"", ""order_date"": ""2023-12-28"", ""quantity"": 1, ""payment_method"": ""Debit Card"", ""order_status"": ""Completed""}"
orders,ORD_0058006,ORPHAN_PRODUCT_FOREIGN_KEY,2026-09-08T16:00:15.302519+00:00,"{""order_id"": ""ORD_0058006"", ""customer_id"": ""CUST_001629"", ""product_id"": ""PROD_0009"", ""order_date"": ""2023-12-28"", ""quantity"": 1, ""payment_method"": ""Credit Card"", ""order_status"": ""Completed""}"
orders,ORD_0058177,ORPHAN_PRODUCT_FOREIGN_KEY,2026-09-08T16:00:15.302519+00:00,"{""order_id"": ""ORD_0058177"", ""customer_id"": ""CUST_005044"", ""product_id"": ""PROD_0031"", ""order_date"": ""2023-12-29"", ""quantity"": 5, ""payment_method"": ""Credit Card"", ""order_status"": ""Completed""}"
orders,ORD_0058198,ORPHAN_PRODUCT_FOREIGN_KEY,2026-09-08T16:00:15.302519+00:00,"{""order_id"": ""ORD_0058198"", ""customer_id"": ""CUST_006676"", ""product_id"": ""PROD_0009"", ""order_date"": ""2023-12-29"", ""quantity"": 1, ""payment_method"": ""PayPal"", ""order_status"": ""Completed""}"
orders,ORD_0058288,ORPHAN_PRODUCT_FOREIGN_KEY,2026-09-08T16:00:15.302519+00:00,"{""order_id"": ""ORD_0058288"", ""customer_id"": ""CUST_002157"", ""product_id"": ""PROD_0031"", ""order_date"": ""2023-12-30"", ""quantity"": 3, ""payment_method"": ""PayPal"", ""order_status"": ""Completed""}"
orders,ORD_0058360,ORPHAN_PRODUCT_FOREIGN_KEY,2026-09-08T16:00:15.302519+00:00,"{""order_id"": ""ORD_0058360"", ""customer_id"": ""CUST_006902"", ""product_id"": ""PROD_0031"", ""order_date"": ""2023-12-30"", ""quantity"": 3, ""payment_method"": ""Debit Card"", ""order_status"": ""Completed""}"
orders,ORD_0058434,ORPHAN_PRODUCT_FOREIGN_KEY,2026-09-08T16:00:15.302519+00:00,"{""order_id"": ""ORD_0058434"", ""customer_id"": ""CUST_004076"", ""product_id"": ""PROD_0009"", ""order_date"": ""2023-12-31"", ""quantity"": 2, ""payment_method"": ""PayPal"", ""order_status"": ""Completed""}"
orders,ORD_0058483,ORPHAN_PRODUCT_FOREIGN_KEY,2026-09-08T16:00:15.302519+00:00,"{""order_id"": ""ORD_0058483"", ""customer_id"": ""CUST_006601"", ""product_id"": ""PROD_0009"", ""order_date"": ""2023-12-31"", ""quantity"": 1, ""payment_method"": ""Credit Card"", ""order_status"": ""Completed""}"
orders,ORD_0058484,ORPHAN_PRODUCT_FOREIGN_KEY,2026-09-08T16:00:15.302519+00:00,"{""order_id"": ""ORD_0058484"", ""customer_id"": ""CUST_006606"", ""product_id"": ""PROD_0009"", ""order_date"": ""2023-12-31"", ""quantity"": 1, ""payment_method"": ""Credit Card"", ""order_status"": ""Completed""}"
orders,ORD_0058491,ORPHAN_PRODUCT_FOREIGN_KEY,2026-09-08T16:00:15.302519+00:00,"{""order_id"": ""ORD_0058491"", ""customer_id"": ""CUST_007354"", ""product_id"": ""PROD_0101"", ""order_date"": ""2023-12-31"", ""quantity"": 1, ""payment_method"": ""Debit Card"", ""order_status"": ""Completed""}"
orders,ORD_0058513,ORPHAN_PRODUCT_FOREIGN_KEY,2026-09-08T16:00:15.302519+00:00,"{""order_id"": ""ORD_0058513"", ""customer_id"": ""CUST_008729"", ""product_id"": ""PROD_0009"", ""order_date"": ""2023-12-31"", ""quantity"": 2, ""payment_method"": ""Cash on Delivery"", ""order_status"": ""Completed""}"
orders,ORD_0058556,ORPHAN_PRODUCT_FOREIGN_KEY,2026-09-08T16:00:15.302519+00:00,"{""order_id"": ""ORD_0058556"", ""customer_id"": ""CUST_003120"", ""product_id"": ""PROD_0101"", ""order_date"": ""2024-01-01"", ""quantity"": 1, ""payment_method"": ""PayPal"", ""order_status"": ""Completed""}"
orders,ORD_0058567,ORPHAN_PRODUCT_FOREIGN_KEY,2026-09-08T16:00:15.302519+00:00,"{""order_id"": ""ORD_0058567"", ""customer_id"": ""CUST_003770"", ""product_id"": ""PROD_0009"", ""order_date"": ""2024-01-01"", ""quantity"": 3, ""payment_method"": ""PayPal"", ""order_status"": ""Completed""}"
orders,ORD_0058574,ORPHAN_PRODUCT_FOREIGN_KEY,2026-09-08T16:00:15.302519+00:00,"{""order_id"": ""ORD_0058574"", ""customer_id"": ""CUST_004481"", ""product_id"": ""PROD_0031"", ""order_date"": ""2024-01-01"", ""quantity"": 1, ""payment_method"": ""Credit Card"", ""order_status"": ""Completed""}"
orders,ORD_0058675,ORPHAN_PRODUCT_FOREIGN_KEY,2026-09-08T16:00:15.302519+00:00,"{""order_id"": ""ORD_0058675"", ""customer_id"": ""CUST_001441"", ""product_id"": ""PROD_0155"", ""order_date"": ""2024-01-02"", ""quantity"": 3, ""payment_method"": ""Apple Pay"", ""order_status"": ""Cancelled""}"
orders,ORD_0058708,ORPHAN_PRODUCT_FOREIGN_KEY,2026-09-08T16:00:15.302519+00:00,"{""order_id"": ""ORD_0058708"", ""customer_id"": ""CUST_003677"", ""product_id"": ""PROD_0009"", ""order_date"": ""2024-01-02"", ""quantity"": 1, ""payment_method"": ""Apple Pay"", ""order_status"": ""Refunded""}"
orders,ORD_0058755,ORPHAN_PRODUCT_FOREIGN_KEY,2026-09-08T16:00:15.302519+00:00,"{""order_id"": ""ORD_0058755"", ""customer_id"": ""CUST_006627"", ""product_id"": ""PROD_0101"", ""order_date"": ""2024-01-02"", ""quantity"": 2, ""payment_method"": ""Cash on Delivery"", ""order_status"": ""Completed""}"
orders,ORD_0058765,ORPHAN_PRODUCT_FOREIGN_KEY,2026-09-08T16:00:15.302519+00:00,"{""order_id"": ""ORD_0058765"", ""customer_id"": ""CUST_007159"", ""product_id"": ""PROD_0009"", ""order_date"": ""2024-01-02"", ""quantity"": 2, ""payment_method"": ""Cash on Delivery"", ""order_status"": ""Completed""}"
orders,ORD_0058782,ORPHAN_PRODUCT_FOREIGN_KEY,2026-09-08T16:00:15.302519+00:00,"{""order_id"": ""ORD_0058782"", ""customer_id"": ""CUST_008175"", ""product_id"": ""PROD_0177"", ""order_date"": ""2024-01-02"", ""quantity"": 2, ""payment_method"": ""Debit Card"", ""order_status"": ""Completed""}"
orders,ORD_0058852,ORPHAN_PRODUCT_FOREIGN_KEY,2026-09-08T16:00:15.302519+00:00,"{""order_id"": ""ORD_0058852"", ""customer_id"": ""CUST_003081"", ""product_id"": ""PROD_0009"", ""order_date"": ""2024-01-03"", ""quantity"": 4, ""payment_method"": ""PayPal"", ""order_status"": ""Completed""}"
orders,ORD_0058864,ORPHAN_PRODUCT_FOREIGN_KEY,2026-09-08T16:00:15.302519+00:00,"{""order_id"": ""ORD_0058864"", ""customer_id"": ""CUST_003377"", ""product_id"": ""PROD_0009"", ""order_date"": ""2024-01-03"", ""quantity"": 1, ""payment_method"": ""Credit Card"", ""order_status"": ""Completed""}"
orders,ORD_0058946,ORPHAN_PRODUCT_FOREIGN_KEY,2026-09-08T16:00:15.302519+00:00,"{""order_id"": ""ORD_0058946"", ""customer_id"": ""CUST_009087"", ""product_id"": ""PROD_0009"", ""order_date"": ""2024-01-03"", ""quantity"": 2, ""payment_method"": ""Debit Card"", ""order_status"": ""Completed""}"
orders,ORD_0058966,ORPHAN_PRODUCT_FOREIGN_KEY,2026-09-08T16:00:15.302519+00:00,"{""order_id"": ""ORD_0058966"", ""customer_id"": ""CUST_000121"", ""product_id"": ""PROD_0009"", ""order_date"": ""2024-01-04"", ""quantity"": 1, ""payment_method"": ""Credit Card"", ""order_status"": ""Completed""}"
orders,ORD_0058997,ORPHAN_PRODUCT_FOREIGN_KEY,2026-09-08T16:00:15.302519+00:00,"{""order_id"": ""ORD_0058997"", ""customer_id"": ""CUST_002534"", ""product_id"": ""PROD_0009"", ""order_date"": ""2024-01-04"", ""quantity"": 1, ""payment_method"": ""PayPal"", ""order_status"": ""Completed""}"
orders,ORD_0059006,ORPHAN_PRODUCT_FOREIGN_KEY,2026-09-08T16:00:15.302519+00:00,"{""order_id"": ""ORD_0059006"", ""customer_id"": ""CUST_003440"", ""product_id"": ""PROD_0031"", ""order_date"": ""2024-01-04"", ""quantity"": 1, ""payment_method"": ""PayPal"", ""order_status"": ""Completed""}"
orders,ORD_0059017,ORPHAN_PRODUCT_FOREIGN_KEY,2026-09-08T16:00:15.302519+00:00,"{""order_id"": ""ORD_0059017"", ""customer_id"": ""CUST_004608"", ""product_id"": ""PROD_0009"", ""order_date"": ""2024-01-04"", ""quantity"": 3, ""payment_method"": ""PayPal"", ""order_status"": ""Completed""}"
orders,ORD_0059027,ORPHAN_PRODUCT_FOREIGN_KEY,2026-09-08T16:00:15.302519+00:00,"{""order_id"": ""ORD_0059027"", ""customer_id"": ""CUST_005470"", ""product_id"": ""PROD_0319"", ""order_date"": ""2024-01-04"", ""quantity"": 3, ""payment_method"": ""PayPal"", ""order_status"": ""Completed""}"
orders,ORD_0059080,ORPHAN_PRODUCT_FOREIGN_KEY,2026-09-08T16:00:15.302519+00:00,"{""order_id"": ""ORD_0059080"", ""customer_id"": ""CUST_009682"", ""product_id"": ""PROD_0009"", ""order_date"": ""2024-01-04"", ""quantity"": 1, ""payment_method"": ""PayPal"", ""order_status"": ""Completed""}"
orders,ORD_0059149,ORPHAN_PRODUCT_FOREIGN_KEY,2026-09-08T16:00:15.302519+00:00,"{""order_id"": ""ORD_0059149"", ""customer_id"": ""CUST_004380"", ""product_id"": ""PROD_0009"", ""order_date"": ""2024-01-05"", ""quantity"": 1, ""payment_method"": ""Credit Card"", ""order_status"": ""Cancelled""}"
orders,ORD_0059259,ORPHAN_PRODUCT_FOREIGN_KEY,2026-09-08T16:00:15.302519+00:00,"{""order_id"": ""ORD_0059259"", ""customer_id"": ""CUST_002605"", ""product_id"": ""PROD_0009"", ""order_date"": ""2024-01-06"", ""quantity"": 1, ""payment_method"": ""Debit Card"", ""order_status"": ""Completed""}"
orders,ORD_0059336,ORPHAN_PRODUCT_FOREIGN_KEY,2026-09-08T16:00:15.302519+00:00,"{""order_id"": ""ORD_0059336"", ""customer_id"": ""CUST_009050"", ""product_id"": ""PROD_0009"", ""order_date"": ""2024-01-06"", ""quantity"": 1, ""payment_method"": ""Debit Card"", ""order_status"": ""Refunded""}"
orders,ORD_0059458,ORPHAN_PRODUCT_FOREIGN_KEY,2026-09-08T16:00:15.302519+00:00,"{""order_id"": ""ORD_0059458"", ""customer_id"": ""CUST_006825"", ""product_id"": ""PROD_0177"", ""order_date"": ""2024-01-07"", ""quantity"": 1, ""payment_method"": ""Credit Card"", ""order_status"": ""Completed""}"
orders,ORD_0059526,ORPHAN_PRODUCT_FOREIGN_KEY,2026-09-08T16:00:15.302519+00:00,"{""order_id"": ""ORD_0059526"", ""customer_id"": ""CUST_001642"", ""product_id"": ""PROD_0009"", ""order_date"": ""2024-01-08"", ""quantity"": 3, ""payment_method"": ""Credit Card"", ""order_status"": ""Cancelled""}"
orders,ORD_0059562,ORPHAN_PRODUCT_FOREIGN_KEY,2026-09-08T16:00:15.302519+00:00,"{""order_id"": ""ORD_0059562"", ""customer_id"": ""CUST_004724"", ""product_id"": ""PROD_0031"", ""order_date"": ""2024-01-08"", ""quantity"": 1, ""payment_method"": ""PayPal"", ""order_status"": ""Completed""}"
orders,ORD_0059638,ORPHAN_PRODUCT_FOREIGN_KEY,2026-09-08T16:00:15.302519+00:00,"{""order_id"": ""ORD_0059638"", ""customer_id"": ""CUST_009875"", ""product_id"": ""PROD_0291"", ""order_date"": ""2024-01-08"", ""quantity"": 3, ""payment_method"": ""PayPal"", ""order_status"": ""Completed""}"
orders,ORD_0059642,ORPHAN_PRODUCT_FOREIGN_KEY,2026-09-08T16:00:15.302519+00:00,"{""order_id"": ""ORD_0059642"", ""customer_id"": ""CUST_000075"", ""product_id"": ""PROD_0101"", ""order_date"": ""2024-01-09"", ""quantity"": 3, ""payment_method"": ""Credit Card"", ""order_status"": ""Completed""}"
orders,ORD_0059646,ORPHAN_PRODUCT_FOREIGN_KEY,2026-09-08T16:00:15.302519+00:00,"{""order_id"": ""ORD_0059646"", ""customer_id"": ""CUST_000266"", ""product_id"": ""PROD_0009"", ""order_date"": ""2024-01-09"", ""quantity"": 1, ""payment_method"": ""Credit Card"", ""order_status"": ""Completed""}"
orders,ORD_0059694,ORPHAN_PRODUCT_FOREIGN_KEY,2026-09-08T16:00:15.302519+00:00,"{""order_id"": ""ORD_0059694"", ""customer_id"": ""CUST_003980"", ""product_id"": ""PROD_0031"", ""order_date"": ""2024-01-09"", ""quantity"": 1, ""payment_method"": ""Credit Card"", ""order_status"": ""Refunded""}"
orders,ORD_0059703,ORPHAN_PRODUCT_FOREIGN_KEY,2026-09-08T16:00:15.302519+00:00,"{""order_id"": ""ORD_0059703"", ""customer_id"": ""CUST_004910"", ""product_id"": ""PROD_0177"", ""order_date"": ""2024-01-09"", ""quantity"": 1, ""payment_method"": ""Cash on Delivery"", ""order_status"": ""Completed""}"
orders,ORD_0059786,ORPHAN_PRODUCT_FOREIGN_KEY,2026-09-08T16:00:15.302519+00:00,"{""order_id"": ""ORD_0059786"", ""customer_id"": ""CUST_001230"", ""product_id"": ""PROD_0319"", ""order_date"": ""2024-01-10"", ""quantity"": 4, ""payment_method"": ""Credit Card"", ""order_status"": ""Completed""}"
orders,ORD_0059878,ORPHAN_PRODUCT_FOREIGN_KEY,2026-09-08T16:00:15.302519+00:00,"{""order_id"": ""ORD_0059878"", ""customer_id"": ""CUST_008175"", ""product_id"": ""PROD_0291"", ""order_date"": ""2024-01-10"", ""quantity"": 1, ""payment_method"": ""Credit Card"", ""order_status"": ""Completed""}"
orders,ORD_0060099,ORPHAN_PRODUCT_FOREIGN_KEY,2026-09-08T16:00:15.302519+00:00,"{""order_id"": ""ORD_0060099"", ""customer_id"": ""CUST_003879"", ""product_id"": ""PROD_0319"", ""order_date"": ""2024-01-12"", ""quantity"": 1, ""payment_method"": ""Cash on Delivery"", ""order_status"": ""Refunded""}"
orders,ORD_0060113,ORPHAN_PRODUCT_FOREIGN_KEY,2026-09-08T16:00:15.302519+00:00,"{""order_id"": ""ORD_0060113"", ""customer_id"": ""CUST_004803"", ""product_id"": ""PROD_0031"", ""order_date"": ""2024-01-12"", ""quantity"": 1, ""payment_method"": ""Credit Card"", ""order_status"": ""Completed""}"
orders,ORD_0060140,ORPHAN_PRODUCT_FOREIGN_KEY,2026-09-08T16:00:15.302519+00:00,"{""order_id"": ""ORD_0060140"", ""customer_id"": ""CUST_006893"", ""product_id"": ""PROD_0031"", ""order_date"": ""2024-01-12"", ""quantity"": 1, ""payment_method"": ""Cash on Delivery"", ""order_status"": ""Completed""}"
orders,ORD_0060153,ORPHAN_PRODUCT_FOREIGN_KEY,2026-09-08T16:00:15.302519+00:00,"{""order_id"": ""ORD_0060153"", ""customer_id"": ""CUST_008019"", ""product_id"": ""PROD_0009"", ""order_date"": ""2024-01-12"", ""quantity"": 1, ""payment_method"": ""PayPal"", ""order_status"": ""Completed""}"
orders,ORD_0060187,ORPHAN_PRODUCT_FOREIGN_KEY,2026-09-08T16:00:15.302519+00:00,"{""order_id"": ""ORD_0060187"", ""customer_id"": ""CUST_001276"", ""product_id"": ""PROD_0009"", ""order_date"": ""2024-01-13"", ""quantity"": 1, ""payment_method"": ""Credit Card"", ""order_status"": ""Completed""}"
orders,ORD_0060215,ORPHAN_PRODUCT_FOREIGN_KEY,2026-09-08T16:00:15.302519+00:00,"{""order_id"": ""ORD_0060215"", ""customer_id"": ""CUST_003158"", ""product_id"": ""PROD_0031"", ""order_date"": ""2024-01-13"", ""quantity"": 1, ""payment_method"": ""PayPal"", ""order_status"": ""Completed""}"
orders,ORD_0060242,ORPHAN_PRODUCT_FOREIGN_KEY,2026-09-08T16:00:15.302519+00:00,"{""order_id"": ""ORD_0060242"", ""customer_id"": ""CUST_004983"", ""product_id"": ""PROD_0009"", ""order_date"": ""2024-01-13"", ""quantity"": 1, ""payment_method"": ""Credit Card"", ""order_status"": ""Completed""}"
orders,ORD_0060263,ORPHAN_PRODUCT_FOREIGN_KEY,2026-09-08T16:00:15.302519+00:00,"{""order_id"": ""ORD_0060263"", ""customer_id"": ""CUST_006698"", ""product_id"": ""PROD_0155"", ""order_date"": ""2024-01-13"", ""quantity"": 2, ""payment_method"": ""Credit Card"", ""order_status"": ""Completed""}"
orders,ORD_0060266,ORPHAN_PRODUCT_FOREIGN_KEY,2026-09-08T16:00:15.302519+00:00,"{""order_id"": ""ORD_0060266"", ""customer_id"": ""CUST_006983"", ""product_id"": ""PROD_0009"", ""order_date"": ""2024-01-13"", ""quantity"": 3, ""payment_method"": ""Debit Card"", ""order_status"": ""Completed""}"
orders,ORD_0060270,ORPHAN_PRODUCT_FOREIGN_KEY,2026-09-08T16:00:15.302519+00:00,"{""order_id"": ""ORD_0060270"", ""customer_id"": ""CUST_007350"", ""product_id"": ""PROD_0009"", ""order_date"": ""2024-01-13"", ""quantity"": 1, ""payment_method"": ""Debit Card"", ""order_status"": ""Shipped""}"
orders,ORD_0060305,ORPHAN_PRODUCT_FOREIGN_KEY,2026-09-08T16:00:15.302519+00:00,"{""order_id"": ""ORD_0060305"", ""customer_id"": ""CUST_000050"", ""product_id"": ""PROD_0031"", ""order_date"": ""2024-01-14"", ""quantity"": 2, ""payment_method"": ""Credit Card"", ""order_status"": ""Completed""}"
orders,ORD_0060330,ORPHAN_PRODUCT_FOREIGN_KEY,2026-09-08T16:00:15.302519+00:00,"{""order_id"": ""ORD_0060330"", ""customer_id"": ""CUST_001418"", ""product_id"": ""PROD_0009"", ""order_date"": ""2024-01-14"", ""quantity"": 2, ""payment_method"": ""Cash on Delivery"", ""order_status"": ""Completed""}"
orders,ORD_0060371,ORPHAN_PRODUCT_FOREIGN_KEY,2026-09-08T16:00:15.302519+00:00,"{""order_id"": ""ORD_0060371"", ""customer_id"": ""CUST_004257"", ""product_id"": ""PROD_0009"", ""order_date"": ""2024-01-14"", ""quantity"": 2, ""payment_method"": ""Debit Card"", ""order_status"": ""Completed""}"
orders,ORD_0060406,ORPHAN_PRODUCT_FOREIGN_KEY,2026-09-08T16:00:15.302519+00:00,"{""order_id"": ""ORD_0060406"", ""customer_id"": ""CUST_006818"", ""product_id"": ""PROD_0031"", ""order_date"": ""2024-01-14"", ""quantity"": 1, ""payment_method"": ""Debit Card"", ""order_status"": ""Completed""}"
orders,ORD_0060452,ORPHAN_PRODUCT_FOREIGN_KEY,2026-09-08T16:00:15.302519+00:00,"{""order_id"": ""ORD_0060452"", ""customer_id"": ""CUST_000923"", ""product_id"": ""PROD_0009"", ""order_date"": ""2024-01-15"", ""quantity"": 2, ""payment_method"": ""Credit Card"", ""order_status"": ""Completed""}"
orders,ORD_0060514,ORPHAN_PRODUCT_FOREIGN_KEY,2026-09-08T16:00:15.302519+00:00,"{""order_id"": ""ORD_0060514"", ""customer_id"": ""CUST_005824"", ""product_id"": ""PROD_0009"", ""order_date"": ""2024-01-15"", ""quantity"": 1, ""payment_method"": ""Credit Card"", ""order_status"": ""Completed""}"
orders,ORD_0060555,ORPHAN_PRODUCT_FOREIGN_KEY,2026-09-08T16:00:15.302519+00:00,"{""order_id"": ""ORD_0060555"", ""customer_id"": ""CUST_008708"", ""product_id"": ""PROD_0485"", ""order_date"": ""2024-01-15"", ""quantity"": 1, ""payment_method"": ""PayPal"", ""order_status"": ""Completed""}"
orders,ORD_0060594,ORPHAN_PRODUCT_FOREIGN_KEY,2026-09-08T16:00:15.302519+00:00,"{""order_id"": ""ORD_0060594"", ""customer_id"": ""CUST_000909"", ""product_id"": ""PROD_0031"", ""order_date"": ""2024-01-16"", ""quantity"": 2, ""payment_method"": ""PayPal"", ""order_status"": ""Completed""}"
orders,ORD_0060616,ORPHAN_PRODUCT_FOREIGN_KEY,2026-09-08T16:00:15.302519+00:00,"{""order_id"": ""ORD_0060616"", ""customer_id"": ""CUST_002881"", ""product_id"": ""PROD_0031"", ""order_date"": ""2024-01-16"", ""quantity"": 1, ""payment_method"": ""Credit Card"", ""order_status"": ""Completed""}"
orders,ORD_0060652,ORPHAN_PRODUCT_FOREIGN_KEY,2026-09-08T16:00:15.302519+00:00,"{""order_id"": ""ORD_0060652"", ""customer_id"": ""CUST_006221"", ""product_id"": ""PROD_0009"", ""order_date"": ""2024-01-16"", ""quantity"": 1, ""payment_method"": ""Debit Card"", ""order_status"": ""Cancelled""}"
orders,ORD_0060690,ORPHAN_PRODUCT_FOREIGN_KEY,2026-09-08T16:00:15.302519+00:00,"{""order_id"": ""ORD_0060690"", ""customer_id"": ""CUST_008870"", ""product_id"": ""PROD_0155"", ""order_date"": ""2024-01-16"", ""quantity"": 1, ""payment_method"": ""Credit Card"", ""order_status"": ""Completed""}"
orders,ORD_0060705,ORPHAN_PRODUCT_FOREIGN_KEY,2026-09-08T16:00:15.302519+00:00,"{""order_id"": ""ORD_0060705"", ""customer_id"": ""CUST_000595"", ""product_id"": ""PROD_0009"", ""order_date"": ""2024-01-17"", ""quantity"": 2, ""payment_method"": ""Credit Card"", ""order_status"": ""Completed""}"
orders,ORD_0060726,ORPHAN_PRODUCT_FOREIGN_KEY,2026-09-08T16:00:15.302519+00:00,"{""order_id"": ""ORD_0060726"", ""customer_id"": ""CUST_001762"", ""product_id"": ""PROD_0031"", ""order_date"": ""2024-01-17"", ""quantity"": 1, ""payment_method"": ""Debit Card"", ""order_status"": ""Completed""}"
orders,ORD_0060742,ORPHAN_PRODUCT_FOREIGN_KEY,2026-09-08T16:00:15.302519+00:00,"{""order_id"": ""ORD_0060742"", ""customer_id"": ""CUST_003090"", ""product_id"": ""PROD_0031"", ""order_date"": ""2024-01-17"", ""quantity"": 1, ""payment_method"": ""Credit Card"", ""order_status"": ""Completed""}"
orders,ORD_0060779,ORPHAN_PRODUCT_FOREIGN_KEY,2026-09-08T16:00:15.302519+00:00,"{""order_id"": ""ORD_0060779"", ""customer_id"": ""CUST_005258"", ""product_id"": ""PROD_0291"", ""order_date"": ""2024-01-17"", ""quantity"": 2, ""payment_method"": ""Credit Card"", ""order_status"": ""Completed""}"
orders,ORD_0060793,ORPHAN_PRODUCT_FOREIGN_KEY,2026-09-08T16:00:15.302519+00:00,"{""order_id"": ""ORD_0060793"", ""customer_id"": ""CUST_006226"", ""product_id"": ""PROD_0031"", ""order_date"": ""2024-01-17"", ""quantity"": 1, ""payment_method"": ""Debit Card"", ""order_status"": ""Completed""}"
orders,ORD_0060863,ORPHAN_PRODUCT_FOREIGN_KEY,2026-09-08T16:00:15.302519+00:00,"{""order_id"": ""ORD_0060863"", ""customer_id"": ""CUST_001652"", ""product_id"": ""PROD_0291"", ""order_date"": ""2024-01-18"", ""quantity"": 1, ""payment_method"": ""Credit Card"", ""order_status"": ""Completed""}"
orders,ORD_0060907,ORPHAN_PRODUCT_FOREIGN_KEY,2026-09-08T16:00:15.302519+00:00,"{""order_id"": ""ORD_0060907"", ""customer_id"": ""CUST_004706"", ""product_id"": ""PROD_0009"", ""order_date"": ""2024-01-18"", ""quantity"": 1, ""payment_method"": ""PayPal"", ""order_status"": ""Completed""}"
orders,ORD_0061080,ORPHAN_PRODUCT_FOREIGN_KEY,2026-09-08T16:00:15.302519+00:00,"{""order_id"": ""ORD_0061080"", ""customer_id"": ""CUST_007056"", ""product_id"": ""PROD_0009"", ""order_date"": ""2024-01-19"", ""quantity"": 2, ""payment_method"": ""Credit Card"", ""order_status"": ""Completed""}"
orders,ORD_0061106,ORPHAN_PRODUCT_FOREIGN_KEY,2026-09-08T16:00:15.302519+00:00,"{""order_id"": ""ORD_0061106"", ""customer_id"": ""CUST_008384"", ""product_id"": ""PROD_0009"", ""order_date"": ""2024-01-19"", ""quantity"": 1, ""payment_method"": ""PayPal"", ""order_status"": ""Completed""}"
orders,ORD_0061216,ORPHAN_PRODUCT_FOREIGN_KEY,2026-09-08T16:00:15.302519+00:00,"{""order_id"": ""ORD_0061216"", ""customer_id"": ""CUST_006660"", ""product_id"": ""PROD_0031"", ""order_date"": ""2024-01-20"", ""quantity"": 1, ""payment_method"": ""Debit Card"", ""order_status"": ""Completed""}"
orders,ORD_0061254,ORPHAN_PRODUCT_FOREIGN_KEY,2026-09-08T16:00:15.302519+00:00,"{""order_id"": ""ORD_0061254"", ""customer_id"": ""CUST_009084"", ""product_id"": ""PROD_0009"", ""order_date"": ""2024-01-20"", ""quantity"": 4, ""payment_method"": ""Credit Card"", ""order_status"": ""Completed""}"
orders,ORD_0061278,ORPHAN_PRODUCT_FOREIGN_KEY,2026-09-08T16:00:15.302519+00:00,"{""order_id"": ""ORD_0061278"", ""customer_id"": ""CUST_000804"", ""product_id"": ""PROD_0319"", ""order_date"": ""2024-01-21"", ""quantity"": 3, ""payment_method"": ""Credit Card"", ""order_status"": ""Completed""}"
orders,ORD_0061280,ORPHAN_PRODUCT_FOREIGN_KEY,2026-09-08T16:00:15.302519+00:00,"{""order_id"": ""ORD_0061280"", ""customer_id"": ""CUST_000830"", ""product_id"": ""PROD_0319"", ""order_date"": ""2024-01-21"", ""quantity"": 1, ""payment_method"": ""Credit Card"", ""order_status"": ""Completed""}"
orders,ORD_0061379,ORPHAN_PRODUCT_FOREIGN_KEY,2026-09-08T16:00:15.302519+00:00,"{""order_id"": ""ORD_0061379"", ""customer_id"": ""CUST_008460"", ""product_id"": ""PROD_0031"", ""order_date"": ""2024-01-21"", ""quantity"": 1, ""payment_method"": ""Credit Card"", ""order_status"": ""Completed""}"
orders,ORD_0061398,ORPHAN_PRODUCT_FOREIGN_KEY,2026-09-08T16:00:15.302519+00:00,"{""order_id"": ""ORD_0061398"", ""customer_id"": ""CUST_009609"", ""product_id"": ""PROD_0031"", ""order_date"": ""2024-01-21"", ""quantity"": 2, ""payment_method"": ""Apple Pay"", ""order_status"": ""Completed""}"
orders,ORD_0061467,ORPHAN_PRODUCT_FOREIGN_KEY,2026-09-08T16:00:15.302519+00:00,"{""order_id"": ""ORD_0061467"", ""customer_id"": ""CUST_003405"", ""product_id"": ""PROD_0009"", ""order_date"": ""2024-01-22"", ""quantity"": 3, ""payment_method"": ""Credit Card"", ""order_status"": ""Completed""}"
orders,ORD_0061488,ORPHAN_PRODUCT_FOREIGN_KEY,2026-09-08T16:00:15.302519+00:00,"{""order_id"": ""ORD_0061488"", ""customer_id"": ""CUST_004664"", ""product_id"": ""PROD_0009"", ""order_date"": ""2024-01-22"", ""quantity"": 1, ""payment_method"": ""Credit Card"", ""order_status"": ""Refunded""}"
orders,ORD_0061624,ORPHAN_PRODUCT_FOREIGN_KEY,2026-09-08T16:00:15.302519+00:00,"{""order_id"": ""ORD_0061624"", ""customer_id"": ""CUST_005047"", ""product_id"": ""PROD_0009"", ""order_date"": ""2024-01-23"", ""quantity"": 2, ""payment_method"": ""Credit Card"", ""order_status"": ""Refunded""}"
orders,ORD_0061627,ORPHAN_PRODUCT_FOREIGN_KEY,2026-09-08T16:00:15.302519+00:00,"{""order_id"": ""ORD_0061627"", ""customer_id"": ""CUST_005227"", ""product_id"": ""PROD_0009"", ""order_date"": ""2024-01-23"", ""quantity"": 1, ""payment_method"": ""Credit Card"", ""order_status"": ""Completed""}"
orders,ORD_0061664,ORPHAN_PRODUCT_FOREIGN_KEY,2026-09-08T16:00:15.302519+00:00,"{""order_id"": ""ORD_0061664"", ""customer_id"": ""CUST_007858"", ""product_id"": ""PROD_0031"", ""order_date"": ""2024-01-23"", ""quantity"": 2, ""payment_method"": ""Credit Card"", ""order_status"": ""Completed""}"
orders,ORD_0061690,ORPHAN_PRODUCT_FOREIGN_KEY,2026-09-08T16:00:15.302519+00:00,"{""order_id"": ""ORD_0061690"", ""customer_id"": ""CUST_009982"", ""product_id"": ""PROD_0009"", ""order_date"": ""2024-01-23"", ""quantity"": 1, ""payment_method"": ""Credit Card"", ""order_status"": ""Refunded""}"
orders,ORD_0061780,ORPHAN_PRODUCT_FOREIGN_KEY,2026-09-08T16:00:15.302519+00:00,"{""order_id"": ""ORD_0061780"", ""customer_id"": ""CUST_006140"", ""product_id"": ""PROD_0009"", ""order_date"": ""2024-01-24"", ""quantity"": 1, ""payment_method"": ""Credit Card"", ""order_status"": ""Completed""}"
orders,ORD_0061787,ORPHAN_PRODUCT_FOREIGN_KEY,2026-09-08T16:00:15.302519+00:00,"{""order_id"": ""ORD_0061787"", ""customer_id"": ""CUST_006677"", ""product_id"": ""PROD_0155"", ""order_date"": ""2024-01-24"", ""quantity"": 3, ""payment_method"": ""PayPal"", ""order_status"": ""Completed""}"
orders,ORD_0061838,ORPHAN_PRODUCT_FOREIGN_KEY,2026-09-08T16:00:15.302519+00:00,"{""order_id"": ""ORD_0061838"", ""customer_id"": ""CUST_000648"", ""product_id"": ""PROD_0031"", ""order_date"": ""2024-01-25"", ""quantity"": 1, ""payment_method"": ""Debit Card"", ""order_status"": ""Completed""}"
orders,ORD_0061840,ORPHAN_PRODUCT_FOREIGN_KEY,2026-09-08T16:00:15.302519+00:00,"{""order_id"": ""ORD_0061840"", ""customer_id"": ""CUST_000778"", ""product_id"": ""PROD_0291"", ""order_date"": ""2024-01-25"", ""quantity"": 1, ""payment_method"": ""Apple Pay"", ""order_status"": ""Completed""}"
orders,ORD_0061850,ORPHAN_PRODUCT_FOREIGN_KEY,2026-09-08T16:00:15.302519+00:00,"{""order_id"": ""ORD_0061850"", ""customer_id"": ""CUST_001350"", ""product_id"": ""PROD_0009"", ""order_date"": ""2024-01-25"", ""quantity"": 1, ""payment_method"": ""Credit Card"", ""order_status"": ""Completed""}"
orders,ORD_0061979,ORPHAN_PRODUCT_FOREIGN_KEY,2026-09-08T16:00:15.302519+00:00,"{""order_id"": ""ORD_0061979"", ""customer_id"": ""CUST_001600"", ""product_id"": ""PROD_0009"", ""order_date"": ""2024-01-26"", ""quantity"": 1, ""payment_method"": ""Debit Card"", ""order_status"": ""Completed""}"
orders,ORD_0062001,ORPHAN_PRODUCT_FOREIGN_KEY,2026-09-08T16:00:15.302519+00:00,"{""order_id"": ""ORD_0062001"", ""customer_id"": ""CUST_003645"", ""product_id"": ""PROD_0101"", ""order_date"": ""2024-01-26"", ""quantity"": 1, ""payment_method"": ""Credit Card"", ""order_status"": ""Completed""}"
orders,ORD_0062018,ORPHAN_PRODUCT_FOREIGN_KEY,2026-09-08T16:00:15.302519+00:00,"{""order_id"": ""ORD_0062018"", ""customer_id"": ""CUST_004404"", ""product_id"": ""PROD_0031"", ""order_date"": ""2024-01-26"", ""quantity"": 1, ""payment_method"": ""Credit Card"", ""order_status"": ""Completed""}"
orders,ORD_0062060,ORPHAN_PRODUCT_FOREIGN_KEY,2026-09-08T16:00:15.302519+00:00,"{""order_id"": ""ORD_0062060"", ""customer_id"": ""CUST_007351"", ""product_id"": ""PROD_0031"", ""order_date"": ""2024-01-26"", ""quantity"": 1, ""payment_method"": ""PayPal"", ""order_status"": ""Completed""}"
orders,ORD_0062127,ORPHAN_PRODUCT_FOREIGN_KEY,2026-09-08T16:00:15.302519+00:00,"{""order_id"": ""ORD_0062127"", ""customer_id"": ""CUST_002199"", ""product_id"": ""PROD_0009"", ""order_date"": ""2024-01-27"", ""quantity"": 1, ""payment_method"": ""Credit Card"", ""order_status"": ""Completed""}"
orders,ORD_0062133,ORPHAN_PRODUCT_FOREIGN_KEY,2026-09-08T16:00:15.302519+00:00,"{""order_id"": ""ORD_0062133"", ""customer_id"": ""CUST_002912"", ""product_id"": ""PROD_0031"", ""order_date"": ""2024-01-27"", ""quantity"": 2, ""payment_method"": ""PayPal"", ""order_status"": ""Completed""}"
orders,ORD_0062137,ORPHAN_PRODUCT_FOREIGN_KEY,2026-09-08T16:00:15.302519+00:00,"{""order_id"": ""ORD_0062137"", ""customer_id"": ""CUST_003138"", ""product_id"": ""PROD_0177"", ""order_date"": ""2024-01-27"", ""quantity"": 1, ""payment_method"": ""PayPal"", ""order_status"": ""Completed""}"
orders,ORD_0062228,ORPHAN_PRODUCT_FOREIGN_KEY,2026-09-08T16:00:15.302519+00:00,"{""order_id"": ""ORD_0062228"", ""customer_id"": ""CUST_000268"", ""product_id"": ""PROD_0031"", ""order_date"": ""2024-01-28"", ""quantity"": 1, ""payment_method"": ""PayPal"", ""order_status"": ""Shipped""}"
orders,ORD_0062235,ORPHAN_PRODUCT_FOREIGN_KEY,2026-09-08T16:00:15.302519+00:00,"{""order_id"": ""ORD_0062235"", ""customer_id"": ""CUST_000971"", ""product_id"": ""PROD_0009"", ""order_date"": ""2024-01-28"", ""quantity"": 1, ""payment_method"": ""Credit Card"", ""order_status"": ""Completed""}"
orders,ORD_0062318,ORPHAN_PRODUCT_FOREIGN_KEY,2026-09-08T16:00:15.302519+00:00,"{""order_id"": ""ORD_0062318"", ""customer_id"": ""CUST_007180"", ""product_id"": ""PROD_0155"", ""order_date"": ""2024-01-28"", ""quantity"": 1, ""payment_method"": ""Credit Card"", ""order_status"": ""Completed""}"
orders,ORD_0062351,ORPHAN_PRODUCT_FOREIGN_KEY,2026-09-08T16:00:15.302519+00:00,"{""order_id"": ""ORD_0062351"", ""customer_id"": ""CUST_009689"", ""product_id"": ""PROD_0155"", ""order_date"": ""2024-01-28"", ""quantity"": 1, ""payment_method"": ""PayPal"", ""order_status"": ""Completed""}"
orders,ORD_0062382,ORPHAN_PRODUCT_FOREIGN_KEY,2026-09-08T16:00:15.302519+00:00,"{""order_id"": ""ORD_0062382"", ""customer_id"": ""CUST_002414"", ""product_id"": ""PROD_0177"", ""order_date"": ""2024-01-29"", ""quantity"": 1, ""payment_method"": ""Credit Card"", ""order_status"": ""Completed""}"
orders,ORD_0062448,ORPHAN_PRODUCT_FOREIGN_KEY,2026-09-08T16:00:15.302519+00:00,"{""order_id"": ""ORD_0062448"", ""customer_id"": ""CUST_006756"", ""product_id"": ""PROD_0031"", ""order_date"": ""2024-01-29"", ""quantity"": 2, ""payment_method"": ""Cash on Delivery"", ""order_status"": ""Completed""}"
orders,ORD_0062465,ORPHAN_PRODUCT_FOREIGN_KEY,2026-09-08T16:00:15.302519+00:00,"{""order_id"": ""ORD_0062465"", ""customer_id"": ""CUST_008007"", ""product_id"": ""PROD_0009"", ""order_date"": ""2024-01-29"", ""quantity"": 2, ""payment_method"": ""Credit Card"", ""order_status"": ""Completed""}"
orders,ORD_0062467,ORPHAN_PRODUCT_FOREIGN_KEY,2026-09-08T16:00:15.302519+00:00,"{""order_id"": ""ORD_0062467"", ""customer_id"": ""CUST_008067"", ""product_id"": ""PROD_0009"", ""order_date"": ""2024-01-29"", ""quantity"": 2, ""payment_method"": ""Credit Card"", ""order_status"": ""Completed""}"
orders,ORD_0062483,ORPHAN_PRODUCT_FOREIGN_KEY,2026-09-08T16:00:15.302519+00:00,"{""order_id"": ""ORD_0062483"", ""customer_id"": ""CUST_009356"", ""product_id"": ""PROD_0155"", ""order_date"": ""2024-01-29"", ""quantity"": 1, ""payment_method"": ""PayPal"", ""order_status"": ""Shipped""}"
orders,ORD_0062505,ORPHAN_PRODUCT_FOREIGN_KEY,2026-09-08T16:00:15.302519+00:00,"{""order_id"": ""ORD_0062505"", ""customer_id"": ""CUST_000811"", ""product_id"": ""PROD_0009"", ""order_date"": ""2024-01-30"", ""quantity"": 3, ""payment_method"": ""PayPal"", ""order_status"": ""Completed""}"
orders,ORD_0062552,ORPHAN_PRODUCT_FOREIGN_KEY,2026-09-08T16:00:15.302519+00:00,"{""order_id"": ""ORD_0062552"", ""customer_id"": ""CUST_003948"", ""product_id"": ""PROD_0031"", ""order_date"": ""2024-01-30"", ""quantity"": 1, ""payment_method"": ""PayPal"", ""order_status"": ""Completed""}"
orders,ORD_0062624,ORPHAN_PRODUCT_FOREIGN_KEY,2026-09-08T16:00:15.302519+00:00,"{""order_id"": ""ORD_0062624"", ""customer_id"": ""CUST_008300"", ""product_id"": ""PROD_0177"", ""order_date"": ""2024-01-30"", ""quantity"": 1, ""payment_method"": ""PayPal"", ""order_status"": ""Completed""}"
orders,ORD_0062679,ORPHAN_PRODUCT_FOREIGN_KEY,2026-09-08T16:00:15.302519+00:00,"{""order_id"": ""ORD_0062679"", ""customer_id"": ""CUST_001786"", ""product_id"": ""PROD_0101"", ""order_date"": ""2024-01-31"", ""quantity"": 1, ""payment_method"": ""Debit Card"", ""order_status"": ""Completed""}"
orders,ORD_0062685,ORPHAN_PRODUCT_FOREIGN_KEY,2026-09-08T16:00:15.302519+00:00,"{""order_id"": ""ORD_0062685"", ""customer_id"": ""CUST_002137"", ""product_id"": ""PROD_0009"", ""order_date"": ""2024-01-31"", ""quantity"": 1, ""payment_method"": ""Credit Card"", ""order_status"": ""Completed""}"
orders,ORD_0062733,ORPHAN_PRODUCT_FOREIGN_KEY,2026-09-08T16:00:15.302519+00:00,"{""order_id"": ""ORD_0062733"", ""customer_id"": ""CUST_005648"", ""product_id"": ""PROD_0009"", ""order_date"": ""2024-01-31"", ""quantity"": 1, ""payment_method"": ""Credit Card"", ""order_status"": ""Shipped""}"
orders,ORD_0062791,ORPHAN_PRODUCT_FOREIGN_KEY,2026-09-08T16:00:15.302519+00:00,"{""order_id"": ""ORD_0062791"", ""customer_id"": ""CUST_009799"", ""product_id"": ""PROD_0009"", ""order_date"": ""2024-01-31"", ""quantity"": 1, ""payment_method"": ""Cash on Delivery"", ""order_status"": ""Cancelled""}"
orders,ORD_0062802,ORPHAN_PRODUCT_FOREIGN_KEY,2026-09-08T16:00:15.302519+00:00,"{""order_id"": ""ORD_0062802"", ""customer_id"": ""CUST_000422"", ""product_id"": ""PROD_0031"", ""order_date"": ""2024-02-01"", ""quantity"": 2, ""payment_method"": ""Credit Card"", ""order_status"": ""Completed""}"
orders,ORD_0062826,ORPHAN_PRODUCT_FOREIGN_KEY,2026-09-08T16:00:15.302519+00:00,"{""order_id"": ""ORD_0062826"", ""customer_id"": ""CUST_002434"", ""product_id"": ""PROD_0009"", ""order_date"": ""2024-02-01"", ""quantity"": 1, ""payment_method"": ""PayPal"", ""order_status"": ""Refunded""}"
orders,ORD_0062832,ORPHAN_PRODUCT_FOREIGN_KEY,2026-09-08T16:00:15.302519+00:00,"{""order_id"": ""ORD_0062832"", ""customer_id"": ""CUST_003039"", ""product_id"": ""PROD_0009"", ""order_date"": ""2024-02-01"", ""quantity"": 2, ""payment_method"": ""Debit Card"", ""order_status"": ""Completed""}"
orders,ORD_0062889,ORPHAN_PRODUCT_FOREIGN_KEY,2026-09-08T16:00:15.302519+00:00,"{""order_id"": ""ORD_0062889"", ""customer_id"": ""CUST_007478"", ""product_id"": ""PROD_0009"", ""order_date"": ""2024-02-01"", ""quantity"": 1, ""payment_method"": ""Credit Card"", ""order_status"": ""Completed""}"
orders,ORD_0062898,ORPHAN_PRODUCT_FOREIGN_KEY,2026-09-08T16:00:15.302519+00:00,"{""order_id"": ""ORD_0062898"", ""customer_id"": ""CUST_008475"", ""product_id"": ""PROD_0031"", ""order_date"": ""2024-02-01"", ""quantity"": 2, ""payment_method"": ""Debit Card"", ""order_status"": ""Completed""}"
orders,ORD_0062922,ORPHAN_PRODUCT_FOREIGN_KEY,2026-09-08T16:00:15.302519+00:00,"{""order_id"": ""ORD_0062922"", ""customer_id"": ""CUST_009948"", ""product_id"": ""PROD_0009"", ""order_date"": ""2024-02-01"", ""quantity"": 4, ""payment_method"": ""Debit Card"", ""order_status"": ""Refunded""}"
orders,ORD_0063001,ORPHAN_PRODUCT_FOREIGN_KEY,2026-09-08T16:00:15.302519+00:00,"{""order_id"": ""ORD_0063001"", ""customer_id"": ""CUST_005709"", ""product_id"": ""PROD_0031"", ""order_date"": ""2024-02-02"", ""quantity"": 1, ""payment_method"": ""PayPal"", ""order_status"": ""Completed""}"
orders,ORD_0063034,ORPHAN_PRODUCT_FOREIGN_KEY,2026-09-08T16:00:15.302519+00:00,"{""order_id"": ""ORD_0063034"", ""customer_id"": ""CUST_008476"", ""product_id"": ""PROD_0155"", ""order_date"": ""2024-02-02"", ""quantity"": 1, ""payment_method"": ""Credit Card"", ""order_status"": ""Completed""}"
orders,ORD_0063035,ORPHAN_PRODUCT_FOREIGN_KEY,2026-09-08T16:00:15.302519+00:00,"{""order_id"": ""ORD_0063035"", ""customer_id"": ""CUST_008520"", ""product_id"": ""PROD_0101"", ""order_date"": ""2024-02-02"", ""quantity"": 1, ""payment_method"": ""Cash on Delivery"", ""order_status"": ""Completed""}"
orders,ORD_0063158,ORPHAN_PRODUCT_FOREIGN_KEY,2026-09-08T16:00:15.302519+00:00,"{""order_id"": ""ORD_0063158"", ""customer_id"": ""CUST_006997"", ""product_id"": ""PROD_0009"", ""order_date"": ""2024-02-03"", ""quantity"": 3, ""payment_method"": ""Apple Pay"", ""order_status"": ""Completed""}"
orders,ORD_0063160,ORPHAN_PRODUCT_FOREIGN_KEY,2026-09-08T16:00:15.302519+00:00,"{""order_id"": ""ORD_0063160"", ""customer_id"": ""CUST_007248"", ""product_id"": ""PROD_0009"", ""order_date"": ""2024-02-03"", ""quantity"": 3, ""payment_method"": ""Apple Pay"", ""order_status"": ""Completed""}"
orders,ORD_0063204,ORPHAN_PRODUCT_FOREIGN_KEY,2026-09-08T16:00:15.302519+00:00,"{""order_id"": ""ORD_0063204"", ""customer_id"": ""CUST_000424"", ""product_id"": ""PROD_0319"", ""order_date"": ""2024-02-04"", ""quantity"": 1, ""payment_method"": ""Credit Card"", ""order_status"": ""Completed""}"
orders,ORD_0063222,ORPHAN_PRODUCT_FOREIGN_KEY,2026-09-08T16:00:15.302519+00:00,"{""order_id"": ""ORD_0063222"", ""customer_id"": ""CUST_002035"", ""product_id"": ""PROD_0009"", ""order_date"": ""2024-02-04"", ""quantity"": 5, ""payment_method"": ""PayPal"", ""order_status"": ""Completed""}"
orders,ORD_0063233,ORPHAN_PRODUCT_FOREIGN_KEY,2026-09-08T16:00:15.302519+00:00,"{""order_id"": ""ORD_0063233"", ""customer_id"": ""CUST_003000"", ""product_id"": ""PROD_0009"", ""order_date"": ""2024-02-04"", ""quantity"": 1, ""payment_method"": ""Credit Card"", ""order_status"": ""Completed""}"
orders,ORD_0063338,ORPHAN_PRODUCT_FOREIGN_KEY,2026-09-08T16:00:15.302519+00:00,"{""order_id"": ""ORD_0063338"", ""customer_id"": ""CUST_000417"", ""product_id"": ""PROD_0031"", ""order_date"": ""2024-02-05"", ""quantity"": 2, ""payment_method"": ""PayPal"", ""order_status"": ""Completed""}"
orders,ORD_0063390,ORPHAN_PRODUCT_FOREIGN_KEY,2026-09-08T16:00:15.302519+00:00,"{""order_id"": ""ORD_0063390"", ""customer_id"": ""CUST_004225"", ""product_id"": ""PROD_0009"", ""order_date"": ""2024-02-05"", ""quantity"": 2, ""payment_method"": ""Cash on Delivery"", ""order_status"": ""Shipped""}"
orders,ORD_0063454,ORPHAN_PRODUCT_FOREIGN_KEY,2026-09-08T16:00:15.302519+00:00,"{""order_id"": ""ORD_0063454"", ""customer_id"": ""CUST_008671"", ""product_id"": ""PROD_0009"", ""order_date"": ""2024-02-05"", ""quantity"": 1, ""payment_method"": ""Credit Card"", ""order_status"": ""Shipped""}"
orders,ORD_0063455,ORPHAN_PRODUCT_FOREIGN_KEY,2026-09-08T16:00:15.302519+00:00,"{""order_id"": ""ORD_0063455"", ""customer_id"": ""CUST_008689"", ""product_id"": ""PROD_0009"", ""order_date"": ""2024-02-05"", ""quantity"": 1, ""payment_method"": ""PayPal"", ""order_status"": ""Cancelled""}"
orders,ORD_0063463,ORPHAN_PRODUCT_FOREIGN_KEY,2026-09-08T16:00:15.302519+00:00,"{""order_id"": ""ORD_0063463"", ""customer_id"": ""CUST_009523"", ""product_id"": ""PROD_0009"", ""order_date"": ""2024-02-05"", ""quantity"": 1, ""payment_method"": ""PayPal"", ""order_status"": ""Completed""}"
orders,ORD_0063477,ORPHAN_PRODUCT_FOREIGN_KEY,2026-09-08T16:00:15.302519+00:00,"{""order_id"": ""ORD_0063477"", ""customer_id"": ""CUST_000753"", ""product_id"": ""PROD_0009"", ""order_date"": ""2024-02-06"", ""quantity"": 1, ""payment_method"": ""PayPal"", ""order_status"": ""Completed""}"
orders,ORD_0063478,ORPHAN_PRODUCT_FOREIGN_KEY,2026-09-08T16:00:15.302519+00:00,"{""order_id"": ""ORD_0063478"", ""customer_id"": ""CUST_001078"", ""product_id"": ""PROD_0009"", ""order_date"": ""2024-02-06"", ""quantity"": 1, ""payment_method"": ""Credit Card"", ""order_status"": ""Completed""}"
orders,ORD_0063493,ORPHAN_PRODUCT_FOREIGN_KEY,2026-09-08T16:00:15.302519+00:00,"{""order_id"": ""ORD_0063493"", ""customer_id"": ""CUST_002316"", ""product_id"": ""PROD_0009"", ""order_date"": ""2024-02-06"", ""quantity"": 1, ""payment_method"": ""Credit Card"", ""order_status"": ""Completed""}"
orders,ORD_0063523,ORPHAN_PRODUCT_FOREIGN_KEY,2026-09-08T16:00:15.302519+00:00,"{""order_id"": ""ORD_0063523"", ""customer_id"": ""CUST_004246"", ""product_id"": ""PROD_0009"", ""order_date"": ""2024-02-06"", ""quantity"": 1, ""payment_method"": ""Apple Pay"", ""order_status"": ""Completed""}"
orders,ORD_0063581,ORPHAN_PRODUCT_FOREIGN_KEY,2026-09-08T16:00:15.302519+00:00,"{""order_id"": ""ORD_0063581"", ""customer_id"": ""CUST_008906"", ""product_id"": ""PROD_0009"", ""order_date"": ""2024-02-06"", ""quantity"": 1, ""payment_method"": ""Credit Card"", ""order_status"": ""Completed""}"
orders,ORD_0063633,ORPHAN_PRODUCT_FOREIGN_KEY,2026-09-08T16:00:15.302519+00:00,"{""order_id"": ""ORD_0063633"", ""customer_id"": ""CUST_001964"", ""product_id"": ""PROD_0009"", ""order_date"": ""2024-02-07"", ""quantity"": 5, ""payment_method"": ""Credit Card"", ""order_status"": ""Completed""}"
orders,ORD_0063645,ORPHAN_PRODUCT_FOREIGN_KEY,2026-09-08T16:00:15.302519+00:00,"{""order_id"": ""ORD_0063645"", ""customer_id"": ""CUST_003289"", ""product_id"": ""PROD_0009"", ""order_date"": ""2024-02-07"", ""quantity"": 2, ""payment_method"": ""PayPal"", ""order_status"": ""Completed""}"
orders,ORD_0063753,ORPHAN_PRODUCT_FOREIGN_KEY,2026-09-08T16:00:15.302519+00:00,"{""order_id"": ""ORD_0063753"", ""customer_id"": ""CUST_001161"", ""product_id"": ""PROD_0009"", ""order_date"": ""2024-02-08"", ""quantity"": 1, ""payment_method"": ""Credit Card"", ""order_status"": ""Completed""}"
orders,ORD_0063772,ORPHAN_PRODUCT_FOREIGN_KEY,2026-09-08T16:00:15.302519+00:00,"{""order_id"": ""ORD_0063772"", ""customer_id"": ""CUST_002334"", ""product_id"": ""PROD_0101"", ""order_date"": ""2024-02-08"", ""quantity"": 1, ""payment_method"": ""Credit Card"", ""order_status"": ""Completed""}"
orders,ORD_0063799,ORPHAN_PRODUCT_FOREIGN_KEY,2026-09-08T16:00:15.302519+00:00,"{""order_id"": ""ORD_0063799"", ""customer_id"": ""CUST_003858"", ""product_id"": ""PROD_0101"", ""order_date"": ""2024-02-08"", ""quantity"": 1, ""payment_method"": ""Credit Card"", ""order_status"": ""Completed""}"
orders,ORD_0063806,ORPHAN_PRODUCT_FOREIGN_KEY,2026-09-08T16:00:15.302519+00:00,"{""order_id"": ""ORD_0063806"", ""customer_id"": ""CUST_004644"", ""product_id"": ""PROD_0009"", ""order_date"": ""2024-02-08"", ""quantity"": 1, ""payment_method"": ""PayPal"", ""order_status"": ""Completed""}"
orders,ORD_0063959,ORPHAN_PRODUCT_FOREIGN_KEY,2026-09-08T16:00:15.302519+00:00,"{""order_id"": ""ORD_0063959"", ""customer_id"": ""CUST_005441"", ""product_id"": ""PROD_0009"", ""order_date"": ""2024-02-09"", ""quantity"": 1, ""payment_method"": ""Credit Card"", ""order_status"": ""Completed""}"
orders,ORD_0063985,ORPHAN_PRODUCT_FOREIGN_KEY,2026-09-08T16:00:15.302519+00:00,"{""order_id"": ""ORD_0063985"", ""customer_id"": ""CUST_007088"", ""product_id"": ""PROD_0009"", ""order_date"": ""2024-02-09"", ""quantity"": 1, ""payment_method"": ""Debit Card"", ""order_status"": ""Completed""}"
orders,ORD_0063994,ORPHAN_PRODUCT_FOREIGN_KEY,2026-09-08T16:00:15.302519+00:00,"{""order_id"": ""ORD_0063994"", ""customer_id"": ""CUST_007539"", ""product_id"": ""PROD_0031"", ""order_date"": ""2024-02-09"", ""quantity"": 1, ""payment_method"": ""Credit Card"", ""order_status"": ""Completed""}"
orders,ORD_0064040,ORPHAN_PRODUCT_FOREIGN_KEY,2026-09-08T16:00:15.302519+00:00,"{""order_id"": ""ORD_0064040"", ""customer_id"": ""CUST_000052"", ""product_id"": ""PROD_0101"", ""order_date"": ""2024-02-10"", ""quantity"": 3, ""payment_method"": ""PayPal"", ""order_status"": ""Completed""}"
orders,ORD_0064065,ORPHAN_PRODUCT_FOREIGN_KEY,2026-09-08T16:00:15.302519+00:00,"{""order_id"": ""ORD_0064065"", ""customer_id"": ""CUST_001894"", ""product_id"": ""PROD_0009"", ""order_date"": ""2024-02-10"", ""quantity"": 1, ""payment_method"": ""PayPal"", ""order_status"": ""Completed""}"
orders,ORD_0064182,ORPHAN_PRODUCT_FOREIGN_KEY,2026-09-08T16:00:15.302519+00:00,"{""order_id"": ""ORD_0064182"", ""customer_id"": ""CUST_009382"", ""product_id"": ""PROD_0009"", ""order_date"": ""2024-02-10"", ""quantity"": 2, ""payment_method"": ""PayPal"", ""order_status"": ""Completed""}"
orders,ORD_0064258,ORPHAN_PRODUCT_FOREIGN_KEY,2026-09-08T16:00:15.302519+00:00,"{""order_id"": ""ORD_0064258"", ""customer_id"": ""CUST_004922"", ""product_id"": ""PROD_0009"", ""order_date"": ""2024-02-11"", ""quantity"": 1, ""payment_method"": ""Credit Card"", ""order_status"": ""Completed""}"
orders,ORD_0064283,ORPHAN_PRODUCT_FOREIGN_KEY,2026-09-08T16:00:15.302519+00:00,"{""order_id"": ""ORD_0064283"", ""customer_id"": ""CUST_006609"", ""product_id"": ""PROD_0031"", ""order_date"": ""2024-02-11"", ""quantity"": 5, ""payment_method"": ""Credit Card"", ""order_status"": ""Completed""}"
orders,ORD_0064340,ORPHAN_PRODUCT_FOREIGN_KEY,2026-09-08T16:00:15.302519+00:00,"{""order_id"": ""ORD_0064340"", ""customer_id"": ""CUST_001369"", ""product_id"": ""PROD_0009"", ""order_date"": ""2024-02-12"", ""quantity"": 2, ""payment_method"": ""Credit Card"", ""order_status"": ""Completed""}"
orders,ORD_0064381,ORPHAN_PRODUCT_FOREIGN_KEY,2026-09-08T16:00:15.302519+00:00,"{""order_id"": ""ORD_0064381"", ""customer_id"": ""CUST_004195"", ""product_id"": ""PROD_0009"", ""order_date"": ""2024-02-12"", ""quantity"": 1, ""payment_method"": ""Credit Card"", ""order_status"": ""Shipped""}"
orders,ORD_0064388,ORPHAN_PRODUCT_FOREIGN_KEY,2026-09-08T16:00:15.302519+00:00,"{""order_id"": ""ORD_0064388"", ""customer_id"": ""CUST_004866"", ""product_id"": ""PROD_0031"", ""order_date"": ""2024-02-12"", ""quantity"": 1, ""payment_method"": ""Credit Card"", ""order_status"": ""Completed""}"
orders,ORD_0064417,ORPHAN_PRODUCT_FOREIGN_KEY,2026-09-08T16:00:15.302519+00:00,"{""order_id"": ""ORD_0064417"", ""customer_id"": ""CUST_006861"", ""product_id"": ""PROD_0155"", ""order_date"": ""2024-02-12"", ""quantity"": 1, ""payment_method"": ""Credit Card"", ""order_status"": ""Completed""}"
orders,ORD_0064418,ORPHAN_PRODUCT_FOREIGN_KEY,2026-09-08T16:00:15.302519+00:00,"{""order_id"": ""ORD_0064418"", ""customer_id"": ""CUST_006877"", ""product_id"": ""PROD_0009"", ""order_date"": ""2024-02-12"", ""quantity"": 3, ""payment_method"": ""Credit Card"", ""order_status"": ""Completed""}"
orders,ORD_0064477,ORPHAN_PRODUCT_FOREIGN_KEY,2026-09-08T16:00:15.302519+00:00,"{""order_id"": ""ORD_0064477"", ""customer_id"": ""CUST_000797"", ""product_id"": ""PROD_0291"", ""order_date"": ""2024-02-13"", ""quantity"": 1, ""payment_method"": ""Credit Card"", ""order_status"": ""Completed""}"
orders,ORD_0064478,ORPHAN_PRODUCT_FOREIGN_KEY,2026-09-08T16:00:15.302519+00:00,"{""order_id"": ""ORD_0064478"", ""customer_id"": ""CUST_000865"", ""product_id"": ""PROD_0009"", ""order_date"": ""2024-02-13"", ""quantity"": 1, ""payment_method"": ""PayPal"", ""order_status"": ""Completed""}"
orders,ORD_0064513,ORPHAN_PRODUCT_FOREIGN_KEY,2026-09-08T16:00:15.302519+00:00,"{""order_id"": ""ORD_0064513"", ""customer_id"": ""CUST_003860"", ""product_id"": ""PROD_0101"", ""order_date"": ""2024-02-13"", ""quantity"": 5, ""payment_method"": ""PayPal"", ""order_status"": ""Completed""}"
orders,ORD_0064535,ORPHAN_PRODUCT_FOREIGN_KEY,2026-09-08T16:00:15.302519+00:00,"{""order_id"": ""ORD_0064535"", ""customer_id"": ""CUST_005363"", ""product_id"": ""PROD_0009"", ""order_date"": ""2024-02-13"", ""quantity"": 1, ""payment_method"": ""Debit Card"", ""order_status"": ""Cancelled""}"
orders,ORD_0064567,ORPHAN_PRODUCT_FOREIGN_KEY,2026-09-08T16:00:15.302519+00:00,"{""order_id"": ""ORD_0064567"", ""customer_id"": ""CUST_007428"", ""product_id"": ""PROD_0009"", ""order_date"": ""2024-02-13"", ""quantity"": 1, ""payment_method"": ""Credit Card"", ""order_status"": ""Completed""}"
orders,ORD_0064577,ORPHAN_PRODUCT_FOREIGN_KEY,2026-09-08T16:00:15.302519+00:00,"{""order_id"": ""ORD_0064577"", ""customer_id"": ""CUST_008446"", ""product_id"": ""PROD_0009"", ""order_date"": ""2024-02-13"", ""quantity"": 1, ""payment_method"": ""PayPal"", ""order_status"": ""Completed""}"
orders,ORD_0064600,ORPHAN_PRODUCT_FOREIGN_KEY,2026-09-08T16:00:15.302519+00:00,"{""order_id"": ""ORD_0064600"", ""customer_id"": ""CUST_009658"", ""product_id"": ""PROD_0101"", ""order_date"": ""2024-02-13"", ""quantity"": 2, ""payment_method"": ""Credit Card"", ""order_status"": ""Completed""}"
orders,ORD_0064603,ORPHAN_PRODUCT_FOREIGN_KEY,2026-09-08T16:00:15.302519+00:00,"{""order_id"": ""ORD_0064603"", ""customer_id"": ""CUST_009689"", ""product_id"": ""PROD_0009"", ""order_date"": ""2024-02-13"", ""quantity"": 2, ""payment_method"": ""PayPal"", ""order_status"": ""Completed""}"
orders,ORD_0064639,ORPHAN_PRODUCT_FOREIGN_KEY,2026-09-08T16:00:15.302519+00:00,"{""order_id"": ""ORD_0064639"", ""customer_id"": ""CUST_002055"", ""product_id"": ""PROD_0031"", ""order_date"": ""2024-02-14"", ""quantity"": 1, ""payment_method"": ""Credit Card"", ""order_status"": ""Completed""}"
orders,ORD_0064695,ORPHAN_PRODUCT_FOREIGN_KEY,2026-09-08T16:00:15.302519+00:00,"{""order_id"": ""ORD_0064695"", ""customer_id"": ""CUST_005682"", ""product_id"": ""PROD_0101"", ""order_date"": ""2024-02-14"", ""quantity"": 1, ""payment_method"": ""PayPal"", ""order_status"": ""Completed""}"
orders,ORD_0064702,ORPHAN_PRODUCT_FOREIGN_KEY,2026-09-08T16:00:15.302519+00:00,"{""order_id"": ""ORD_0064702"", ""customer_id"": ""CUST_006113"", ""product_id"": ""PROD_0485"", ""order_date"": ""2024-02-14"", ""quantity"": 1, ""payment_method"": ""PayPal"", ""order_status"": ""Completed""}"
orders,ORD_0064705,ORPHAN_PRODUCT_FOREIGN_KEY,2026-09-08T16:00:15.302519+00:00,"{""order_id"": ""ORD_0064705"", ""customer_id"": ""CUST_006410"", ""product_id"": ""PROD_0009"", ""order_date"": ""2024-02-14"", ""quantity"": 3, ""payment_method"": ""PayPal"", ""order_status"": ""Completed""}"
orders,ORD_0064808,ORPHAN_PRODUCT_FOREIGN_KEY,2026-09-08T16:00:15.302519+00:00,"{""order_id"": ""ORD_0064808"", ""customer_id"": ""CUST_004216"", ""product_id"": ""PROD_0101"", ""order_date"": ""2024-02-15"", ""quantity"": 2, ""payment_method"": ""Credit Card"", ""order_status"": ""Completed""}"
orders,ORD_0064819,ORPHAN_PRODUCT_FOREIGN_KEY,2026-09-08T16:00:15.302519+00:00,"{""order_id"": ""ORD_0064819"", ""customer_id"": ""CUST_004745"", ""product_id"": ""PROD_0009"", ""order_date"": ""2024-02-15"", ""quantity"": 4, ""payment_method"": ""Apple Pay"", ""order_status"": ""Completed""}"
orders,ORD_0064861,ORPHAN_PRODUCT_FOREIGN_KEY,2026-09-08T16:00:15.302519+00:00,"{""order_id"": ""ORD_0064861"", ""customer_id"": ""CUST_008734"", ""product_id"": ""PROD_0009"", ""order_date"": ""2024-02-15"", ""quantity"": 1, ""payment_method"": ""Credit Card"", ""order_status"": ""Completed""}"
orders,ORD_0064885,ORPHAN_PRODUCT_FOREIGN_KEY,2026-09-08T16:00:15.302519+00:00,"{""order_id"": ""ORD_0064885"", ""customer_id"": ""CUST_000435"", ""product_id"": ""PROD_0009"", ""order_date"": ""2024-02-16"", ""quantity"": 1, ""payment_method"": ""Credit Card"", ""order_status"": ""Completed""}"
orders,ORD_0064893,ORPHAN_PRODUCT_FOREIGN_KEY,2026-09-08T16:00:15.302519+00:00,"{""order_id"": ""ORD_0064893"", ""customer_id"": ""CUST_000944"", ""product_id"": ""PROD_0009"", ""order_date"": ""2024-02-16"", ""quantity"": 3, ""payment_method"": ""Cash on Delivery"", ""order_status"": ""Completed""}"
orders,ORD_0064910,ORPHAN_PRODUCT_FOREIGN_KEY,2026-09-08T16:00:15.302519+00:00,"{""order_id"": ""ORD_0064910"", ""customer_id"": ""CUST_001807"", ""product_id"": ""PROD_0031"", ""order_date"": ""2024-02-16"", ""quantity"": 1, ""payment_method"": ""PayPal"", ""order_status"": ""Completed""}"
orders,ORD_0064981,ORPHAN_PRODUCT_FOREIGN_KEY,2026-09-08T16:00:15.302519+00:00,"{""order_id"": ""ORD_0064981"", ""customer_id"": ""CUST_007137"", ""product_id"": ""PROD_0177"", ""order_date"": ""2024-02-16"", ""quantity"": 4, ""payment_method"": ""Credit Card"", ""order_status"": ""Refunded""}"
orders,ORD_0064988,ORPHAN_PRODUCT_FOREIGN_KEY,2026-09-08T16:00:15.302519+00:00,"{""order_id"": ""ORD_0064988"", ""customer_id"": ""CUST_007542"", ""product_id"": ""PROD_0009"", ""order_date"": ""2024-02-16"", ""quantity"": 2, ""payment_method"": ""Credit Card"", ""order_status"": ""Completed""}"
orders,ORD_0064998,ORPHAN_PRODUCT_FOREIGN_KEY,2026-09-08T16:00:15.302519+00:00,"{""order_id"": ""ORD_0064998"", ""customer_id"": ""CUST_008354"", ""product_id"": ""PROD_0031"", ""order_date"": ""2024-02-16"", ""quantity"": 1, ""payment_method"": ""Debit Card"", ""order_status"": ""Completed""}"
orders,ORD_0065148,ORPHAN_PRODUCT_FOREIGN_KEY,2026-09-08T16:00:15.302519+00:00,"{""order_id"": ""ORD_0065148"", ""customer_id"": ""CUST_008208"", ""product_id"": ""PROD_0155"", ""order_date"": ""2024-02-17"", ""quantity"": 1, ""payment_method"": ""Credit Card"", ""order_status"": ""Completed""}"
orders,ORD_0065161,ORPHAN_PRODUCT_FOREIGN_KEY,2026-09-08T16:00:15.302519+00:00,"{""order_id"": ""ORD_0065161"", ""customer_id"": ""CUST_009191"", ""product_id"": ""PROD_0009"", ""order_date"": ""2024-02-17"", ""quantity"": 1, ""payment_method"": ""Credit Card"", ""order_status"": ""Completed""}"
orders,ORD_0065250,ORPHAN_PRODUCT_FOREIGN_KEY,2026-09-08T16:00:15.302519+00:00,"{""order_id"": ""ORD_0065250"", ""customer_id"": ""CUST_005731"", ""product_id"": ""PROD_0009"", ""order_date"": ""2024-02-18"", ""quantity"": 1, ""payment_method"": ""Credit Card"", ""order_status"": ""Completed""}"
orders,ORD_0065278,ORPHAN_PRODUCT_FOREIGN_KEY,2026-09-08T16:00:15.302519+00:00,"{""order_id"": ""ORD_0065278"", ""customer_id"": ""CUST_007847"", ""product_id"": ""PROD_0101"", ""order_date"": ""2024-02-18"", ""quantity"": 2, ""payment_method"": ""Credit Card"", ""order_status"": ""Completed""}"
orders,ORD_0065366,ORPHAN_PRODUCT_FOREIGN_KEY,2026-09-08T16:00:15.302519+00:00,"{""order_id"": ""ORD_0065366"", ""customer_id"": ""CUST_003838"", ""product_id"": ""PROD_0009"", ""order_date"": ""2024-02-19"", ""quantity"": 1, ""payment_method"": ""Debit Card"", ""order_status"": ""Completed""}"
orders,ORD_0065374,ORPHAN_PRODUCT_FOREIGN_KEY,2026-09-08T16:00:15.302519+00:00,"{""order_id"": ""ORD_0065374"", ""customer_id"": ""CUST_004293"", ""product_id"": ""PROD_0009"", ""order_date"": ""2024-02-19"", ""quantity"": 1, ""payment_method"": ""Credit Card"", ""order_status"": ""Completed""}"
orders,ORD_0065400,ORPHAN_PRODUCT_FOREIGN_KEY,2026-09-08T16:00:15.302519+00:00,"{""order_id"": ""ORD_0065400"", ""customer_id"": ""CUST_005855"", ""product_id"": ""PROD_0031"", ""order_date"": ""2024-02-19"", ""quantity"": 2, ""payment_method"": ""Credit Card"", ""order_status"": ""Shipped""}"
orders,ORD_0065409,ORPHAN_PRODUCT_FOREIGN_KEY,2026-09-08T16:00:15.302519+00:00,"{""order_id"": ""ORD_0065409"", ""customer_id"": ""CUST_006698"", ""product_id"": ""PROD_0009"", ""order_date"": ""2024-02-19"", ""quantity"": 1, ""payment_method"": ""Apple Pay"", ""order_status"": ""Cancelled""}"
orders,ORD_0065429,ORPHAN_PRODUCT_FOREIGN_KEY,2026-09-08T16:00:15.302519+00:00,"{""order_id"": ""ORD_0065429"", ""customer_id"": ""CUST_008108"", ""product_id"": ""PROD_0031"", ""order_date"": ""2024-02-19"", ""quantity"": 1, ""payment_method"": ""Debit Card"", ""order_status"": ""Completed""}"
orders,ORD_0065453,ORPHAN_PRODUCT_FOREIGN_KEY,2026-09-08T16:00:15.302519+00:00,"{""order_id"": ""ORD_0065453"", ""customer_id"": ""CUST_009694"", ""product_id"": ""PROD_0009"", ""order_date"": ""2024-02-19"", ""quantity"": 1, ""payment_method"": ""Credit Card"", ""order_status"": ""Completed""}"
orders,ORD_0065486,ORPHAN_PRODUCT_FOREIGN_KEY,2026-09-08T16:00:15.302519+00:00,"{""order_id"": ""ORD_0065486"", ""customer_id"": ""CUST_001644"", ""product_id"": ""PROD_0009"", ""order_date"": ""2024-02-20"", ""quantity"": 1, ""payment_method"": ""Debit Card"", ""order_status"": ""Completed""}"
orders,ORD_0065518,ORPHAN_PRODUCT_FOREIGN_KEY,2026-09-08T16:00:15.302519+00:00,"{""order_id"": ""ORD_0065518"", ""customer_id"": ""CUST_003510"", ""product_id"": ""PROD_0009"", ""order_date"": ""2024-02-20"", ""quantity"": 3, ""payment_method"": ""PayPal"", ""order_status"": ""Completed""}"
orders,ORD_0065539,ORPHAN_PRODUCT_FOREIGN_KEY,2026-09-08T16:00:15.302519+00:00,"{""order_id"": ""ORD_0065539"", ""customer_id"": ""CUST_005282"", ""product_id"": ""PROD_0009"", ""order_date"": ""2024-02-20"", ""quantity"": 1, ""payment_method"": ""Debit Card"", ""order_status"": ""Completed""}"
orders,ORD_0065546,ORPHAN_PRODUCT_FOREIGN_KEY,2026-09-08T16:00:15.302519+00:00,"{""order_id"": ""ORD_0065546"", ""customer_id"": ""CUST_005833"", ""product_id"": ""PROD_0101"", ""order_date"": ""2024-02-20"", ""quantity"": 2, ""payment_method"": ""Credit Card"", ""order_status"": ""Completed""}"
orders,ORD_0065551,ORPHAN_PRODUCT_FOREIGN_KEY,2026-09-08T16:00:15.302519+00:00,"{""order_id"": ""ORD_0065551"", ""customer_id"": ""CUST_006052"", ""product_id"": ""PROD_0009"", ""order_date"": ""2024-02-20"", ""quantity"": 1, ""payment_method"": ""Cash on Delivery"", ""order_status"": ""Completed""}"
orders,ORD_0065557,ORPHAN_PRODUCT_FOREIGN_KEY,2026-09-08T16:00:15.302519+00:00,"{""order_id"": ""ORD_0065557"", ""customer_id"": ""CUST_007034"", ""product_id"": ""PROD_0031"", ""order_date"": ""2024-02-20"", ""quantity"": 1, ""payment_method"": ""PayPal"", ""order_status"": ""Completed""}"
orders,ORD_0065599,ORPHAN_PRODUCT_FOREIGN_KEY,2026-09-08T16:00:15.302519+00:00,"{""order_id"": ""ORD_0065599"", ""customer_id"": ""CUST_009598"", ""product_id"": ""PROD_0291"", ""order_date"": ""2024-02-20"", ""quantity"": 1, ""payment_method"": ""Cash on Delivery"", ""order_status"": ""Completed""}"
orders,ORD_0065665,ORPHAN_PRODUCT_FOREIGN_KEY,2026-09-08T16:00:15.302519+00:00,"{""order_id"": ""ORD_0065665"", ""customer_id"": ""CUST_003778"", ""product_id"": ""PROD_0009"", ""order_date"": ""2024-02-21"", ""quantity"": 5, ""payment_method"": ""Credit Card"", ""order_status"": ""Cancelled""}"
orders,ORD_0065712,ORPHAN_PRODUCT_FOREIGN_KEY,2026-09-08T16:00:15.302519+00:00,"{""order_id"": ""ORD_0065712"", ""customer_id"": ""CUST_007485"", ""product_id"": ""PROD_0009"", ""order_date"": ""2024-02-21"", ""quantity"": 2, ""payment_method"": ""Credit Card"", ""order_status"": ""Shipped""}"
orders,ORD_0065714,ORPHAN_PRODUCT_FOREIGN_KEY,2026-09-08T16:00:15.302519+00:00,"{""order_id"": ""ORD_0065714"", ""customer_id"": ""CUST_007532"", ""product_id"": ""PROD_0009"", ""order_date"": ""2024-02-21"", ""quantity"": 2, ""payment_method"": ""Debit Card"", ""order_status"": ""Completed""}"
orders,ORD_0065721,ORPHAN_PRODUCT_FOREIGN_KEY,2026-09-08T16:00:15.302519+00:00,"{""order_id"": ""ORD_0065721"", ""customer_id"": ""CUST_007937"", ""product_id"": ""PROD_0031"", ""order_date"": ""2024-02-21"", ""quantity"": 1, ""payment_method"": ""Debit Card"", ""order_status"": ""Completed""}"
orders,ORD_0065741,ORPHAN_PRODUCT_FOREIGN_KEY,2026-09-08T16:00:15.302519+00:00,"{""order_id"": ""ORD_0065741"", ""customer_id"": ""CUST_009633"", ""product_id"": ""PROD_0031"", ""order_date"": ""2024-02-21"", ""quantity"": 1, ""payment_method"": ""Credit Card"", ""order_status"": ""Completed""}"
orders,ORD_0065745,ORPHAN_PRODUCT_FOREIGN_KEY,2026-09-08T16:00:15.302519+00:00,"{""order_id"": ""ORD_0065745"", ""customer_id"": ""CUST_000026"", ""product_id"": ""PROD_0485"", ""order_date"": ""2024-02-22"", ""quantity"": 1, ""payment_method"": ""Debit Card"", ""order_status"": ""Completed""}"
orders,ORD_0065765,ORPHAN_PRODUCT_FOREIGN_KEY,2026-09-08T16:00:15.302519+00:00,"{""order_id"": ""ORD_0065765"", ""customer_id"": ""CUST_000998"", ""product_id"": ""PROD_0101"", ""order_date"": ""2024-02-22"", ""quantity"": 1, ""payment_method"": ""Debit Card"", ""order_status"": ""Completed""}"
orders,ORD_0065783,ORPHAN_PRODUCT_FOREIGN_KEY,2026-09-08T16:00:15.302519+00:00,"{""order_id"": ""ORD_0065783"", ""customer_id"": ""CUST_001810"", ""product_id"": ""PROD_0009"", ""order_date"": ""2024-02-22"", ""quantity"": 3, ""payment_method"": ""PayPal"", ""order_status"": ""Completed""}"
orders,ORD_0065797,ORPHAN_PRODUCT_FOREIGN_KEY,2026-09-08T16:00:15.302519+00:00,"{""order_id"": ""ORD_0065797"", ""customer_id"": ""CUST_002567"", ""product_id"": ""PROD_0101"", ""order_date"": ""2024-02-22"", ""quantity"": 1, ""payment_method"": ""Debit Card"", ""order_status"": ""Completed""}"
orders,ORD_0065927,ORPHAN_PRODUCT_FOREIGN_KEY,2026-09-08T16:00:15.302519+00:00,"{""order_id"": ""ORD_0065927"", ""customer_id"": ""CUST_003364"", ""product_id"": ""PROD_0009"", ""order_date"": ""2024-02-23"", ""quantity"": 2, ""payment_method"": ""Credit Card"", ""order_status"": ""Completed""}"
orders,ORD_0066051,ORPHAN_PRODUCT_FOREIGN_KEY,2026-09-08T16:00:15.302519+00:00,"{""order_id"": ""ORD_0066051"", ""customer_id"": ""CUST_001743"", ""product_id"": ""PROD_0009"", ""order_date"": ""2024-02-24"", ""quantity"": 1, ""payment_method"": ""PayPal"", ""order_status"": ""Shipped""}"
orders,ORD_0066111,ORPHAN_PRODUCT_FOREIGN_KEY,2026-09-08T16:00:15.302519+00:00,"{""order_id"": ""ORD_0066111"", ""customer_id"": ""CUST_005287"", ""product_id"": ""PROD_0009"", ""order_date"": ""2024-02-24"", ""quantity"": 2, ""payment_method"": ""PayPal"", ""order_status"": ""Completed""}"
orders,ORD_0066138,ORPHAN_PRODUCT_FOREIGN_KEY,2026-09-08T16:00:15.302519+00:00,"{""order_id"": ""ORD_0066138"", ""customer_id"": ""CUST_006988"", ""product_id"": ""PROD_0009"", ""order_date"": ""2024-02-24"", ""quantity"": 2, ""payment_method"": ""Credit Card"", ""order_status"": ""Completed""}"
orders,ORD_0066183,ORPHAN_PRODUCT_FOREIGN_KEY,2026-09-08T16:00:15.302519+00:00,"{""order_id"": ""ORD_0066183"", ""customer_id"": ""CUST_000122"", ""product_id"": ""PROD_0009"", ""order_date"": ""2024-02-25"", ""quantity"": 5, ""payment_method"": ""Cash on Delivery"", ""order_status"": ""Cancelled""}"
orders,ORD_0066253,ORPHAN_PRODUCT_FOREIGN_KEY,2026-09-08T16:00:15.302519+00:00,"{""order_id"": ""ORD_0066253"", ""customer_id"": ""CUST_005302"", ""product_id"": ""PROD_0009"", ""order_date"": ""2024-02-25"", ""quantity"": 1, ""payment_method"": ""PayPal"", ""order_status"": ""Completed""}"
orders,ORD_0066264,ORPHAN_PRODUCT_FOREIGN_KEY,2026-09-08T16:00:15.302519+00:00,"{""order_id"": ""ORD_0066264"", ""customer_id"": ""CUST_006092"", ""product_id"": ""PROD_0101"", ""order_date"": ""2024-02-25"", ""quantity"": 2, ""payment_method"": ""PayPal"", ""order_status"": ""Completed""}"
orders,ORD_0066278,ORPHAN_PRODUCT_FOREIGN_KEY,2026-09-08T16:00:15.302519+00:00,"{""order_id"": ""ORD_0066278"", ""customer_id"": ""CUST_007150"", ""product_id"": ""PROD_0031"", ""order_date"": ""2024-02-25"", ""quantity"": 1, ""payment_method"": ""PayPal"", ""order_status"": ""Completed""}"
orders,ORD_0066313,ORPHAN_PRODUCT_FOREIGN_KEY,2026-09-08T16:00:15.302519+00:00,"{""order_id"": ""ORD_0066313"", ""customer_id"": ""CUST_000239"", ""product_id"": ""PROD_0031"", ""order_date"": ""2024-02-26"", ""quantity"": 1, ""payment_method"": ""Credit Card"", ""order_status"": ""Completed""}"
orders,ORD_0066358,ORPHAN_PRODUCT_FOREIGN_KEY,2026-09-08T16:00:15.302519+00:00,"{""order_id"": ""ORD_0066358"", ""customer_id"": ""CUST_003238"", ""product_id"": ""PROD_0031"", ""order_date"": ""2024-02-26"", ""quantity"": 1, ""payment_method"": ""Credit Card"", ""order_status"": ""Completed""}"
orders,ORD_0066384,ORPHAN_PRODUCT_FOREIGN_KEY,2026-09-08T16:00:15.302519+00:00,"{""order_id"": ""ORD_0066384"", ""customer_id"": ""CUST_004768"", ""product_id"": ""PROD_0031"", ""order_date"": ""2024-02-26"", ""quantity"": 2, ""payment_method"": ""Credit Card"", ""order_status"": ""Completed""}"
orders,ORD_0066453,ORPHAN_PRODUCT_FOREIGN_KEY,2026-09-08T16:00:15.302519+00:00,"{""order_id"": ""ORD_0066453"", ""customer_id"": ""CUST_009960"", ""product_id"": ""PROD_0319"", ""order_date"": ""2024-02-26"", ""quantity"": 2, ""payment_method"": ""Credit Card"", ""order_status"": ""Completed""}"
orders,ORD_0066461,ORPHAN_PRODUCT_FOREIGN_KEY,2026-09-08T16:00:15.302519+00:00,"{""order_id"": ""ORD_0066461"", ""customer_id"": ""CUST_000583"", ""product_id"": ""PROD_0009"", ""order_date"": ""2024-02-27"", ""quantity"": 1, ""payment_method"": ""Credit Card"", ""order_status"": ""Completed""}"
orders,ORD_0066479,ORPHAN_PRODUCT_FOREIGN_KEY,2026-09-08T16:00:15.302519+00:00,"{""order_id"": ""ORD_0066479"", ""customer_id"": ""CUST_002186"", ""product_id"": ""PROD_0009"", ""order_date"": ""2024-02-27"", ""quantity"": 2, ""payment_method"": ""Credit Card"", ""order_status"": ""Completed""}"
orders,ORD_0066575,ORPHAN_PRODUCT_FOREIGN_KEY,2026-09-08T16:00:15.302519+00:00,"{""order_id"": ""ORD_0066575"", ""customer_id"": ""CUST_009514"", ""product_id"": ""PROD_0009"", ""order_date"": ""2024-02-27"", ""quantity"": 2, ""payment_method"": ""Apple Pay"", ""order_status"": ""Completed""}"
orders,ORD_0066584,ORPHAN_PRODUCT_FOREIGN_KEY,2026-09-08T16:00:15.302519+00:00,"{""order_id"": ""ORD_0066584"", ""customer_id"": ""CUST_009950"", ""product_id"": ""PROD_0009"", ""order_date"": ""2024-02-27"", ""quantity"": 1, ""payment_method"": ""PayPal"", ""order_status"": ""Completed""}"
orders,ORD_0066672,ORPHAN_PRODUCT_FOREIGN_KEY,2026-09-08T16:00:15.302519+00:00,"{""order_id"": ""ORD_0066672"", ""customer_id"": ""CUST_006523"", ""product_id"": ""PROD_0009"", ""order_date"": ""2024-02-28"", ""quantity"": 1, ""payment_method"": ""Debit Card"", ""order_status"": ""Completed""}"
orders,ORD_0066678,ORPHAN_PRODUCT_FOREIGN_KEY,2026-09-08T16:00:15.302519+00:00,"{""order_id"": ""ORD_0066678"", ""customer_id"": ""CUST_006726"", ""product_id"": ""PROD_0009"", ""order_date"": ""2024-02-28"", ""quantity"": 2, ""payment_method"": ""Credit Card"", ""order_status"": ""Completed""}"
orders,ORD_0066814,ORPHAN_PRODUCT_FOREIGN_KEY,2026-09-08T16:00:15.302519+00:00,"{""order_id"": ""ORD_0066814"", ""customer_id"": ""CUST_006689"", ""product_id"": ""PROD_0009"", ""order_date"": ""2024-02-29"", ""quantity"": 1, ""payment_method"": ""Cash on Delivery"", ""order_status"": ""Completed""}"
orders,ORD_0066821,ORPHAN_PRODUCT_FOREIGN_KEY,2026-09-08T16:00:15.302519+00:00,"{""order_id"": ""ORD_0066821"", ""customer_id"": ""CUST_007062"", ""product_id"": ""PROD_0009"", ""order_date"": ""2024-02-29"", ""quantity"": 1, ""payment_method"": ""Cash on Delivery"", ""order_status"": ""Completed""}"
orders,ORD_0066830,ORPHAN_PRODUCT_FOREIGN_KEY,2026-09-08T16:00:15.302519+00:00,"{""order_id"": ""ORD_0066830"", ""customer_id"": ""CUST_007562"", ""product_id"": ""PROD_0031"", ""order_date"": ""2024-02-29"", ""quantity"": 5, ""payment_method"": ""Credit Card"", ""order_status"": ""Completed""}"
orders,ORD_0066886,ORPHAN_PRODUCT_FOREIGN_KEY,2026-09-08T16:00:15.302519+00:00,"{""order_id"": ""ORD_0066886"", ""customer_id"": ""CUST_001810"", ""product_id"": ""PROD_0319"", ""order_date"": ""2024-03-01"", ""quantity"": 1, ""payment_method"": ""Debit Card"", ""order_status"": ""Completed""}"
orders,ORD_0066921,ORPHAN_PRODUCT_FOREIGN_KEY,2026-09-08T16:00:15.302519+00:00,"{""order_id"": ""ORD_0066921"", ""customer_id"": ""CUST_004257"", ""product_id"": ""PROD_0009"", ""order_date"": ""2024-03-01"", ""quantity"": 2, ""payment_method"": ""PayPal"", ""order_status"": ""Completed""}"
orders,ORD_0066978,ORPHAN_PRODUCT_FOREIGN_KEY,2026-09-08T16:00:15.302519+00:00,"{""order_id"": ""ORD_0066978"", ""customer_id"": ""CUST_008415"", ""product_id"": ""PROD_0101"", ""order_date"": ""2024-03-01"", ""quantity"": 1, ""payment_method"": ""Credit Card"", ""order_status"": ""Completed""}"
orders,ORD_0066990,ORPHAN_PRODUCT_FOREIGN_KEY,2026-09-08T16:00:15.302519+00:00,"{""order_id"": ""ORD_0066990"", ""customer_id"": ""CUST_008976"", ""product_id"": ""PROD_0009"", ""order_date"": ""2024-03-01"", ""quantity"": 1, ""payment_method"": ""Credit Card"", ""order_status"": ""Completed""}"
orders,ORD_0066997,ORPHAN_PRODUCT_FOREIGN_KEY,2026-09-08T16:00:15.302519+00:00,"{""order_id"": ""ORD_0066997"", ""customer_id"": ""CUST_009665"", ""product_id"": ""PROD_0291"", ""order_date"": ""2024-03-01"", ""quantity"": 1, ""payment_method"": ""Credit Card"", ""order_status"": ""Cancelled""}"
orders,ORD_0067062,ORPHAN_PRODUCT_FOREIGN_KEY,2026-09-08T16:00:15.302519+00:00,"{""order_id"": ""ORD_0067062"", ""customer_id"": ""CUST_004849"", ""product_id"": ""PROD_0031"", ""order_date"": ""2024-03-02"", ""quantity"": 3, ""payment_method"": ""PayPal"", ""order_status"": ""Completed""}"
orders,ORD_0067146,ORPHAN_PRODUCT_FOREIGN_KEY,2026-09-08T16:00:15.302519+00:00,"{""order_id"": ""ORD_0067146"", ""customer_id"": ""CUST_001253"", ""product_id"": ""PROD_0009"", ""order_date"": ""2024-03-03"", ""quantity"": 2, ""payment_method"": ""Credit Card"", ""order_status"": ""Completed""}"
orders,ORD_0067169,ORPHAN_PRODUCT_FOREIGN_KEY,2026-09-08T16:00:15.302519+00:00,"{""order_id"": ""ORD_0067169"", ""customer_id"": ""CUST_002889"", ""product_id"": ""PROD_0009"", ""order_date"": ""2024-03-03"", ""quantity"": 1, ""payment_method"": ""Debit Card"", ""order_status"": ""Cancelled""}"
orders,ORD_0067193,ORPHAN_PRODUCT_FOREIGN_KEY,2026-09-08T16:00:15.302519+00:00,"{""order_id"": ""ORD_0067193"", ""customer_id"": ""CUST_004962"", ""product_id"": ""PROD_0009"", ""order_date"": ""2024-03-03"", ""quantity"": 1, ""payment_method"": ""Credit Card"", ""order_status"": ""Completed""}"
orders,ORD_0067231,ORPHAN_PRODUCT_FOREIGN_KEY,2026-09-08T16:00:15.302519+00:00,"{""order_id"": ""ORD_0067231"", ""customer_id"": ""CUST_006836"", ""product_id"": ""PROD_0009"", ""order_date"": ""2024-03-03"", ""quantity"": 2, ""payment_method"": ""Credit Card"", ""order_status"": ""Completed""}"
orders,ORD_0067252,ORPHAN_PRODUCT_FOREIGN_KEY,2026-09-08T16:00:15.302519+00:00,"{""order_id"": ""ORD_0067252"", ""customer_id"": ""CUST_008276"", ""product_id"": ""PROD_0009"", ""order_date"": ""2024-03-03"", ""quantity"": 2, ""payment_method"": ""Credit Card"", ""order_status"": ""Completed""}"
orders,ORD_0067266,ORPHAN_PRODUCT_FOREIGN_KEY,2026-09-08T16:00:15.302519+00:00,"{""order_id"": ""ORD_0067266"", ""customer_id"": ""CUST_009014"", ""product_id"": ""PROD_0009"", ""order_date"": ""2024-03-03"", ""quantity"": 1, ""payment_method"": ""Credit Card"", ""order_status"": ""Completed""}"
orders,ORD_0067285,ORPHAN_PRODUCT_FOREIGN_KEY,2026-09-08T16:00:15.302519+00:00,"{""order_id"": ""ORD_0067285"", ""customer_id"": ""CUST_000190"", ""product_id"": ""PROD_0009"", ""order_date"": ""2024-03-04"", ""quantity"": 4, ""payment_method"": ""Credit Card"", ""order_status"": ""Completed""}"
orders,ORD_0067308,ORPHAN_PRODUCT_FOREIGN_KEY,2026-09-08T16:00:15.302519+00:00,"{""order_id"": ""ORD_0067308"", ""customer_id"": ""CUST_001470"", ""product_id"": ""PROD_0009"", ""order_date"": ""2024-03-04"", ""quantity"": 3, ""payment_method"": ""Credit Card"", ""order_status"": ""Completed""}"
orders,ORD_0067348,ORPHAN_PRODUCT_FOREIGN_KEY,2026-09-08T16:00:15.302519+00:00,"{""order_id"": ""ORD_0067348"", ""customer_id"": ""CUST_003877"", ""product_id"": ""PROD_0009"", ""order_date"": ""2024-03-04"", ""quantity"": 2, ""payment_method"": ""Cash on Delivery"", ""order_status"": ""Completed""}"
orders,ORD_0067389,ORPHAN_PRODUCT_FOREIGN_KEY,2026-09-08T16:00:15.302519+00:00,"{""order_id"": ""ORD_0067389"", ""customer_id"": ""CUST_006185"", ""product_id"": ""PROD_0009"", ""order_date"": ""2024-03-04"", ""quantity"": 1, ""payment_method"": ""PayPal"", ""order_status"": ""Completed""}"
orders,ORD_0067429,ORPHAN_PRODUCT_FOREIGN_KEY,2026-09-08T16:00:15.302519+00:00,"{""order_id"": ""ORD_0067429"", ""customer_id"": ""CUST_009699"", ""product_id"": ""PROD_0291"", ""order_date"": ""2024-03-04"", ""quantity"": 1, ""payment_method"": ""PayPal"", ""order_status"": ""Completed""}"
orders,ORD_0067495,ORPHAN_PRODUCT_FOREIGN_KEY,2026-09-08T16:00:15.302519+00:00,"{""order_id"": ""ORD_0067495"", ""customer_id"": ""CUST_004670"", ""product_id"": ""PROD_0009"", ""order_date"": ""2024-03-05"", ""quantity"": 1, ""payment_method"": ""PayPal"", ""order_status"": ""Completed""}"
orders,ORD_0067505,ORPHAN_PRODUCT_FOREIGN_KEY,2026-09-08T16:00:15.302519+00:00,"{""order_id"": ""ORD_0067505"", ""customer_id"": ""CUST_005630"", ""product_id"": ""PROD_0031"", ""order_date"": ""2024-03-05"", ""quantity"": 2, ""payment_method"": ""Credit Card"", ""order_status"": ""Completed""}"
orders,ORD_0067665,ORPHAN_PRODUCT_FOREIGN_KEY,2026-09-08T16:00:15.302519+00:00,"{""order_id"": ""ORD_0067665"", ""customer_id"": ""CUST_006672"", ""product_id"": ""PROD_0031"", ""order_date"": ""2024-03-06"", ""quantity"": 1, ""payment_method"": ""Cash on Delivery"", ""order_status"": ""Completed""}"
orders,ORD_0067863,ORPHAN_PRODUCT_FOREIGN_KEY,2026-09-08T16:00:15.302519+00:00,"{""order_id"": ""ORD_0067863"", ""customer_id"": ""CUST_000391"", ""product_id"": ""PROD_0009"", ""order_date"": ""2024-03-08"", ""quantity"": 4, ""payment_method"": ""Apple Pay"", ""order_status"": ""Completed""}"
orders,ORD_0067877,ORPHAN_PRODUCT_FOREIGN_KEY,2026-09-08T16:00:15.302519+00:00,"{""order_id"": ""ORD_0067877"", ""customer_id"": ""CUST_001546"", ""product_id"": ""PROD_0009"", ""order_date"": ""2024-03-08"", ""quantity"": 1, ""payment_method"": ""PayPal"", ""order_status"": ""Shipped""}"
orders,ORD_0068005,ORPHAN_PRODUCT_FOREIGN_KEY,2026-09-08T16:00:15.302519+00:00,"{""order_id"": ""ORD_0068005"", ""customer_id"": ""CUST_000658"", ""product_id"": ""PROD_0009"", ""order_date"": ""2024-03-09"", ""quantity"": 3, ""payment_method"": ""Cash on Delivery"", ""order_status"": ""Completed""}"
orders,ORD_0068179,ORPHAN_PRODUCT_FOREIGN_KEY,2026-09-08T16:00:15.302519+00:00,"{""order_id"": ""ORD_0068179"", ""customer_id"": ""CUST_003666"", ""product_id"": ""PROD_0031"", ""order_date"": ""2024-03-10"", ""quantity"": 1, ""payment_method"": ""Credit Card"", ""order_status"": ""Completed""}"
orders,ORD_0068295,ORPHAN_PRODUCT_FOREIGN_KEY,2026-09-08T16:00:15.302519+00:00,"{""order_id"": ""ORD_0068295"", ""customer_id"": ""CUST_001721"", ""product_id"": ""PROD_0009"", ""order_date"": ""2024-03-11"", ""quantity"": 1, ""payment_method"": ""PayPal"", ""order_status"": ""Completed""}"
orders,ORD_0068364,ORPHAN_PRODUCT_FOREIGN_KEY,2026-09-08T16:00:15.302519+00:00,"{""order_id"": ""ORD_0068364"", ""customer_id"": ""CUST_007197"", ""product_id"": ""PROD_0319"", ""order_date"": ""2024-03-11"", ""quantity"": 1, ""payment_method"": ""Debit Card"", ""order_status"": ""Completed""}"
orders,ORD_0068398,ORPHAN_PRODUCT_FOREIGN_KEY,2026-09-08T16:00:15.302519+00:00,"{""order_id"": ""ORD_0068398"", ""customer_id"": ""CUST_009320"", ""product_id"": ""PROD_0009"", ""order_date"": ""2024-03-11"", ""quantity"": 1, ""payment_method"": ""Credit Card"", ""order_status"": ""Completed""}"
orders,ORD_0068557,ORPHAN_PRODUCT_FOREIGN_KEY,2026-09-08T16:00:15.302519+00:00,"{""order_id"": ""ORD_0068557"", ""customer_id"": ""CUST_009931"", ""product_id"": ""PROD_0009"", ""order_date"": ""2024-03-12"", ""quantity"": 1, ""payment_method"": ""Credit Card"", ""order_status"": ""Completed""}"
orders,ORD_0068579,ORPHAN_PRODUCT_FOREIGN_KEY,2026-09-08T16:00:15.302519+00:00,"{""order_id"": ""ORD_0068579"", ""customer_id"": ""CUST_001330"", ""product_id"": ""PROD_0009"", ""order_date"": ""2024-03-13"", ""quantity"": 1, ""payment_method"": ""Credit Card"", ""order_status"": ""Completed""}"
orders,ORD_0068655,ORPHAN_PRODUCT_FOREIGN_KEY,2026-09-08T16:00:15.302519+00:00,"{""order_id"": ""ORD_0068655"", ""customer_id"": ""CUST_006256"", ""product_id"": ""PROD_0101"", ""order_date"": ""2024-03-13"", ""quantity"": 1, ""payment_method"": ""Credit Card"", ""order_status"": ""Refunded""}"
orders,ORD_0068688,ORPHAN_PRODUCT_FOREIGN_KEY,2026-09-08T16:00:15.302519+00:00,"{""order_id"": ""ORD_0068688"", ""customer_id"": ""CUST_008943"", ""product_id"": ""PROD_0319"", ""order_date"": ""2024-03-13"", ""quantity"": 1, ""payment_method"": ""PayPal"", ""order_status"": ""Completed""}"
orders,ORD_0068712,ORPHAN_PRODUCT_FOREIGN_KEY,2026-09-08T16:00:15.302519+00:00,"{""order_id"": ""ORD_0068712"", ""customer_id"": ""CUST_000748"", ""product_id"": ""PROD_0031"", ""order_date"": ""2024-03-14"", ""quantity"": 1, ""payment_method"": ""PayPal"", ""order_status"": ""Completed""}"
orders,ORD_0068730,ORPHAN_PRODUCT_FOREIGN_KEY,2026-09-08T16:00:15.302519+00:00,"{""order_id"": ""ORD_0068730"", ""customer_id"": ""CUST_002385"", ""product_id"": ""PROD_0155"", ""order_date"": ""2024-03-14"", ""quantity"": 1, ""payment_method"": ""Cash on Delivery"", ""order_status"": ""Completed""}"
orders,ORD_0068758,ORPHAN_PRODUCT_FOREIGN_KEY,2026-09-08T16:00:15.302519+00:00,"{""order_id"": ""ORD_0068758"", ""customer_id"": ""CUST_004366"", ""product_id"": ""PROD_0177"", ""order_date"": ""2024-03-14"", ""quantity"": 1, ""payment_method"": ""Cash on Delivery"", ""order_status"": ""Completed""}"
orders,ORD_0068761,ORPHAN_PRODUCT_FOREIGN_KEY,2026-09-08T16:00:15.302519+00:00,"{""order_id"": ""ORD_0068761"", ""customer_id"": ""CUST_004514"", ""product_id"": ""PROD_0009"", ""order_date"": ""2024-03-14"", ""quantity"": 1, ""payment_method"": ""Cash on Delivery"", ""order_status"": ""Completed""}"
orders,ORD_0068774,ORPHAN_PRODUCT_FOREIGN_KEY,2026-09-08T16:00:15.302519+00:00,"{""order_id"": ""ORD_0068774"", ""customer_id"": ""CUST_005435"", ""product_id"": ""PROD_0101"", ""order_date"": ""2024-03-14"", ""quantity"": 1, ""payment_method"": ""PayPal"", ""order_status"": ""Completed""}"
orders,ORD_0068783,ORPHAN_PRODUCT_FOREIGN_KEY,2026-09-08T16:00:15.302519+00:00,"{""order_id"": ""ORD_0068783"", ""customer_id"": ""CUST_006092"", ""product_id"": ""PROD_0101"", ""order_date"": ""2024-03-14"", ""quantity"": 1, ""payment_method"": ""Credit Card"", ""order_status"": ""Completed""}"
orders,ORD_0068807,ORPHAN_PRODUCT_FOREIGN_KEY,2026-09-08T16:00:15.302519+00:00,"{""order_id"": ""ORD_0068807"", ""customer_id"": ""CUST_007933"", ""product_id"": ""PROD_0031"", ""order_date"": ""2024-03-14"", ""quantity"": 2, ""payment_method"": ""Credit Card"", ""order_status"": ""Completed""}"
orders,ORD_0068813,ORPHAN_PRODUCT_FOREIGN_KEY,2026-09-08T16:00:15.302519+00:00,"{""order_id"": ""ORD_0068813"", ""customer_id"": ""CUST_008179"", ""product_id"": ""PROD_0009"", ""order_date"": ""2024-03-14"", ""quantity"": 2, ""payment_method"": ""Credit Card"", ""order_status"": ""Shipped""}"
orders,ORD_0068887,ORPHAN_PRODUCT_FOREIGN_KEY,2026-09-08T16:00:15.302519+00:00,"{""order_id"": ""ORD_0068887"", ""customer_id"": ""CUST_002416"", ""product_id"": ""PROD_0177"", ""order_date"": ""2024-03-15"", ""quantity"": 3, ""payment_method"": ""PayPal"", ""order_status"": ""Completed""}"
orders,ORD_0068912,ORPHAN_PRODUCT_FOREIGN_KEY,2026-09-08T16:00:15.302519+00:00,"{""order_id"": ""ORD_0068912"", ""customer_id"": ""CUST_004305"", ""product_id"": ""PROD_0031"", ""order_date"": ""2024-03-15"", ""quantity"": 1, ""payment_method"": ""Credit Card"", ""order_status"": ""Completed""}"
orders,ORD_0068975,ORPHAN_PRODUCT_FOREIGN_KEY,2026-09-08T16:00:15.302519+00:00,"{""order_id"": ""ORD_0068975"", ""customer_id"": ""CUST_008292"", ""product_id"": ""PROD_0009"", ""order_date"": ""2024-03-15"", ""quantity"": 1, ""payment_method"": ""Apple Pay"", ""order_status"": ""Completed""}"
orders,ORD_0069095,ORPHAN_PRODUCT_FOREIGN_KEY,2026-09-08T16:00:15.302519+00:00,"{""order_id"": ""ORD_0069095"", ""customer_id"": ""CUST_007490"", ""product_id"": ""PROD_0009"", ""order_date"": ""2024-03-16"", ""quantity"": 1, ""payment_method"": ""Credit Card"", ""order_status"": ""Completed""}"
orders,ORD_0069098,ORPHAN_PRODUCT_FOREIGN_KEY,2026-09-08T16:00:15.302519+00:00,"{""order_id"": ""ORD_0069098"", ""customer_id"": ""CUST_007549"", ""product_id"": ""PROD_0009"", ""order_date"": ""2024-03-16"", ""quantity"": 1, ""payment_method"": ""PayPal"", ""order_status"": ""Completed""}"
orders,ORD_0069202,ORPHAN_PRODUCT_FOREIGN_KEY,2026-09-08T16:00:15.302519+00:00,"{""order_id"": ""ORD_0069202"", ""customer_id"": ""CUST_004311"", ""product_id"": ""PROD_0101"", ""order_date"": ""2024-03-17"", ""quantity"": 1, ""payment_method"": ""Credit Card"", ""order_status"": ""Completed""}"
orders,ORD_0069285,ORPHAN_PRODUCT_FOREIGN_KEY,2026-09-08T16:00:15.302519+00:00,"{""order_id"": ""ORD_0069285"", ""customer_id"": ""CUST_001386"", ""product_id"": ""PROD_0155"", ""order_date"": ""2024-03-18"", ""quantity"": 1, ""payment_method"": ""PayPal"", ""order_status"": ""Completed""}"
orders,ORD_0069302,ORPHAN_PRODUCT_FOREIGN_KEY,2026-09-08T16:00:15.302519+00:00,"{""order_id"": ""ORD_0069302"", ""customer_id"": ""CUST_002447"", ""product_id"": ""PROD_0155"", ""order_date"": ""2024-03-18"", ""quantity"": 1, ""payment_method"": ""Credit Card"", ""order_status"": ""Shipped""}"
orders,ORD_0069326,ORPHAN_PRODUCT_FOREIGN_KEY,2026-09-08T16:00:15.302519+00:00,"{""order_id"": ""ORD_0069326"", ""customer_id"": ""CUST_004505"", ""product_id"": ""PROD_0031"", ""order_date"": ""2024-03-18"", ""quantity"": 1, ""payment_method"": ""PayPal"", ""order_status"": ""Completed""}"
orders,ORD_0069342,ORPHAN_PRODUCT_FOREIGN_KEY,2026-09-08T16:00:15.302519+00:00,"{""order_id"": ""ORD_0069342"", ""customer_id"": ""CUST_005723"", ""product_id"": ""PROD_0031"", ""order_date"": ""2024-03-18"", ""quantity"": 1, ""payment_method"": ""Credit Card"", ""order_status"": ""Refunded""}"
orders,ORD_0069417,ORPHAN_PRODUCT_FOREIGN_KEY,2026-09-08T16:00:15.302519+00:00,"{""order_id"": ""ORD_0069417"", ""customer_id"": ""CUST_002110"", ""product_id"": ""PROD_0009"", ""order_date"": ""2024-03-19"", ""quantity"": 2, ""payment_method"": ""Apple Pay"", ""order_status"": ""Completed""}"
orders,ORD_0069434,ORPHAN_PRODUCT_FOREIGN_KEY,2026-09-08T16:00:15.302519+00:00,"{""order_id"": ""ORD_0069434"", ""customer_id"": ""CUST_003435"", ""product_id"": ""PROD_0009"", ""order_date"": ""2024-03-19"", ""quantity"": 3, ""payment_method"": ""PayPal"", ""order_status"": ""Completed""}"
orders,ORD_0069448,ORPHAN_PRODUCT_FOREIGN_KEY,2026-09-08T16:00:15.302519+00:00,"{""order_id"": ""ORD_0069448"", ""customer_id"": ""CUST_004143"", ""product_id"": ""PROD_0009"", ""order_date"": ""2024-03-19"", ""quantity"": 1, ""payment_method"": ""Credit Card"", ""order_status"": ""Completed""}"
orders,ORD_0069488,ORPHAN_PRODUCT_FOREIGN_KEY,2026-09-08T16:00:15.302519+00:00,"{""order_id"": ""ORD_0069488"", ""customer_id"": ""CUST_007393"", ""product_id"": ""PROD_0009"", ""order_date"": ""2024-03-19"", ""quantity"": 2, ""payment_method"": ""Credit Card"", ""order_status"": ""Completed""}"
orders,ORD_0069527,ORPHAN_PRODUCT_FOREIGN_KEY,2026-09-08T16:00:15.302519+00:00,"{""order_id"": ""ORD_0069527"", ""customer_id"": ""CUST_000217"", ""product_id"": ""PROD_0031"", ""order_date"": ""2024-03-20"", ""quantity"": 1, ""payment_method"": ""Credit Card"", ""order_status"": ""Completed""}"
orders,ORD_0069667,ORPHAN_PRODUCT_FOREIGN_KEY,2026-09-08T16:00:15.302519+00:00,"{""order_id"": ""ORD_0069667"", ""customer_id"": ""CUST_009523"", ""product_id"": ""PROD_0031"", ""order_date"": ""2024-03-20"", ""quantity"": 1, ""payment_method"": ""Credit Card"", ""order_status"": ""Completed""}"
orders,ORD_0069711,ORPHAN_PRODUCT_FOREIGN_KEY,2026-09-08T16:00:15.302519+00:00,"{""order_id"": ""ORD_0069711"", ""customer_id"": ""CUST_002199"", ""product_id"": ""PROD_0101"", ""order_date"": ""2024-03-21"", ""quantity"": 1, ""payment_method"": ""Credit Card"", ""order_status"": ""Completed""}"
orders,ORD_0069717,ORPHAN_PRODUCT_FOREIGN_KEY,2026-09-08T16:00:15.302519+00:00,"{""order_id"": ""ORD_0069717"", ""customer_id"": ""CUST_002349"", ""product_id"": ""PROD_0031"", ""order_date"": ""2024-03-21"", ""quantity"": 1, ""payment_method"": ""Debit Card"", ""order_status"": ""Completed""}"
orders,ORD_0069723,ORPHAN_PRODUCT_FOREIGN_KEY,2026-09-08T16:00:15.302519+00:00,"{""order_id"": ""ORD_0069723"", ""customer_id"": ""CUST_002864"", ""product_id"": ""PROD_0009"", ""order_date"": ""2024-03-21"", ""quantity"": 1, ""payment_method"": ""PayPal"", ""order_status"": ""Completed""}"
orders,ORD_0069735,ORPHAN_PRODUCT_FOREIGN_KEY,2026-09-08T16:00:15.302519+00:00,"{""order_id"": ""ORD_0069735"", ""customer_id"": ""CUST_003918"", ""product_id"": ""PROD_0177"", ""order_date"": ""2024-03-21"", ""quantity"": 1, ""payment_method"": ""PayPal"", ""order_status"": ""Completed""}"
orders,ORD_0069753,ORPHAN_PRODUCT_FOREIGN_KEY,2026-09-08T16:00:15.302519+00:00,"{""order_id"": ""ORD_0069753"", ""customer_id"": ""CUST_004654"", ""product_id"": ""PROD_0009"", ""order_date"": ""2024-03-21"", ""quantity"": 3, ""payment_method"": ""Debit Card"", ""order_status"": ""Completed""}"
orders,ORD_0069786,ORPHAN_PRODUCT_FOREIGN_KEY,2026-09-08T16:00:15.302519+00:00,"{""order_id"": ""ORD_0069786"", ""customer_id"": ""CUST_007526"", ""product_id"": ""PROD_0177"", ""order_date"": ""2024-03-21"", ""quantity"": 1, ""payment_method"": ""Apple Pay"", ""order_status"": ""Completed""}"
orders,ORD_0069819,ORPHAN_PRODUCT_FOREIGN_KEY,2026-09-08T16:00:15.302519+00:00,"{""order_id"": ""ORD_0069819"", ""customer_id"": ""CUST_009817"", ""product_id"": ""PROD_0031"", ""order_date"": ""2024-03-21"", ""quantity"": 1, ""payment_method"": ""Unknown"", ""order_status"": ""Completed""}"
orders,ORD_0069824,ORPHAN_PRODUCT_FOREIGN_KEY,2026-09-08T16:00:15.302519+00:00,"{""order_id"": ""ORD_0069824"", ""customer_id"": ""CUST_000205"", ""product_id"": ""PROD_0009"", ""order_date"": ""2024-03-22"", ""quantity"": 4, ""payment_method"": ""Credit Card"", ""order_status"": ""Completed""}"
orders,ORD_0069910,ORPHAN_PRODUCT_FOREIGN_KEY,2026-09-08T16:00:15.302519+00:00,"{""order_id"": ""ORD_0069910"", ""customer_id"": ""CUST_005309"", ""product_id"": ""PROD_0101"", ""order_date"": ""2024-03-22"", ""quantity"": 1, ""payment_method"": ""PayPal"", ""order_status"": ""Completed""}"
orders,ORD_0069923,ORPHAN_PRODUCT_FOREIGN_KEY,2026-09-08T16:00:15.302519+00:00,"{""order_id"": ""ORD_0069923"", ""customer_id"": ""CUST_006064"", ""product_id"": ""PROD_0031"", ""order_date"": ""2024-03-22"", ""quantity"": 1, ""payment_method"": ""Credit Card"", ""order_status"": ""Completed""}"
orders,ORD_0070003,ORPHAN_PRODUCT_FOREIGN_KEY,2026-09-08T16:00:15.302519+00:00,"{""order_id"": ""ORD_0070003"", ""customer_id"": ""CUST_001668"", ""product_id"": ""PROD_0031"", ""order_date"": ""2024-03-23"", ""quantity"": 2, ""payment_method"": ""PayPal"", ""order_status"": ""Completed""}"
orders,ORD_0070054,ORPHAN_PRODUCT_FOREIGN_KEY,2026-09-08T16:00:15.302519+00:00,"{""order_id"": ""ORD_0070054"", ""customer_id"": ""CUST_005231"", ""product_id"": ""PROD_0177"", ""order_date"": ""2024-03-23"", ""quantity"": 1, ""payment_method"": ""PayPal"", ""order_status"": ""Completed""}"
orders,ORD_0070131,ORPHAN_PRODUCT_FOREIGN_KEY,2026-09-08T16:00:15.302519+00:00,"{""order_id"": ""ORD_0070131"", ""customer_id"": ""CUST_009513"", ""product_id"": ""PROD_0009"", ""order_date"": ""2024-03-23"", ""quantity"": 5, ""payment_method"": ""Debit Card"", ""order_status"": ""Completed""}"
orders,ORD_0070384,ORPHAN_PRODUCT_FOREIGN_KEY,2026-09-08T16:00:15.302519+00:00,"{""order_id"": ""ORD_0070384"", ""customer_id"": ""CUST_006605"", ""product_id"": ""PROD_0009"", ""order_date"": ""2024-03-25"", ""quantity"": 1, ""payment_method"": ""PayPal"", ""order_status"": ""Cancelled""}"
orders,ORD_0070462,ORPHAN_PRODUCT_FOREIGN_KEY,2026-09-08T16:00:15.302519+00:00,"{""order_id"": ""ORD_0070462"", ""customer_id"": ""CUST_001686"", ""product_id"": ""PROD_0009"", ""order_date"": ""2024-03-26"", ""quantity"": 2, ""payment_method"": ""PayPal"", ""order_status"": ""Completed""}"
orders,ORD_0070491,ORPHAN_PRODUCT_FOREIGN_KEY,2026-09-08T16:00:15.302519+00:00,"{""order_id"": ""ORD_0070491"", ""customer_id"": ""CUST_003537"", ""product_id"": ""PROD_0009"", ""order_date"": ""2024-03-26"", ""quantity"": 1, ""payment_method"": ""Credit Card"", ""order_status"": ""Completed""}"
orders,ORD_0070537,ORPHAN_PRODUCT_FOREIGN_KEY,2026-09-08T16:00:15.302519+00:00,"{""order_id"": ""ORD_0070537"", ""customer_id"": ""CUST_007109"", ""product_id"": ""PROD_0009"", ""order_date"": ""2024-03-26"", ""quantity"": 2, ""payment_method"": ""Credit Card"", ""order_status"": ""Completed""}"
orders,ORD_0070560,ORPHAN_PRODUCT_FOREIGN_KEY,2026-09-08T16:00:15.302519+00:00,"{""order_id"": ""ORD_0070560"", ""customer_id"": ""CUST_008619"", ""product_id"": ""PROD_0031"", ""order_date"": ""2024-03-26"", ""quantity"": 1, ""payment_method"": ""Cash on Delivery"", ""order_status"": ""Completed""}"
orders,ORD_0070588,ORPHAN_PRODUCT_FOREIGN_KEY,2026-09-08T16:00:15.302519+00:00,"{""order_id"": ""ORD_0070588"", ""customer_id"": ""CUST_000439"", ""product_id"": ""PROD_0031"", ""order_date"": ""2024-03-27"", ""quantity"": 1, ""payment_method"": ""Credit Card"", ""order_status"": ""Completed""}"
orders,ORD_0070590,ORPHAN_PRODUCT_FOREIGN_KEY,2026-09-08T16:00:15.302519+00:00,"{""order_id"": ""ORD_0070590"", ""customer_id"": ""CUST_000535"", ""product_id"": ""PROD_0031"", ""order_date"": ""2024-03-27"", ""quantity"": 1, ""payment_method"": ""PayPal"", ""order_status"": ""Completed""}"
orders,ORD_0070668,ORPHAN_PRODUCT_FOREIGN_KEY,2026-09-08T16:00:15.302519+00:00,"{""order_id"": ""ORD_0070668"", ""customer_id"": ""CUST_006226"", ""product_id"": ""PROD_0177"", ""order_date"": ""2024-03-27"", ""quantity"": 1, ""payment_method"": ""PayPal"", ""order_status"": ""Completed""}"
orders,ORD_0070695,ORPHAN_PRODUCT_FOREIGN_KEY,2026-09-08T16:00:15.302519+00:00,"{""order_id"": ""ORD_0070695"", ""customer_id"": ""CUST_007997"", ""product_id"": ""PROD_0031"", ""order_date"": ""2024-03-27"", ""quantity"": 4, ""payment_method"": ""Apple Pay"", ""order_status"": ""Completed""}"
orders,ORD_0070728,ORPHAN_PRODUCT_FOREIGN_KEY,2026-09-08T16:00:15.302519+00:00,"{""order_id"": ""ORD_0070728"", ""customer_id"": ""CUST_009717"", ""product_id"": ""PROD_0009"", ""order_date"": ""2024-03-27"", ""quantity"": 2, ""payment_method"": ""Credit Card"", ""order_status"": ""Shipped""}"
orders,ORD_0070792,ORPHAN_PRODUCT_FOREIGN_KEY,2026-09-08T16:00:15.302519+00:00,"{""order_id"": ""ORD_0070792"", ""customer_id"": ""CUST_004902"", ""product_id"": ""PROD_0155"", ""order_date"": ""2024-03-28"", ""quantity"": 1, ""payment_method"": ""PayPal"", ""order_status"": ""Cancelled""}"
orders,ORD_0070804,ORPHAN_PRODUCT_FOREIGN_KEY,2026-09-08T16:00:15.302519+00:00,"{""order_id"": ""ORD_0070804"", ""customer_id"": ""CUST_005341"", ""product_id"": ""PROD_0009"", ""order_date"": ""2024-03-28"", ""quantity"": 1, ""payment_method"": ""Credit Card"", ""order_status"": ""Shipped""}"
orders,ORD_0070839,ORPHAN_PRODUCT_FOREIGN_KEY,2026-09-08T16:00:15.302519+00:00,"{""order_id"": ""ORD_0070839"", ""customer_id"": ""CUST_007891"", ""product_id"": ""PROD_0031"", ""order_date"": ""2024-03-28"", ""quantity"": 1, ""payment_method"": ""Credit Card"", ""order_status"": ""Completed""}"
orders,ORD_0070848,ORPHAN_PRODUCT_FOREIGN_KEY,2026-09-08T16:00:15.302519+00:00,"{""order_id"": ""ORD_0070848"", ""customer_id"": ""CUST_008607"", ""product_id"": ""PROD_0009"", ""order_date"": ""2024-03-28"", ""quantity"": 2, ""payment_method"": ""Credit Card"", ""order_status"": ""Completed""}"
orders,ORD_0071159,ORPHAN_PRODUCT_FOREIGN_KEY,2026-09-08T16:00:15.302519+00:00,"{""order_id"": ""ORD_0071159"", ""customer_id"": ""CUST_000028"", ""product_id"": ""PROD_0009"", ""order_date"": ""2024-03-31"", ""quantity"": 1, ""payment_method"": ""Credit Card"", ""order_status"": ""Completed""}"
orders,ORD_0071189,ORPHAN_PRODUCT_FOREIGN_KEY,2026-09-08T16:00:15.302519+00:00,"{""order_id"": ""ORD_0071189"", ""customer_id"": ""CUST_002321"", ""product_id"": ""PROD_0031"", ""order_date"": ""2024-03-31"", ""quantity"": 1, ""payment_method"": ""Unknown"", ""order_status"": ""Completed""}"
orders,ORD_0071249,ORPHAN_PRODUCT_FOREIGN_KEY,2026-09-08T16:00:15.302519+00:00,"{""order_id"": ""ORD_0071249"", ""customer_id"": ""CUST_006786"", ""product_id"": ""PROD_0009"", ""order_date"": ""2024-03-31"", ""quantity"": 5, ""payment_method"": ""Cash on Delivery"", ""order_status"": ""Refunded""}"
orders,ORD_0071255,ORPHAN_PRODUCT_FOREIGN_KEY,2026-09-08T16:00:15.302519+00:00,"{""order_id"": ""ORD_0071255"", ""customer_id"": ""CUST_007110"", ""product_id"": ""PROD_0009"", ""order_date"": ""2024-03-31"", ""quantity"": 1, ""payment_method"": ""PayPal"", ""order_status"": ""Shipped""}"
orders,ORD_0071259,ORPHAN_PRODUCT_FOREIGN_KEY,2026-09-08T16:00:15.302519+00:00,"{""order_id"": ""ORD_0071259"", ""customer_id"": ""CUST_007578"", ""product_id"": ""PROD_0009"", ""order_date"": ""2024-03-31"", ""quantity"": 1, ""payment_method"": ""Credit Card"", ""order_status"": ""Completed""}"
orders,ORD_0071267,ORPHAN_PRODUCT_FOREIGN_KEY,2026-09-08T16:00:15.302519+00:00,"{""order_id"": ""ORD_0071267"", ""customer_id"": ""CUST_008082"", ""product_id"": ""PROD_0009"", ""order_date"": ""2024-03-31"", ""quantity"": 3, ""payment_method"": ""Credit Card"", ""order_status"": ""Completed""}"
orders,ORD_0071372,ORPHAN_PRODUCT_FOREIGN_KEY,2026-09-08T16:00:15.302519+00:00,"{""order_id"": ""ORD_0071372"", ""customer_id"": ""CUST_006258"", ""product_id"": ""PROD_0101"", ""order_date"": ""2024-04-01"", ""quantity"": 2, ""payment_method"": ""Cash on Delivery"", ""order_status"": ""Completed""}"
orders,ORD_0071395,ORPHAN_PRODUCT_FOREIGN_KEY,2026-09-08T16:00:15.302519+00:00,"{""order_id"": ""ORD_0071395"", ""customer_id"": ""CUST_008069"", ""product_id"": ""PROD_0031"", ""order_date"": ""2024-04-01"", ""quantity"": 2, ""payment_method"": ""PayPal"", ""order_status"": ""Completed""}"
orders,ORD_0071438,ORPHAN_PRODUCT_FOREIGN_KEY,2026-09-08T16:00:15.302519+00:00,"{""order_id"": ""ORD_0071438"", ""customer_id"": ""CUST_000784"", ""product_id"": ""PROD_0009"", ""order_date"": ""2024-04-02"", ""quantity"": 1, ""payment_method"": ""PayPal"", ""order_status"": ""Completed""}"
orders,ORD_0071443,ORPHAN_PRODUCT_FOREIGN_KEY,2026-09-08T16:00:15.302519+00:00,"{""order_id"": ""ORD_0071443"", ""customer_id"": ""CUST_001133"", ""product_id"": ""PROD_0155"", ""order_date"": ""2024-04-02"", ""quantity"": 1, ""payment_method"": ""Credit Card"", ""order_status"": ""Cancelled""}"
orders,ORD_0071521,ORPHAN_PRODUCT_FOREIGN_KEY,2026-09-08T16:00:15.302519+00:00,"{""order_id"": ""ORD_0071521"", ""customer_id"": ""CUST_006156"", ""product_id"": ""PROD_0009"", ""order_date"": ""2024-04-02"", ""quantity"": 2, ""payment_method"": ""PayPal"", ""order_status"": ""Completed""}"
orders,ORD_0071547,ORPHAN_PRODUCT_FOREIGN_KEY,2026-09-08T16:00:15.302519+00:00,"{""order_id"": ""ORD_0071547"", ""customer_id"": ""CUST_008083"", ""product_id"": ""PROD_0009"", ""order_date"": ""2024-04-02"", ""quantity"": 1, ""payment_method"": ""Debit Card"", ""order_status"": ""Completed""}"
orders,ORD_0071551,ORPHAN_PRODUCT_FOREIGN_KEY,2026-09-08T16:00:15.302519+00:00,"{""order_id"": ""ORD_0071551"", ""customer_id"": ""CUST_008453"", ""product_id"": ""PROD_0031"", ""order_date"": ""2024-04-02"", ""quantity"": 1, ""payment_method"": ""PayPal"", ""order_status"": ""Shipped""}"
orders,ORD_0071559,ORPHAN_PRODUCT_FOREIGN_KEY,2026-09-08T16:00:15.302519+00:00,"{""order_id"": ""ORD_0071559"", ""customer_id"": ""CUST_009139"", ""product_id"": ""PROD_0009"", ""order_date"": ""2024-04-02"", ""quantity"": 8, ""payment_method"": ""PayPal"", ""order_status"": ""Completed""}"
orders,ORD_0071562,ORPHAN_PRODUCT_FOREIGN_KEY,2026-09-08T16:00:15.302519+00:00,"{""order_id"": ""ORD_0071562"", ""customer_id"": ""CUST_009675"", ""product_id"": ""PROD_0009"", ""order_date"": ""2024-04-02"", ""quantity"": 1, ""payment_method"": ""Debit Card"", ""order_status"": ""Completed""}"
orders,ORD_0071603,ORPHAN_PRODUCT_FOREIGN_KEY,2026-09-08T16:00:15.302519+00:00,"{""order_id"": ""ORD_0071603"", ""customer_id"": ""CUST_003191"", ""product_id"": ""PROD_0177"", ""order_date"": ""2024-04-03"", ""quantity"": 1, ""payment_method"": ""PayPal"", ""order_status"": ""Shipped""}"
orders,ORD_0071608,ORPHAN_PRODUCT_FOREIGN_KEY,2026-09-08T16:00:15.302519+00:00,"{""order_id"": ""ORD_0071608"", ""customer_id"": ""CUST_003319"", ""product_id"": ""PROD_0177"", ""order_date"": ""2024-04-03"", ""quantity"": 2, ""payment_method"": ""Credit Card"", ""order_status"": ""Completed""}"
orders,ORD_0071656,ORPHAN_PRODUCT_FOREIGN_KEY,2026-09-08T16:00:15.302519+00:00,"{""order_id"": ""ORD_0071656"", ""customer_id"": ""CUST_007028"", ""product_id"": ""PROD_0177"", ""order_date"": ""2024-04-03"", ""quantity"": 1, ""payment_method"": ""Credit Card"", ""order_status"": ""Cancelled""}"
orders,ORD_0071749,ORPHAN_PRODUCT_FOREIGN_KEY,2026-09-08T16:00:15.302519+00:00,"{""order_id"": ""ORD_0071749"", ""customer_id"": ""CUST_004839"", ""product_id"": ""PROD_0009"", ""order_date"": ""2024-04-04"", ""quantity"": 1, ""payment_method"": ""PayPal"", ""order_status"": ""Completed""}"
orders,ORD_0071832,ORPHAN_PRODUCT_FOREIGN_KEY,2026-09-08T16:00:15.302519+00:00,"{""order_id"": ""ORD_0071832"", ""customer_id"": ""CUST_000065"", ""product_id"": ""PROD_0031"", ""order_date"": ""2024-04-05"", ""quantity"": 1, ""payment_method"": ""Credit Card"", ""order_status"": ""Completed""}"
orders,ORD_0071859,ORPHAN_PRODUCT_FOREIGN_KEY,2026-09-08T16:00:15.302519+00:00,"{""order_id"": ""ORD_0071859"", ""customer_id"": ""CUST_002023"", ""product_id"": ""PROD_0009"", ""order_date"": ""2024-04-05"", ""quantity"": 2, ""payment_method"": ""Credit Card"", ""order_status"": ""Completed""}"
orders,ORD_0071861,ORPHAN_PRODUCT_FOREIGN_KEY,2026-09-08T16:00:15.302519+00:00,"{""order_id"": ""ORD_0071861"", ""customer_id"": ""CUST_002062"", ""product_id"": ""PROD_0101"", ""order_date"": ""2024-04-05"", ""quantity"": 1, ""payment_method"": ""PayPal"", ""order_status"": ""Completed""}"
orders,ORD_0071880,ORPHAN_PRODUCT_FOREIGN_KEY,2026-09-08T16:00:15.302519+00:00,"{""order_id"": ""ORD_0071880"", ""customer_id"": ""CUST_003332"", ""product_id"": ""PROD_0009"", ""order_date"": ""2024-04-05"", ""quantity"": 2, ""payment_method"": ""Debit Card"", ""order_status"": ""Completed""}"
orders,ORD_0071889,ORPHAN_PRODUCT_FOREIGN_KEY,2026-09-08T16:00:15.302519+00:00,"{""order_id"": ""ORD_0071889"", ""customer_id"": ""CUST_003824"", ""product_id"": ""PROD_0009"", ""order_date"": ""2024-04-05"", ""quantity"": 1, ""payment_method"": ""PayPal"", ""order_status"": ""Completed""}"
orders,ORD_0071956,ORPHAN_PRODUCT_FOREIGN_KEY,2026-09-08T16:00:15.302519+00:00,"{""order_id"": ""ORD_0071956"", ""customer_id"": ""CUST_008312"", ""product_id"": ""PROD_0101"", ""order_date"": ""2024-04-05"", ""quantity"": 1, ""payment_method"": ""Debit Card"", ""order_status"": ""Completed""}"
orders,ORD_0071975,ORPHAN_PRODUCT_FOREIGN_KEY,2026-09-08T16:00:15.302519+00:00,"{""order_id"": ""ORD_0071975"", ""customer_id"": ""CUST_009528"", ""product_id"": ""PROD_0009"", ""order_date"": ""2024-04-05"", ""quantity"": 2, ""payment_method"": ""PayPal"", ""order_status"": ""Completed""}"
orders,ORD_0071990,ORPHAN_PRODUCT_FOREIGN_KEY,2026-09-08T16:00:15.302519+00:00,"{""order_id"": ""ORD_0071990"", ""customer_id"": ""CUST_000741"", ""product_id"": ""PROD_0031"", ""order_date"": ""2024-04-06"", ""quantity"": 1, ""payment_method"": ""Cash on Delivery"", ""order_status"": ""Completed""}"
orders,ORD_0072008,ORPHAN_PRODUCT_FOREIGN_KEY,2026-09-08T16:00:15.302519+00:00,"{""order_id"": ""ORD_0072008"", ""customer_id"": ""CUST_002316"", ""product_id"": ""PROD_0031"", ""order_date"": ""2024-04-06"", ""quantity"": 2, ""payment_method"": ""Credit Card"", ""order_status"": ""Completed""}"
orders,ORD_0072036,ORPHAN_PRODUCT_FOREIGN_KEY,2026-09-08T16:00:15.302519+00:00,"{""order_id"": ""ORD_0072036"", ""customer_id"": ""CUST_004536"", ""product_id"": ""PROD_0319"", ""order_date"": ""2024-04-06"", ""quantity"": 1, ""payment_method"": ""Cash on Delivery"", ""order_status"": ""Completed""}"
orders,ORD_0072037,ORPHAN_PRODUCT_FOREIGN_KEY,2026-09-08T16:00:15.302519+00:00,"{""order_id"": ""ORD_0072037"", ""customer_id"": ""CUST_004766"", ""product_id"": ""PROD_0009"", ""order_date"": ""2024-04-06"", ""quantity"": 1, ""payment_method"": ""Debit Card"", ""order_status"": ""Completed""}"
orders,ORD_0072108,ORPHAN_PRODUCT_FOREIGN_KEY,2026-09-08T16:00:15.302519+00:00,"{""order_id"": ""ORD_0072108"", ""customer_id"": ""CUST_000777"", ""product_id"": ""PROD_0031"", ""order_date"": ""2024-04-07"", ""quantity"": 2, ""payment_method"": ""Credit Card"", ""order_status"": ""Completed""}"
orders,ORD_0072112,ORPHAN_PRODUCT_FOREIGN_KEY,2026-09-08T16:00:15.302519+00:00,"{""order_id"": ""ORD_0072112"", ""customer_id"": ""CUST_000952"", ""product_id"": ""PROD_0291"", ""order_date"": ""2024-04-07"", ""quantity"": 1, ""payment_method"": ""Credit Card"", ""order_status"": ""Completed""}"
orders,ORD_0072121,ORPHAN_PRODUCT_FOREIGN_KEY,2026-09-08T16:00:15.302519+00:00,"{""order_id"": ""ORD_0072121"", ""customer_id"": ""CUST_001727"", ""product_id"": ""PROD_0009"", ""order_date"": ""2024-04-07"", ""quantity"": 1, ""payment_method"": ""Credit Card"", ""order_status"": ""Completed""}"
orders,ORD_0072144,ORPHAN_PRODUCT_FOREIGN_KEY,2026-09-08T16:00:15.302519+00:00,"{""order_id"": ""ORD_0072144"", ""customer_id"": ""CUST_002811"", ""product_id"": ""PROD_0101"", ""order_date"": ""2024-04-07"", ""quantity"": 1, ""payment_method"": ""Credit Card"", ""order_status"": ""Completed""}"
orders,ORD_0072223,ORPHAN_PRODUCT_FOREIGN_KEY,2026-09-08T16:00:15.302519+00:00,"{""order_id"": ""ORD_0072223"", ""customer_id"": ""CUST_009616"", ""product_id"": ""PROD_0009"", ""order_date"": ""2024-04-07"", ""quantity"": 1, ""payment_method"": ""PayPal"", ""order_status"": ""Shipped""}"
orders,ORD_0072245,ORPHAN_PRODUCT_FOREIGN_KEY,2026-09-08T16:00:15.302519+00:00,"{""order_id"": ""ORD_0072245"", ""customer_id"": ""CUST_001610"", ""product_id"": ""PROD_0031"", ""order_date"": ""2024-04-08"", ""quantity"": 2, ""payment_method"": ""Apple Pay"", ""order_status"": ""Completed""}"
orders,ORD_0072312,ORPHAN_PRODUCT_FOREIGN_KEY,2026-09-08T16:00:15.302519+00:00,"{""order_id"": ""ORD_0072312"", ""customer_id"": ""CUST_007420"", ""product_id"": ""PROD_0101"", ""order_date"": ""2024-04-08"", ""quantity"": 1, ""payment_method"": ""Credit Card"", ""order_status"": ""Completed""}"
orders,ORD_0072351,ORPHAN_PRODUCT_FOREIGN_KEY,2026-09-08T16:00:15.302519+00:00,"{""order_id"": ""ORD_0072351"", ""customer_id"": ""CUST_001133"", ""product_id"": ""PROD_0031"", ""order_date"": ""2024-04-09"", ""quantity"": 1, ""payment_method"": ""PayPal"", ""order_status"": ""Completed""}"
orders,ORD_0072367,ORPHAN_PRODUCT_FOREIGN_KEY,2026-09-08T16:00:15.302519+00:00,"{""order_id"": ""ORD_0072367"", ""customer_id"": ""CUST_001734"", ""product_id"": ""PROD_0291"", ""order_date"": ""2024-04-09"", ""quantity"": 1, ""payment_method"": ""Credit Card"", ""order_status"": ""Completed""}"
orders,ORD_0072587,ORPHAN_PRODUCT_FOREIGN_KEY,2026-09-08T16:00:15.302519+00:00,"{""order_id"": ""ORD_0072587"", ""customer_id"": ""CUST_008159"", ""product_id"": ""PROD_0009"", ""order_date"": ""2024-04-10"", ""quantity"": 1, ""payment_method"": ""Credit Card"", ""order_status"": ""Completed""}"
orders,ORD_0072637,ORPHAN_PRODUCT_FOREIGN_KEY,2026-09-08T16:00:15.302519+00:00,"{""order_id"": ""ORD_0072637"", ""customer_id"": ""CUST_001891"", ""product_id"": ""PROD_0031"", ""order_date"": ""2024-04-11"", ""quantity"": 1, ""payment_method"": ""Credit Card"", ""order_status"": ""Completed""}"
orders,ORD_0072719,ORPHAN_PRODUCT_FOREIGN_KEY,2026-09-08T16:00:15.302519+00:00,"{""order_id"": ""ORD_0072719"", ""customer_id"": ""CUST_008835"", ""product_id"": ""PROD_0031"", ""order_date"": ""2024-04-11"", ""quantity"": 2, ""payment_method"": ""Credit Card"", ""order_status"": ""Completed""}"
orders,ORD_0072726,ORPHAN_PRODUCT_FOREIGN_KEY,2026-09-08T16:00:15.302519+00:00,"{""order_id"": ""ORD_0072726"", ""customer_id"": ""CUST_009311"", ""product_id"": ""PROD_0009"", ""order_date"": ""2024-04-11"", ""quantity"": 1, ""payment_method"": ""Credit Card"", ""order_status"": ""Completed""}"
orders,ORD_0072743,ORPHAN_PRODUCT_FOREIGN_KEY,2026-09-08T16:00:15.302519+00:00,"{""order_id"": ""ORD_0072743"", ""customer_id"": ""CUST_000595"", ""product_id"": ""PROD_0319"", ""order_date"": ""2024-04-12"", ""quantity"": 2, ""payment_method"": ""PayPal"", ""order_status"": ""Completed""}"
orders,ORD_0072770,ORPHAN_PRODUCT_FOREIGN_KEY,2026-09-08T16:00:15.302519+00:00,"{""order_id"": ""ORD_0072770"", ""customer_id"": ""CUST_002685"", ""product_id"": ""PROD_0101"", ""order_date"": ""2024-04-12"", ""quantity"": 3, ""payment_method"": ""Apple Pay"", ""order_status"": ""Completed""}"
orders,ORD_0072772,ORPHAN_PRODUCT_FOREIGN_KEY,2026-09-08T16:00:15.302519+00:00,"{""order_id"": ""ORD_0072772"", ""customer_id"": ""CUST_002983"", ""product_id"": ""PROD_0009"", ""order_date"": ""2024-04-12"", ""quantity"": 2, ""payment_method"": ""Credit Card"", ""order_status"": ""Completed""}"
orders,ORD_0072800,ORPHAN_PRODUCT_FOREIGN_KEY,2026-09-08T16:00:15.302519+00:00,"{""order_id"": ""ORD_0072800"", ""customer_id"": ""CUST_005249"", ""product_id"": ""PROD_0031"", ""order_date"": ""2024-04-12"", ""quantity"": 2, ""payment_method"": ""Debit Card"", ""order_status"": ""Completed""}"
orders,ORD_0072825,ORPHAN_PRODUCT_FOREIGN_KEY,2026-09-08T16:00:15.302519+00:00,"{""order_id"": ""ORD_0072825"", ""customer_id"": ""CUST_007402"", ""product_id"": ""PROD_0009"", ""order_date"": ""2024-04-12"", ""quantity"": 1, ""payment_method"": ""PayPal"", ""order_status"": ""Completed""}"
orders,ORD_0072834,ORPHAN_PRODUCT_FOREIGN_KEY,2026-09-08T16:00:15.302519+00:00,"{""order_id"": ""ORD_0072834"", ""customer_id"": ""CUST_008066"", ""product_id"": ""PROD_0031"", ""order_date"": ""2024-04-12"", ""quantity"": 2, ""payment_method"": ""PayPal"", ""order_status"": ""Completed""}"
orders,ORD_0072836,ORPHAN_PRODUCT_FOREIGN_KEY,2026-09-08T16:00:15.302519+00:00,"{""order_id"": ""ORD_0072836"", ""customer_id"": ""CUST_008115"", ""product_id"": ""PROD_0031"", ""order_date"": ""2024-04-12"", ""quantity"": 1, ""payment_method"": ""Apple Pay"", ""order_status"": ""Completed""}"
orders,ORD_0072877,ORPHAN_PRODUCT_FOREIGN_KEY,2026-09-08T16:00:15.302519+00:00,"{""order_id"": ""ORD_0072877"", ""customer_id"": ""CUST_001895"", ""product_id"": ""PROD_0101"", ""order_date"": ""2024-04-13"", ""quantity"": 1, ""payment_method"": ""Credit Card"", ""order_status"": ""Completed""}"
orders,ORD_0072885,ORPHAN_PRODUCT_FOREIGN_KEY,2026-09-08T16:00:15.302519+00:00,"{""order_id"": ""ORD_0072885"", ""customer_id"": ""CUST_002557"", ""product_id"": ""PROD_0031"", ""order_date"": ""2024-04-13"", ""quantity"": 1, ""payment_method"": ""Apple Pay"", ""order_status"": ""Completed""}"
orders,ORD_0072927,ORPHAN_PRODUCT_FOREIGN_KEY,2026-09-08T16:00:15.302519+00:00,"{""order_id"": ""ORD_0072927"", ""customer_id"": ""CUST_006072"", ""product_id"": ""PROD_0031"", ""order_date"": ""2024-04-13"", ""quantity"": 1, ""payment_method"": ""Credit Card"", ""order_status"": ""Completed""}"
orders,ORD_0072943,ORPHAN_PRODUCT_FOREIGN_KEY,2026-09-08T16:00:15.302519+00:00,"{""order_id"": ""ORD_0072943"", ""customer_id"": ""CUST_007256"", ""product_id"": ""PROD_0009"", ""order_date"": ""2024-04-13"", ""quantity"": 2, ""payment_method"": ""Apple Pay"", ""order_status"": ""Completed""}"
orders,ORD_0072979,ORPHAN_PRODUCT_FOREIGN_KEY,2026-09-08T16:00:15.302519+00:00,"{""order_id"": ""ORD_0072979"", ""customer_id"": ""CUST_000098"", ""product_id"": ""PROD_0031"", ""order_date"": ""2024-04-14"", ""quantity"": 1, ""payment_method"": ""Apple Pay"", ""order_status"": ""Completed""}"
orders,ORD_0073006,ORPHAN_PRODUCT_FOREIGN_KEY,2026-09-08T16:00:15.302519+00:00,"{""order_id"": ""ORD_0073006"", ""customer_id"": ""CUST_001902"", ""product_id"": ""PROD_0155"", ""order_date"": ""2024-04-14"", ""quantity"": 1, ""payment_method"": ""Credit Card"", ""order_status"": ""Cancelled""}"
orders,ORD_0073081,ORPHAN_PRODUCT_FOREIGN_KEY,2026-09-08T16:00:15.302519+00:00,"{""order_id"": ""ORD_0073081"", ""customer_id"": ""CUST_008611"", ""product_id"": ""PROD_0101"", ""order_date"": ""2024-04-14"", ""quantity"": 3, ""payment_method"": ""Credit Card"", ""order_status"": ""Completed""}"
orders,ORD_0073088,ORPHAN_PRODUCT_FOREIGN_KEY,2026-09-08T16:00:15.302519+00:00,"{""order_id"": ""ORD_0073088"", ""customer_id"": ""CUST_009474"", ""product_id"": ""PROD_0031"", ""order_date"": ""2024-04-14"", ""quantity"": 1, ""payment_method"": ""Credit Card"", ""order_status"": ""Completed""}"
orders,ORD_0073145,ORPHAN_PRODUCT_FOREIGN_KEY,2026-09-08T16:00:15.302519+00:00,"{""order_id"": ""ORD_0073145"", ""customer_id"": ""CUST_003008"", ""product_id"": ""PROD_0009"", ""order_date"": ""2024-04-15"", ""quantity"": 1, ""payment_method"": ""PayPal"", ""order_status"": ""Completed""}"
orders,ORD_0073214,ORPHAN_PRODUCT_FOREIGN_KEY,2026-09-08T16:00:15.302519+00:00,"{""order_id"": ""ORD_0073214"", ""customer_id"": ""CUST_008816"", ""product_id"": ""PROD_0155"", ""order_date"": ""2024-04-15"", ""quantity"": 2, ""payment_method"": ""Credit Card"", ""order_status"": ""Completed""}"
orders,ORD_0073302,ORPHAN_PRODUCT_FOREIGN_KEY,2026-09-08T16:00:15.302519+00:00,"{""order_id"": ""ORD_0073302"", ""customer_id"": ""CUST_005620"", ""product_id"": ""PROD_0009"", ""order_date"": ""2024-04-16"", ""quantity"": 1, ""payment_method"": ""PayPal"", ""order_status"": ""Completed""}"
orders,ORD_0073336,ORPHAN_PRODUCT_FOREIGN_KEY,2026-09-08T16:00:15.302519+00:00,"{""order_id"": ""ORD_0073336"", ""customer_id"": ""CUST_008066"", ""product_id"": ""PROD_0177"", ""order_date"": ""2024-04-16"", ""quantity"": 2, ""payment_method"": ""Credit Card"", ""order_status"": ""Completed""}"
orders,ORD_0073349,ORPHAN_PRODUCT_FOREIGN_KEY,2026-09-08T16:00:15.302519+00:00,"{""order_id"": ""ORD_0073349"", ""customer_id"": ""CUST_008955"", ""product_id"": ""PROD_0101"", ""order_date"": ""2024-04-16"", ""quantity"": 1, ""payment_method"": ""PayPal"", ""order_status"": ""Completed""}"
orders,ORD_0073421,ORPHAN_PRODUCT_FOREIGN_KEY,2026-09-08T16:00:15.302519+00:00,"{""order_id"": ""ORD_0073421"", ""customer_id"": ""CUST_004077"", ""product_id"": ""PROD_0009"", ""order_date"": ""2024-04-17"", ""quantity"": 2, ""payment_method"": ""Cash on Delivery"", ""order_status"": ""Completed""}"
orders,ORD_0073460,ORPHAN_PRODUCT_FOREIGN_KEY,2026-09-08T16:00:15.302519+00:00,"{""order_id"": ""ORD_0073460"", ""customer_id"": ""CUST_006599"", ""product_id"": ""PROD_0031"", ""order_date"": ""2024-04-17"", ""quantity"": 1, ""payment_method"": ""Debit Card"", ""order_status"": ""Completed""}"
orders,ORD_0073498,ORPHAN_PRODUCT_FOREIGN_KEY,2026-09-08T16:00:15.302519+00:00,"{""order_id"": ""ORD_0073498"", ""customer_id"": ""CUST_009306"", ""product_id"": ""PROD_0101"", ""order_date"": ""2024-04-17"", ""quantity"": 1, ""payment_method"": ""Credit Card"", ""order_status"": ""Completed""}"
orders,ORD_0073501,ORPHAN_PRODUCT_FOREIGN_KEY,2026-09-08T16:00:15.302519+00:00,"{""order_id"": ""ORD_0073501"", ""customer_id"": ""CUST_009718"", ""product_id"": ""PROD_0009"", ""order_date"": ""2024-04-17"", ""quantity"": 1, ""payment_method"": ""Credit Card"", ""order_status"": ""Completed""}"
orders,ORD_0073508,ORPHAN_PRODUCT_FOREIGN_KEY,2026-09-08T16:00:15.302519+00:00,"{""order_id"": ""ORD_0073508"", ""customer_id"": ""CUST_000234"", ""product_id"": ""PROD_0009"", ""order_date"": ""2024-04-18"", ""quantity"": 1, ""payment_method"": ""Debit Card"", ""order_status"": ""Completed""}"
orders,ORD_0073523,ORPHAN_PRODUCT_FOREIGN_KEY,2026-09-08T16:00:15.302519+00:00,"{""order_id"": ""ORD_0073523"", ""customer_id"": ""CUST_001287"", ""product_id"": ""PROD_0031"", ""order_date"": ""2024-04-18"", ""quantity"": 1, ""payment_method"": ""Credit Card"", ""order_status"": ""Shipped""}"
orders,ORD_0073533,ORPHAN_PRODUCT_FOREIGN_KEY,2026-09-08T16:00:15.302519+00:00,"{""order_id"": ""ORD_0073533"", ""customer_id"": ""CUST_001947"", ""product_id"": ""PROD_0031"", ""order_date"": ""2024-04-18"", ""quantity"": 3, ""payment_method"": ""Credit Card"", ""order_status"": ""Completed""}"
orders,ORD_0073552,ORPHAN_PRODUCT_FOREIGN_KEY,2026-09-08T16:00:15.302519+00:00,"{""order_id"": ""ORD_0073552"", ""customer_id"": ""CUST_003699"", ""product_id"": ""PROD_0155"", ""order_date"": ""2024-04-18"", ""quantity"": 1, ""payment_method"": ""PayPal"", ""order_status"": ""Completed""}"
orders,ORD_0073575,ORPHAN_PRODUCT_FOREIGN_KEY,2026-09-08T16:00:15.302519+00:00,"{""order_id"": ""ORD_0073575"", ""customer_id"": ""CUST_005156"", ""product_id"": ""PROD_0031"", ""order_date"": ""2024-04-18"", ""quantity"": 1, ""payment_method"": ""Debit Card"", ""order_status"": ""Completed""}"
orders,ORD_0073681,ORPHAN_PRODUCT_FOREIGN_KEY,2026-09-08T16:00:15.302519+00:00,"{""order_id"": ""ORD_0073681"", ""customer_id"": ""CUST_003184"", ""product_id"": ""PROD_0031"", ""order_date"": ""2024-04-19"", ""quantity"": 2, ""payment_method"": ""Debit Card"", ""order_status"": ""Completed""}"
orders,ORD_0073716,ORPHAN_PRODUCT_FOREIGN_KEY,2026-09-08T16:00:15.302519+00:00,"{""order_id"": ""ORD_0073716"", ""customer_id"": ""CUST_006084"", ""product_id"": ""PROD_0009"", ""order_date"": ""2024-04-19"", ""quantity"": 1, ""payment_method"": ""Credit Card"", ""order_status"": ""Completed""}"
orders,ORD_0073776,ORPHAN_PRODUCT_FOREIGN_KEY,2026-09-08T16:00:15.302519+00:00,"{""order_id"": ""ORD_0073776"", ""customer_id"": ""CUST_001206"", ""product_id"": ""PROD_0101"", ""order_date"": ""2024-04-20"", ""quantity"": 1, ""payment_method"": ""Debit Card"", ""order_status"": ""Shipped""}"
orders,ORD_0073847,ORPHAN_PRODUCT_FOREIGN_KEY,2026-09-08T16:00:15.302519+00:00,"{""order_id"": ""ORD_0073847"", ""customer_id"": ""CUST_006284"", ""product_id"": ""PROD_0009"", ""order_date"": ""2024-04-20"", ""quantity"": 1, ""payment_method"": ""Credit Card"", ""order_status"": ""Completed""}"
orders,ORD_0073864,ORPHAN_PRODUCT_FOREIGN_KEY,2026-09-08T16:00:15.302519+00:00,"{""order_id"": ""ORD_0073864"", ""customer_id"": ""CUST_007887"", ""product_id"": ""PROD_0291"", ""order_date"": ""2024-04-20"", ""quantity"": 1, ""payment_method"": ""Credit Card"", ""order_status"": ""Completed""}"
orders,ORD_0073953,ORPHAN_PRODUCT_FOREIGN_KEY,2026-09-08T16:00:15.302519+00:00,"{""order_id"": ""ORD_0073953"", ""customer_id"": ""CUST_004224"", ""product_id"": ""PROD_0009"", ""order_date"": ""2024-04-21"", ""quantity"": 1, ""payment_method"": ""Debit Card"", ""order_status"": ""Shipped""}"
orders,ORD_0074156,ORPHAN_PRODUCT_FOREIGN_KEY,2026-09-08T16:00:15.302519+00:00,"{""order_id"": ""ORD_0074156"", ""customer_id"": ""CUST_009811"", ""product_id"": ""PROD_0319"", ""order_date"": ""2024-04-22"", ""quantity"": 3, ""payment_method"": ""Credit Card"", ""order_status"": ""Completed""}"
orders,ORD_0074180,ORPHAN_PRODUCT_FOREIGN_KEY,2026-09-08T16:00:15.302519+00:00,"{""order_id"": ""ORD_0074180"", ""customer_id"": ""CUST_001890"", ""product_id"": ""PROD_0009"", ""order_date"": ""2024-04-23"", ""quantity"": 1, ""payment_method"": ""Credit Card"", ""order_status"": ""Completed""}"
orders,ORD_0074233,ORPHAN_PRODUCT_FOREIGN_KEY,2026-09-08T16:00:15.302519+00:00,"{""order_id"": ""ORD_0074233"", ""customer_id"": ""CUST_006211"", ""product_id"": ""PROD_0009"", ""order_date"": ""2024-04-23"", ""quantity"": 4, ""payment_method"": ""Credit Card"", ""order_status"": ""Shipped""}"
orders,ORD_0074299,ORPHAN_PRODUCT_FOREIGN_KEY,2026-09-08T16:00:15.302519+00:00,"{""order_id"": ""ORD_0074299"", ""customer_id"": ""CUST_001793"", ""product_id"": ""PROD_0009"", ""order_date"": ""2024-04-24"", ""quantity"": 1, ""payment_method"": ""Apple Pay"", ""order_status"": ""Completed""}"
orders,ORD_0074360,ORPHAN_PRODUCT_FOREIGN_KEY,2026-09-08T16:00:15.302519+00:00,"{""order_id"": ""ORD_0074360"", ""customer_id"": ""CUST_006745"", ""product_id"": ""PROD_0155"", ""order_date"": ""2024-04-24"", ""quantity"": 1, ""payment_method"": ""Debit Card"", ""order_status"": ""Completed""}"
orders,ORD_0074456,ORPHAN_PRODUCT_FOREIGN_KEY,2026-09-08T16:00:15.302519+00:00,"{""order_id"": ""ORD_0074456"", ""customer_id"": ""CUST_004035"", ""product_id"": ""PROD_0009"", ""order_date"": ""2024-04-25"", ""quantity"": 1, ""payment_method"": ""Credit Card"", ""order_status"": ""Completed""}"
orders,ORD_0074483,ORPHAN_PRODUCT_FOREIGN_KEY,2026-09-08T16:00:15.302519+00:00,"{""order_id"": ""ORD_0074483"", ""customer_id"": ""CUST_007062"", ""product_id"": ""PROD_0009"", ""order_date"": ""2024-04-25"", ""quantity"": 1, ""payment_method"": ""Credit Card"", ""order_status"": ""Completed""}"
orders,ORD_0074502,ORPHAN_PRODUCT_FOREIGN_KEY,2026-09-08T16:00:15.302519+00:00,"{""order_id"": ""ORD_0074502"", ""customer_id"": ""CUST_008804"", ""product_id"": ""PROD_0031"", ""order_date"": ""2024-04-25"", ""quantity"": 1, ""payment_method"": ""Credit Card"", ""order_status"": ""Completed""}"
orders,ORD_0074515,ORPHAN_PRODUCT_FOREIGN_KEY,2026-09-08T16:00:15.302519+00:00,"{""order_id"": ""ORD_0074515"", ""customer_id"": ""CUST_009799"", ""product_id"": ""PROD_0101"", ""order_date"": ""2024-04-25"", ""quantity"": 1, ""payment_method"": ""Credit Card"", ""order_status"": ""Completed""}"
orders,ORD_0074528,ORPHAN_PRODUCT_FOREIGN_KEY,2026-09-08T16:00:15.302519+00:00,"{""order_id"": ""ORD_0074528"", ""customer_id"": ""CUST_000870"", ""product_id"": ""PROD_0319"", ""order_date"": ""2024-04-26"", ""quantity"": 1, ""payment_method"": ""Debit Card"", ""order_status"": ""Shipped""}"
orders,ORD_0074542,ORPHAN_PRODUCT_FOREIGN_KEY,2026-09-08T16:00:15.302519+00:00,"{""order_id"": ""ORD_0074542"", ""customer_id"": ""CUST_001949"", ""product_id"": ""PROD_0009"", ""order_date"": ""2024-04-26"", ""quantity"": 1, ""payment_method"": ""Cash on Delivery"", ""order_status"": ""Completed""}"
orders,ORD_0074612,ORPHAN_PRODUCT_FOREIGN_KEY,2026-09-08T16:00:15.302519+00:00,"{""order_id"": ""ORD_0074612"", ""customer_id"": ""CUST_007147"", ""product_id"": ""PROD_0009"", ""order_date"": ""2024-04-26"", ""quantity"": 1, ""payment_method"": ""PayPal"", ""order_status"": ""Completed""}"
orders,ORD_0074750,ORPHAN_PRODUCT_FOREIGN_KEY,2026-09-08T16:00:15.302519+00:00,"{""order_id"": ""ORD_0074750"", ""customer_id"": ""CUST_008015"", ""product_id"": ""PROD_0101"", ""order_date"": ""2024-04-27"", ""quantity"": 1, ""payment_method"": ""Debit Card"", ""order_status"": ""Completed""}"
orders,ORD_0074758,ORPHAN_PRODUCT_FOREIGN_KEY,2026-09-08T16:00:15.302519+00:00,"{""order_id"": ""ORD_0074758"", ""customer_id"": ""CUST_008665"", ""product_id"": ""PROD_0101"", ""order_date"": ""2024-04-27"", ""quantity"": 2, ""payment_method"": ""PayPal"", ""order_status"": ""Completed""}"
orders,ORD_0074787,ORPHAN_PRODUCT_FOREIGN_KEY,2026-09-08T16:00:15.302519+00:00,"{""order_id"": ""ORD_0074787"", ""customer_id"": ""CUST_000897"", ""product_id"": ""PROD_0009"", ""order_date"": ""2024-04-28"", ""quantity"": 3, ""payment_method"": ""Credit Card"", ""order_status"": ""Completed""}"
orders,ORD_0074875,ORPHAN_PRODUCT_FOREIGN_KEY,2026-09-08T16:00:15.302519+00:00,"{""order_id"": ""ORD_0074875"", ""customer_id"": ""CUST_008367"", ""product_id"": ""PROD_0031"", ""order_date"": ""2024-04-28"", ""quantity"": 1, ""payment_method"": ""Credit Card"", ""order_status"": ""Completed""}"
orders,ORD_0074915,ORPHAN_PRODUCT_FOREIGN_KEY,2026-09-08T16:00:15.302519+00:00,"{""order_id"": ""ORD_0074915"", ""customer_id"": ""CUST_001364"", ""product_id"": ""PROD_0009"", ""order_date"": ""2024-04-29"", ""quantity"": 1, ""payment_method"": ""Cash on Delivery"", ""order_status"": ""Completed""}"
orders,ORD_0074939,ORPHAN_PRODUCT_FOREIGN_KEY,2026-09-08T16:00:15.302519+00:00,"{""order_id"": ""ORD_0074939"", ""customer_id"": ""CUST_003770"", ""product_id"": ""PROD_0101"", ""order_date"": ""2024-04-29"", ""quantity"": 1, ""payment_method"": ""Credit Card"", ""order_status"": ""Completed""}"
orders,ORD_0075018,ORPHAN_PRODUCT_FOREIGN_KEY,2026-09-08T16:00:15.302519+00:00,"{""order_id"": ""ORD_0075018"", ""customer_id"": ""CUST_009563"", ""product_id"": ""PROD_0009"", ""order_date"": ""2024-04-29"", ""quantity"": 1, ""payment_method"": ""Credit Card"", ""order_status"": ""Completed""}"
orders,ORD_0075037,ORPHAN_PRODUCT_FOREIGN_KEY,2026-09-08T16:00:15.302519+00:00,"{""order_id"": ""ORD_0075037"", ""customer_id"": ""CUST_000762"", ""product_id"": ""PROD_0009"", ""order_date"": ""2024-04-30"", ""quantity"": 1, ""payment_method"": ""Debit Card"", ""order_status"": ""Completed""}"
orders,ORD_0075064,ORPHAN_PRODUCT_FOREIGN_KEY,2026-09-08T16:00:15.302519+00:00,"{""order_id"": ""ORD_0075064"", ""customer_id"": ""CUST_003463"", ""product_id"": ""PROD_0009"", ""order_date"": ""2024-04-30"", ""quantity"": 1, ""payment_method"": ""PayPal"", ""order_status"": ""Completed""}"
orders,ORD_0075073,ORPHAN_PRODUCT_FOREIGN_KEY,2026-09-08T16:00:15.302519+00:00,"{""order_id"": ""ORD_0075073"", ""customer_id"": ""CUST_004174"", ""product_id"": ""PROD_0009"", ""order_date"": ""2024-04-30"", ""quantity"": 2, ""payment_method"": ""PayPal"", ""order_status"": ""Completed""}"
orders,ORD_0075103,ORPHAN_PRODUCT_FOREIGN_KEY,2026-09-08T16:00:15.302519+00:00,"{""order_id"": ""ORD_0075103"", ""customer_id"": ""CUST_006990"", ""product_id"": ""PROD_0319"", ""order_date"": ""2024-04-30"", ""quantity"": 2, ""payment_method"": ""PayPal"", ""order_status"": ""Completed""}"
orders,ORD_0075206,ORPHAN_PRODUCT_FOREIGN_KEY,2026-09-08T16:00:15.302519+00:00,"{""order_id"": ""ORD_0075206"", ""customer_id"": ""CUST_005986"", ""product_id"": ""PROD_0009"", ""order_date"": ""2024-05-01"", ""quantity"": 2, ""payment_method"": ""Credit Card"", ""order_status"": ""Completed""}"
orders,ORD_0075213,ORPHAN_PRODUCT_FOREIGN_KEY,2026-09-08T16:00:15.302519+00:00,"{""order_id"": ""ORD_0075213"", ""customer_id"": ""CUST_006387"", ""product_id"": ""PROD_0031"", ""order_date"": ""2024-05-01"", ""quantity"": 1, ""payment_method"": ""Credit Card"", ""order_status"": ""Shipped""}"
orders,ORD_0075224,ORPHAN_PRODUCT_FOREIGN_KEY,2026-09-08T16:00:15.302519+00:00,"{""order_id"": ""ORD_0075224"", ""customer_id"": ""CUST_007315"", ""product_id"": ""PROD_0009"", ""order_date"": ""2024-05-01"", ""quantity"": 2, ""payment_method"": ""PayPal"", ""order_status"": ""Completed""}"
orders,ORD_0075282,ORPHAN_PRODUCT_FOREIGN_KEY,2026-09-08T16:00:15.302519+00:00,"{""order_id"": ""ORD_0075282"", ""customer_id"": ""CUST_000841"", ""product_id"": ""PROD_0031"", ""order_date"": ""2024-05-02"", ""quantity"": 1, ""payment_method"": ""PayPal"", ""order_status"": ""Completed""}"
orders,ORD_0075460,ORPHAN_PRODUCT_FOREIGN_KEY,2026-09-08T16:00:15.302519+00:00,"{""order_id"": ""ORD_0075460"", ""customer_id"": ""CUST_006647"", ""product_id"": ""PROD_0009"", ""order_date"": ""2024-05-02"", ""quantity"": 2, ""payment_method"": ""Credit Card"", ""order_status"": ""Refunded""}"
orders,ORD_0075558,ORPHAN_PRODUCT_FOREIGN_KEY,2026-09-08T16:00:15.302519+00:00,"{""order_id"": ""ORD_0075558"", ""customer_id"": ""CUST_009750"", ""product_id"": ""PROD_0009"", ""order_date"": ""2024-05-02"", ""quantity"": 1, ""payment_method"": ""PayPal"", ""order_status"": ""Completed""}"
orders,ORD_0075603,ORPHAN_PRODUCT_FOREIGN_KEY,2026-09-08T16:00:15.302519+00:00,"{""order_id"": ""ORD_0075603"", ""customer_id"": ""CUST_001117"", ""product_id"": ""PROD_0009"", ""order_date"": ""2024-05-03"", ""quantity"": 1, ""payment_method"": ""Credit Card"", ""order_status"": ""Completed""}"
orders,ORD_0075697,ORPHAN_PRODUCT_FOREIGN_KEY,2026-09-08T16:00:15.302519+00:00,"{""order_id"": ""ORD_0075697"", ""customer_id"": ""CUST_004281"", ""product_id"": ""PROD_0009"", ""order_date"": ""2024-05-03"", ""quantity"": 1, ""payment_method"": ""Apple Pay"", ""order_status"": ""Completed""}"
orders,ORD_0075794,ORPHAN_PRODUCT_FOREIGN_KEY,2026-09-08T16:00:15.302519+00:00,"{""order_id"": ""ORD_0075794"", ""customer_id"": ""CUST_007224"", ""product_id"": ""PROD_0031"", ""order_date"": ""2024-05-03"", ""quantity"": 1, ""payment_method"": ""Credit Card"", ""order_status"": ""Cancelled""}"
orders,ORD_0075814,ORPHAN_PRODUCT_FOREIGN_KEY,2026-09-08T16:00:15.302519+00:00,"{""order_id"": ""ORD_0075814"", ""customer_id"": ""CUST_007933"", ""product_id"": ""PROD_0009"", ""order_date"": ""2024-05-03"", ""quantity"": 3, ""payment_method"": ""Credit Card"", ""order_status"": ""Completed""}"
orders,ORD_0075827,ORPHAN_PRODUCT_FOREIGN_KEY,2026-09-08T16:00:15.302519+00:00,"{""order_id"": ""ORD_0075827"", ""customer_id"": ""CUST_008321"", ""product_id"": ""PROD_0009"", ""order_date"": ""2024-05-03"", ""quantity"": 1, ""payment_method"": ""PayPal"", ""order_status"": ""Completed""}"
orders,ORD_0075884,ORPHAN_PRODUCT_FOREIGN_KEY,2026-09-08T16:00:15.302519+00:00,"{""order_id"": ""ORD_0075884"", ""customer_id"": ""CUST_009999"", ""product_id"": ""PROD_0009"", ""order_date"": ""2024-05-03"", ""quantity"": 1, ""payment_method"": ""Cash on Delivery"", ""order_status"": ""Completed""}"
orders,ORD_0075887,ORPHAN_PRODUCT_FOREIGN_KEY,2026-09-08T16:00:15.302519+00:00,"{""order_id"": ""ORD_0075887"", ""customer_id"": ""CUST_000085"", ""product_id"": ""PROD_0031"", ""order_date"": ""2024-05-04"", ""quantity"": 2, ""payment_method"": ""Debit Card"", ""order_status"": ""Completed""}"
orders,ORD_0075911,ORPHAN_PRODUCT_FOREIGN_KEY,2026-09-08T16:00:15.302519+00:00,"{""order_id"": ""ORD_0075911"", ""customer_id"": ""CUST_000938"", ""product_id"": ""PROD_0009"", ""order_date"": ""2024-05-04"", ""quantity"": 1, ""payment_method"": ""Debit Card"", ""order_status"": ""Refunded""}"
orders,ORD_0075990,ORPHAN_PRODUCT_FOREIGN_KEY,2026-09-08T16:00:15.302519+00:00,"{""order_id"": ""ORD_0075990"", ""customer_id"": ""CUST_003207"", ""product_id"": ""PROD_0155"", ""order_date"": ""2024-05-04"", ""quantity"": 1, ""payment_method"": ""Credit Card"", ""order_status"": ""Completed""}"
orders,ORD_0076014,ORPHAN_PRODUCT_FOREIGN_KEY,2026-09-08T16:00:15.302519+00:00,"{""order_id"": ""ORD_0076014"", ""customer_id"": ""CUST_004337"", ""product_id"": ""PROD_0009"", ""order_date"": ""2024-05-04"", ""quantity"": 2, ""payment_method"": ""Debit Card"", ""order_status"": ""Completed""}"
orders,ORD_0076029,ORPHAN_PRODUCT_FOREIGN_KEY,2026-09-08T16:00:15.302519+00:00,"{""order_id"": ""ORD_0076029"", ""customer_id"": ""CUST_004571"", ""product_id"": ""PROD_0155"", ""order_date"": ""2024-05-04"", ""quantity"": 3, ""payment_method"": ""PayPal"", ""order_status"": ""Completed""}"
orders,ORD_0076044,ORPHAN_PRODUCT_FOREIGN_KEY,2026-09-08T16:00:15.302519+00:00,"{""order_id"": ""ORD_0076044"", ""customer_id"": ""CUST_005036"", ""product_id"": ""PROD_0009"", ""order_date"": ""2024-05-04"", ""quantity"": 1, ""payment_method"": ""PayPal"", ""order_status"": ""Completed""}"
orders,ORD_0076080,ORPHAN_PRODUCT_FOREIGN_KEY,2026-09-08T16:00:15.302519+00:00,"{""order_id"": ""ORD_0076080"", ""customer_id"": ""CUST_005968"", ""product_id"": ""PROD_0009"", ""order_date"": ""2024-05-04"", ""quantity"": 1, ""payment_method"": ""PayPal"", ""order_status"": ""Completed""}"
orders,ORD_0076120,ORPHAN_PRODUCT_FOREIGN_KEY,2026-09-08T16:00:15.302519+00:00,"{""order_id"": ""ORD_0076120"", ""customer_id"": ""CUST_007256"", ""product_id"": ""PROD_0177"", ""order_date"": ""2024-05-04"", ""quantity"": 1, ""payment_method"": ""PayPal"", ""order_status"": ""Completed""}"
orders,ORD_0076146,ORPHAN_PRODUCT_FOREIGN_KEY,2026-09-08T16:00:15.302519+00:00,"{""order_id"": ""ORD_0076146"", ""customer_id"": ""CUST_008089"", ""product_id"": ""PROD_0031"", ""order_date"": ""2024-05-04"", ""quantity"": 1, ""payment_method"": ""PayPal"", ""order_status"": ""Completed""}"
orders,ORD_0076154,ORPHAN_PRODUCT_FOREIGN_KEY,2026-09-08T16:00:15.302519+00:00,"{""order_id"": ""ORD_0076154"", ""customer_id"": ""CUST_008261"", ""product_id"": ""PROD_0009"", ""order_date"": ""2024-05-04"", ""quantity"": 8, ""payment_method"": ""PayPal"", ""order_status"": ""Completed""}"
orders,ORD_0076191,ORPHAN_PRODUCT_FOREIGN_KEY,2026-09-08T16:00:15.302519+00:00,"{""order_id"": ""ORD_0076191"", ""customer_id"": ""CUST_009491"", ""product_id"": ""PROD_0031"", ""order_date"": ""2024-05-04"", ""quantity"": 1, ""payment_method"": ""Unknown"", ""order_status"": ""Completed""}"
orders,ORD_0076221,ORPHAN_PRODUCT_FOREIGN_KEY,2026-09-08T16:00:15.302519+00:00,"{""order_id"": ""ORD_0076221"", ""customer_id"": ""CUST_000271"", ""product_id"": ""PROD_0031"", ""order_date"": ""2024-05-05"", ""quantity"": 4, ""payment_method"": ""Credit Card"", ""order_status"": ""Completed""}"
orders,ORD_0076242,ORPHAN_PRODUCT_FOREIGN_KEY,2026-09-08T16:00:15.302519+00:00,"{""order_id"": ""ORD_0076242"", ""customer_id"": ""CUST_000794"", ""product_id"": ""PROD_0031"", ""order_date"": ""2024-05-05"", ""quantity"": 1, ""payment_method"": ""PayPal"", ""order_status"": ""Completed""}"
orders,ORD_0076274,ORPHAN_PRODUCT_FOREIGN_KEY,2026-09-08T16:00:15.302519+00:00,"{""order_id"": ""ORD_0076274"", ""customer_id"": ""CUST_001807"", ""product_id"": ""PROD_0009"", ""order_date"": ""2024-05-05"", ""quantity"": 1, ""payment_method"": ""Credit Card"", ""order_status"": ""Completed""}"
orders,ORD_0076311,ORPHAN_PRODUCT_FOREIGN_KEY,2026-09-08T16:00:15.302519+00:00,"{""order_id"": ""ORD_0076311"", ""customer_id"": ""CUST_003156"", ""product_id"": ""PROD_0009"", ""order_date"": ""2024-05-05"", ""quantity"": 1, ""payment_method"": ""Credit Card"", ""order_status"": ""Completed""}"
orders,ORD_0076382,ORPHAN_PRODUCT_FOREIGN_KEY,2026-09-08T16:00:15.302519+00:00,"{""order_id"": ""ORD_0076382"", ""customer_id"": ""CUST_005078"", ""product_id"": ""PROD_0031"", ""order_date"": ""2024-05-05"", ""quantity"": 1, ""payment_method"": ""Credit Card"", ""order_status"": ""Completed""}"
orders,ORD_0076403,ORPHAN_PRODUCT_FOREIGN_KEY,2026-09-08T16:00:15.302519+00:00,"{""order_id"": ""ORD_0076403"", ""customer_id"": ""CUST_005910"", ""product_id"": ""PROD_0101"", ""order_date"": ""2024-05-05"", ""quantity"": 2, ""payment_method"": ""Apple Pay"", ""order_status"": ""Completed""}"
orders,ORD_0076439,ORPHAN_PRODUCT_FOREIGN_KEY,2026-09-08T16:00:15.302519+00:00,"{""order_id"": ""ORD_0076439"", ""customer_id"": ""CUST_007176"", ""product_id"": ""PROD_0009"", ""order_date"": ""2024-05-05"", ""quantity"": 1, ""payment_method"": ""Credit Card"", ""order_status"": ""Completed""}"
orders,ORD_0076519,ORPHAN_PRODUCT_FOREIGN_KEY,2026-09-08T16:00:15.302519+00:00,"{""order_id"": ""ORD_0076519"", ""customer_id"": ""CUST_009942"", ""product_id"": ""PROD_0009"", ""order_date"": ""2024-05-05"", ""quantity"": 1, ""payment_method"": ""Credit Card"", ""order_status"": ""Completed""}"
orders,ORD_0076521,ORPHAN_PRODUCT_FOREIGN_KEY,2026-09-08T16:00:15.302519+00:00,"{""order_id"": ""ORD_0076521"", ""customer_id"": ""CUST_009982"", ""product_id"": ""PROD_0031"", ""order_date"": ""2024-05-05"", ""quantity"": 1, ""payment_method"": ""Credit Card"", ""order_status"": ""Completed""}"
orders,ORD_0076682,ORPHAN_PRODUCT_FOREIGN_KEY,2026-09-08T16:00:15.302519+00:00,"{""order_id"": ""ORD_0076682"", ""customer_id"": ""CUST_005164"", ""product_id"": ""PROD_0009"", ""order_date"": ""2024-05-06"", ""quantity"": 4, ""payment_method"": ""Credit Card"", ""order_status"": ""Completed""}"
orders,ORD_0076693,ORPHAN_PRODUCT_FOREIGN_KEY,2026-09-08T16:00:15.302519+00:00,"{""order_id"": ""ORD_0076693"", ""customer_id"": ""CUST_005499"", ""product_id"": ""PROD_0031"", ""order_date"": ""2024-05-06"", ""quantity"": 2, ""payment_method"": ""Debit Card"", ""order_status"": ""Completed""}"
orders,ORD_0076747,ORPHAN_PRODUCT_FOREIGN_KEY,2026-09-08T16:00:15.302519+00:00,"{""order_id"": ""ORD_0076747"", ""customer_id"": ""CUST_006989"", ""product_id"": ""PROD_0291"", ""order_date"": ""2024-05-06"", ""quantity"": 3, ""payment_method"": ""PayPal"", ""order_status"": ""Cancelled""}"
orders,ORD_0076928,ORPHAN_PRODUCT_FOREIGN_KEY,2026-09-08T16:00:15.302519+00:00,"{""order_id"": ""ORD_0076928"", ""customer_id"": ""CUST_002416"", ""product_id"": ""PROD_0319"", ""order_date"": ""2024-05-07"", ""quantity"": 3, ""payment_method"": ""Credit Card"", ""order_status"": ""Completed""}"
orders,ORD_0076934,ORPHAN_PRODUCT_FOREIGN_KEY,2026-09-08T16:00:15.302519+00:00,"{""order_id"": ""ORD_0076934"", ""customer_id"": ""CUST_002764"", ""product_id"": ""PROD_0177"", ""order_date"": ""2024-05-07"", ""quantity"": 1, ""payment_method"": ""Debit Card"", ""order_status"": ""Refunded""}"
orders,ORD_0076938,ORPHAN_PRODUCT_FOREIGN_KEY,2026-09-08T16:00:15.302519+00:00,"{""order_id"": ""ORD_0076938"", ""customer_id"": ""CUST_002896"", ""product_id"": ""PROD_0031"", ""order_date"": ""2024-05-07"", ""quantity"": 1, ""payment_method"": ""Credit Card"", ""order_status"": ""Completed""}"
orders,ORD_0076962,ORPHAN_PRODUCT_FOREIGN_KEY,2026-09-08T16:00:15.302519+00:00,"{""order_id"": ""ORD_0076962"", ""customer_id"": ""CUST_003665"", ""product_id"": ""PROD_0485"", ""order_date"": ""2024-05-07"", ""quantity"": 1, ""payment_method"": ""Credit Card"", ""order_status"": ""Completed""}"
orders,ORD_0076990,ORPHAN_PRODUCT_FOREIGN_KEY,2026-09-08T16:00:15.302519+00:00,"{""order_id"": ""ORD_0076990"", ""customer_id"": ""CUST_004336"", ""product_id"": ""PROD_0485"", ""order_date"": ""2024-05-07"", ""quantity"": 1, ""payment_method"": ""Credit Card"", ""order_status"": ""Completed""}"
orders,ORD_0077020,ORPHAN_PRODUCT_FOREIGN_KEY,2026-09-08T16:00:15.302519+00:00,"{""order_id"": ""ORD_0077020"", ""customer_id"": ""CUST_005137"", ""product_id"": ""PROD_0009"", ""order_date"": ""2024-05-07"", ""quantity"": 1, ""payment_method"": ""Apple Pay"", ""order_status"": ""Completed""}"
orders,ORD_0077041,ORPHAN_PRODUCT_FOREIGN_KEY,2026-09-08T16:00:15.302519+00:00,"{""order_id"": ""ORD_0077041"", ""customer_id"": ""CUST_005945"", ""product_id"": ""PROD_0177"", ""order_date"": ""2024-05-07"", ""quantity"": 1, ""payment_method"": ""Credit Card"", ""order_status"": ""Completed""}"
orders,ORD_0077052,ORPHAN_PRODUCT_FOREIGN_KEY,2026-09-08T16:00:15.302519+00:00,"{""order_id"": ""ORD_0077052"", ""customer_id"": ""CUST_006131"", ""product_id"": ""PROD_0031"", ""order_date"": ""2024-05-07"", ""quantity"": 1, ""payment_method"": ""Debit Card"", ""order_status"": ""Completed""}"
orders,ORD_0077055,ORPHAN_PRODUCT_FOREIGN_KEY,2026-09-08T16:00:15.302519+00:00,"{""order_id"": ""ORD_0077055"", ""customer_id"": ""CUST_006143"", ""product_id"": ""PROD_0009"", ""order_date"": ""2024-05-07"", ""quantity"": 1, ""payment_method"": ""Credit Card"", ""order_status"": ""Completed""}"
orders,ORD_0077072,ORPHAN_PRODUCT_FOREIGN_KEY,2026-09-08T16:00:15.302519+00:00,"{""order_id"": ""ORD_0077072"", ""customer_id"": ""CUST_006849"", ""product_id"": ""PROD_0009"", ""order_date"": ""2024-05-07"", ""quantity"": 2, ""payment_method"": ""PayPal"", ""order_status"": ""Refunded""}"
orders,ORD_0077080,ORPHAN_PRODUCT_FOREIGN_KEY,2026-09-08T16:00:15.302519+00:00,"{""order_id"": ""ORD_0077080"", ""customer_id"": ""CUST_006983"", ""product_id"": ""PROD_0009"", ""order_date"": ""2024-05-07"", ""quantity"": 1, ""payment_method"": ""PayPal"", ""order_status"": ""Shipped""}"
orders,ORD_0077137,ORPHAN_PRODUCT_FOREIGN_KEY,2026-09-08T16:00:15.302519+00:00,"{""order_id"": ""ORD_0077137"", ""customer_id"": ""CUST_008602"", ""product_id"": ""PROD_0009"", ""order_date"": ""2024-05-07"", ""quantity"": 2, ""payment_method"": ""Credit Card"", ""order_status"": ""Shipped""}"
orders,ORD_0077207,ORPHAN_PRODUCT_FOREIGN_KEY,2026-09-08T16:00:15.302519+00:00,"{""order_id"": ""ORD_0077207"", ""customer_id"": ""CUST_000292"", ""product_id"": ""PROD_0101"", ""order_date"": ""2024-05-08"", ""quantity"": 1, ""payment_method"": ""PayPal"", ""order_status"": ""Refunded""}"
orders,ORD_0077238,ORPHAN_PRODUCT_FOREIGN_KEY,2026-09-08T16:00:15.302519+00:00,"{""order_id"": ""ORD_0077238"", ""customer_id"": ""CUST_000940"", ""product_id"": ""PROD_0009"", ""order_date"": ""2024-05-08"", ""quantity"": 1, ""payment_method"": ""Credit Card"", ""order_status"": ""Completed""}"
orders,ORD_0077285,ORPHAN_PRODUCT_FOREIGN_KEY,2026-09-08T16:00:15.302519+00:00,"{""order_id"": ""ORD_0077285"", ""customer_id"": ""CUST_002197"", ""product_id"": ""PROD_0009"", ""order_date"": ""2024-05-08"", ""quantity"": 2, ""payment_method"": ""Credit Card"", ""order_status"": ""Completed""}"
orders,ORD_0077302,ORPHAN_PRODUCT_FOREIGN_KEY,2026-09-08T16:00:15.302519+00:00,"{""order_id"": ""ORD_0077302"", ""customer_id"": ""CUST_002424"", ""product_id"": ""PROD_0009"", ""order_date"": ""2024-05-08"", ""quantity"": 1, ""payment_method"": ""Credit Card"", ""order_status"": ""Completed""}"
orders,ORD_0077324,ORPHAN_PRODUCT_FOREIGN_KEY,2026-09-08T16:00:15.302519+00:00,"{""order_id"": ""ORD_0077324"", ""customer_id"": ""CUST_002989"", ""product_id"": ""PROD_0009"", ""order_date"": ""2024-05-08"", ""quantity"": 1, ""payment_method"": ""Credit Card"", ""order_status"": ""Completed""}"
orders,ORD_0077377,ORPHAN_PRODUCT_FOREIGN_KEY,2026-09-08T16:00:15.302519+00:00,"{""order_id"": ""ORD_0077377"", ""customer_id"": ""CUST_004383"", ""product_id"": ""PROD_0009"", ""order_date"": ""2024-05-08"", ""quantity"": 2, ""payment_method"": ""Debit Card"", ""order_status"": ""Completed""}"
orders,ORD_0077433,ORPHAN_PRODUCT_FOREIGN_KEY,2026-09-08T16:00:15.302519+00:00,"{""order_id"": ""ORD_0077433"", ""customer_id"": ""CUST_005930"", ""product_id"": ""PROD_0009"", ""order_date"": ""2024-05-08"", ""quantity"": 1, ""payment_method"": ""Credit Card"", ""order_status"": ""Completed""}"
orders,ORD_0077515,ORPHAN_PRODUCT_FOREIGN_KEY,2026-09-08T16:00:15.302519+00:00,"{""order_id"": ""ORD_0077515"", ""customer_id"": ""CUST_008425"", ""product_id"": ""PROD_0319"", ""order_date"": ""2024-05-08"", ""quantity"": 1, ""payment_method"": ""Credit Card"", ""order_status"": ""Cancelled""}"
orders,ORD_0077517,ORPHAN_PRODUCT_FOREIGN_KEY,2026-09-08T16:00:15.302519+00:00,"{""order_id"": ""ORD_0077517"", ""customer_id"": ""CUST_008501"", ""product_id"": ""PROD_0009"", ""order_date"": ""2024-05-08"", ""quantity"": 1, ""payment_method"": ""Credit Card"", ""order_status"": ""Completed""}"
orders,ORD_0077524,ORPHAN_PRODUCT_FOREIGN_KEY,2026-09-08T16:00:15.302519+00:00,"{""order_id"": ""ORD_0077524"", ""customer_id"": ""CUST_008665"", ""product_id"": ""PROD_0009"", ""order_date"": ""2024-05-08"", ""quantity"": 3, ""payment_method"": ""Credit Card"", ""order_status"": ""Completed""}"
orders,ORD_0077546,ORPHAN_PRODUCT_FOREIGN_KEY,2026-09-08T16:00:15.302519+00:00,"{""order_id"": ""ORD_0077546"", ""customer_id"": ""CUST_009530"", ""product_id"": ""PROD_0009"", ""order_date"": ""2024-05-08"", ""quantity"": 1, ""payment_method"": ""Credit Card"", ""order_status"": ""Cancelled""}"
orders,ORD_0077615,ORPHAN_PRODUCT_FOREIGN_KEY,2026-09-08T16:00:15.302519+00:00,"{""order_id"": ""ORD_0077615"", ""customer_id"": ""CUST_001133"", ""product_id"": ""PROD_0031"", ""order_date"": ""2024-05-09"", ""quantity"": 1, ""payment_method"": ""Credit Card"", ""order_status"": ""Completed""}"
orders,ORD_0077620,ORPHAN_PRODUCT_FOREIGN_KEY,2026-09-08T16:00:15.302519+00:00,"{""order_id"": ""ORD_0077620"", ""customer_id"": ""CUST_001230"", ""product_id"": ""PROD_0009"", ""order_date"": ""2024-05-09"", ""quantity"": 2, ""payment_method"": ""Credit Card"", ""order_status"": ""Completed""}"
orders,ORD_0077626,ORPHAN_PRODUCT_FOREIGN_KEY,2026-09-08T16:00:15.302519+00:00,"{""order_id"": ""ORD_0077626"", ""customer_id"": ""CUST_001369"", ""product_id"": ""PROD_0009"", ""order_date"": ""2024-05-09"", ""quantity"": 1, ""payment_method"": ""PayPal"", ""order_status"": ""Completed""}"
orders,ORD_0077805,ORPHAN_PRODUCT_FOREIGN_KEY,2026-09-08T16:00:15.302519+00:00,"{""order_id"": ""ORD_0077805"", ""customer_id"": ""CUST_006219"", ""product_id"": ""PROD_0009"", ""order_date"": ""2024-05-09"", ""quantity"": 1, ""payment_method"": ""PayPal"", ""order_status"": ""Completed""}"
orders,ORD_0077828,ORPHAN_PRODUCT_FOREIGN_KEY,2026-09-08T16:00:15.302519+00:00,"{""order_id"": ""ORD_0077828"", ""customer_id"": ""CUST_006745"", ""product_id"": ""PROD_0009"", ""order_date"": ""2024-05-09"", ""quantity"": 1, ""payment_method"": ""PayPal"", ""order_status"": ""Completed""}"
orders,ORD_0077853,ORPHAN_PRODUCT_FOREIGN_KEY,2026-09-08T16:00:15.302519+00:00,"{""order_id"": ""ORD_0077853"", ""customer_id"": ""CUST_007220"", ""product_id"": ""PROD_0031"", ""order_date"": ""2024-05-09"", ""quantity"": 1, ""payment_method"": ""Debit Card"", ""order_status"": ""Refunded""}"
orders,ORD_0077867,ORPHAN_PRODUCT_FOREIGN_KEY,2026-09-08T16:00:15.302519+00:00,"{""order_id"": ""ORD_0077867"", ""customer_id"": ""CUST_007563"", ""product_id"": ""PROD_0031"", ""order_date"": ""2024-05-09"", ""quantity"": 1, ""payment_method"": ""Cash on Delivery"", ""order_status"": ""Completed""}"
orders,ORD_0077987,ORPHAN_PRODUCT_FOREIGN_KEY,2026-09-08T16:00:15.302519+00:00,"{""order_id"": ""ORD_0077987"", ""customer_id"": ""CUST_001041"", ""product_id"": ""PROD_0009"", ""order_date"": ""2024-05-10"", ""quantity"": 1, ""payment_method"": ""Apple Pay"", ""order_status"": ""Completed""}"
orders,ORD_0078005,ORPHAN_PRODUCT_FOREIGN_KEY,2026-09-08T16:00:15.302519+00:00,"{""order_id"": ""ORD_0078005"", ""customer_id"": ""CUST_001547"", ""product_id"": ""PROD_0031"", ""order_date"": ""2024-05-10"", ""quantity"": 1, ""payment_method"": ""PayPal"", ""order_status"": ""Completed""}"
orders,ORD_0078013,ORPHAN_PRODUCT_FOREIGN_KEY,2026-09-08T16:00:15.302519+00:00,"{""order_id"": ""ORD_0078013"", ""customer_id"": ""CUST_001764"", ""product_id"": ""PROD_0009"", ""order_date"": ""2024-05-10"", ""quantity"": 2, ""payment_method"": ""Debit Card"", ""order_status"": ""Completed""}"
orders,ORD_0078068,ORPHAN_PRODUCT_FOREIGN_KEY,2026-09-08T16:00:15.302519+00:00,"{""order_id"": ""ORD_0078068"", ""customer_id"": ""CUST_003365"", ""product_id"": ""PROD_0009"", ""order_date"": ""2024-05-10"", ""quantity"": 1, ""payment_method"": ""Credit Card"", ""order_status"": ""Completed""}"
orders,ORD_0078077,ORPHAN_PRODUCT_FOREIGN_KEY,2026-09-08T16:00:15.302519+00:00,"{""order_id"": ""ORD_0078077"", ""customer_id"": ""CUST_003652"", ""product_id"": ""PROD_0009"", ""order_date"": ""2024-05-10"", ""quantity"": 2, ""payment_method"": ""Credit Card"", ""order_status"": ""Completed""}"
orders,ORD_0078096,ORPHAN_PRODUCT_FOREIGN_KEY,2026-09-08T16:00:15.302519+00:00,"{""order_id"": ""ORD_0078096"", ""customer_id"": ""CUST_004008"", ""product_id"": ""PROD_0319"", ""order_date"": ""2024-05-10"", ""quantity"": 1, ""payment_method"": ""Credit Card"", ""order_status"": ""Completed""}"
orders,ORD_0078102,ORPHAN_PRODUCT_FOREIGN_KEY,2026-09-08T16:00:15.302519+00:00,"{""order_id"": ""ORD_0078102"", ""customer_id"": ""CUST_004167"", ""product_id"": ""PROD_0101"", ""order_date"": ""2024-05-10"", ""quantity"": 3, ""payment_method"": ""Credit Card"", ""order_status"": ""Completed""}"
orders,ORD_0078110,ORPHAN_PRODUCT_FOREIGN_KEY,2026-09-08T16:00:15.302519+00:00,"{""order_id"": ""ORD_0078110"", ""customer_id"": ""CUST_004369"", ""product_id"": ""PROD_0155"", ""order_date"": ""2024-05-10"", ""quantity"": 3, ""payment_method"": ""Credit Card"", ""order_status"": ""Completed""}"
orders,ORD_0078150,ORPHAN_PRODUCT_FOREIGN_KEY,2026-09-08T16:00:15.302519+00:00,"{""order_id"": ""ORD_0078150"", ""customer_id"": ""CUST_005270"", ""product_id"": ""PROD_0009"", ""order_date"": ""2024-05-10"", ""quantity"": 1, ""payment_method"": ""Credit Card"", ""order_status"": ""Completed""}"
orders,ORD_0078156,ORPHAN_PRODUCT_FOREIGN_KEY,2026-09-08T16:00:15.302519+00:00,"{""order_id"": ""ORD_0078156"", ""customer_id"": ""CUST_005482"", ""product_id"": ""PROD_0009"", ""order_date"": ""2024-05-10"", ""quantity"": 1, ""payment_method"": ""Debit Card"", ""order_status"": ""Completed""}"
orders,ORD_0078197,ORPHAN_PRODUCT_FOREIGN_KEY,2026-09-08T16:00:15.302519+00:00,"{""order_id"": ""ORD_0078197"", ""customer_id"": ""CUST_006284"", ""product_id"": ""PROD_0009"", ""order_date"": ""2024-05-10"", ""quantity"": 1, ""payment_method"": ""PayPal"", ""order_status"": ""Completed""}"
orders,ORD_0078281,ORPHAN_PRODUCT_FOREIGN_KEY,2026-09-08T16:00:15.302519+00:00,"{""order_id"": ""ORD_0078281"", ""customer_id"": ""CUST_008896"", ""product_id"": ""PROD_0031"", ""order_date"": ""2024-05-10"", ""quantity"": 3, ""payment_method"": ""Debit Card"", ""order_status"": ""Completed""}"
orders,ORD_0078407,ORPHAN_PRODUCT_FOREIGN_KEY,2026-09-08T16:00:15.302519+00:00,"{""order_id"": ""ORD_0078407"", ""customer_id"": ""CUST_002424"", ""product_id"": ""PROD_0009"", ""order_date"": ""2024-05-11"", ""quantity"": 1, ""payment_method"": ""Credit Card"", ""order_status"": ""Completed""}"
orders,ORD_0078471,ORPHAN_PRODUCT_FOREIGN_KEY,2026-09-08T16:00:15.302519+00:00,"{""order_id"": ""ORD_0078471"", ""customer_id"": ""CUST_004281"", ""product_id"": ""PROD_0177"", ""order_date"": ""2024-05-11"", ""quantity"": 2, ""payment_method"": ""Debit Card"", ""order_status"": ""Completed""}"
orders,ORD_0078492,ORPHAN_PRODUCT_FOREIGN_KEY,2026-09-08T16:00:15.302519+00:00,"{""order_id"": ""ORD_0078492"", ""customer_id"": ""CUST_004822"", ""product_id"": ""PROD_0009"", ""order_date"": ""2024-05-11"", ""quantity"": 1, ""payment_method"": ""PayPal"", ""order_status"": ""Completed""}"
orders,ORD_0078568,ORPHAN_PRODUCT_FOREIGN_KEY,2026-09-08T16:00:15.302519+00:00,"{""order_id"": ""ORD_0078568"", ""customer_id"": ""CUST_006523"", ""product_id"": ""PROD_0155"", ""order_date"": ""2024-05-11"", ""quantity"": 2, ""payment_method"": ""PayPal"", ""order_status"": ""Completed""}"
orders,ORD_0078594,ORPHAN_PRODUCT_FOREIGN_KEY,2026-09-08T16:00:15.302519+00:00,"{""order_id"": ""ORD_0078594"", ""customer_id"": ""CUST_007147"", ""product_id"": ""PROD_0319"", ""order_date"": ""2024-05-11"", ""quantity"": 1, ""payment_method"": ""PayPal"", ""order_status"": ""Completed""}"
orders,ORD_0078674,ORPHAN_PRODUCT_FOREIGN_KEY,2026-09-08T16:00:15.302519+00:00,"{""order_id"": ""ORD_0078674"", ""customer_id"": ""CUST_009196"", ""product_id"": ""PROD_0009"", ""order_date"": ""2024-05-11"", ""quantity"": 1, ""payment_method"": ""Credit Card"", ""order_status"": ""Completed""}"
orders,ORD_0078678,ORPHAN_PRODUCT_FOREIGN_KEY,2026-09-08T16:00:15.302519+00:00,"{""order_id"": ""ORD_0078678"", ""customer_id"": ""CUST_009246"", ""product_id"": ""PROD_0009"", ""order_date"": ""2024-05-11"", ""quantity"": 1, ""payment_method"": ""Credit Card"", ""order_status"": ""Completed""}"
orders,ORD_0078684,ORPHAN_PRODUCT_FOREIGN_KEY,2026-09-08T16:00:15.302519+00:00,"{""order_id"": ""ORD_0078684"", ""customer_id"": ""CUST_009332"", ""product_id"": ""PROD_0009"", ""order_date"": ""2024-05-11"", ""quantity"": 1, ""payment_method"": ""Cash on Delivery"", ""order_status"": ""Completed""}"
orders,ORD_0078712,ORPHAN_PRODUCT_FOREIGN_KEY,2026-09-08T16:00:15.302519+00:00,"{""order_id"": ""ORD_0078712"", ""customer_id"": ""CUST_009936"", ""product_id"": ""PROD_0009"", ""order_date"": ""2024-05-11"", ""quantity"": 1, ""payment_method"": ""PayPal"", ""order_status"": ""Completed""}"
orders,ORD_0078724,ORPHAN_PRODUCT_FOREIGN_KEY,2026-09-08T16:00:15.302519+00:00,"{""order_id"": ""ORD_0078724"", ""customer_id"": ""CUST_000157"", ""product_id"": ""PROD_0009"", ""order_date"": ""2024-05-12"", ""quantity"": 1, ""payment_method"": ""PayPal"", ""order_status"": ""Completed""}"
orders,ORD_0078739,ORPHAN_PRODUCT_FOREIGN_KEY,2026-09-08T16:00:15.302519+00:00,"{""order_id"": ""ORD_0078739"", ""customer_id"": ""CUST_000475"", ""product_id"": ""PROD_0009"", ""order_date"": ""2024-05-12"", ""quantity"": 2, ""payment_method"": ""Debit Card"", ""order_status"": ""Completed""}"
orders,ORD_0078748,ORPHAN_PRODUCT_FOREIGN_KEY,2026-09-08T16:00:15.302519+00:00,"{""order_id"": ""ORD_0078748"", ""customer_id"": ""CUST_000726"", ""product_id"": ""PROD_0177"", ""order_date"": ""2024-05-12"", ""quantity"": 1, ""payment_method"": ""Credit Card"", ""order_status"": ""Completed""}"
orders,ORD_0078764,ORPHAN_PRODUCT_FOREIGN_KEY,2026-09-08T16:00:15.302519+00:00,"{""order_id"": ""ORD_0078764"", ""customer_id"": ""CUST_000908"", ""product_id"": ""PROD_0009"", ""order_date"": ""2024-05-12"", ""quantity"": 1, ""payment_method"": ""Apple Pay"", ""order_status"": ""Completed""}"
orders,ORD_0078817,ORPHAN_PRODUCT_FOREIGN_KEY,2026-09-08T16:00:15.302519+00:00,"{""order_id"": ""ORD_0078817"", ""customer_id"": ""CUST_002517"", ""product_id"": ""PROD_0009"", ""order_date"": ""2024-05-12"", ""quantity"": 2, ""payment_method"": ""Credit Card"", ""order_status"": ""Cancelled""}"
orders,ORD_0078843,ORPHAN_PRODUCT_FOREIGN_KEY,2026-09-08T16:00:15.302519+00:00,"{""order_id"": ""ORD_0078843"", ""customer_id"": ""CUST_003208"", ""product_id"": ""PROD_0101"", ""order_date"": ""2024-05-12"", ""quantity"": 3, ""payment_method"": ""Debit Card"", ""order_status"": ""Completed""}"
orders,ORD_0078898,ORPHAN_PRODUCT_FOREIGN_KEY,2026-09-08T16:00:15.302519+00:00,"{""order_id"": ""ORD_0078898"", ""customer_id"": ""CUST_004536"", ""product_id"": ""PROD_0009"", ""order_date"": ""2024-05-12"", ""quantity"": 1, ""payment_method"": ""PayPal"", ""order_status"": ""Completed""}"
orders,ORD_0078929,ORPHAN_PRODUCT_FOREIGN_KEY,2026-09-08T16:00:15.302519+00:00,"{""order_id"": ""ORD_0078929"", ""customer_id"": ""CUST_005514"", ""product_id"": ""PROD_0009"", ""order_date"": ""2024-05-12"", ""quantity"": 1, ""payment_method"": ""PayPal"", ""order_status"": ""Completed""}"
orders,ORD_0078942,ORPHAN_PRODUCT_FOREIGN_KEY,2026-09-08T16:00:15.302519+00:00,"{""order_id"": ""ORD_0078942"", ""customer_id"": ""CUST_005751"", ""product_id"": ""PROD_0031"", ""order_date"": ""2024-05-12"", ""quantity"": 1, ""payment_method"": ""Credit Card"", ""order_status"": ""Completed""}"
orders,ORD_0078945,ORPHAN_PRODUCT_FOREIGN_KEY,2026-09-08T16:00:15.302519+00:00,"{""order_id"": ""ORD_0078945"", ""customer_id"": ""CUST_005853"", ""product_id"": ""PROD_0009"", ""order_date"": ""2024-05-12"", ""quantity"": 1, ""payment_method"": ""Apple Pay"", ""order_status"": ""Completed""}"
orders,ORD_0078957,ORPHAN_PRODUCT_FOREIGN_KEY,2026-09-08T16:00:15.302519+00:00,"{""order_id"": ""ORD_0078957"", ""customer_id"": ""CUST_006085"", ""product_id"": ""PROD_0291"", ""order_date"": ""2024-05-12"", ""quantity"": 2, ""payment_method"": ""Credit Card"", ""order_status"": ""Completed""}"
orders,ORD_0079041,ORPHAN_PRODUCT_FOREIGN_KEY,2026-09-08T16:00:15.302519+00:00,"{""order_id"": ""ORD_0079041"", ""customer_id"": ""CUST_008609"", ""product_id"": ""PROD_0291"", ""order_date"": ""2024-05-12"", ""quantity"": 3, ""payment_method"": ""PayPal"", ""order_status"": ""Completed""}"
orders,ORD_0079183,ORPHAN_PRODUCT_FOREIGN_KEY,2026-09-08T16:00:15.302519+00:00,"{""order_id"": ""ORD_0079183"", ""customer_id"": ""CUST_002315"", ""product_id"": ""PROD_0155"", ""order_date"": ""2024-05-13"", ""quantity"": 1, ""payment_method"": ""Cash on Delivery"", ""order_status"": ""Completed""}"
orders,ORD_0079207,ORPHAN_PRODUCT_FOREIGN_KEY,2026-09-08T16:00:15.302519+00:00,"{""order_id"": ""ORD_0079207"", ""customer_id"": ""CUST_002864"", ""product_id"": ""PROD_0291"", ""order_date"": ""2024-05-13"", ""quantity"": 2, ""payment_method"": ""Credit Card"", ""order_status"": ""Completed""}"
orders,ORD_0079209,ORPHAN_PRODUCT_FOREIGN_KEY,2026-09-08T16:00:15.302519+00:00,"{""order_id"": ""ORD_0079209"", ""customer_id"": ""CUST_002876"", ""product_id"": ""PROD_0319"", ""order_date"": ""2024-05-13"", ""quantity"": 1, ""payment_method"": ""Credit Card"", ""order_status"": ""Completed""}"
orders,ORD_0079211,ORPHAN_PRODUCT_FOREIGN_KEY,2026-09-08T16:00:15.302519+00:00,"{""order_id"": ""ORD_0079211"", ""customer_id"": ""CUST_002917"", ""product_id"": ""PROD_0009"", ""order_date"": ""2024-05-13"", ""quantity"": 1, ""payment_method"": ""Credit Card"", ""order_status"": ""Shipped""}"
orders,ORD_0079212,ORPHAN_PRODUCT_FOREIGN_KEY,2026-09-08T16:00:15.302519+00:00,"{""order_id"": ""ORD_0079212"", ""customer_id"": ""CUST_002917"", ""product_id"": ""PROD_0101"", ""order_date"": ""2024-05-13"", ""quantity"": 1, ""payment_method"": ""Credit Card"", ""order_status"": ""Completed""}"
orders,ORD_0079213,ORPHAN_PRODUCT_FOREIGN_KEY,2026-09-08T16:00:15.302519+00:00,"{""order_id"": ""ORD_0079213"", ""customer_id"": ""CUST_003005"", ""product_id"": ""PROD_0009"", ""order_date"": ""2024-05-13"", ""quantity"": 1, ""payment_method"": ""Credit Card"", ""order_status"": ""Refunded""}"
orders,ORD_0079290,ORPHAN_PRODUCT_FOREIGN_KEY,2026-09-08T16:00:15.302519+00:00,"{""order_id"": ""ORD_0079290"", ""customer_id"": ""CUST_004671"", ""product_id"": ""PROD_0009"", ""order_date"": ""2024-05-13"", ""quantity"": 1, ""payment_method"": ""Credit Card"", ""order_status"": ""Completed""}"
orders,ORD_0079295,ORPHAN_PRODUCT_FOREIGN_KEY,2026-09-08T16:00:15.302519+00:00,"{""order_id"": ""ORD_0079295"", ""customer_id"": ""CUST_004837"", ""product_id"": ""PROD_0009"", ""order_date"": ""2024-05-13"", ""quantity"": 1, ""payment_method"": ""PayPal"", ""order_status"": ""Completed""}"
orders,ORD_0079310,ORPHAN_PRODUCT_FOREIGN_KEY,2026-09-08T16:00:15.302519+00:00,"{""order_id"": ""ORD_0079310"", ""customer_id"": ""CUST_005341"", ""product_id"": ""PROD_0101"", ""order_date"": ""2024-05-13"", ""quantity"": 1, ""payment_method"": ""Credit Card"", ""order_status"": ""Shipped""}"
orders,ORD_0079316,ORPHAN_PRODUCT_FOREIGN_KEY,2026-09-08T16:00:15.302519+00:00,"{""order_id"": ""ORD_0079316"", ""customer_id"": ""CUST_005417"", ""product_id"": ""PROD_0155"", ""order_date"": ""2024-05-13"", ""quantity"": 2, ""payment_method"": ""Debit Card"", ""order_status"": ""Completed""}"
orders,ORD_0079318,ORPHAN_PRODUCT_FOREIGN_KEY,2026-09-08T16:00:15.302519+00:00,"{""order_id"": ""ORD_0079318"", ""customer_id"": ""CUST_005448"", ""product_id"": ""PROD_0155"", ""order_date"": ""2024-05-13"", ""quantity"": 4, ""payment_method"": ""Debit Card"", ""order_status"": ""Refunded""}"
orders,ORD_0079336,ORPHAN_PRODUCT_FOREIGN_KEY,2026-09-08T16:00:15.302519+00:00,"{""order_id"": ""ORD_0079336"", ""customer_id"": ""CUST_005922"", ""product_id"": ""PROD_0009"", ""order_date"": ""2024-05-13"", ""quantity"": 3, ""payment_method"": ""Credit Card"", ""order_status"": ""Refunded""}"
orders,ORD_0079381,ORPHAN_PRODUCT_FOREIGN_KEY,2026-09-08T16:00:15.302519+00:00,"{""order_id"": ""ORD_0079381"", ""customer_id"": ""CUST_006990"", ""product_id"": ""PROD_0009"", ""order_date"": ""2024-05-13"", ""quantity"": 1, ""payment_method"": ""Cash on Delivery"", ""order_status"": ""Completed""}"
orders,ORD_0079532,ORPHAN_PRODUCT_FOREIGN_KEY,2026-09-08T16:00:15.302519+00:00,"{""order_id"": ""ORD_0079532"", ""customer_id"": ""CUST_000558"", ""product_id"": ""PROD_0009"", ""order_date"": ""2024-05-14"", ""quantity"": 2, ""payment_method"": ""PayPal"", ""order_status"": ""Completed""}"
orders,ORD_0079536,ORPHAN_PRODUCT_FOREIGN_KEY,2026-09-08T16:00:15.302519+00:00,"{""order_id"": ""ORD_0079536"", ""customer_id"": ""CUST_000590"", ""product_id"": ""PROD_0101"", ""order_date"": ""2024-05-14"", ""quantity"": 1, ""payment_method"": ""Debit Card"", ""order_status"": ""Completed""}"
orders,ORD_0079652,ORPHAN_PRODUCT_FOREIGN_KEY,2026-09-08T16:00:15.302519+00:00,"{""order_id"": ""ORD_0079652"", ""customer_id"": ""CUST_003503"", ""product_id"": ""PROD_0009"", ""order_date"": ""2024-05-14"", ""quantity"": 1, ""payment_method"": ""Credit Card"", ""order_status"": ""Completed""}"
orders,ORD_0079704,ORPHAN_PRODUCT_FOREIGN_KEY,2026-09-08T16:00:15.302519+00:00,"{""order_id"": ""ORD_0079704"", ""customer_id"": ""CUST_004641"", ""product_id"": ""PROD_0009"", ""order_date"": ""2024-05-14"", ""quantity"": 1, ""payment_method"": ""Credit Card"", ""order_status"": ""Completed""}"
orders,ORD_0079731,ORPHAN_PRODUCT_FOREIGN_KEY,2026-09-08T16:00:15.302519+00:00,"{""order_id"": ""ORD_0079731"", ""customer_id"": ""CUST_005317"", ""product_id"": ""PROD_0009"", ""order_date"": ""2024-05-14"", ""quantity"": 1, ""payment_method"": ""Credit Card"", ""order_status"": ""Completed""}"
orders,ORD_0079779,ORPHAN_PRODUCT_FOREIGN_KEY,2026-09-08T16:00:15.302519+00:00,"{""order_id"": ""ORD_0079779"", ""customer_id"": ""CUST_006275"", ""product_id"": ""PROD_0031"", ""order_date"": ""2024-05-14"", ""quantity"": 1, ""payment_method"": ""Credit Card"", ""order_status"": ""Completed""}"
orders,ORD_0079801,ORPHAN_PRODUCT_FOREIGN_KEY,2026-09-08T16:00:15.302519+00:00,"{""order_id"": ""ORD_0079801"", ""customer_id"": ""CUST_006800"", ""product_id"": ""PROD_0031"", ""order_date"": ""2024-05-14"", ""quantity"": 1, ""payment_method"": ""Credit Card"", ""order_status"": ""Completed""}"
orders,ORD_0079838,ORPHAN_PRODUCT_FOREIGN_KEY,2026-09-08T16:00:15.302519+00:00,"{""order_id"": ""ORD_0079838"", ""customer_id"": ""CUST_007876"", ""product_id"": ""PROD_0319"", ""order_date"": ""2024-05-14"", ""quantity"": 2, ""payment_method"": ""PayPal"", ""order_status"": ""Completed""}"
orders,ORD_0079878,ORPHAN_PRODUCT_FOREIGN_KEY,2026-09-08T16:00:15.302519+00:00,"{""order_id"": ""ORD_0079878"", ""customer_id"": ""CUST_008932"", ""product_id"": ""PROD_0101"", ""order_date"": ""2024-05-14"", ""quantity"": 3, ""payment_method"": ""Credit Card"", ""order_status"": ""Completed""}"
orders,ORD_0080101,ORPHAN_PRODUCT_FOREIGN_KEY,2026-09-08T16:00:15.302519+00:00,"{""order_id"": ""ORD_0080101"", ""customer_id"": ""CUST_004412"", ""product_id"": ""PROD_0031"", ""order_date"": ""2024-05-15"", ""quantity"": 1, ""payment_method"": ""PayPal"", ""order_status"": ""Completed""}"
orders,ORD_0080109,ORPHAN_PRODUCT_FOREIGN_KEY,2026-09-08T16:00:15.302519+00:00,"{""order_id"": ""ORD_0080109"", ""customer_id"": ""CUST_004521"", ""product_id"": ""PROD_0177"", ""order_date"": ""2024-05-15"", ""quantity"": 1, ""payment_method"": ""Credit Card"", ""order_status"": ""Completed""}"
orders,ORD_0080118,ORPHAN_PRODUCT_FOREIGN_KEY,2026-09-08T16:00:15.302519+00:00,"{""order_id"": ""ORD_0080118"", ""customer_id"": ""CUST_004745"", ""product_id"": ""PROD_0101"", ""order_date"": ""2024-05-15"", ""quantity"": 2, ""payment_method"": ""Credit Card"", ""order_status"": ""Completed""}"
orders,ORD_0080152,ORPHAN_PRODUCT_FOREIGN_KEY,2026-09-08T16:00:15.302519+00:00,"{""order_id"": ""ORD_0080152"", ""customer_id"": ""CUST_005341"", ""product_id"": ""PROD_0009"", ""order_date"": ""2024-05-15"", ""quantity"": 4, ""payment_method"": ""Apple Pay"", ""order_status"": ""Completed""}"
orders,ORD_0080157,ORPHAN_PRODUCT_FOREIGN_KEY,2026-09-08T16:00:15.302519+00:00,"{""order_id"": ""ORD_0080157"", ""customer_id"": ""CUST_005602"", ""product_id"": ""PROD_0031"", ""order_date"": ""2024-05-15"", ""quantity"": 2, ""payment_method"": ""Credit Card"", ""order_status"": ""Completed""}"
orders,ORD_0080200,ORPHAN_PRODUCT_FOREIGN_KEY,2026-09-08T16:00:15.302519+00:00,"{""order_id"": ""ORD_0080200"", ""customer_id"": ""CUST_006637"", ""product_id"": ""PROD_0009"", ""order_date"": ""2024-05-15"", ""quantity"": 1, ""payment_method"": ""Credit Card"", ""order_status"": ""Completed""}"
orders,ORD_0080416,ORPHAN_PRODUCT_FOREIGN_KEY,2026-09-08T16:00:15.302519+00:00,"{""order_id"": ""ORD_0080416"", ""customer_id"": ""CUST_001642"", ""product_id"": ""PROD_0031"", ""order_date"": ""2024-05-16"", ""quantity"": 1, ""payment_method"": ""Debit Card"", ""order_status"": ""Completed""}"
orders,ORD_0080418,ORPHAN_PRODUCT_FOREIGN_KEY,2026-09-08T16:00:15.302519+00:00,"{""order_id"": ""ORD_0080418"", ""customer_id"": ""CUST_001729"", ""product_id"": ""PROD_0319"", ""order_date"": ""2024-05-16"", ""quantity"": 1, ""payment_method"": ""Credit Card"", ""order_status"": ""Completed""}"
orders,ORD_0080439,ORPHAN_PRODUCT_FOREIGN_KEY,2026-09-08T16:00:15.302519+00:00,"{""order_id"": ""ORD_0080439"", ""customer_id"": ""CUST_002145"", ""product_id"": ""PROD_0009"", ""order_date"": ""2024-05-16"", ""quantity"": 3, ""payment_method"": ""Debit Card"", ""order_status"": ""Completed""}"
orders,ORD_0080462,ORPHAN_PRODUCT_FOREIGN_KEY,2026-09-08T16:00:15.302519+00:00,"{""order_id"": ""ORD_0080462"", ""customer_id"": ""CUST_002832"", ""product_id"": ""PROD_0009"", ""order_date"": ""2024-05-16"", ""quantity"": 1, ""payment_method"": ""Apple Pay"", ""order_status"": ""Completed""}"
orders,ORD_0080474,ORPHAN_PRODUCT_FOREIGN_KEY,2026-09-08T16:00:15.302519+00:00,"{""order_id"": ""ORD_0080474"", ""customer_id"": ""CUST_003151"", ""product_id"": ""PROD_0009"", ""order_date"": ""2024-05-16"", ""quantity"": 1, ""payment_method"": ""Credit Card"", ""order_status"": ""Cancelled""}"
orders,ORD_0080586,ORPHAN_PRODUCT_FOREIGN_KEY,2026-09-08T16:00:15.302519+00:00,"{""order_id"": ""ORD_0080586"", ""customer_id"": ""CUST_005544"", ""product_id"": ""PROD_0155"", ""order_date"": ""2024-05-16"", ""quantity"": 2, ""payment_method"": ""Credit Card"", ""order_status"": ""Completed""}"
orders,ORD_0080595,ORPHAN_PRODUCT_FOREIGN_KEY,2026-09-08T16:00:15.302519+00:00,"{""order_id"": ""ORD_0080595"", ""customer_id"": ""CUST_005747"", ""product_id"": ""PROD_0031"", ""order_date"": ""2024-05-16"", ""quantity"": 4, ""payment_method"": ""Credit Card"", ""order_status"": ""Completed""}"
orders,ORD_0080605,ORPHAN_PRODUCT_FOREIGN_KEY,2026-09-08T16:00:15.302519+00:00,"{""order_id"": ""ORD_0080605"", ""customer_id"": ""CUST_005946"", ""product_id"": ""PROD_0031"", ""order_date"": ""2024-05-16"", ""quantity"": 1, ""payment_method"": ""PayPal"", ""order_status"": ""Completed""}"
orders,ORD_0080641,ORPHAN_PRODUCT_FOREIGN_KEY,2026-09-08T16:00:15.302519+00:00,"{""order_id"": ""ORD_0080641"", ""customer_id"": ""CUST_006614"", ""product_id"": ""PROD_0177"", ""order_date"": ""2024-05-16"", ""quantity"": 2, ""payment_method"": ""Cash on Delivery"", ""order_status"": ""Completed""}"
orders,ORD_0080657,ORPHAN_PRODUCT_FOREIGN_KEY,2026-09-08T16:00:15.302519+00:00,"{""order_id"": ""ORD_0080657"", ""customer_id"": ""CUST_007168"", ""product_id"": ""PROD_0177"", ""order_date"": ""2024-05-16"", ""quantity"": 1, ""payment_method"": ""Credit Card"", ""order_status"": ""Completed""}"
orders,ORD_0080659,ORPHAN_PRODUCT_FOREIGN_KEY,2026-09-08T16:00:15.302519+00:00,"{""order_id"": ""ORD_0080659"", ""customer_id"": ""CUST_007180"", ""product_id"": ""PROD_0031"", ""order_date"": ""2024-05-16"", ""quantity"": 1, ""payment_method"": ""Debit Card"", ""order_status"": ""Completed""}"
orders,ORD_0080779,ORPHAN_PRODUCT_FOREIGN_KEY,2026-09-08T16:00:15.302519+00:00,"{""order_id"": ""ORD_0080779"", ""customer_id"": ""CUST_000205"", ""product_id"": ""PROD_0101"", ""order_date"": ""2024-05-17"", ""quantity"": 1, ""payment_method"": ""Credit Card"", ""order_status"": ""Completed""}"
orders,ORD_0080783,ORPHAN_PRODUCT_FOREIGN_KEY,2026-09-08T16:00:15.302519+00:00,"{""order_id"": ""ORD_0080783"", ""customer_id"": ""CUST_000271"", ""product_id"": ""PROD_0101"", ""order_date"": ""2024-05-17"", ""quantity"": 1, ""payment_method"": ""Credit Card"", ""order_status"": ""Completed""}"
orders,ORD_0080790,ORPHAN_PRODUCT_FOREIGN_KEY,2026-09-08T16:00:15.302519+00:00,"{""order_id"": ""ORD_0080790"", ""customer_id"": ""CUST_000449"", ""product_id"": ""PROD_0009"", ""order_date"": ""2024-05-17"", ""quantity"": 2, ""payment_method"": ""PayPal"", ""order_status"": ""Completed""}"
orders,ORD_0080838,ORPHAN_PRODUCT_FOREIGN_KEY,2026-09-08T16:00:15.302519+00:00,"{""order_id"": ""ORD_0080838"", ""customer_id"": ""CUST_001608"", ""product_id"": ""PROD_0031"", ""order_date"": ""2024-05-17"", ""quantity"": 1, ""payment_method"": ""PayPal"", ""order_status"": ""Completed""}"
orders,ORD_0080853,ORPHAN_PRODUCT_FOREIGN_KEY,2026-09-08T16:00:15.302519+00:00,"{""order_id"": ""ORD_0080853"", ""customer_id"": ""CUST_002022"", ""product_id"": ""PROD_0031"", ""order_date"": ""2024-05-17"", ""quantity"": 1, ""payment_method"": ""Credit Card"", ""order_status"": ""Completed""}"
orders,ORD_0080870,ORPHAN_PRODUCT_FOREIGN_KEY,2026-09-08T16:00:15.302519+00:00,"{""order_id"": ""ORD_0080870"", ""customer_id"": ""CUST_002517"", ""product_id"": ""PROD_0009"", ""order_date"": ""2024-05-17"", ""quantity"": 1, ""payment_method"": ""PayPal"", ""order_status"": ""Completed""}"
orders,ORD_0080895,ORPHAN_PRODUCT_FOREIGN_KEY,2026-09-08T16:00:15.302519+00:00,"{""order_id"": ""ORD_0080895"", ""customer_id"": ""CUST_003316"", ""product_id"": ""PROD_0009"", ""order_date"": ""2024-05-17"", ""quantity"": 1, ""payment_method"": ""Credit Card"", ""order_status"": ""Completed""}"
orders,ORD_0080898,ORPHAN_PRODUCT_FOREIGN_KEY,2026-09-08T16:00:15.302519+00:00,"{""order_id"": ""ORD_0080898"", ""customer_id"": ""CUST_003351"", ""product_id"": ""PROD_0009"", ""order_date"": ""2024-05-17"", ""quantity"": 2, ""payment_method"": ""Cash on Delivery"", ""order_status"": ""Completed""}"
orders,ORD_0080985,ORPHAN_PRODUCT_FOREIGN_KEY,2026-09-08T16:00:15.302519+00:00,"{""order_id"": ""ORD_0080985"", ""customer_id"": ""CUST_005212"", ""product_id"": ""PROD_0009"", ""order_date"": ""2024-05-17"", ""quantity"": 2, ""payment_method"": ""Apple Pay"", ""order_status"": ""Completed""}"
orders,ORD_0081007,ORPHAN_PRODUCT_FOREIGN_KEY,2026-09-08T16:00:15.302519+00:00,"{""order_id"": ""ORD_0081007"", ""customer_id"": ""CUST_005812"", ""product_id"": ""PROD_0031"", ""order_date"": ""2024-05-17"", ""quantity"": 1, ""payment_method"": ""PayPal"", ""order_status"": ""Shipped""}"
orders,ORD_0081177,ORPHAN_PRODUCT_FOREIGN_KEY,2026-09-08T16:00:15.302519+00:00,"{""order_id"": ""ORD_0081177"", ""customer_id"": ""CUST_000171"", ""product_id"": ""PROD_0009"", ""order_date"": ""2024-05-18"", ""quantity"": 1, ""payment_method"": ""Cash on Delivery"", ""order_status"": ""Completed""}"
orders,ORD_0081180,ORPHAN_PRODUCT_FOREIGN_KEY,2026-09-08T16:00:15.302519+00:00,"{""order_id"": ""ORD_0081180"", ""customer_id"": ""CUST_000205"", ""product_id"": ""PROD_0009"", ""order_date"": ""2024-05-18"", ""quantity"": 1, ""payment_method"": ""Debit Card"", ""order_status"": ""Cancelled""}"
orders,ORD_0081208,ORPHAN_PRODUCT_FOREIGN_KEY,2026-09-08T16:00:15.302519+00:00,"{""order_id"": ""ORD_0081208"", ""customer_id"": ""CUST_000763"", ""product_id"": ""PROD_0177"", ""order_date"": ""2024-05-18"", ""quantity"": 1, ""payment_method"": ""Credit Card"", ""order_status"": ""Completed""}"
orders,ORD_0081232,ORPHAN_PRODUCT_FOREIGN_KEY,2026-09-08T16:00:15.302519+00:00,"{""order_id"": ""ORD_0081232"", ""customer_id"": ""CUST_001304"", ""product_id"": ""PROD_0009"", ""order_date"": ""2024-05-18"", ""quantity"": 1, ""payment_method"": ""Debit Card"", ""order_status"": ""Completed""}"
orders,ORD_0081233,ORPHAN_PRODUCT_FOREIGN_KEY,2026-09-08T16:00:15.302519+00:00,"{""order_id"": ""ORD_0081233"", ""customer_id"": ""CUST_001314"", ""product_id"": ""PROD_0031"", ""order_date"": ""2024-05-18"", ""quantity"": 2, ""payment_method"": ""Cash on Delivery"", ""order_status"": ""Completed""}"
orders,ORD_0081244,ORPHAN_PRODUCT_FOREIGN_KEY,2026-09-08T16:00:15.302519+00:00,"{""order_id"": ""ORD_0081244"", ""customer_id"": ""CUST_001628"", ""product_id"": ""PROD_0009"", ""order_date"": ""2024-05-18"", ""quantity"": 1, ""payment_method"": ""Credit Card"", ""order_status"": ""Cancelled""}"
orders,ORD_0081251,ORPHAN_PRODUCT_FOREIGN_KEY,2026-09-08T16:00:15.302519+00:00,"{""order_id"": ""ORD_0081251"", ""customer_id"": ""CUST_001816"", ""product_id"": ""PROD_0009"", ""order_date"": ""2024-05-18"", ""quantity"": 1, ""payment_method"": ""Cash on Delivery"", ""order_status"": ""Completed""}"
orders,ORD_0081318,ORPHAN_PRODUCT_FOREIGN_KEY,2026-09-08T16:00:15.302519+00:00,"{""order_id"": ""ORD_0081318"", ""customer_id"": ""CUST_003412"", ""product_id"": ""PROD_0009"", ""order_date"": ""2024-05-18"", ""quantity"": 1, ""payment_method"": ""Debit Card"", ""order_status"": ""Completed""}"
orders,ORD_0081327,ORPHAN_PRODUCT_FOREIGN_KEY,2026-09-08T16:00:15.302519+00:00,"{""order_id"": ""ORD_0081327"", ""customer_id"": ""CUST_003531"", ""product_id"": ""PROD_0009"", ""order_date"": ""2024-05-18"", ""quantity"": 2, ""payment_method"": ""Credit Card"", ""order_status"": ""Completed""}"
orders,ORD_0081330,ORPHAN_PRODUCT_FOREIGN_KEY,2026-09-08T16:00:15.302519+00:00,"{""order_id"": ""ORD_0081330"", ""customer_id"": ""CUST_003572"", ""product_id"": ""PROD_0031"", ""order_date"": ""2024-05-18"", ""quantity"": 2, ""payment_method"": ""Credit Card"", ""order_status"": ""Completed""}"
orders,ORD_0081367,ORPHAN_PRODUCT_FOREIGN_KEY,2026-09-08T16:00:15.302519+00:00,"{""order_id"": ""ORD_0081367"", ""customer_id"": ""CUST_004369"", ""product_id"": ""PROD_0031"", ""order_date"": ""2024-05-18"", ""quantity"": 1, ""payment_method"": ""Credit Card"", ""order_status"": ""Completed""}"
orders,ORD_0081368,ORPHAN_PRODUCT_FOREIGN_KEY,2026-09-08T16:00:15.302519+00:00,"{""order_id"": ""ORD_0081368"", ""customer_id"": ""CUST_004373"", ""product_id"": ""PROD_0009"", ""order_date"": ""2024-05-18"", ""quantity"": 7, ""payment_method"": ""Debit Card"", ""order_status"": ""Completed""}"
orders,ORD_0081387,ORPHAN_PRODUCT_FOREIGN_KEY,2026-09-08T16:00:15.302519+00:00,"{""order_id"": ""ORD_0081387"", ""customer_id"": ""CUST_004717"", ""product_id"": ""PROD_0009"", ""order_date"": ""2024-05-18"", ""quantity"": 2, ""payment_method"": ""Apple Pay"", ""order_status"": ""Completed""}"
orders,ORD_0081403,ORPHAN_PRODUCT_FOREIGN_KEY,2026-09-08T16:00:15.302519+00:00,"{""order_id"": ""ORD_0081403"", ""customer_id"": ""CUST_005126"", ""product_id"": ""PROD_0009"", ""order_date"": ""2024-05-18"", ""quantity"": 1, ""payment_method"": ""Credit Card"", ""order_status"": ""Completed""}"
orders,ORD_0081570,ORPHAN_PRODUCT_FOREIGN_KEY,2026-09-08T16:00:15.302519+00:00,"{""order_id"": ""ORD_0081570"", ""customer_id"": ""CUST_009213"", ""product_id"": ""PROD_0009"", ""order_date"": ""2024-05-18"", ""quantity"": 1, ""payment_method"": ""Credit Card"", ""order_status"": ""Completed""}"
orders,ORD_0081605,ORPHAN_PRODUCT_FOREIGN_KEY,2026-09-08T16:00:15.302519+00:00,"{""order_id"": ""ORD_0081605"", ""customer_id"": ""CUST_000176"", ""product_id"": ""PROD_0031"", ""order_date"": ""2024-05-19"", ""quantity"": 1, ""payment_method"": ""Apple Pay"", ""order_status"": ""Completed""}"
orders,ORD_0081672,ORPHAN_PRODUCT_FOREIGN_KEY,2026-09-08T16:00:15.302519+00:00,"{""order_id"": ""ORD_0081672"", ""customer_id"": ""CUST_001386"", ""product_id"": ""PROD_0031"", ""order_date"": ""2024-05-19"", ""quantity"": 1, ""payment_method"": ""Credit Card"", ""order_status"": ""Completed""}"
orders,ORD_0081674,ORPHAN_PRODUCT_FOREIGN_KEY,2026-09-08T16:00:15.302519+00:00,"{""order_id"": ""ORD_0081674"", ""customer_id"": ""CUST_001428"", ""product_id"": ""PROD_0009"", ""order_date"": ""2024-05-19"", ""quantity"": 1, ""payment_method"": ""PayPal"", ""order_status"": ""Completed""}"
orders,ORD_0081693,ORPHAN_PRODUCT_FOREIGN_KEY,2026-09-08T16:00:15.302519+00:00,"{""order_id"": ""ORD_0081693"", ""customer_id"": ""CUST_002041"", ""product_id"": ""PROD_0009"", ""order_date"": ""2024-05-19"", ""quantity"": 1, ""payment_method"": ""Credit Card"", ""order_status"": ""Completed""}"
orders,ORD_0081725,ORPHAN_PRODUCT_FOREIGN_KEY,2026-09-08T16:00:15.302519+00:00,"{""order_id"": ""ORD_0081725"", ""customer_id"": ""CUST_002539"", ""product_id"": ""PROD_0009"", ""order_date"": ""2024-05-19"", ""quantity"": 1, ""payment_method"": ""Debit Card"", ""order_status"": ""Completed""}"
orders,ORD_0081762,ORPHAN_PRODUCT_FOREIGN_KEY,2026-09-08T16:00:15.302519+00:00,"{""order_id"": ""ORD_0081762"", ""customer_id"": ""CUST_003649"", ""product_id"": ""PROD_0009"", ""order_date"": ""2024-05-19"", ""quantity"": 1, ""payment_method"": ""Apple Pay"", ""order_status"": ""Shipped""}"
orders,ORD_0081803,ORPHAN_PRODUCT_FOREIGN_KEY,2026-09-08T16:00:15.302519+00:00,"{""order_id"": ""ORD_0081803"", ""customer_id"": ""CUST_004571"", ""product_id"": ""PROD_0031"", ""order_date"": ""2024-05-19"", ""quantity"": 1, ""payment_method"": ""Credit Card"", ""order_status"": ""Completed""}"
orders,ORD_0081809,ORPHAN_PRODUCT_FOREIGN_KEY,2026-09-08T16:00:15.302519+00:00,"{""order_id"": ""ORD_0081809"", ""customer_id"": ""CUST_004707"", ""product_id"": ""PROD_0009"", ""order_date"": ""2024-05-19"", ""quantity"": 2, ""payment_method"": ""PayPal"", ""order_status"": ""Completed""}"
orders,ORD_0081827,ORPHAN_PRODUCT_FOREIGN_KEY,2026-09-08T16:00:15.302519+00:00,"{""order_id"": ""ORD_0081827"", ""customer_id"": ""CUST_005126"", ""product_id"": ""PROD_0009"", ""order_date"": ""2024-05-19"", ""quantity"": 1, ""payment_method"": ""Credit Card"", ""order_status"": ""Completed""}"
orders,ORD_0081843,ORPHAN_PRODUCT_FOREIGN_KEY,2026-09-08T16:00:15.302519+00:00,"{""order_id"": ""ORD_0081843"", ""customer_id"": ""CUST_005229"", ""product_id"": ""PROD_0009"", ""order_date"": ""2024-05-19"", ""quantity"": 1, ""payment_method"": ""PayPal"", ""order_status"": ""Completed""}"
orders,ORD_0081867,ORPHAN_PRODUCT_FOREIGN_KEY,2026-09-08T16:00:15.302519+00:00,"{""order_id"": ""ORD_0081867"", ""customer_id"": ""CUST_005833"", ""product_id"": ""PROD_0009"", ""order_date"": ""2024-05-19"", ""quantity"": 4, ""payment_method"": ""Credit Card"", ""order_status"": ""Completed""}"
orders,ORD_0081979,ORPHAN_PRODUCT_FOREIGN_KEY,2026-09-08T16:00:15.302519+00:00,"{""order_id"": ""ORD_0081979"", ""customer_id"": ""CUST_008275"", ""product_id"": ""PROD_0009"", ""order_date"": ""2024-05-19"", ""quantity"": 4, ""payment_method"": ""PayPal"", ""order_status"": ""Completed""}"
orders,ORD_0082054,ORPHAN_PRODUCT_FOREIGN_KEY,2026-09-08T16:00:15.302519+00:00,"{""order_id"": ""ORD_0082054"", ""customer_id"": ""CUST_000028"", ""product_id"": ""PROD_0009"", ""order_date"": ""2024-05-20"", ""quantity"": 1, ""payment_method"": ""Debit Card"", ""order_status"": ""Completed""}"
orders,ORD_0082113,ORPHAN_PRODUCT_FOREIGN_KEY,2026-09-08T16:00:15.302519+00:00,"{""order_id"": ""ORD_0082113"", ""customer_id"": ""CUST_001321"", ""product_id"": ""PROD_0031"", ""order_date"": ""2024-05-20"", ""quantity"": 1, ""payment_method"": ""Credit Card"", ""order_status"": ""Cancelled""}"
orders,ORD_0082146,ORPHAN_PRODUCT_FOREIGN_KEY,2026-09-08T16:00:15.302519+00:00,"{""order_id"": ""ORD_0082146"", ""customer_id"": ""CUST_002117"", ""product_id"": ""PROD_0031"", ""order_date"": ""2024-05-20"", ""quantity"": 1, ""payment_method"": ""Credit Card"", ""order_status"": ""Completed""}"
orders,ORD_0082179,ORPHAN_PRODUCT_FOREIGN_KEY,2026-09-08T16:00:15.302519+00:00,"{""order_id"": ""ORD_0082179"", ""customer_id"": ""CUST_002868"", ""product_id"": ""PROD_0485"", ""order_date"": ""2024-05-20"", ""quantity"": 1, ""payment_method"": ""PayPal"", ""order_status"": ""Completed""}"
orders,ORD_0082189,ORPHAN_PRODUCT_FOREIGN_KEY,2026-09-08T16:00:15.302519+00:00,"{""order_id"": ""ORD_0082189"", ""customer_id"": ""CUST_003133"", ""product_id"": ""PROD_0031"", ""order_date"": ""2024-05-20"", ""quantity"": 1, ""payment_method"": ""PayPal"", ""order_status"": ""Completed""}"
orders,ORD_0082236,ORPHAN_PRODUCT_FOREIGN_KEY,2026-09-08T16:00:15.302519+00:00,"{""order_id"": ""ORD_0082236"", ""customer_id"": ""CUST_004275"", ""product_id"": ""PROD_0009"", ""order_date"": ""2024-05-20"", ""quantity"": 1, ""payment_method"": ""Credit Card"", ""order_status"": ""Completed""}"
orders,ORD_0082248,ORPHAN_PRODUCT_FOREIGN_KEY,2026-09-08T16:00:15.302519+00:00,"{""order_id"": ""ORD_0082248"", ""customer_id"": ""CUST_004512"", ""product_id"": ""PROD_0009"", ""order_date"": ""2024-05-20"", ""quantity"": 3, ""payment_method"": ""Apple Pay"", ""order_status"": ""Completed""}"
orders,ORD_0082436,ORPHAN_PRODUCT_FOREIGN_KEY,2026-09-08T16:00:15.302519+00:00,"{""order_id"": ""ORD_0082436"", ""customer_id"": ""CUST_008776"", ""product_id"": ""PROD_0009"", ""order_date"": ""2024-05-20"", ""quantity"": 1, ""payment_method"": ""PayPal"", ""order_status"": ""Completed""}"
orders,ORD_0082459,ORPHAN_PRODUCT_FOREIGN_KEY,2026-09-08T16:00:15.302519+00:00,"{""order_id"": ""ORD_0082459"", ""customer_id"": ""CUST_009236"", ""product_id"": ""PROD_0177"", ""order_date"": ""2024-05-20"", ""quantity"": 1, ""payment_method"": ""Debit Card"", ""order_status"": ""Completed""}"
orders,ORD_0082468,ORPHAN_PRODUCT_FOREIGN_KEY,2026-09-08T16:00:15.302519+00:00,"{""order_id"": ""ORD_0082468"", ""customer_id"": ""CUST_009427"", ""product_id"": ""PROD_0009"", ""order_date"": ""2024-05-20"", ""quantity"": 1, ""payment_method"": ""Cash on Delivery"", ""order_status"": ""Completed""}"
orders,ORD_0082516,ORPHAN_PRODUCT_FOREIGN_KEY,2026-09-08T16:00:15.302519+00:00,"{""order_id"": ""ORD_0082516"", ""customer_id"": ""CUST_000669"", ""product_id"": ""PROD_0009"", ""order_date"": ""2024-05-21"", ""quantity"": 1, ""payment_method"": ""Credit Card"", ""order_status"": ""Completed""}"
orders,ORD_0082522,ORPHAN_PRODUCT_FOREIGN_KEY,2026-09-08T16:00:15.302519+00:00,"{""order_id"": ""ORD_0082522"", ""customer_id"": ""CUST_000741"", ""product_id"": ""PROD_0009"", ""order_date"": ""2024-05-21"", ""quantity"": 4, ""payment_method"": ""Cash on Delivery"", ""order_status"": ""Completed""}"
orders,ORD_0082600,ORPHAN_PRODUCT_FOREIGN_KEY,2026-09-08T16:00:15.302519+00:00,"{""order_id"": ""ORD_0082600"", ""customer_id"": ""CUST_002349"", ""product_id"": ""PROD_0101"", ""order_date"": ""2024-05-21"", ""quantity"": 1, ""payment_method"": ""PayPal"", ""order_status"": ""Completed""}"
orders,ORD_0082636,ORPHAN_PRODUCT_FOREIGN_KEY,2026-09-08T16:00:15.302519+00:00,"{""order_id"": ""ORD_0082636"", ""customer_id"": ""CUST_003032"", ""product_id"": ""PROD_0009"", ""order_date"": ""2024-05-21"", ""quantity"": 1, ""payment_method"": ""Cash on Delivery"", ""order_status"": ""Completed""}"
orders,ORD_0082640,ORPHAN_PRODUCT_FOREIGN_KEY,2026-09-08T16:00:15.302519+00:00,"{""order_id"": ""ORD_0082640"", ""customer_id"": ""CUST_003123"", ""product_id"": ""PROD_0031"", ""order_date"": ""2024-05-21"", ""quantity"": 1, ""payment_method"": ""Apple Pay"", ""order_status"": ""Completed""}"
orders,ORD_0082650,ORPHAN_PRODUCT_FOREIGN_KEY,2026-09-08T16:00:15.302519+00:00,"{""order_id"": ""ORD_0082650"", ""customer_id"": ""CUST_003260"", ""product_id"": ""PROD_0009"", ""order_date"": ""2024-05-21"", ""quantity"": 2, ""payment_method"": ""PayPal"", ""order_status"": ""Completed""}"
orders,ORD_0082654,ORPHAN_PRODUCT_FOREIGN_KEY,2026-09-08T16:00:15.302519+00:00,"{""order_id"": ""ORD_0082654"", ""customer_id"": ""CUST_003316"", ""product_id"": ""PROD_0101"", ""order_date"": ""2024-05-21"", ""quantity"": 3, ""payment_method"": ""Debit Card"", ""order_status"": ""Completed""}"
orders,ORD_0082715,ORPHAN_PRODUCT_FOREIGN_KEY,2026-09-08T16:00:15.302519+00:00,"{""order_id"": ""ORD_0082715"", ""customer_id"": ""CUST_004936"", ""product_id"": ""PROD_0009"", ""order_date"": ""2024-05-21"", ""quantity"": 3, ""payment_method"": ""Apple Pay"", ""order_status"": ""Completed""}"
orders,ORD_0082890,ORPHAN_PRODUCT_FOREIGN_KEY,2026-09-08T16:00:15.302519+00:00,"{""order_id"": ""ORD_0082890"", ""customer_id"": ""CUST_009087"", ""product_id"": ""PROD_0009"", ""order_date"": ""2024-05-21"", ""quantity"": 1, ""payment_method"": ""PayPal"", ""order_status"": ""Completed""}"
orders,ORD_0082977,ORPHAN_PRODUCT_FOREIGN_KEY,2026-09-08T16:00:15.302519+00:00,"{""order_id"": ""ORD_0082977"", ""customer_id"": ""CUST_000841"", ""product_id"": ""PROD_0009"", ""order_date"": ""2024-05-22"", ""quantity"": 1, ""payment_method"": ""Credit Card"", ""order_status"": ""Completed""}"
orders,ORD_0083039,ORPHAN_PRODUCT_FOREIGN_KEY,2026-09-08T16:00:15.302519+00:00,"{""order_id"": ""ORD_0083039"", ""customer_id"": ""CUST_002094"", ""product_id"": ""PROD_0009"", ""order_date"": ""2024-05-22"", ""quantity"": 1, ""payment_method"": ""Cash on Delivery"", ""order_status"": ""Completed""}"
orders,ORD_0083116,ORPHAN_PRODUCT_FOREIGN_KEY,2026-09-08T16:00:15.302519+00:00,"{""order_id"": ""ORD_0083116"", ""customer_id"": ""CUST_003813"", ""product_id"": ""PROD_0291"", ""order_date"": ""2024-05-22"", ""quantity"": 1, ""payment_method"": ""Credit Card"", ""order_status"": ""Completed""}"
orders,ORD_0083147,ORPHAN_PRODUCT_FOREIGN_KEY,2026-09-08T16:00:15.302519+00:00,"{""order_id"": ""ORD_0083147"", ""customer_id"": ""CUST_004336"", ""product_id"": ""PROD_0291"", ""order_date"": ""2024-05-22"", ""quantity"": 3, ""payment_method"": ""Credit Card"", ""order_status"": ""Completed""}"
orders,ORD_0083221,ORPHAN_PRODUCT_FOREIGN_KEY,2026-09-08T16:00:15.302519+00:00,"{""order_id"": ""ORD_0083221"", ""customer_id"": ""CUST_005954"", ""product_id"": ""PROD_0485"", ""order_date"": ""2024-05-22"", ""quantity"": 1, ""payment_method"": ""Credit Card"", ""order_status"": ""Completed""}"
orders,ORD_0083296,ORPHAN_PRODUCT_FOREIGN_KEY,2026-09-08T16:00:15.302519+00:00,"{""order_id"": ""ORD_0083296"", ""customer_id"": ""CUST_007526"", ""product_id"": ""PROD_0009"", ""order_date"": ""2024-05-22"", ""quantity"": 1, ""payment_method"": ""Cash on Delivery"", ""order_status"": ""Completed""}"
orders,ORD_0083344,ORPHAN_PRODUCT_FOREIGN_KEY,2026-09-08T16:00:15.302519+00:00,"{""order_id"": ""ORD_0083344"", ""customer_id"": ""CUST_008385"", ""product_id"": ""PROD_0031"", ""order_date"": ""2024-05-22"", ""quantity"": 1, ""payment_method"": ""Credit Card"", ""order_status"": ""Completed""}"
orders,ORD_0083378,ORPHAN_PRODUCT_FOREIGN_KEY,2026-09-08T16:00:15.302519+00:00,"{""order_id"": ""ORD_0083378"", ""customer_id"": ""CUST_009284"", ""product_id"": ""PROD_0009"", ""order_date"": ""2024-05-22"", ""quantity"": 1, ""payment_method"": ""PayPal"", ""order_status"": ""Completed""}"
orders,ORD_0083395,ORPHAN_PRODUCT_FOREIGN_KEY,2026-09-08T16:00:15.302519+00:00,"{""order_id"": ""ORD_0083395"", ""customer_id"": ""CUST_009615"", ""product_id"": ""PROD_0177"", ""order_date"": ""2024-05-22"", ""quantity"": 2, ""payment_method"": ""Debit Card"", ""order_status"": ""Completed""}"
orders,ORD_0083423,ORPHAN_PRODUCT_FOREIGN_KEY,2026-09-08T16:00:15.302519+00:00,"{""order_id"": ""ORD_0083423"", ""customer_id"": ""CUST_000169"", ""product_id"": ""PROD_0291"", ""order_date"": ""2024-05-23"", ""quantity"": 1, ""payment_method"": ""Credit Card"", ""order_status"": ""Completed""}"
orders,ORD_0083430,ORPHAN_PRODUCT_FOREIGN_KEY,2026-09-08T16:00:15.302519+00:00,"{""order_id"": ""ORD_0083430"", ""customer_id"": ""CUST_000281"", ""product_id"": ""PROD_0009"", ""order_date"": ""2024-05-23"", ""quantity"": 1, ""payment_method"": ""Credit Card"", ""order_status"": ""Completed""}"
orders,ORD_0083492,ORPHAN_PRODUCT_FOREIGN_KEY,2026-09-08T16:00:15.302519+00:00,"{""order_id"": ""ORD_0083492"", ""customer_id"": ""CUST_001671"", ""product_id"": ""PROD_0009"", ""order_date"": ""2024-05-23"", ""quantity"": 1, ""payment_method"": ""Credit Card"", ""order_status"": ""Completed""}"
orders,ORD_0083507,ORPHAN_PRODUCT_FOREIGN_KEY,2026-09-08T16:00:15.302519+00:00,"{""order_id"": ""ORD_0083507"", ""customer_id"": ""CUST_001966"", ""product_id"": ""PROD_0101"", ""order_date"": ""2024-05-23"", ""quantity"": 1, ""payment_method"": ""PayPal"", ""order_status"": ""Completed""}"
orders,ORD_0083517,ORPHAN_PRODUCT_FOREIGN_KEY,2026-09-08T16:00:15.302519+00:00,"{""order_id"": ""ORD_0083517"", ""customer_id"": ""CUST_002097"", ""product_id"": ""PROD_0031"", ""order_date"": ""2024-05-23"", ""quantity"": 2, ""payment_method"": ""Credit Card"", ""order_status"": ""Completed""}"
orders,ORD_0083525,ORPHAN_PRODUCT_FOREIGN_KEY,2026-09-08T16:00:15.302519+00:00,"{""order_id"": ""ORD_0083525"", ""customer_id"": ""CUST_002340"", ""product_id"": ""PROD_0009"", ""order_date"": ""2024-05-23"", ""quantity"": 1, ""payment_method"": ""PayPal"", ""order_status"": ""Completed""}"
orders,ORD_0083530,ORPHAN_PRODUCT_FOREIGN_KEY,2026-09-08T16:00:15.302519+00:00,"{""order_id"": ""ORD_0083530"", ""customer_id"": ""CUST_002379"", ""product_id"": ""PROD_0009"", ""order_date"": ""2024-05-23"", ""quantity"": 3, ""payment_method"": ""Debit Card"", ""order_status"": ""Completed""}"
orders,ORD_0083559,ORPHAN_PRODUCT_FOREIGN_KEY,2026-09-08T16:00:15.302519+00:00,"{""order_id"": ""ORD_0083559"", ""customer_id"": ""CUST_003040"", ""product_id"": ""PROD_0009"", ""order_date"": ""2024-05-23"", ""quantity"": 1, ""payment_method"": ""PayPal"", ""order_status"": ""Completed""}"
orders,ORD_0083632,ORPHAN_PRODUCT_FOREIGN_KEY,2026-09-08T16:00:15.302519+00:00,"{""order_id"": ""ORD_0083632"", ""customer_id"": ""CUST_004342"", ""product_id"": ""PROD_0009"", ""order_date"": ""2024-05-23"", ""quantity"": 1, ""payment_method"": ""Credit Card"", ""order_status"": ""Completed""}"
orders,ORD_0083633,ORPHAN_PRODUCT_FOREIGN_KEY,2026-09-08T16:00:15.302519+00:00,"{""order_id"": ""ORD_0083633"", ""customer_id"": ""CUST_004383"", ""product_id"": ""PROD_0291"", ""order_date"": ""2024-05-23"", ""quantity"": 2, ""payment_method"": ""PayPal"", ""order_status"": ""Completed""}"
orders,ORD_0083639,ORPHAN_PRODUCT_FOREIGN_KEY,2026-09-08T16:00:15.302519+00:00,"{""order_id"": ""ORD_0083639"", ""customer_id"": ""CUST_004520"", ""product_id"": ""PROD_0009"", ""order_date"": ""2024-05-23"", ""quantity"": 1, ""payment_method"": ""PayPal"", ""order_status"": ""Completed""}"
orders,ORD_0083706,ORPHAN_PRODUCT_FOREIGN_KEY,2026-09-08T16:00:15.302519+00:00,"{""order_id"": ""ORD_0083706"", ""customer_id"": ""CUST_005751"", ""product_id"": ""PROD_0009"", ""order_date"": ""2024-05-23"", ""quantity"": 1, ""payment_method"": ""Cash on Delivery"", ""order_status"": ""Completed""}"
orders,ORD_0083753,ORPHAN_PRODUCT_FOREIGN_KEY,2026-09-08T16:00:15.302519+00:00,"{""order_id"": ""ORD_0083753"", ""customer_id"": ""CUST_006524"", ""product_id"": ""PROD_0009"", ""order_date"": ""2024-05-23"", ""quantity"": 1, ""payment_method"": ""Credit Card"", ""order_status"": ""Completed""}"
orders,ORD_0083834,ORPHAN_PRODUCT_FOREIGN_KEY,2026-09-08T16:00:15.302519+00:00,"{""order_id"": ""ORD_0083834"", ""customer_id"": ""CUST_008354"", ""product_id"": ""PROD_0009"", ""order_date"": ""2024-05-23"", ""quantity"": 1, ""payment_method"": ""Credit Card"", ""order_status"": ""Completed""}"
orders,ORD_0083852,ORPHAN_PRODUCT_FOREIGN_KEY,2026-09-08T16:00:15.302519+00:00,"{""order_id"": ""ORD_0083852"", ""customer_id"": ""CUST_008733"", ""product_id"": ""PROD_0009"", ""order_date"": ""2024-05-23"", ""quantity"": 2, ""payment_method"": ""Credit Card"", ""order_status"": ""Completed""}"
orders,ORD_0083871,ORPHAN_PRODUCT_FOREIGN_KEY,2026-09-08T16:00:15.302519+00:00,"{""order_id"": ""ORD_0083871"", ""customer_id"": ""CUST_009065"", ""product_id"": ""PROD_0101"", ""order_date"": ""2024-05-23"", ""quantity"": 1, ""payment_method"": ""PayPal"", ""order_status"": ""Refunded""}"
orders,ORD_0084021,ORPHAN_PRODUCT_FOREIGN_KEY,2026-09-08T16:00:15.302519+00:00,"{""order_id"": ""ORD_0084021"", ""customer_id"": ""CUST_002123"", ""product_id"": ""PROD_0031"", ""order_date"": ""2024-05-24"", ""quantity"": 1, ""payment_method"": ""Credit Card"", ""order_status"": ""Completed""}"
orders,ORD_0084073,ORPHAN_PRODUCT_FOREIGN_KEY,2026-09-08T16:00:15.302519+00:00,"{""order_id"": ""ORD_0084073"", ""customer_id"": ""CUST_003434"", ""product_id"": ""PROD_0009"", ""order_date"": ""2024-05-24"", ""quantity"": 1, ""payment_method"": ""PayPal"", ""order_status"": ""Completed""}"
orders,ORD_0084081,ORPHAN_PRODUCT_FOREIGN_KEY,2026-09-08T16:00:15.302519+00:00,"{""order_id"": ""ORD_0084081"", ""customer_id"": ""CUST_003580"", ""product_id"": ""PROD_0155"", ""order_date"": ""2024-05-24"", ""quantity"": 1, ""payment_method"": ""PayPal"", ""order_status"": ""Completed""}"
orders,ORD_0084176,ORPHAN_PRODUCT_FOREIGN_KEY,2026-09-08T16:00:15.302519+00:00,"{""order_id"": ""ORD_0084176"", ""customer_id"": ""CUST_005518"", ""product_id"": ""PROD_0009"", ""order_date"": ""2024-05-24"", ""quantity"": 2, ""payment_method"": ""Credit Card"", ""order_status"": ""Completed""}"
orders,ORD_0084189,ORPHAN_PRODUCT_FOREIGN_KEY,2026-09-08T16:00:15.302519+00:00,"{""order_id"": ""ORD_0084189"", ""customer_id"": ""CUST_005853"", ""product_id"": ""PROD_0009"", ""order_date"": ""2024-05-24"", ""quantity"": 1, ""payment_method"": ""Credit Card"", ""order_status"": ""Completed""}"
orders,ORD_0084264,ORPHAN_PRODUCT_FOREIGN_KEY,2026-09-08T16:00:15.302519+00:00,"{""order_id"": ""ORD_0084264"", ""customer_id"": ""CUST_007290"", ""product_id"": ""PROD_0177"", ""order_date"": ""2024-05-24"", ""quantity"": 1, ""payment_method"": ""PayPal"", ""order_status"": ""Shipped""}"
orders,ORD_0084281,ORPHAN_PRODUCT_FOREIGN_KEY,2026-09-08T16:00:15.302519+00:00,"{""order_id"": ""ORD_0084281"", ""customer_id"": ""CUST_007567"", ""product_id"": ""PROD_0009"", ""order_date"": ""2024-05-24"", ""quantity"": 1, ""payment_method"": ""Debit Card"", ""order_status"": ""Completed""}"
orders,ORD_0084297,ORPHAN_PRODUCT_FOREIGN_KEY,2026-09-08T16:00:15.302519+00:00,"{""order_id"": ""ORD_0084297"", ""customer_id"": ""CUST_008022"", ""product_id"": ""PROD_0009"", ""order_date"": ""2024-05-24"", ""quantity"": 1, ""payment_method"": ""Credit Card"", ""order_status"": ""Completed""}"
orders,ORD_0084309,ORPHAN_PRODUCT_FOREIGN_KEY,2026-09-08T16:00:15.302519+00:00,"{""order_id"": ""ORD_0084309"", ""customer_id"": ""CUST_008290"", ""product_id"": ""PROD_0031"", ""order_date"": ""2024-05-24"", ""quantity"": 1, ""payment_method"": ""Unknown"", ""order_status"": ""Completed""}"
orders,ORD_0084377,ORPHAN_PRODUCT_FOREIGN_KEY,2026-09-08T16:00:15.302519+00:00,"{""order_id"": ""ORD_0084377"", ""customer_id"": ""CUST_009817"", ""product_id"": ""PROD_0101"", ""order_date"": ""2024-05-24"", ""quantity"": 1, ""payment_method"": ""Credit Card"", ""order_status"": ""Completed""}"
orders,ORD_0084385,ORPHAN_PRODUCT_FOREIGN_KEY,2026-09-08T16:00:15.302519+00:00,"{""order_id"": ""ORD_0084385"", ""customer_id"": ""CUST_009905"", ""product_id"": ""PROD_0031"", ""order_date"": ""2024-05-24"", ""quantity"": 1, ""payment_method"": ""Credit Card"", ""order_status"": ""Completed""}"
orders,ORD_0084397,ORPHAN_PRODUCT_FOREIGN_KEY,2026-09-08T16:00:15.302519+00:00,"{""order_id"": ""ORD_0084397"", ""customer_id"": ""CUST_000164"", ""product_id"": ""PROD_0009"", ""order_date"": ""2024-05-25"", ""quantity"": 1, ""payment_method"": ""Cash on Delivery"", ""order_status"": ""Cancelled""}"
orders,ORD_0084421,ORPHAN_PRODUCT_FOREIGN_KEY,2026-09-08T16:00:15.302519+00:00,"{""order_id"": ""ORD_0084421"", ""customer_id"": ""CUST_000650"", ""product_id"": ""PROD_0009"", ""order_date"": ""2024-05-25"", ""quantity"": 1, ""payment_method"": ""Credit Card"", ""order_status"": ""Completed""}"
orders,ORD_0084427,ORPHAN_PRODUCT_FOREIGN_KEY,2026-09-08T16:00:15.302519+00:00,"{""order_id"": ""ORD_0084427"", ""customer_id"": ""CUST_000737"", ""product_id"": ""PROD_0031"", ""order_date"": ""2024-05-25"", ""quantity"": 1, ""payment_method"": ""Credit Card"", ""order_status"": ""Completed""}"
orders,ORD_0084455,ORPHAN_PRODUCT_FOREIGN_KEY,2026-09-08T16:00:15.302519+00:00,"{""order_id"": ""ORD_0084455"", ""customer_id"": ""CUST_001237"", ""product_id"": ""PROD_0009"", ""order_date"": ""2024-05-25"", ""quantity"": 3, ""payment_method"": ""Credit Card"", ""order_status"": ""Completed""}"
orders,ORD_0084479,ORPHAN_PRODUCT_FOREIGN_KEY,2026-09-08T16:00:15.302519+00:00,"{""order_id"": ""ORD_0084479"", ""customer_id"": ""CUST_001620"", ""product_id"": ""PROD_0009"", ""order_date"": ""2024-05-25"", ""quantity"": 2, ""payment_method"": ""Credit Card"", ""order_status"": ""Shipped""}"
orders,ORD_0084517,ORPHAN_PRODUCT_FOREIGN_KEY,2026-09-08T16:00:15.302519+00:00,"{""order_id"": ""ORD_0084517"", ""customer_id"": ""CUST_002363"", ""product_id"": ""PROD_0177"", ""order_date"": ""2024-05-25"", ""quantity"": 1, ""payment_method"": ""Credit Card"", ""order_status"": ""Completed""}"
orders,ORD_0084528,ORPHAN_PRODUCT_FOREIGN_KEY,2026-09-08T16:00:15.302519+00:00,"{""order_id"": ""ORD_0084528"", ""customer_id"": ""CUST_002567"", ""product_id"": ""PROD_0009"", ""order_date"": ""2024-05-25"", ""quantity"": 1, ""payment_method"": ""Cash on Delivery"", ""order_status"": ""Completed""}"
orders,ORD_0084539,ORPHAN_PRODUCT_FOREIGN_KEY,2026-09-08T16:00:15.302519+00:00,"{""order_id"": ""ORD_0084539"", ""customer_id"": ""CUST_003025"", ""product_id"": ""PROD_0009"", ""order_date"": ""2024-05-25"", ""quantity"": 1, ""payment_method"": ""Credit Card"", ""order_status"": ""Completed""}"
orders,ORD_0084567,ORPHAN_PRODUCT_FOREIGN_KEY,2026-09-08T16:00:15.302519+00:00,"{""order_id"": ""ORD_0084567"", ""customer_id"": ""CUST_003540"", ""product_id"": ""PROD_0031"", ""order_date"": ""2024-05-25"", ""quantity"": 1, ""payment_method"": ""Debit Card"", ""order_status"": ""Cancelled""}"
orders,ORD_0084618,ORPHAN_PRODUCT_FOREIGN_KEY,2026-09-08T16:00:15.302519+00:00,"{""order_id"": ""ORD_0084618"", ""customer_id"": ""CUST_004628"", ""product_id"": ""PROD_0031"", ""order_date"": ""2024-05-25"", ""quantity"": 1, ""payment_method"": ""Credit Card"", ""order_status"": ""Completed""}"
orders,ORD_0084626,ORPHAN_PRODUCT_FOREIGN_KEY,2026-09-08T16:00:15.302519+00:00,"{""order_id"": ""ORD_0084626"", ""customer_id"": ""CUST_004705"", ""product_id"": ""PROD_0485"", ""order_date"": ""2024-05-25"", ""quantity"": 2, ""payment_method"": ""Debit Card"", ""order_status"": ""Completed""}"
orders,ORD_0084631,ORPHAN_PRODUCT_FOREIGN_KEY,2026-09-08T16:00:15.302519+00:00,"{""order_id"": ""ORD_0084631"", ""customer_id"": ""CUST_004787"", ""product_id"": ""PROD_0291"", ""order_date"": ""2024-05-25"", ""quantity"": 1, ""payment_method"": ""Credit Card"", ""order_status"": ""Completed""}"
orders,ORD_0084724,ORPHAN_PRODUCT_FOREIGN_KEY,2026-09-08T16:00:15.302519+00:00,"{""order_id"": ""ORD_0084724"", ""customer_id"": ""CUST_006844"", ""product_id"": ""PROD_0009"", ""order_date"": ""2024-05-25"", ""quantity"": 1, ""payment_method"": ""Credit Card"", ""order_status"": ""Completed""}"
orders,ORD_0084762,ORPHAN_PRODUCT_FOREIGN_KEY,2026-09-08T16:00:15.302519+00:00,"{""order_id"": ""ORD_0084762"", ""customer_id"": ""CUST_007583"", ""product_id"": ""PROD_0031"", ""order_date"": ""2024-05-25"", ""quantity"": 1, ""payment_method"": ""PayPal"", ""order_status"": ""Completed""}"
orders,ORD_0084781,ORPHAN_PRODUCT_FOREIGN_KEY,2026-09-08T16:00:15.302519+00:00,"{""order_id"": ""ORD_0084781"", ""customer_id"": ""CUST_008135"", ""product_id"": ""PROD_0009"", ""order_date"": ""2024-05-25"", ""quantity"": 1, ""payment_method"": ""Credit Card"", ""order_status"": ""Completed""}"
orders,ORD_0084809,ORPHAN_PRODUCT_FOREIGN_KEY,2026-09-08T16:00:15.302519+00:00,"{""order_id"": ""ORD_0084809"", ""customer_id"": ""CUST_008671"", ""product_id"": ""PROD_0101"", ""order_date"": ""2024-05-25"", ""quantity"": 1, ""payment_method"": ""Credit Card"", ""order_status"": ""Completed""}"
orders,ORD_0084889,ORPHAN_PRODUCT_FOREIGN_KEY,2026-09-08T16:00:15.302519+00:00,"{""order_id"": ""ORD_0084889"", ""customer_id"": ""CUST_000195"", ""product_id"": ""PROD_0319"", ""order_date"": ""2024-05-26"", ""quantity"": 1, ""payment_method"": ""Credit Card"", ""order_status"": ""Completed""}"
orders,ORD_0085045,ORPHAN_PRODUCT_FOREIGN_KEY,2026-09-08T16:00:15.302519+00:00,"{""order_id"": ""ORD_0085045"", ""customer_id"": ""CUST_003503"", ""product_id"": ""PROD_0031"", ""order_date"": ""2024-05-26"", ""quantity"": 4, ""payment_method"": ""PayPal"", ""order_status"": ""Completed""}"
orders,ORD_0085070,ORPHAN_PRODUCT_FOREIGN_KEY,2026-09-08T16:00:15.302519+00:00,"{""order_id"": ""ORD_0085070"", ""customer_id"": ""CUST_004073"", ""product_id"": ""PROD_0485"", ""order_date"": ""2024-05-26"", ""quantity"": 1, ""payment_method"": ""Credit Card"", ""order_status"": ""Cancelled""}"
orders,ORD_0085086,ORPHAN_PRODUCT_FOREIGN_KEY,2026-09-08T16:00:15.302519+00:00,"{""order_id"": ""ORD_0085086"", ""customer_id"": ""CUST_004252"", ""product_id"": ""PROD_0009"", ""order_date"": ""2024-05-26"", ""quantity"": 1, ""payment_method"": ""Debit Card"", ""order_status"": ""Completed""}"
orders,ORD_0085114,ORPHAN_PRODUCT_FOREIGN_KEY,2026-09-08T16:00:15.302519+00:00,"{""order_id"": ""ORD_0085114"", ""customer_id"": ""CUST_004738"", ""product_id"": ""PROD_0009"", ""order_date"": ""2024-05-26"", ""quantity"": 1, ""payment_method"": ""Credit Card"", ""order_status"": ""Completed""}"
orders,ORD_0085245,ORPHAN_PRODUCT_FOREIGN_KEY,2026-09-08T16:00:15.302519+00:00,"{""order_id"": ""ORD_0085245"", ""customer_id"": ""CUST_007503"", ""product_id"": ""PROD_0009"", ""order_date"": ""2024-05-26"", ""quantity"": 1, ""payment_method"": ""Cash on Delivery"", ""order_status"": ""Completed""}"
orders,ORD_0085272,ORPHAN_PRODUCT_FOREIGN_KEY,2026-09-08T16:00:15.302519+00:00,"{""order_id"": ""ORD_0085272"", ""customer_id"": ""CUST_007993"", ""product_id"": ""PROD_0009"", ""order_date"": ""2024-05-26"", ""quantity"": 2, ""payment_method"": ""Credit Card"", ""order_status"": ""Refunded""}"
orders,ORD_0085322,ORPHAN_PRODUCT_FOREIGN_KEY,2026-09-08T16:00:15.302519+00:00,"{""order_id"": ""ORD_0085322"", ""customer_id"": ""CUST_009014"", ""product_id"": ""PROD_0009"", ""order_date"": ""2024-05-26"", ""quantity"": 1, ""payment_method"": ""PayPal"", ""order_status"": ""Completed""}"
orders,ORD_0085345,ORPHAN_PRODUCT_FOREIGN_KEY,2026-09-08T16:00:15.302519+00:00,"{""order_id"": ""ORD_0085345"", ""customer_id"": ""CUST_009449"", ""product_id"": ""PROD_0319"", ""order_date"": ""2024-05-26"", ""quantity"": 1, ""payment_method"": ""Debit Card"", ""order_status"": ""Completed""}"
orders,ORD_0085397,ORPHAN_PRODUCT_FOREIGN_KEY,2026-09-08T16:00:15.302519+00:00,"{""order_id"": ""ORD_0085397"", ""customer_id"": ""CUST_000664"", ""product_id"": ""PROD_0031"", ""order_date"": ""2024-05-27"", ""quantity"": 1, ""payment_method"": ""Debit Card"", ""order_status"": ""Completed""}"
orders,ORD_0085429,ORPHAN_PRODUCT_FOREIGN_KEY,2026-09-08T16:00:15.302519+00:00,"{""order_id"": ""ORD_0085429"", ""customer_id"": ""CUST_001161"", ""product_id"": ""PROD_0009"", ""order_date"": ""2024-05-27"", ""quantity"": 2, ""payment_method"": ""Credit Card"", ""order_status"": ""Completed""}"
orders,ORD_0085431,ORPHAN_PRODUCT_FOREIGN_KEY,2026-09-08T16:00:15.302519+00:00,"{""order_id"": ""ORD_0085431"", ""customer_id"": ""CUST_001180"", ""product_id"": ""PROD_0031"", ""order_date"": ""2024-05-27"", ""quantity"": 1, ""payment_method"": ""Cash on Delivery"", ""order_status"": ""Completed""}"
orders,ORD_0085442,ORPHAN_PRODUCT_FOREIGN_KEY,2026-09-08T16:00:15.302519+00:00,"{""order_id"": ""ORD_0085442"", ""customer_id"": ""CUST_001390"", ""product_id"": ""PROD_0319"", ""order_date"": ""2024-05-27"", ""quantity"": 3, ""payment_method"": ""Debit Card"", ""order_status"": ""Completed""}"
orders,ORD_0085469,ORPHAN_PRODUCT_FOREIGN_KEY,2026-09-08T16:00:15.302519+00:00,"{""order_id"": ""ORD_0085469"", ""customer_id"": ""CUST_001859"", ""product_id"": ""PROD_0177"", ""order_date"": ""2024-05-27"", ""quantity"": 1, ""payment_method"": ""Debit Card"", ""order_status"": ""Completed""}"
orders,ORD_0085532,ORPHAN_PRODUCT_FOREIGN_KEY,2026-09-08T16:00:15.302519+00:00,"{""order_id"": ""ORD_0085532"", ""customer_id"": ""CUST_003495"", ""product_id"": ""PROD_0031"", ""order_date"": ""2024-05-27"", ""quantity"": 1, ""payment_method"": ""Credit Card"", ""order_status"": ""Completed""}"
orders,ORD_0085570,ORPHAN_PRODUCT_FOREIGN_KEY,2026-09-08T16:00:15.302519+00:00,"{""order_id"": ""ORD_0085570"", ""customer_id"": ""CUST_004136"", ""product_id"": ""PROD_0009"", ""order_date"": ""2024-05-27"", ""quantity"": 3, ""payment_method"": ""Credit Card"", ""order_status"": ""Completed""}"
orders,ORD_0085571,ORPHAN_PRODUCT_FOREIGN_KEY,2026-09-08T16:00:15.302519+00:00,"{""order_id"": ""ORD_0085571"", ""customer_id"": ""CUST_004136"", ""product_id"": ""PROD_0009"", ""order_date"": ""2024-05-27"", ""quantity"": 1, ""payment_method"": ""Credit Card"", ""order_status"": ""Completed""}"
orders,ORD_0085653,ORPHAN_PRODUCT_FOREIGN_KEY,2026-09-08T16:00:15.302519+00:00,"{""order_id"": ""ORD_0085653"", ""customer_id"": ""CUST_005930"", ""product_id"": ""PROD_0319"", ""order_date"": ""2024-05-27"", ""quantity"": 1, ""payment_method"": ""PayPal"", ""order_status"": ""Completed""}"
orders,ORD_0085686,ORPHAN_PRODUCT_FOREIGN_KEY,2026-09-08T16:00:15.302519+00:00,"{""order_id"": ""ORD_0085686"", ""customer_id"": ""CUST_006612"", ""product_id"": ""PROD_0155"", ""order_date"": ""2024-05-27"", ""quantity"": 1, ""payment_method"": ""Debit Card"", ""order_status"": ""Cancelled""}"
orders,ORD_0085705,ORPHAN_PRODUCT_FOREIGN_KEY,2026-09-08T16:00:15.302519+00:00,"{""order_id"": ""ORD_0085705"", ""customer_id"": ""CUST_006868"", ""product_id"": ""PROD_0009"", ""order_date"": ""2024-05-27"", ""quantity"": 1, ""payment_method"": ""Credit Card"", ""order_status"": ""Cancelled""}"
orders,ORD_0085767,ORPHAN_PRODUCT_FOREIGN_KEY,2026-09-08T16:00:15.302519+00:00,"{""order_id"": ""ORD_0085767"", ""customer_id"": ""CUST_008520"", ""product_id"": ""PROD_0009"", ""order_date"": ""2024-05-27"", ""quantity"": 1, ""payment_method"": ""Credit Card"", ""order_status"": ""Completed""}"
orders,ORD_0085768,ORPHAN_PRODUCT_FOREIGN_KEY,2026-09-08T16:00:15.302519+00:00,"{""order_id"": ""ORD_0085768"", ""customer_id"": ""CUST_008532"", ""product_id"": ""PROD_0177"", ""order_date"": ""2024-05-27"", ""quantity"": 2, ""payment_method"": ""Debit Card"", ""order_status"": ""Completed""}"
orders,ORD_0085814,ORPHAN_PRODUCT_FOREIGN_KEY,2026-09-08T16:00:15.302519+00:00,"{""order_id"": ""ORD_0085814"", ""customer_id"": ""CUST_009563"", ""product_id"": ""PROD_0177"", ""order_date"": ""2024-05-27"", ""quantity"": 5, ""payment_method"": ""Credit Card"", ""order_status"": ""Completed""}"
orders,ORD_0085819,ORPHAN_PRODUCT_FOREIGN_KEY,2026-09-08T16:00:15.302519+00:00,"{""order_id"": ""ORD_0085819"", ""customer_id"": ""CUST_009701"", ""product_id"": ""PROD_0291"", ""order_date"": ""2024-05-27"", ""quantity"": 2, ""payment_method"": ""Credit Card"", ""order_status"": ""Refunded""}"
orders,ORD_0085882,ORPHAN_PRODUCT_FOREIGN_KEY,2026-09-08T16:00:15.302519+00:00,"{""order_id"": ""ORD_0085882"", ""customer_id"": ""CUST_000932"", ""product_id"": ""PROD_0009"", ""order_date"": ""2024-05-28"", ""quantity"": 2, ""payment_method"": ""Credit Card"", ""order_status"": ""Completed""}"
orders,ORD_0085912,ORPHAN_PRODUCT_FOREIGN_KEY,2026-09-08T16:00:15.302519+00:00,"{""order_id"": ""ORD_0085912"", ""customer_id"": ""CUST_001482"", ""product_id"": ""PROD_0009"", ""order_date"": ""2024-05-28"", ""quantity"": 1, ""payment_method"": ""Debit Card"", ""order_status"": ""Completed""}"
orders,ORD_0085931,ORPHAN_PRODUCT_FOREIGN_KEY,2026-09-08T16:00:15.302519+00:00,"{""order_id"": ""ORD_0085931"", ""customer_id"": ""CUST_001980"", ""product_id"": ""PROD_0009"", ""order_date"": ""2024-05-28"", ""quantity"": 1, ""payment_method"": ""Credit Card"", ""order_status"": ""Completed""}"
orders,ORD_0086089,ORPHAN_PRODUCT_FOREIGN_KEY,2026-09-08T16:00:15.302519+00:00,"{""order_id"": ""ORD_0086089"", ""customer_id"": ""CUST_005167"", ""product_id"": ""PROD_0319"", ""order_date"": ""2024-05-28"", ""quantity"": 2, ""payment_method"": ""Debit Card"", ""order_status"": ""Completed""}"
orders,ORD_0086104,ORPHAN_PRODUCT_FOREIGN_KEY,2026-09-08T16:00:15.302519+00:00,"{""order_id"": ""ORD_0086104"", ""customer_id"": ""CUST_005397"", ""product_id"": ""PROD_0031"", ""order_date"": ""2024-05-28"", ""quantity"": 1, ""payment_method"": ""Credit Card"", ""order_status"": ""Cancelled""}"
orders,ORD_0086112,ORPHAN_PRODUCT_FOREIGN_KEY,2026-09-08T16:00:15.302519+00:00,"{""order_id"": ""ORD_0086112"", ""customer_id"": ""CUST_005611"", ""product_id"": ""PROD_0009"", ""order_date"": ""2024-05-28"", ""quantity"": 1, ""payment_method"": ""Credit Card"", ""order_status"": ""Completed""}"
orders,ORD_0086121,ORPHAN_PRODUCT_FOREIGN_KEY,2026-09-08T16:00:15.302519+00:00,"{""order_id"": ""ORD_0086121"", ""customer_id"": ""CUST_005730"", ""product_id"": ""PROD_0009"", ""order_date"": ""2024-05-28"", ""quantity"": 1, ""payment_method"": ""PayPal"", ""order_status"": ""Completed""}"
orders,ORD_0086136,ORPHAN_PRODUCT_FOREIGN_KEY,2026-09-08T16:00:15.302519+00:00,"{""order_id"": ""ORD_0086136"", ""customer_id"": ""CUST_005935"", ""product_id"": ""PROD_0009"", ""order_date"": ""2024-05-28"", ""quantity"": 4, ""payment_method"": ""Debit Card"", ""order_status"": ""Completed""}"
orders,ORD_0086150,ORPHAN_PRODUCT_FOREIGN_KEY,2026-09-08T16:00:15.302519+00:00,"{""order_id"": ""ORD_0086150"", ""customer_id"": ""CUST_006211"", ""product_id"": ""PROD_0031"", ""order_date"": ""2024-05-28"", ""quantity"": 2, ""payment_method"": ""PayPal"", ""order_status"": ""Completed""}"
orders,ORD_0086157,ORPHAN_PRODUCT_FOREIGN_KEY,2026-09-08T16:00:15.302519+00:00,"{""order_id"": ""ORD_0086157"", ""customer_id"": ""CUST_006445"", ""product_id"": ""PROD_0009"", ""order_date"": ""2024-05-28"", ""quantity"": 1, ""payment_method"": ""PayPal"", ""order_status"": ""Completed""}"
orders,ORD_0086164,ORPHAN_PRODUCT_FOREIGN_KEY,2026-09-08T16:00:15.302519+00:00,"{""order_id"": ""ORD_0086164"", ""customer_id"": ""CUST_006632"", ""product_id"": ""PROD_0009"", ""order_date"": ""2024-05-28"", ""quantity"": 1, ""payment_method"": ""PayPal"", ""order_status"": ""Completed""}"
orders,ORD_0086215,ORPHAN_PRODUCT_FOREIGN_KEY,2026-09-08T16:00:15.302519+00:00,"{""order_id"": ""ORD_0086215"", ""customer_id"": ""CUST_007342"", ""product_id"": ""PROD_0031"", ""order_date"": ""2024-05-28"", ""quantity"": 2, ""payment_method"": ""PayPal"", ""order_status"": ""Shipped""}"
orders,ORD_0086350,ORPHAN_PRODUCT_FOREIGN_KEY,2026-09-08T16:00:15.302519+00:00,"{""order_id"": ""ORD_0086350"", ""customer_id"": ""CUST_009966"", ""product_id"": ""PROD_0485"", ""order_date"": ""2024-05-28"", ""quantity"": 4, ""payment_method"": ""Debit Card"", ""order_status"": ""Completed""}"
orders,ORD_0086361,ORPHAN_PRODUCT_FOREIGN_KEY,2026-09-08T16:00:15.302519+00:00,"{""order_id"": ""ORD_0086361"", ""customer_id"": ""CUST_000292"", ""product_id"": ""PROD_0009"", ""order_date"": ""2024-05-29"", ""quantity"": 1, ""payment_method"": ""Credit Card"", ""order_status"": ""Completed""}"
orders,ORD_0086366,ORPHAN_PRODUCT_FOREIGN_KEY,2026-09-08T16:00:15.302519+00:00,"{""order_id"": ""ORD_0086366"", ""customer_id"": ""CUST_000427"", ""product_id"": ""PROD_0031"", ""order_date"": ""2024-05-29"", ""quantity"": 5, ""payment_method"": ""PayPal"", ""order_status"": ""Completed""}"
orders,ORD_0086384,ORPHAN_PRODUCT_FOREIGN_KEY,2026-09-08T16:00:15.302519+00:00,"{""order_id"": ""ORD_0086384"", ""customer_id"": ""CUST_000741"", ""product_id"": ""PROD_0009"", ""order_date"": ""2024-05-29"", ""quantity"": 1, ""payment_method"": ""Apple Pay"", ""order_status"": ""Completed""}"
orders,ORD_0086404,ORPHAN_PRODUCT_FOREIGN_KEY,2026-09-08T16:00:15.302519+00:00,"{""order_id"": ""ORD_0086404"", ""customer_id"": ""CUST_001222"", ""product_id"": ""PROD_0009"", ""order_date"": ""2024-05-29"", ""quantity"": 1, ""payment_method"": ""Apple Pay"", ""order_status"": ""Completed""}"
orders,ORD_0086417,ORPHAN_PRODUCT_FOREIGN_KEY,2026-09-08T16:00:15.302519+00:00,"{""order_id"": ""ORD_0086417"", ""customer_id"": ""CUST_001382"", ""product_id"": ""PROD_0009"", ""order_date"": ""2024-05-29"", ""quantity"": 2, ""payment_method"": ""PayPal"", ""order_status"": ""Shipped""}"
orders,ORD_0086437,ORPHAN_PRODUCT_FOREIGN_KEY,2026-09-08T16:00:15.302519+00:00,"{""order_id"": ""ORD_0086437"", ""customer_id"": ""CUST_001764"", ""product_id"": ""PROD_0009"", ""order_date"": ""2024-05-29"", ""quantity"": 2, ""payment_method"": ""PayPal"", ""order_status"": ""Completed""}"
orders,ORD_0086455,ORPHAN_PRODUCT_FOREIGN_KEY,2026-09-08T16:00:15.302519+00:00,"{""order_id"": ""ORD_0086455"", ""customer_id"": ""CUST_002283"", ""product_id"": ""PROD_0009"", ""order_date"": ""2024-05-29"", ""quantity"": 4, ""payment_method"": ""Credit Card"", ""order_status"": ""Completed""}"
orders,ORD_0086512,ORPHAN_PRODUCT_FOREIGN_KEY,2026-09-08T16:00:15.302519+00:00,"{""order_id"": ""ORD_0086512"", ""customer_id"": ""CUST_003236"", ""product_id"": ""PROD_0177"", ""order_date"": ""2024-05-29"", ""quantity"": 1, ""payment_method"": ""Debit Card"", ""order_status"": ""Completed""}"
orders,ORD_0086634,ORPHAN_PRODUCT_FOREIGN_KEY,2026-09-08T16:00:15.302519+00:00,"{""order_id"": ""ORD_0086634"", ""customer_id"": ""CUST_005629"", ""product_id"": ""PROD_0009"", ""order_date"": ""2024-05-29"", ""quantity"": 1, ""payment_method"": ""Debit Card"", ""order_status"": ""Completed""}"
orders,ORD_0086658,ORPHAN_PRODUCT_FOREIGN_KEY,2026-09-08T16:00:15.302519+00:00,"{""order_id"": ""ORD_0086658"", ""customer_id"": ""CUST_006038"", ""product_id"": ""PROD_0009"", ""order_date"": ""2024-05-29"", ""quantity"": 1, ""payment_method"": ""Cash on Delivery"", ""order_status"": ""Completed""}"
orders,ORD_0086687,ORPHAN_PRODUCT_FOREIGN_KEY,2026-09-08T16:00:15.302519+00:00,"{""order_id"": ""ORD_0086687"", ""customer_id"": ""CUST_006632"", ""product_id"": ""PROD_0031"", ""order_date"": ""2024-05-29"", ""quantity"": 3, ""payment_method"": ""Credit Card"", ""order_status"": ""Completed""}"
orders,ORD_0086767,ORPHAN_PRODUCT_FOREIGN_KEY,2026-09-08T16:00:15.302519+00:00,"{""order_id"": ""ORD_0086767"", ""customer_id"": ""CUST_008707"", ""product_id"": ""PROD_0155"", ""order_date"": ""2024-05-29"", ""quantity"": 6, ""payment_method"": ""Credit Card"", ""order_status"": ""Shipped""}"
orders,ORD_0086786,ORPHAN_PRODUCT_FOREIGN_KEY,2026-09-08T16:00:15.302519+00:00,"{""order_id"": ""ORD_0086786"", ""customer_id"": ""CUST_009087"", ""product_id"": ""PROD_0155"", ""order_date"": ""2024-05-29"", ""quantity"": 1, ""payment_method"": ""Credit Card"", ""order_status"": ""Completed""}"
orders,ORD_0086789,ORPHAN_PRODUCT_FOREIGN_KEY,2026-09-08T16:00:15.302519+00:00,"{""order_id"": ""ORD_0086789"", ""customer_id"": ""CUST_009213"", ""product_id"": ""PROD_0485"", ""order_date"": ""2024-05-29"", ""quantity"": 3, ""payment_method"": ""Apple Pay"", ""order_status"": ""Completed""}"
orders,ORD_0086808,ORPHAN_PRODUCT_FOREIGN_KEY,2026-09-08T16:00:15.302519+00:00,"{""order_id"": ""ORD_0086808"", ""customer_id"": ""CUST_009523"", ""product_id"": ""PROD_0009"", ""order_date"": ""2024-05-29"", ""quantity"": 2, ""payment_method"": ""Credit Card"", ""order_status"": ""Completed""}"
orders,ORD_0086816,ORPHAN_PRODUCT_FOREIGN_KEY,2026-09-08T16:00:15.302519+00:00,"{""order_id"": ""ORD_0086816"", ""customer_id"": ""CUST_009720"", ""product_id"": ""PROD_0101"", ""order_date"": ""2024-05-29"", ""quantity"": 1, ""payment_method"": ""Credit Card"", ""order_status"": ""Completed""}"
orders,ORD_0086820,ORPHAN_PRODUCT_FOREIGN_KEY,2026-09-08T16:00:15.302519+00:00,"{""order_id"": ""ORD_0086820"", ""customer_id"": ""CUST_009836"", ""product_id"": ""PROD_0009"", ""order_date"": ""2024-05-29"", ""quantity"": 2, ""payment_method"": ""Debit Card"", ""order_status"": ""Completed""}"
orders,ORD_0086834,ORPHAN_PRODUCT_FOREIGN_KEY,2026-09-08T16:00:15.302519+00:00,"{""order_id"": ""ORD_0086834"", ""customer_id"": ""CUST_000115"", ""product_id"": ""PROD_0485"", ""order_date"": ""2024-05-30"", ""quantity"": 5, ""payment_method"": ""PayPal"", ""order_status"": ""Completed""}"
orders,ORD_0086845,ORPHAN_PRODUCT_FOREIGN_KEY,2026-09-08T16:00:15.302519+00:00,"{""order_id"": ""ORD_0086845"", ""customer_id"": ""CUST_000281"", ""product_id"": ""PROD_0009"", ""order_date"": ""2024-05-30"", ""quantity"": 1, ""payment_method"": ""Credit Card"", ""order_status"": ""Completed""}"
orders,ORD_0086879,ORPHAN_PRODUCT_FOREIGN_KEY,2026-09-08T16:00:15.302519+00:00,"{""order_id"": ""ORD_0086879"", ""customer_id"": ""CUST_000938"", ""product_id"": ""PROD_0177"", ""order_date"": ""2024-05-30"", ""quantity"": 2, ""payment_method"": ""Credit Card"", ""order_status"": ""Completed""}"
orders,ORD_0086902,ORPHAN_PRODUCT_FOREIGN_KEY,2026-09-08T16:00:15.302519+00:00,"{""order_id"": ""ORD_0086902"", ""customer_id"": ""CUST_001246"", ""product_id"": ""PROD_0177"", ""order_date"": ""2024-05-30"", ""quantity"": 1, ""payment_method"": ""Credit Card"", ""order_status"": ""Completed""}"
orders,ORD_0086914,ORPHAN_PRODUCT_FOREIGN_KEY,2026-09-08T16:00:15.302519+00:00,"{""order_id"": ""ORD_0086914"", ""customer_id"": ""CUST_001390"", ""product_id"": ""PROD_0009"", ""order_date"": ""2024-05-30"", ""quantity"": 1, ""payment_method"": ""Credit Card"", ""order_status"": ""Completed""}"
orders,ORD_0086930,ORPHAN_PRODUCT_FOREIGN_KEY,2026-09-08T16:00:15.302519+00:00,"{""order_id"": ""ORD_0086930"", ""customer_id"": ""CUST_001592"", ""product_id"": ""PROD_0177"", ""order_date"": ""2024-05-30"", ""quantity"": 1, ""payment_method"": ""Credit Card"", ""order_status"": ""Completed""}"
orders,ORD_0086937,ORPHAN_PRODUCT_FOREIGN_KEY,2026-09-08T16:00:15.302519+00:00,"{""order_id"": ""ORD_0086937"", ""customer_id"": ""CUST_001780"", ""product_id"": ""PROD_0291"", ""order_date"": ""2024-05-30"", ""quantity"": 1, ""payment_method"": ""Credit Card"", ""order_status"": ""Completed""}"
orders,ORD_0087066,ORPHAN_PRODUCT_FOREIGN_KEY,2026-09-08T16:00:15.302519+00:00,"{""order_id"": ""ORD_0087066"", ""customer_id"": ""CUST_003879"", ""product_id"": ""PROD_0009"", ""order_date"": ""2024-05-30"", ""quantity"": 1, ""payment_method"": ""PayPal"", ""order_status"": ""Cancelled""}"
orders,ORD_0087079,ORPHAN_PRODUCT_FOREIGN_KEY,2026-09-08T16:00:15.302519+00:00,"{""order_id"": ""ORD_0087079"", ""customer_id"": ""CUST_004111"", ""product_id"": ""PROD_0291"", ""order_date"": ""2024-05-30"", ""quantity"": 4, ""payment_method"": ""Credit Card"", ""order_status"": ""Completed""}"
orders,ORD_0087084,ORPHAN_PRODUCT_FOREIGN_KEY,2026-09-08T16:00:15.302519+00:00,"{""order_id"": ""ORD_0087084"", ""customer_id"": ""CUST_004167"", ""product_id"": ""PROD_0009"", ""order_date"": ""2024-05-30"", ""quantity"": 1, ""payment_method"": ""Cash on Delivery"", ""order_status"": ""Completed""}"
orders,ORD_0087101,ORPHAN_PRODUCT_FOREIGN_KEY,2026-09-08T16:00:15.302519+00:00,"{""order_id"": ""ORD_0087101"", ""customer_id"": ""CUST_004431"", ""product_id"": ""PROD_0031"", ""order_date"": ""2024-05-30"", ""quantity"": 3, ""payment_method"": ""Credit Card"", ""order_status"": ""Completed""}"
orders,ORD_0087126,ORPHAN_PRODUCT_FOREIGN_KEY,2026-09-08T16:00:15.302519+00:00,"{""order_id"": ""ORD_0087126"", ""customer_id"": ""CUST_004902"", ""product_id"": ""PROD_0009"", ""order_date"": ""2024-05-30"", ""quantity"": 1, ""payment_method"": ""PayPal"", ""order_status"": ""Completed""}"
orders,ORD_0087152,ORPHAN_PRODUCT_FOREIGN_KEY,2026-09-08T16:00:15.302519+00:00,"{""order_id"": ""ORD_0087152"", ""customer_id"": ""CUST_005501"", ""product_id"": ""PROD_0009"", ""order_date"": ""2024-05-30"", ""quantity"": 1, ""payment_method"": ""Credit Card"", ""order_status"": ""Shipped""}"
orders,ORD_0087182,ORPHAN_PRODUCT_FOREIGN_KEY,2026-09-08T16:00:15.302519+00:00,"{""order_id"": ""ORD_0087182"", ""customer_id"": ""CUST_006032"", ""product_id"": ""PROD_0031"", ""order_date"": ""2024-05-30"", ""quantity"": 1, ""payment_method"": ""Credit Card"", ""order_status"": ""Completed""}"
orders,ORD_0087402,ORPHAN_PRODUCT_FOREIGN_KEY,2026-09-08T16:00:15.302519+00:00,"{""order_id"": ""ORD_0087402"", ""customer_id"": ""CUST_000084"", ""product_id"": ""PROD_0031"", ""order_date"": ""2024-05-31"", ""quantity"": 3, ""payment_method"": ""Credit Card"", ""order_status"": ""Completed""}"
orders,ORD_0087415,ORPHAN_PRODUCT_FOREIGN_KEY,2026-09-08T16:00:15.302519+00:00,"{""order_id"": ""ORD_0087415"", ""customer_id"": ""CUST_000337"", ""product_id"": ""PROD_0009"", ""order_date"": ""2024-05-31"", ""quantity"": 1, ""payment_method"": ""PayPal"", ""order_status"": ""Completed""}"
orders,ORD_0087438,ORPHAN_PRODUCT_FOREIGN_KEY,2026-09-08T16:00:15.302519+00:00,"{""order_id"": ""ORD_0087438"", ""customer_id"": ""CUST_000650"", ""product_id"": ""PROD_0155"", ""order_date"": ""2024-05-31"", ""quantity"": 1, ""payment_method"": ""Credit Card"", ""order_status"": ""Completed""}"
orders,ORD_0087446,ORPHAN_PRODUCT_FOREIGN_KEY,2026-09-08T16:00:15.302519+00:00,"{""order_id"": ""ORD_0087446"", ""customer_id"": ""CUST_000726"", ""product_id"": ""PROD_0031"", ""order_date"": ""2024-05-31"", ""quantity"": 2, ""payment_method"": ""PayPal"", ""order_status"": ""Completed""}"
orders,ORD_0087453,ORPHAN_PRODUCT_FOREIGN_KEY,2026-09-08T16:00:15.302519+00:00,"{""order_id"": ""ORD_0087453"", ""customer_id"": ""CUST_000767"", ""product_id"": ""PROD_0101"", ""order_date"": ""2024-05-31"", ""quantity"": 3, ""payment_method"": ""Credit Card"", ""order_status"": ""Completed""}"
orders,ORD_0087501,ORPHAN_PRODUCT_FOREIGN_KEY,2026-09-08T16:00:15.302519+00:00,"{""order_id"": ""ORD_0087501"", ""customer_id"": ""CUST_001584"", ""product_id"": ""PROD_0319"", ""order_date"": ""2024-05-31"", ""quantity"": 1, ""payment_method"": ""Unknown"", ""order_status"": ""Completed""}"
orders,ORD_0087532,ORPHAN_PRODUCT_FOREIGN_KEY,2026-09-08T16:00:15.302519+00:00,"{""order_id"": ""ORD_0087532"", ""customer_id"": ""CUST_001936"", ""product_id"": ""PROD_0009"", ""order_date"": ""2024-05-31"", ""quantity"": 2, ""payment_method"": ""PayPal"", ""order_status"": ""Completed""}"
orders,ORD_0087552,ORPHAN_PRODUCT_FOREIGN_KEY,2026-09-08T16:00:15.302519+00:00,"{""order_id"": ""ORD_0087552"", ""customer_id"": ""CUST_002276"", ""product_id"": ""PROD_0101"", ""order_date"": ""2024-05-31"", ""quantity"": 2, ""payment_method"": ""Credit Card"", ""order_status"": ""Completed""}"
orders,ORD_0087593,ORPHAN_PRODUCT_FOREIGN_KEY,2026-09-08T16:00:15.302519+00:00,"{""order_id"": ""ORD_0087593"", ""customer_id"": ""CUST_003282"", ""product_id"": ""PROD_0031"", ""order_date"": ""2024-05-31"", ""quantity"": 5, ""payment_method"": ""Credit Card"", ""order_status"": ""Completed""}"
orders,ORD_0087606,ORPHAN_PRODUCT_FOREIGN_KEY,2026-09-08T16:00:15.302519+00:00,"{""order_id"": ""ORD_0087606"", ""customer_id"": ""CUST_003463"", ""product_id"": ""PROD_0009"", ""order_date"": ""2024-05-31"", ""quantity"": 2, ""payment_method"": ""Credit Card"", ""order_status"": ""Completed""}"
orders,ORD_0087617,ORPHAN_PRODUCT_FOREIGN_KEY,2026-09-08T16:00:15.302519+00:00,"{""order_id"": ""ORD_0087617"", ""customer_id"": ""CUST_003788"", ""product_id"": ""PROD_0009"", ""order_date"": ""2024-05-31"", ""quantity"": 1, ""payment_method"": ""Credit Card"", ""order_status"": ""Completed""}"
orders,ORD_0087664,ORPHAN_PRODUCT_FOREIGN_KEY,2026-09-08T16:00:15.302519+00:00,"{""order_id"": ""ORD_0087664"", ""customer_id"": ""CUST_004336"", ""product_id"": ""PROD_0031"", ""order_date"": ""2024-05-31"", ""quantity"": 1, ""payment_method"": ""Credit Card"", ""order_status"": ""Refunded""}"
orders,ORD_0087722,ORPHAN_PRODUCT_FOREIGN_KEY,2026-09-08T16:00:15.302519+00:00,"{""order_id"": ""ORD_0087722"", ""customer_id"": ""CUST_005187"", ""product_id"": ""PROD_0009"", ""order_date"": ""2024-05-31"", ""quantity"": 1, ""payment_method"": ""Cash on Delivery"", ""order_status"": ""Completed""}"
orders,ORD_0087725,ORPHAN_PRODUCT_FOREIGN_KEY,2026-09-08T16:00:15.302519+00:00,"{""order_id"": ""ORD_0087725"", ""customer_id"": ""CUST_005207"", ""product_id"": ""PROD_0031"", ""order_date"": ""2024-05-31"", ""quantity"": 3, ""payment_method"": ""Debit Card"", ""order_status"": ""Completed""}"
orders,ORD_0087753,ORPHAN_PRODUCT_FOREIGN_KEY,2026-09-08T16:00:15.302519+00:00,"{""order_id"": ""ORD_0087753"", ""customer_id"": ""CUST_005687"", ""product_id"": ""PROD_0009"", ""order_date"": ""2024-05-31"", ""quantity"": 3, ""payment_method"": ""Debit Card"", ""order_status"": ""Completed""}"
orders,ORD_0087803,ORPHAN_PRODUCT_FOREIGN_KEY,2026-09-08T16:00:15.302519+00:00,"{""order_id"": ""ORD_0087803"", ""customer_id"": ""CUST_006528"", ""product_id"": ""PROD_0155"", ""order_date"": ""2024-05-31"", ""quantity"": 1, ""payment_method"": ""Credit Card"", ""order_status"": ""Completed""}"
orders,ORD_0087812,ORPHAN_PRODUCT_FOREIGN_KEY,2026-09-08T16:00:15.302519+00:00,"{""order_id"": ""ORD_0087812"", ""customer_id"": ""CUST_006800"", ""product_id"": ""PROD_0009"", ""order_date"": ""2024-05-31"", ""quantity"": 2, ""payment_method"": ""Debit Card"", ""order_status"": ""Completed""}"
orders,ORD_0087846,ORPHAN_PRODUCT_FOREIGN_KEY,2026-09-08T16:00:15.302519+00:00,"{""order_id"": ""ORD_0087846"", ""customer_id"": ""CUST_007344"", ""product_id"": ""PROD_0009"", ""order_date"": ""2024-05-31"", ""quantity"": 1, ""payment_method"": ""Debit Card"", ""order_status"": ""Completed""}"
orders,ORD_0087866,ORPHAN_PRODUCT_FOREIGN_KEY,2026-09-08T16:00:15.302519+00:00,"{""order_id"": ""ORD_0087866"", ""customer_id"": ""CUST_007716"", ""product_id"": ""PROD_0009"", ""order_date"": ""2024-05-31"", ""quantity"": 1, ""payment_method"": ""Credit Card"", ""order_status"": ""Completed""}"
orders,ORD_0087908,ORPHAN_PRODUCT_FOREIGN_KEY,2026-09-08T16:00:15.302519+00:00,"{""order_id"": ""ORD_0087908"", ""customer_id"": ""CUST_008615"", ""product_id"": ""PROD_0009"", ""order_date"": ""2024-05-31"", ""quantity"": 1, ""payment_method"": ""Credit Card"", ""order_status"": ""Completed""}"
orders,ORD_0087913,ORPHAN_PRODUCT_FOREIGN_KEY,2026-09-08T16:00:15.302519+00:00,"{""order_id"": ""ORD_0087913"", ""customer_id"": ""CUST_008707"", ""product_id"": ""PROD_0009"", ""order_date"": ""2024-05-31"", ""quantity"": 4, ""payment_method"": ""PayPal"", ""order_status"": ""Completed""}"
orders,ORD_0087988,ORPHAN_PRODUCT_FOREIGN_KEY,2026-09-08T16:00:15.302519+00:00,"{""order_id"": ""ORD_0087988"", ""customer_id"": ""CUST_000307"", ""product_id"": ""PROD_0009"", ""order_date"": ""2024-06-01"", ""quantity"": 2, ""payment_method"": ""Credit Card"", ""order_status"": ""Completed""}"
orders,ORD_0088004,ORPHAN_PRODUCT_FOREIGN_KEY,2026-09-08T16:00:15.302519+00:00,"{""order_id"": ""ORD_0088004"", ""customer_id"": ""CUST_000647"", ""product_id"": ""PROD_0009"", ""order_date"": ""2024-06-01"", ""quantity"": 5, ""payment_method"": ""Debit Card"", ""order_status"": ""Completed""}"
orders,ORD_0088029,ORPHAN_PRODUCT_FOREIGN_KEY,2026-09-08T16:00:15.302519+00:00,"{""order_id"": ""ORD_0088029"", ""customer_id"": ""CUST_001037"", ""product_id"": ""PROD_0009"", ""order_date"": ""2024-06-01"", ""quantity"": 1, ""payment_method"": ""Credit Card"", ""order_status"": ""Completed""}"
orders,ORD_0088125,ORPHAN_PRODUCT_FOREIGN_KEY,2026-09-08T16:00:15.302519+00:00,"{""order_id"": ""ORD_0088125"", ""customer_id"": ""CUST_003025"", ""product_id"": ""PROD_0031"", ""order_date"": ""2024-06-01"", ""quantity"": 1, ""payment_method"": ""Credit Card"", ""order_status"": ""Completed""}"
orders,ORD_0088157,ORPHAN_PRODUCT_FOREIGN_KEY,2026-09-08T16:00:15.302519+00:00,"{""order_id"": ""ORD_0088157"", ""customer_id"": ""CUST_003741"", ""product_id"": ""PROD_0009"", ""order_date"": ""2024-06-01"", ""quantity"": 4, ""payment_method"": ""Credit Card"", ""order_status"": ""Completed""}"
orders,ORD_0088172,ORPHAN_PRODUCT_FOREIGN_KEY,2026-09-08T16:00:15.302519+00:00,"{""order_id"": ""ORD_0088172"", ""customer_id"": ""CUST_003984"", ""product_id"": ""PROD_0009"", ""order_date"": ""2024-06-01"", ""quantity"": 2, ""payment_method"": ""Credit Card"", ""order_status"": ""Completed""}"
orders,ORD_0088191,ORPHAN_PRODUCT_FOREIGN_KEY,2026-09-08T16:00:15.302519+00:00,"{""order_id"": ""ORD_0088191"", ""customer_id"": ""CUST_004367"", ""product_id"": ""PROD_0009"", ""order_date"": ""2024-06-01"", ""quantity"": 1, ""payment_method"": ""Debit Card"", ""order_status"": ""Completed""}"
orders,ORD_0088198,ORPHAN_PRODUCT_FOREIGN_KEY,2026-09-08T16:00:15.302519+00:00,"{""order_id"": ""ORD_0088198"", ""customer_id"": ""CUST_004447"", ""product_id"": ""PROD_0009"", ""order_date"": ""2024-06-01"", ""quantity"": 2, ""payment_method"": ""Credit Card"", ""order_status"": ""Refunded""}"
orders,ORD_0088219,ORPHAN_PRODUCT_FOREIGN_KEY,2026-09-08T16:00:15.302519+00:00,"{""order_id"": ""ORD_0088219"", ""customer_id"": ""CUST_004843"", ""product_id"": ""PROD_0101"", ""order_date"": ""2024-06-01"", ""quantity"": 8, ""payment_method"": ""Apple Pay"", ""order_status"": ""Completed""}"
orders,ORD_0088222,ORPHAN_PRODUCT_FOREIGN_KEY,2026-09-08T16:00:15.302519+00:00,"{""order_id"": ""ORD_0088222"", ""customer_id"": ""CUST_004855"", ""product_id"": ""PROD_0177"", ""order_date"": ""2024-06-01"", ""quantity"": 4, ""payment_method"": ""Credit Card"", ""order_status"": ""Completed""}"
orders,ORD_0088228,ORPHAN_PRODUCT_FOREIGN_KEY,2026-09-08T16:00:15.302519+00:00,"{""order_id"": ""ORD_0088228"", ""customer_id"": ""CUST_004887"", ""product_id"": ""PROD_0009"", ""order_date"": ""2024-06-01"", ""quantity"": 1, ""payment_method"": ""Credit Card"", ""order_status"": ""Completed""}"
orders,ORD_0088301,ORPHAN_PRODUCT_FOREIGN_KEY,2026-09-08T16:00:15.302519+00:00,"{""order_id"": ""ORD_0088301"", ""customer_id"": ""CUST_006124"", ""product_id"": ""PROD_0009"", ""order_date"": ""2024-06-01"", ""quantity"": 1, ""payment_method"": ""Credit Card"", ""order_status"": ""Completed""}"
orders,ORD_0088406,ORPHAN_PRODUCT_FOREIGN_KEY,2026-09-08T16:00:15.302519+00:00,"{""order_id"": ""ORD_0088406"", ""customer_id"": ""CUST_007918"", ""product_id"": ""PROD_0177"", ""order_date"": ""2024-06-01"", ""quantity"": 5, ""payment_method"": ""Credit Card"", ""order_status"": ""Completed""}"
orders,ORD_0088421,ORPHAN_PRODUCT_FOREIGN_KEY,2026-09-08T16:00:15.302519+00:00,"{""order_id"": ""ORD_0088421"", ""customer_id"": ""CUST_008184"", ""product_id"": ""PROD_0009"", ""order_date"": ""2024-06-01"", ""quantity"": 1, ""payment_method"": ""PayPal"", ""order_status"": ""Completed""}"
orders,ORD_0088500,ORPHAN_PRODUCT_FOREIGN_KEY,2026-09-08T16:00:15.302519+00:00,"{""order_id"": ""ORD_0088500"", ""customer_id"": ""CUST_009867"", ""product_id"": ""PROD_0009"", ""order_date"": ""2024-06-01"", ""quantity"": 4, ""payment_method"": ""Credit Card"", ""order_status"": ""Completed""}"
orders,ORD_0088502,ORPHAN_PRODUCT_FOREIGN_KEY,2026-09-08T16:00:15.302519+00:00,"{""order_id"": ""ORD_0088502"", ""customer_id"": ""CUST_009889"", ""product_id"": ""PROD_0177"", ""order_date"": ""2024-06-01"", ""quantity"": 3, ""payment_method"": ""PayPal"", ""order_status"": ""Completed""}"
orders,ORD_0088521,ORPHAN_PRODUCT_FOREIGN_KEY,2026-09-08T16:00:15.302519+00:00,"{""order_id"": ""ORD_0088521"", ""customer_id"": ""CUST_000207"", ""product_id"": ""PROD_0009"", ""order_date"": ""2024-06-02"", ""quantity"": 3, ""payment_method"": ""Credit Card"", ""order_status"": ""Completed""}"
orders,ORD_0088683,ORPHAN_PRODUCT_FOREIGN_KEY,2026-09-08T16:00:15.302519+00:00,"{""order_id"": ""ORD_0088683"", ""customer_id"": ""CUST_003631"", ""product_id"": ""PROD_0009"", ""order_date"": ""2024-06-02"", ""quantity"": 1, ""payment_method"": ""Credit Card"", ""order_status"": ""Completed""}"
orders,ORD_0088688,ORPHAN_PRODUCT_FOREIGN_KEY,2026-09-08T16:00:15.302519+00:00,"{""order_id"": ""ORD_0088688"", ""customer_id"": ""CUST_003677"", ""product_id"": ""PROD_0009"", ""order_date"": ""2024-06-02"", ""quantity"": 1, ""payment_method"": ""Debit Card"", ""order_status"": ""Completed""}"
orders,ORD_0088782,ORPHAN_PRODUCT_FOREIGN_KEY,2026-09-08T16:00:15.302519+00:00,"{""order_id"": ""ORD_0088782"", ""customer_id"": ""CUST_005622"", ""product_id"": ""PROD_0009"", ""order_date"": ""2024-06-02"", ""quantity"": 2, ""payment_method"": ""Credit Card"", ""order_status"": ""Completed""}"
orders,ORD_0088885,ORPHAN_PRODUCT_FOREIGN_KEY,2026-09-08T16:00:15.302519+00:00,"{""order_id"": ""ORD_0088885"", ""customer_id"": ""CUST_007390"", ""product_id"": ""PROD_0009"", ""order_date"": ""2024-06-02"", ""quantity"": 2, ""payment_method"": ""Credit Card"", ""order_status"": ""Completed""}"
orders,ORD_0088895,ORPHAN_PRODUCT_FOREIGN_KEY,2026-09-08T16:00:15.302519+00:00,"{""order_id"": ""ORD_0088895"", ""customer_id"": ""CUST_007534"", ""product_id"": ""PROD_0009"", ""order_date"": ""2024-06-02"", ""quantity"": 1, ""payment_method"": ""Credit Card"", ""order_status"": ""Completed""}"
orders,ORD_0088899,ORPHAN_PRODUCT_FOREIGN_KEY,2026-09-08T16:00:15.302519+00:00,"{""order_id"": ""ORD_0088899"", ""customer_id"": ""CUST_007567"", ""product_id"": ""PROD_0009"", ""order_date"": ""2024-06-02"", ""quantity"": 1, ""payment_method"": ""Debit Card"", ""order_status"": ""Completed""}"
orders,ORD_0088924,ORPHAN_PRODUCT_FOREIGN_KEY,2026-09-08T16:00:15.302519+00:00,"{""order_id"": ""ORD_0088924"", ""customer_id"": ""CUST_008034"", ""product_id"": ""PROD_0031"", ""order_date"": ""2024-06-02"", ""quantity"": 2, ""payment_method"": ""Credit Card"", ""order_status"": ""Completed""}"
orders,ORD_0089015,ORPHAN_PRODUCT_FOREIGN_KEY,2026-09-08T16:00:15.302519+00:00,"{""order_id"": ""ORD_0089015"", ""customer_id"": ""CUST_009592"", ""product_id"": ""PROD_0155"", ""order_date"": ""2024-06-02"", ""quantity"": 3, ""payment_method"": ""Credit Card"", ""order_status"": ""Completed""}"
orders,ORD_0089085,ORPHAN_PRODUCT_FOREIGN_KEY,2026-09-08T16:00:15.302519+00:00,"{""order_id"": ""ORD_0089085"", ""customer_id"": ""CUST_000733"", ""product_id"": ""PROD_0009"", ""order_date"": ""2024-06-03"", ""quantity"": 1, ""payment_method"": ""Credit Card"", ""order_status"": ""Completed""}"
orders,ORD_0089109,ORPHAN_PRODUCT_FOREIGN_KEY,2026-09-08T16:00:15.302519+00:00,"{""order_id"": ""ORD_0089109"", ""customer_id"": ""CUST_001255"", ""product_id"": ""PROD_0009"", ""order_date"": ""2024-06-03"", ""quantity"": 3, ""payment_method"": ""Credit Card"", ""order_status"": ""Completed""}"
orders,ORD_0089124,ORPHAN_PRODUCT_FOREIGN_KEY,2026-09-08T16:00:15.302519+00:00,"{""order_id"": ""ORD_0089124"", ""customer_id"": ""CUST_001542"", ""product_id"": ""PROD_0009"", ""order_date"": ""2024-06-03"", ""quantity"": 2, ""payment_method"": ""Credit Card"", ""order_status"": ""Completed""}"
orders,ORD_0089160,ORPHAN_PRODUCT_FOREIGN_KEY,2026-09-08T16:00:15.302519+00:00,"{""order_id"": ""ORD_0089160"", ""customer_id"": ""CUST_002344"", ""product_id"": ""PROD_0319"", ""order_date"": ""2024-06-03"", ""quantity"": 1, ""payment_method"": ""PayPal"", ""order_status"": ""Completed""}"
orders,ORD_0089190,ORPHAN_PRODUCT_FOREIGN_KEY,2026-09-08T16:00:15.302519+00:00,"{""order_id"": ""ORD_0089190"", ""customer_id"": ""CUST_002884"", ""product_id"": ""PROD_0009"", ""order_date"": ""2024-06-03"", ""quantity"": 3, ""payment_method"": ""Credit Card"", ""order_status"": ""Completed""}"
orders,ORD_0089269,ORPHAN_PRODUCT_FOREIGN_KEY,2026-09-08T16:00:15.302519+00:00,"{""order_id"": ""ORD_0089269"", ""customer_id"": ""CUST_004182"", ""product_id"": ""PROD_0009"", ""order_date"": ""2024-06-03"", ""quantity"": 1, ""payment_method"": ""PayPal"", ""order_status"": ""Cancelled""}"
orders,ORD_0089291,ORPHAN_PRODUCT_FOREIGN_KEY,2026-09-08T16:00:15.302519+00:00,"{""order_id"": ""ORD_0089291"", ""customer_id"": ""CUST_004439"", ""product_id"": ""PROD_0009"", ""order_date"": ""2024-06-03"", ""quantity"": 3, ""payment_method"": ""Credit Card"", ""order_status"": ""Completed""}"
orders,ORD_0089302,ORPHAN_PRODUCT_FOREIGN_KEY,2026-09-08T16:00:15.302519+00:00,"{""order_id"": ""ORD_0089302"", ""customer_id"": ""CUST_004791"", ""product_id"": ""PROD_0009"", ""order_date"": ""2024-06-03"", ""quantity"": 1, ""payment_method"": ""PayPal"", ""order_status"": ""Completed""}"
orders,ORD_0089326,ORPHAN_PRODUCT_FOREIGN_KEY,2026-09-08T16:00:15.302519+00:00,"{""order_id"": ""ORD_0089326"", ""customer_id"": ""CUST_005152"", ""product_id"": ""PROD_0319"", ""order_date"": ""2024-06-03"", ""quantity"": 1, ""payment_method"": ""Cash on Delivery"", ""order_status"": ""Completed""}"
orders,ORD_0089367,ORPHAN_PRODUCT_FOREIGN_KEY,2026-09-08T16:00:15.302519+00:00,"{""order_id"": ""ORD_0089367"", ""customer_id"": ""CUST_005958"", ""product_id"": ""PROD_0031"", ""order_date"": ""2024-06-03"", ""quantity"": 2, ""payment_method"": ""Debit Card"", ""order_status"": ""Cancelled""}"
orders,ORD_0089460,ORPHAN_PRODUCT_FOREIGN_KEY,2026-09-08T16:00:15.302519+00:00,"{""order_id"": ""ORD_0089460"", ""customer_id"": ""CUST_007359"", ""product_id"": ""PROD_0009"", ""order_date"": ""2024-06-03"", ""quantity"": 1, ""payment_method"": ""PayPal"", ""order_status"": ""Completed""}"
orders,ORD_0089503,ORPHAN_PRODUCT_FOREIGN_KEY,2026-09-08T16:00:15.302519+00:00,"{""order_id"": ""ORD_0089503"", ""customer_id"": ""CUST_008294"", ""product_id"": ""PROD_0319"", ""order_date"": ""2024-06-03"", ""quantity"": 1, ""payment_method"": ""Credit Card"", ""order_status"": ""Completed""}"
orders,ORD_0089593,ORPHAN_PRODUCT_FOREIGN_KEY,2026-09-08T16:00:15.302519+00:00,"{""order_id"": ""ORD_0089593"", ""customer_id"": ""CUST_000028"", ""product_id"": ""PROD_0009"", ""order_date"": ""2024-06-04"", ""quantity"": 1, ""payment_method"": ""Credit Card"", ""order_status"": ""Completed""}"
orders,ORD_0089614,ORPHAN_PRODUCT_FOREIGN_KEY,2026-09-08T16:00:15.302519+00:00,"{""order_id"": ""ORD_0089614"", ""customer_id"": ""CUST_000435"", ""product_id"": ""PROD_0319"", ""order_date"": ""2024-06-04"", ""quantity"": 1, ""payment_method"": ""Credit Card"", ""order_status"": ""Completed""}"
orders,ORD_0089644,ORPHAN_PRODUCT_FOREIGN_KEY,2026-09-08T16:00:15.302519+00:00,"{""order_id"": ""ORD_0089644"", ""customer_id"": ""CUST_000869"", ""product_id"": ""PROD_0009"", ""order_date"": ""2024-06-04"", ""quantity"": 1, ""payment_method"": ""Credit Card"", ""order_status"": ""Completed""}"
orders,ORD_0089677,ORPHAN_PRODUCT_FOREIGN_KEY,2026-09-08T16:00:15.302519+00:00,"{""order_id"": ""ORD_0089677"", ""customer_id"": ""CUST_001530"", ""product_id"": ""PROD_0031"", ""order_date"": ""2024-06-04"", ""quantity"": 4, ""payment_method"": ""PayPal"", ""order_status"": ""Completed""}"
orders,ORD_0089711,ORPHAN_PRODUCT_FOREIGN_KEY,2026-09-08T16:00:15.302519+00:00,"{""order_id"": ""ORD_0089711"", ""customer_id"": ""CUST_002064"", ""product_id"": ""PROD_0101"", ""order_date"": ""2024-06-04"", ""quantity"": 2, ""payment_method"": ""Credit Card"", ""order_status"": ""Completed""}"
orders,ORD_0089719,ORPHAN_PRODUCT_FOREIGN_KEY,2026-09-08T16:00:15.302519+00:00,"{""order_id"": ""ORD_0089719"", ""customer_id"": ""CUST_002229"", ""product_id"": ""PROD_0177"", ""order_date"": ""2024-06-04"", ""quantity"": 2, ""payment_method"": ""Debit Card"", ""order_status"": ""Shipped""}"
orders,ORD_0089736,ORPHAN_PRODUCT_FOREIGN_KEY,2026-09-08T16:00:15.302519+00:00,"{""order_id"": ""ORD_0089736"", ""customer_id"": ""CUST_002424"", ""product_id"": ""PROD_0177"", ""order_date"": ""2024-06-04"", ""quantity"": 1, ""payment_method"": ""Credit Card"", ""order_status"": ""Completed""}"
orders,ORD_0089751,ORPHAN_PRODUCT_FOREIGN_KEY,2026-09-08T16:00:15.302519+00:00,"{""order_id"": ""ORD_0089751"", ""customer_id"": ""CUST_002638"", ""product_id"": ""PROD_0009"", ""order_date"": ""2024-06-04"", ""quantity"": 1, ""payment_method"": ""Debit Card"", ""order_status"": ""Completed""}"
orders,ORD_0089776,ORPHAN_PRODUCT_FOREIGN_KEY,2026-09-08T16:00:15.302519+00:00,"{""order_id"": ""ORD_0089776"", ""customer_id"": ""CUST_003279"", ""product_id"": ""PROD_0031"", ""order_date"": ""2024-06-04"", ""quantity"": 7, ""payment_method"": ""Debit Card"", ""order_status"": ""Completed""}"
orders,ORD_0089807,ORPHAN_PRODUCT_FOREIGN_KEY,2026-09-08T16:00:15.302519+00:00,"{""order_id"": ""ORD_0089807"", ""customer_id"": ""CUST_003854"", ""product_id"": ""PROD_0009"", ""order_date"": ""2024-06-04"", ""quantity"": 3, ""payment_method"": ""Debit Card"", ""order_status"": ""Completed""}"
orders,ORD_0089816,ORPHAN_PRODUCT_FOREIGN_KEY,2026-09-08T16:00:15.302519+00:00,"{""order_id"": ""ORD_0089816"", ""customer_id"": ""CUST_003961"", ""product_id"": ""PROD_0009"", ""order_date"": ""2024-06-04"", ""quantity"": 2, ""payment_method"": ""Cash on Delivery"", ""order_status"": ""Completed""}"
orders,ORD_0089903,ORPHAN_PRODUCT_FOREIGN_KEY,2026-09-08T16:00:15.302519+00:00,"{""order_id"": ""ORD_0089903"", ""customer_id"": ""CUST_005341"", ""product_id"": ""PROD_0009"", ""order_date"": ""2024-06-04"", ""quantity"": 1, ""payment_method"": ""Cash on Delivery"", ""order_status"": ""Completed""}"
orders,ORD_0089904,ORPHAN_PRODUCT_FOREIGN_KEY,2026-09-08T16:00:15.302519+00:00,"{""order_id"": ""ORD_0089904"", ""customer_id"": ""CUST_005341"", ""product_id"": ""PROD_0009"", ""order_date"": ""2024-06-04"", ""quantity"": 2, ""payment_method"": ""Debit Card"", ""order_status"": ""Completed""}"
orders,ORD_0089920,ORPHAN_PRODUCT_FOREIGN_KEY,2026-09-08T16:00:15.302519+00:00,"{""order_id"": ""ORD_0089920"", ""customer_id"": ""CUST_005629"", ""product_id"": ""PROD_0009"", ""order_date"": ""2024-06-04"", ""quantity"": 2, ""payment_method"": ""Credit Card"", ""order_status"": ""Completed""}"
orders,ORD_0089943,ORPHAN_PRODUCT_FOREIGN_KEY,2026-09-08T16:00:15.302519+00:00,"{""order_id"": ""ORD_0089943"", ""customer_id"": ""CUST_005958"", ""product_id"": ""PROD_0485"", ""order_date"": ""2024-06-04"", ""quantity"": 1, ""payment_method"": ""Cash on Delivery"", ""order_status"": ""Completed""}"
orders,ORD_0090091,ORPHAN_PRODUCT_FOREIGN_KEY,2026-09-08T16:00:15.302519+00:00,"{""order_id"": ""ORD_0090091"", ""customer_id"": ""CUST_008694"", ""product_id"": ""PROD_0009"", ""order_date"": ""2024-06-04"", ""quantity"": 3, ""payment_method"": ""Cash on Delivery"", ""order_status"": ""Completed""}"
orders,ORD_0090116,ORPHAN_PRODUCT_FOREIGN_KEY,2026-09-08T16:00:15.302519+00:00,"{""order_id"": ""ORD_0090116"", ""customer_id"": ""CUST_009265"", ""product_id"": ""PROD_0009"", ""order_date"": ""2024-06-04"", ""quantity"": 2, ""payment_method"": ""PayPal"", ""order_status"": ""Completed""}"
orders,ORD_0090153,ORPHAN_PRODUCT_FOREIGN_KEY,2026-09-08T16:00:15.302519+00:00,"{""order_id"": ""ORD_0090153"", ""customer_id"": ""CUST_009924"", ""product_id"": ""PROD_0009"", ""order_date"": ""2024-06-04"", ""quantity"": 1, ""payment_method"": ""Credit Card"", ""order_status"": ""Completed""}"
orders,ORD_0090207,ORPHAN_PRODUCT_FOREIGN_KEY,2026-09-08T16:00:15.302519+00:00,"{""order_id"": ""ORD_0090207"", ""customer_id"": ""CUST_000841"", ""product_id"": ""PROD_0009"", ""order_date"": ""2024-06-05"", ""quantity"": 1, ""payment_method"": ""Debit Card"", ""order_status"": ""Completed""}"
orders,ORD_0090254,ORPHAN_PRODUCT_FOREIGN_KEY,2026-09-08T16:00:15.302519+00:00,"{""order_id"": ""ORD_0090254"", ""customer_id"": ""CUST_001624"", ""product_id"": ""PROD_0031"", ""order_date"": ""2024-06-05"", ""quantity"": 2, ""payment_method"": ""Debit Card"", ""order_status"": ""Completed""}"
orders,ORD_0090426,ORPHAN_PRODUCT_FOREIGN_KEY,2026-09-08T16:00:15.302519+00:00,"{""order_id"": ""ORD_0090426"", ""customer_id"": ""CUST_004440"", ""product_id"": ""PROD_0009"", ""order_date"": ""2024-06-05"", ""quantity"": 1, ""payment_method"": ""Credit Card"", ""order_status"": ""Completed""}"
orders,ORD_0090448,ORPHAN_PRODUCT_FOREIGN_KEY,2026-09-08T16:00:15.302519+00:00,"{""order_id"": ""ORD_0090448"", ""customer_id"": ""CUST_004803"", ""product_id"": ""PROD_0031"", ""order_date"": ""2024-06-05"", ""quantity"": 1, ""payment_method"": ""Credit Card"", ""order_status"": ""Completed""}"
orders,ORD_0090631,ORPHAN_PRODUCT_FOREIGN_KEY,2026-09-08T16:00:15.302519+00:00,"{""order_id"": ""ORD_0090631"", ""customer_id"": ""CUST_007824"", ""product_id"": ""PROD_0009"", ""order_date"": ""2024-06-05"", ""quantity"": 1, ""payment_method"": ""Credit Card"", ""order_status"": ""Completed""}"
orders,ORD_0090634,ORPHAN_PRODUCT_FOREIGN_KEY,2026-09-08T16:00:15.302519+00:00,"{""order_id"": ""ORD_0090634"", ""customer_id"": ""CUST_007888"", ""product_id"": ""PROD_0009"", ""order_date"": ""2024-06-05"", ""quantity"": 2, ""payment_method"": ""Credit Card"", ""order_status"": ""Completed""}"
orders,ORD_0090657,ORPHAN_PRODUCT_FOREIGN_KEY,2026-09-08T16:00:15.302519+00:00,"{""order_id"": ""ORD_0090657"", ""customer_id"": ""CUST_008415"", ""product_id"": ""PROD_0319"", ""order_date"": ""2024-06-05"", ""quantity"": 1, ""payment_method"": ""Credit Card"", ""order_status"": ""Completed""}"
orders,ORD_0090726,ORPHAN_PRODUCT_FOREIGN_KEY,2026-09-08T16:00:15.302519+00:00,"{""order_id"": ""ORD_0090726"", ""customer_id"": ""CUST_009580"", ""product_id"": ""PROD_0009"", ""order_date"": ""2024-06-05"", ""quantity"": 1, ""payment_method"": ""Credit Card"", ""order_status"": ""Completed""}"
orders,ORD_0090730,ORPHAN_PRODUCT_FOREIGN_KEY,2026-09-08T16:00:15.302519+00:00,"{""order_id"": ""ORD_0090730"", ""customer_id"": ""CUST_009701"", ""product_id"": ""PROD_0031"", ""order_date"": ""2024-06-05"", ""quantity"": 1, ""payment_method"": ""PayPal"", ""order_status"": ""Shipped""}"
orders,ORD_0090756,ORPHAN_PRODUCT_FOREIGN_KEY,2026-09-08T16:00:15.302519+00:00,"{""order_id"": ""ORD_0090756"", ""customer_id"": ""CUST_000085"", ""product_id"": ""PROD_0101"", ""order_date"": ""2024-06-06"", ""quantity"": 3, ""payment_method"": ""PayPal"", ""order_status"": ""Completed""}"
orders,ORD_0090760,ORPHAN_PRODUCT_FOREIGN_KEY,2026-09-08T16:00:15.302519+00:00,"{""order_id"": ""ORD_0090760"", ""customer_id"": ""CUST_000163"", ""product_id"": ""PROD_0177"", ""order_date"": ""2024-06-06"", ""quantity"": 1, ""payment_method"": ""PayPal"", ""order_status"": ""Completed""}"
orders,ORD_0090797,ORPHAN_PRODUCT_FOREIGN_KEY,2026-09-08T16:00:15.302519+00:00,"{""order_id"": ""ORD_0090797"", ""customer_id"": ""CUST_000767"", ""product_id"": ""PROD_0009"", ""order_date"": ""2024-06-06"", ""quantity"": 1, ""payment_method"": ""Credit Card"", ""order_status"": ""Completed""}"
orders,ORD_0090818,ORPHAN_PRODUCT_FOREIGN_KEY,2026-09-08T16:00:15.302519+00:00,"{""order_id"": ""ORD_0090818"", ""customer_id"": ""CUST_001139"", ""product_id"": ""PROD_0009"", ""order_date"": ""2024-06-06"", ""quantity"": 2, ""payment_method"": ""Credit Card"", ""order_status"": ""Completed""}"
orders,ORD_0090901,ORPHAN_PRODUCT_FOREIGN_KEY,2026-09-08T16:00:15.302519+00:00,"{""order_id"": ""ORD_0090901"", ""customer_id"": ""CUST_002698"", ""product_id"": ""PROD_0009"", ""order_date"": ""2024-06-06"", ""quantity"": 1, ""payment_method"": ""Credit Card"", ""order_status"": ""Completed""}"
orders,ORD_0090938,ORPHAN_PRODUCT_FOREIGN_KEY,2026-09-08T16:00:15.302519+00:00,"{""order_id"": ""ORD_0090938"", ""customer_id"": ""CUST_003459"", ""product_id"": ""PROD_0031"", ""order_date"": ""2024-06-06"", ""quantity"": 1, ""payment_method"": ""PayPal"", ""order_status"": ""Completed""}"
orders,ORD_0090959,ORPHAN_PRODUCT_FOREIGN_KEY,2026-09-08T16:00:15.302519+00:00,"{""order_id"": ""ORD_0090959"", ""customer_id"": ""CUST_003923"", ""product_id"": ""PROD_0009"", ""order_date"": ""2024-06-06"", ""quantity"": 1, ""payment_method"": ""Credit Card"", ""order_status"": ""Shipped""}"
orders,ORD_0090976,ORPHAN_PRODUCT_FOREIGN_KEY,2026-09-08T16:00:15.302519+00:00,"{""order_id"": ""ORD_0090976"", ""customer_id"": ""CUST_004182"", ""product_id"": ""PROD_0009"", ""order_date"": ""2024-06-06"", ""quantity"": 3, ""payment_method"": ""Debit Card"", ""order_status"": ""Completed""}"
orders,ORD_0091002,ORPHAN_PRODUCT_FOREIGN_KEY,2026-09-08T16:00:15.302519+00:00,"{""order_id"": ""ORD_0091002"", ""customer_id"": ""CUST_004634"", ""product_id"": ""PROD_0009"", ""order_date"": ""2024-06-06"", ""quantity"": 1, ""payment_method"": ""Credit Card"", ""order_status"": ""Completed""}"
orders,ORD_0091028,ORPHAN_PRODUCT_FOREIGN_KEY,2026-09-08T16:00:15.302519+00:00,"{""order_id"": ""ORD_0091028"", ""customer_id"": ""CUST_005218"", ""product_id"": ""PROD_0009"", ""order_date"": ""2024-06-06"", ""quantity"": 1, ""payment_method"": ""PayPal"", ""order_status"": ""Refunded""}"
orders,ORD_0091059,ORPHAN_PRODUCT_FOREIGN_KEY,2026-09-08T16:00:15.302519+00:00,"{""order_id"": ""ORD_0091059"", ""customer_id"": ""CUST_005746"", ""product_id"": ""PROD_0009"", ""order_date"": ""2024-06-06"", ""quantity"": 1, ""payment_method"": ""PayPal"", ""order_status"": ""Completed""}"
orders,ORD_0091076,ORPHAN_PRODUCT_FOREIGN_KEY,2026-09-08T16:00:15.302519+00:00,"{""order_id"": ""ORD_0091076"", ""customer_id"": ""CUST_006027"", ""product_id"": ""PROD_0485"", ""order_date"": ""2024-06-06"", ""quantity"": 1, ""payment_method"": ""PayPal"", ""order_status"": ""Completed""}"
orders,ORD_0091109,ORPHAN_PRODUCT_FOREIGN_KEY,2026-09-08T16:00:15.302519+00:00,"{""order_id"": ""ORD_0091109"", ""customer_id"": ""CUST_006744"", ""product_id"": ""PROD_0155"", ""order_date"": ""2024-06-06"", ""quantity"": 1, ""payment_method"": ""Credit Card"", ""order_status"": ""Completed""}"
orders,ORD_0091139,ORPHAN_PRODUCT_FOREIGN_KEY,2026-09-08T16:00:15.302519+00:00,"{""order_id"": ""ORD_0091139"", ""customer_id"": ""CUST_007282"", ""product_id"": ""PROD_0177"", ""order_date"": ""2024-06-06"", ""quantity"": 2, ""payment_method"": ""Debit Card"", ""order_status"": ""Completed""}"
orders,ORD_0091217,ORPHAN_PRODUCT_FOREIGN_KEY,2026-09-08T16:00:15.302519+00:00,"{""order_id"": ""ORD_0091217"", ""customer_id"": ""CUST_008716"", ""product_id"": ""PROD_0009"", ""order_date"": ""2024-06-06"", ""quantity"": 1, ""payment_method"": ""PayPal"", ""order_status"": ""Shipped""}"
orders,ORD_0091333,ORPHAN_PRODUCT_FOREIGN_KEY,2026-09-08T16:00:15.302519+00:00,"{""order_id"": ""ORD_0091333"", ""customer_id"": ""CUST_000568"", ""product_id"": ""PROD_0009"", ""order_date"": ""2024-06-07"", ""quantity"": 1, ""payment_method"": ""Cash on Delivery"", ""order_status"": ""Completed""}"
orders,ORD_0091350,ORPHAN_PRODUCT_FOREIGN_KEY,2026-09-08T16:00:15.302519+00:00,"{""order_id"": ""ORD_0091350"", ""customer_id"": ""CUST_000794"", ""product_id"": ""PROD_0177"", ""order_date"": ""2024-06-07"", ""quantity"": 1, ""payment_method"": ""Credit Card"", ""order_status"": ""Completed""}"
orders,ORD_0091445,ORPHAN_PRODUCT_FOREIGN_KEY,2026-09-08T16:00:15.302519+00:00,"{""order_id"": ""ORD_0091445"", ""customer_id"": ""CUST_002764"", ""product_id"": ""PROD_0101"", ""order_date"": ""2024-06-07"", ""quantity"": 1, ""payment_method"": ""Credit Card"", ""order_status"": ""Completed""}"
orders,ORD_0091668,ORPHAN_PRODUCT_FOREIGN_KEY,2026-09-08T16:00:15.302519+00:00,"{""order_id"": ""ORD_0091668"", ""customer_id"": ""CUST_006270"", ""product_id"": ""PROD_0009"", ""order_date"": ""2024-06-07"", ""quantity"": 2, ""payment_method"": ""Apple Pay"", ""order_status"": ""Completed""}"
orders,ORD_0091699,ORPHAN_PRODUCT_FOREIGN_KEY,2026-09-08T16:00:15.302519+00:00,"{""order_id"": ""ORD_0091699"", ""customer_id"": ""CUST_006893"", ""product_id"": ""PROD_0101"", ""order_date"": ""2024-06-07"", ""quantity"": 1, ""payment_method"": ""Credit Card"", ""order_status"": ""Refunded""}"
orders,ORD_0091707,ORPHAN_PRODUCT_FOREIGN_KEY,2026-09-08T16:00:15.302519+00:00,"{""order_id"": ""ORD_0091707"", ""customer_id"": ""CUST_007031"", ""product_id"": ""PROD_0009"", ""order_date"": ""2024-06-07"", ""quantity"": 1, ""payment_method"": ""PayPal"", ""order_status"": ""Completed""}"
orders,ORD_0091835,ORPHAN_PRODUCT_FOREIGN_KEY,2026-09-08T16:00:15.302519+00:00,"{""order_id"": ""ORD_0091835"", ""customer_id"": ""CUST_009457"", ""product_id"": ""PROD_0009"", ""order_date"": ""2024-06-07"", ""quantity"": 1, ""payment_method"": ""Credit Card"", ""order_status"": ""Cancelled""}"
orders,ORD_0091898,ORPHAN_PRODUCT_FOREIGN_KEY,2026-09-08T16:00:15.302519+00:00,"{""order_id"": ""ORD_0091898"", ""customer_id"": ""CUST_000415"", ""product_id"": ""PROD_0031"", ""order_date"": ""2024-06-08"", ""quantity"": 1, ""payment_method"": ""Credit Card"", ""order_status"": ""Completed""}"
orders,ORD_0091922,ORPHAN_PRODUCT_FOREIGN_KEY,2026-09-08T16:00:15.302519+00:00,"{""order_id"": ""ORD_0091922"", ""customer_id"": ""CUST_000763"", ""product_id"": ""PROD_0009"", ""order_date"": ""2024-06-08"", ""quantity"": 3, ""payment_method"": ""Credit Card"", ""order_status"": ""Completed""}"
orders,ORD_0091923,ORPHAN_PRODUCT_FOREIGN_KEY,2026-09-08T16:00:15.302519+00:00,"{""order_id"": ""ORD_0091923"", ""customer_id"": ""CUST_000763"", ""product_id"": ""PROD_0177"", ""order_date"": ""2024-06-08"", ""quantity"": 2, ""payment_method"": ""Credit Card"", ""order_status"": ""Completed""}"
orders,ORD_0091943,ORPHAN_PRODUCT_FOREIGN_KEY,2026-09-08T16:00:15.302519+00:00,"{""order_id"": ""ORD_0091943"", ""customer_id"": ""CUST_001108"", ""product_id"": ""PROD_0031"", ""order_date"": ""2024-06-08"", ""quantity"": 1, ""payment_method"": ""Debit Card"", ""order_status"": ""Completed""}"
orders,ORD_0091976,ORPHAN_PRODUCT_FOREIGN_KEY,2026-09-08T16:00:15.302519+00:00,"{""order_id"": ""ORD_0091976"", ""customer_id"": ""CUST_001688"", ""product_id"": ""PROD_0009"", ""order_date"": ""2024-06-08"", ""quantity"": 3, ""payment_method"": ""PayPal"", ""order_status"": ""Completed""}"
orders,ORD_0091979,ORPHAN_PRODUCT_FOREIGN_KEY,2026-09-08T16:00:15.302519+00:00,"{""order_id"": ""ORD_0091979"", ""customer_id"": ""CUST_001729"", ""product_id"": ""PROD_0009"", ""order_date"": ""2024-06-08"", ""quantity"": 1, ""payment_method"": ""Credit Card"", ""order_status"": ""Completed""}"
orders,ORD_0092007,ORPHAN_PRODUCT_FOREIGN_KEY,2026-09-08T16:00:15.302519+00:00,"{""order_id"": ""ORD_0092007"", ""customer_id"": ""CUST_002122"", ""product_id"": ""PROD_0031"", ""order_date"": ""2024-06-08"", ""quantity"": 1, ""payment_method"": ""Credit Card"", ""order_status"": ""Completed""}"
orders,ORD_0092065,ORPHAN_PRODUCT_FOREIGN_KEY,2026-09-08T16:00:15.302519+00:00,"{""order_id"": ""ORD_0092065"", ""customer_id"": ""CUST_003270"", ""product_id"": ""PROD_0009"", ""order_date"": ""2024-06-08"", ""quantity"": 2, ""payment_method"": ""Credit Card"", ""order_status"": ""Completed""}"
orders,ORD_0092119,ORPHAN_PRODUCT_FOREIGN_KEY,2026-09-08T16:00:15.302519+00:00,"{""order_id"": ""ORD_0092119"", ""customer_id"": ""CUST_004119"", ""product_id"": ""PROD_0009"", ""order_date"": ""2024-06-08"", ""quantity"": 1, ""payment_method"": ""Credit Card"", ""order_status"": ""Completed""}"
orders,ORD_0092148,ORPHAN_PRODUCT_FOREIGN_KEY,2026-09-08T16:00:15.302519+00:00,"{""order_id"": ""ORD_0092148"", ""customer_id"": ""CUST_004571"", ""product_id"": ""PROD_0031"", ""order_date"": ""2024-06-08"", ""quantity"": 1, ""payment_method"": ""Credit Card"", ""order_status"": ""Completed""}"
orders,ORD_0092164,ORPHAN_PRODUCT_FOREIGN_KEY,2026-09-08T16:00:15.302519+00:00,"{""order_id"": ""ORD_0092164"", ""customer_id"": ""CUST_004922"", ""product_id"": ""PROD_0009"", ""order_date"": ""2024-06-08"", ""quantity"": 1, ""payment_method"": ""PayPal"", ""order_status"": ""Completed""}"
orders,ORD_0092212,ORPHAN_PRODUCT_FOREIGN_KEY,2026-09-08T16:00:15.302519+00:00,"{""order_id"": ""ORD_0092212"", ""customer_id"": ""CUST_005780"", ""product_id"": ""PROD_0155"", ""order_date"": ""2024-06-08"", ""quantity"": 2, ""payment_method"": ""Credit Card"", ""order_status"": ""Completed""}"
orders,ORD_0092295,ORPHAN_PRODUCT_FOREIGN_KEY,2026-09-08T16:00:15.302519+00:00,"{""order_id"": ""ORD_0092295"", ""customer_id"": ""CUST_007061"", ""product_id"": ""PROD_0009"", ""order_date"": ""2024-06-08"", ""quantity"": 2, ""payment_method"": ""Debit Card"", ""order_status"": ""Completed""}"
orders,ORD_0092306,ORPHAN_PRODUCT_FOREIGN_KEY,2026-09-08T16:00:15.302519+00:00,"{""order_id"": ""ORD_0092306"", ""customer_id"": ""CUST_007229"", ""product_id"": ""PROD_0031"", ""order_date"": ""2024-06-08"", ""quantity"": 1, ""payment_method"": ""PayPal"", ""order_status"": ""Shipped""}"
orders,ORD_0092308,ORPHAN_PRODUCT_FOREIGN_KEY,2026-09-08T16:00:15.302519+00:00,"{""order_id"": ""ORD_0092308"", ""customer_id"": ""CUST_007256"", ""product_id"": ""PROD_0009"", ""order_date"": ""2024-06-08"", ""quantity"": 2, ""payment_method"": ""Credit Card"", ""order_status"": ""Shipped""}"
orders,ORD_0092338,ORPHAN_PRODUCT_FOREIGN_KEY,2026-09-08T16:00:15.302519+00:00,"{""order_id"": ""ORD_0092338"", ""customer_id"": ""CUST_007764"", ""product_id"": ""PROD_0009"", ""order_date"": ""2024-06-08"", ""quantity"": 1, ""payment_method"": ""PayPal"", ""order_status"": ""Completed""}"
orders,ORD_0092399,ORPHAN_PRODUCT_FOREIGN_KEY,2026-09-08T16:00:15.302519+00:00,"{""order_id"": ""ORD_0092399"", ""customer_id"": ""CUST_009007"", ""product_id"": ""PROD_0155"", ""order_date"": ""2024-06-08"", ""quantity"": 2, ""payment_method"": ""Credit Card"", ""order_status"": ""Shipped""}"
orders,ORD_0092422,ORPHAN_PRODUCT_FOREIGN_KEY,2026-09-08T16:00:15.302519+00:00,"{""order_id"": ""ORD_0092422"", ""customer_id"": ""CUST_009378"", ""product_id"": ""PROD_0177"", ""order_date"": ""2024-06-08"", ""quantity"": 4, ""payment_method"": ""Credit Card"", ""order_status"": ""Completed""}"
orders,ORD_0092563,ORPHAN_PRODUCT_FOREIGN_KEY,2026-09-08T16:00:15.302519+00:00,"{""order_id"": ""ORD_0092563"", ""customer_id"": ""CUST_001386"", ""product_id"": ""PROD_0031"", ""order_date"": ""2024-06-09"", ""quantity"": 1, ""payment_method"": ""PayPal"", ""order_status"": ""Completed""}"
orders,ORD_0092566,ORPHAN_PRODUCT_FOREIGN_KEY,2026-09-08T16:00:15.302519+00:00,"{""order_id"": ""ORD_0092566"", ""customer_id"": ""CUST_001390"", ""product_id"": ""PROD_0177"", ""order_date"": ""2024-06-09"", ""quantity"": 2, ""payment_method"": ""Apple Pay"", ""order_status"": ""Completed""}"
orders,ORD_0092586,ORPHAN_PRODUCT_FOREIGN_KEY,2026-09-08T16:00:15.302519+00:00,"{""order_id"": ""ORD_0092586"", ""customer_id"": ""CUST_001742"", ""product_id"": ""PROD_0155"", ""order_date"": ""2024-06-09"", ""quantity"": 1, ""payment_method"": ""Credit Card"", ""order_status"": ""Completed""}"
orders,ORD_0092620,ORPHAN_PRODUCT_FOREIGN_KEY,2026-09-08T16:00:15.302519+00:00,"{""order_id"": ""ORD_0092620"", ""customer_id"": ""CUST_002290"", ""product_id"": ""PROD_0101"", ""order_date"": ""2024-06-09"", ""quantity"": 1, ""payment_method"": ""Credit Card"", ""order_status"": ""Refunded""}"
orders,ORD_0092836,ORPHAN_PRODUCT_FOREIGN_KEY,2026-09-08T16:00:15.302519+00:00,"{""order_id"": ""ORD_0092836"", ""customer_id"": ""CUST_005903"", ""product_id"": ""PROD_0155"", ""order_date"": ""2024-06-09"", ""quantity"": 1, ""payment_method"": ""Credit Card"", ""order_status"": ""Completed""}"
orders,ORD_0092909,ORPHAN_PRODUCT_FOREIGN_KEY,2026-09-08T16:00:15.302519+00:00,"{""order_id"": ""ORD_0092909"", ""customer_id"": ""CUST_006861"", ""product_id"": ""PROD_0101"", ""order_date"": ""2024-06-09"", ""quantity"": 1, ""payment_method"": ""Credit Card"", ""order_status"": ""Completed""}"
orders,ORD_0092917,ORPHAN_PRODUCT_FOREIGN_KEY,2026-09-08T16:00:15.302519+00:00,"{""order_id"": ""ORD_0092917"", ""customer_id"": ""CUST_006902"", ""product_id"": ""PROD_0009"", ""order_date"": ""2024-06-09"", ""quantity"": 1, ""payment_method"": ""Credit Card"", ""order_status"": ""Completed""}"
orders,ORD_0092962,ORPHAN_PRODUCT_FOREIGN_KEY,2026-09-08T16:00:15.302519+00:00,"{""order_id"": ""ORD_0092962"", ""customer_id"": ""CUST_007439"", ""product_id"": ""PROD_0009"", ""order_date"": ""2024-06-09"", ""quantity"": 1, ""payment_method"": ""Credit Card"", ""order_status"": ""Completed""}"
orders,ORD_0092965,ORPHAN_PRODUCT_FOREIGN_KEY,2026-09-08T16:00:15.302519+00:00,"{""order_id"": ""ORD_0092965"", ""customer_id"": ""CUST_007500"", ""product_id"": ""PROD_0009"", ""order_date"": ""2024-06-09"", ""quantity"": 2, ""payment_method"": ""Credit Card"", ""order_status"": ""Completed""}"
orders,ORD_0093017,ORPHAN_PRODUCT_FOREIGN_KEY,2026-09-08T16:00:15.302519+00:00,"{""order_id"": ""ORD_0093017"", ""customer_id"": ""CUST_008350"", ""product_id"": ""PROD_0031"", ""order_date"": ""2024-06-09"", ""quantity"": 1, ""payment_method"": ""PayPal"", ""order_status"": ""Completed""}"
orders,ORD_0093066,ORPHAN_PRODUCT_FOREIGN_KEY,2026-09-08T16:00:15.302519+00:00,"{""order_id"": ""ORD_0093066"", ""customer_id"": ""CUST_009422"", ""product_id"": ""PROD_0009"", ""order_date"": ""2024-06-09"", ""quantity"": 2, ""payment_method"": ""Credit Card"", ""order_status"": ""Completed""}"
orders,ORD_0093130,ORPHAN_PRODUCT_FOREIGN_KEY,2026-09-08T16:00:15.302519+00:00,"{""order_id"": ""ORD_0093130"", ""customer_id"": ""CUST_000401"", ""product_id"": ""PROD_0009"", ""order_date"": ""2024-06-10"", ""quantity"": 1, ""payment_method"": ""Credit Card"", ""order_status"": ""Cancelled""}"
orders,ORD_0093135,ORPHAN_PRODUCT_FOREIGN_KEY,2026-09-08T16:00:15.302519+00:00,"{""order_id"": ""ORD_0093135"", ""customer_id"": ""CUST_000445"", ""product_id"": ""PROD_0031"", ""order_date"": ""2024-06-10"", ""quantity"": 4, ""payment_method"": ""Cash on Delivery"", ""order_status"": ""Completed""}"
orders,ORD_0093208,ORPHAN_PRODUCT_FOREIGN_KEY,2026-09-08T16:00:15.302519+00:00,"{""order_id"": ""ORD_0093208"", ""customer_id"": ""CUST_001642"", ""product_id"": ""PROD_0009"", ""order_date"": ""2024-06-10"", ""quantity"": 2, ""payment_method"": ""Credit Card"", ""order_status"": ""Completed""}"
orders,ORD_0093211,ORPHAN_PRODUCT_FOREIGN_KEY,2026-09-08T16:00:15.302519+00:00,"{""order_id"": ""ORD_0093211"", ""customer_id"": ""CUST_001727"", ""product_id"": ""PROD_0009"", ""order_date"": ""2024-06-10"", ""quantity"": 1, ""payment_method"": ""Debit Card"", ""order_status"": ""Completed""}"
orders,ORD_0093218,ORPHAN_PRODUCT_FOREIGN_KEY,2026-09-08T16:00:15.302519+00:00,"{""order_id"": ""ORD_0093218"", ""customer_id"": ""CUST_001894"", ""product_id"": ""PROD_0031"", ""order_date"": ""2024-06-10"", ""quantity"": 1, ""payment_method"": ""PayPal"", ""order_status"": ""Completed""}"
orders,ORD_0093226,ORPHAN_PRODUCT_FOREIGN_KEY,2026-09-08T16:00:15.302519+00:00,"{""order_id"": ""ORD_0093226"", ""customer_id"": ""CUST_001993"", ""product_id"": ""PROD_0031"", ""order_date"": ""2024-06-10"", ""quantity"": 1, ""payment_method"": ""Debit Card"", ""order_status"": ""Completed""}"
orders,ORD_0093244,ORPHAN_PRODUCT_FOREIGN_KEY,2026-09-08T16:00:15.302519+00:00,"{""order_id"": ""ORD_0093244"", ""customer_id"": ""CUST_002312"", ""product_id"": ""PROD_0009"", ""order_date"": ""2024-06-10"", ""quantity"": 1, ""payment_method"": ""Credit Card"", ""order_status"": ""Completed""}"
orders,ORD_0093245,ORPHAN_PRODUCT_FOREIGN_KEY,2026-09-08T16:00:15.302519+00:00,"{""order_id"": ""ORD_0093245"", ""customer_id"": ""CUST_002321"", ""product_id"": ""PROD_0009"", ""order_date"": ""2024-06-10"", ""quantity"": 1, ""payment_method"": ""PayPal"", ""order_status"": ""Completed""}"
orders,ORD_0093265,ORPHAN_PRODUCT_FOREIGN_KEY,2026-09-08T16:00:15.302519+00:00,"{""order_id"": ""ORD_0093265"", ""customer_id"": ""CUST_002842"", ""product_id"": ""PROD_0009"", ""order_date"": ""2024-06-10"", ""quantity"": 1, ""payment_method"": ""Credit Card"", ""order_status"": ""Shipped""}"
orders,ORD_0093313,ORPHAN_PRODUCT_FOREIGN_KEY,2026-09-08T16:00:15.302519+00:00,"{""order_id"": ""ORD_0093313"", ""customer_id"": ""CUST_003677"", ""product_id"": ""PROD_0291"", ""order_date"": ""2024-06-10"", ""quantity"": 2, ""payment_method"": ""PayPal"", ""order_status"": ""Completed""}"
orders,ORD_0093390,ORPHAN_PRODUCT_FOREIGN_KEY,2026-09-08T16:00:15.302519+00:00,"{""order_id"": ""ORD_0093390"", ""customer_id"": ""CUST_005137"", ""product_id"": ""PROD_0009"", ""order_date"": ""2024-06-10"", ""quantity"": 4, ""payment_method"": ""PayPal"", ""order_status"": ""Completed""}"
orders,ORD_0093430,ORPHAN_PRODUCT_FOREIGN_KEY,2026-09-08T16:00:15.302519+00:00,"{""order_id"": ""ORD_0093430"", ""customer_id"": ""CUST_005702"", ""product_id"": ""PROD_0177"", ""order_date"": ""2024-06-10"", ""quantity"": 2, ""payment_method"": ""Credit Card"", ""order_status"": ""Completed""}"
orders,ORD_0093457,ORPHAN_PRODUCT_FOREIGN_KEY,2026-09-08T16:00:15.302519+00:00,"{""order_id"": ""ORD_0093457"", ""customer_id"": ""CUST_006016"", ""product_id"": ""PROD_0155"", ""order_date"": ""2024-06-10"", ""quantity"": 1, ""payment_method"": ""PayPal"", ""order_status"": ""Completed""}"
orders,ORD_0093481,ORPHAN_PRODUCT_FOREIGN_KEY,2026-09-08T16:00:15.302519+00:00,"{""order_id"": ""ORD_0093481"", ""customer_id"": ""CUST_006311"", ""product_id"": ""PROD_0009"", ""order_date"": ""2024-06-10"", ""quantity"": 4, ""payment_method"": ""Apple Pay"", ""order_status"": ""Completed""}"
orders,ORD_0093495,ORPHAN_PRODUCT_FOREIGN_KEY,2026-09-08T16:00:15.302519+00:00,"{""order_id"": ""ORD_0093495"", ""customer_id"": ""CUST_006547"", ""product_id"": ""PROD_0009"", ""order_date"": ""2024-06-10"", ""quantity"": 1, ""payment_method"": ""PayPal"", ""order_status"": ""Completed""}"
orders,ORD_0093608,ORPHAN_PRODUCT_FOREIGN_KEY,2026-09-08T16:00:15.302519+00:00,"{""order_id"": ""ORD_0093608"", ""customer_id"": ""CUST_008446"", ""product_id"": ""PROD_0031"", ""order_date"": ""2024-06-10"", ""quantity"": 1, ""payment_method"": ""Cash on Delivery"", ""order_status"": ""Completed""}"
orders,ORD_0093612,ORPHAN_PRODUCT_FOREIGN_KEY,2026-09-08T16:00:15.302519+00:00,"{""order_id"": ""ORD_0093612"", ""customer_id"": ""CUST_008546"", ""product_id"": ""PROD_0009"", ""order_date"": ""2024-06-10"", ""quantity"": 2, ""payment_method"": ""Cash on Delivery"", ""order_status"": ""Refunded""}"
orders,ORD_0093627,ORPHAN_PRODUCT_FOREIGN_KEY,2026-09-08T16:00:15.302519+00:00,"{""order_id"": ""ORD_0093627"", ""customer_id"": ""CUST_008700"", ""product_id"": ""PROD_0009"", ""order_date"": ""2024-06-10"", ""quantity"": 4, ""payment_method"": ""Credit Card"", ""order_status"": ""Completed""}"
orders,ORD_0093634,ORPHAN_PRODUCT_FOREIGN_KEY,2026-09-08T16:00:15.302519+00:00,"{""order_id"": ""ORD_0093634"", ""customer_id"": ""CUST_008793"", ""product_id"": ""PROD_0009"", ""order_date"": ""2024-06-10"", ""quantity"": 2, ""payment_method"": ""Credit Card"", ""order_status"": ""Completed""}"
orders,ORD_0093716,ORPHAN_PRODUCT_FOREIGN_KEY,2026-09-08T16:00:15.302519+00:00,"{""order_id"": ""ORD_0093716"", ""customer_id"": ""CUST_009958"", ""product_id"": ""PROD_0155"", ""order_date"": ""2024-06-10"", ""quantity"": 1, ""payment_method"": ""Cash on Delivery"", ""order_status"": ""Completed""}"
orders,ORD_0093732,ORPHAN_PRODUCT_FOREIGN_KEY,2026-09-08T16:00:15.302519+00:00,"{""order_id"": ""ORD_0093732"", ""customer_id"": ""CUST_000136"", ""product_id"": ""PROD_0155"", ""order_date"": ""2024-06-11"", ""quantity"": 1, ""payment_method"": ""Debit Card"", ""order_status"": ""Completed""}"
orders,ORD_0093823,ORPHAN_PRODUCT_FOREIGN_KEY,2026-09-08T16:00:15.302519+00:00,"{""order_id"": ""ORD_0093823"", ""customer_id"": ""CUST_002013"", ""product_id"": ""PROD_0009"", ""order_date"": ""2024-06-11"", ""quantity"": 1, ""payment_method"": ""PayPal"", ""order_status"": ""Completed""}"
orders,ORD_0093843,ORPHAN_PRODUCT_FOREIGN_KEY,2026-09-08T16:00:15.302519+00:00,"{""order_id"": ""ORD_0093843"", ""customer_id"": ""CUST_002349"", ""product_id"": ""PROD_0009"", ""order_date"": ""2024-06-11"", ""quantity"": 2, ""payment_method"": ""Credit Card"", ""order_status"": ""Completed""}"
orders,ORD_0093848,ORPHAN_PRODUCT_FOREIGN_KEY,2026-09-08T16:00:15.302519+00:00,"{""order_id"": ""ORD_0093848"", ""customer_id"": ""CUST_002388"", ""product_id"": ""PROD_0009"", ""order_date"": ""2024-06-11"", ""quantity"": 3, ""payment_method"": ""Credit Card"", ""order_status"": ""Completed""}"
orders,ORD_0093865,ORPHAN_PRODUCT_FOREIGN_KEY,2026-09-08T16:00:15.302519+00:00,"{""order_id"": ""ORD_0093865"", ""customer_id"": ""CUST_002917"", ""product_id"": ""PROD_0009"", ""order_date"": ""2024-06-11"", ""quantity"": 3, ""payment_method"": ""Credit Card"", ""order_status"": ""Shipped""}"
orders,ORD_0093915,ORPHAN_PRODUCT_FOREIGN_KEY,2026-09-08T16:00:15.302519+00:00,"{""order_id"": ""ORD_0093915"", ""customer_id"": ""CUST_003965"", ""product_id"": ""PROD_0009"", ""order_date"": ""2024-06-11"", ""quantity"": 4, ""payment_method"": ""Debit Card"", ""order_status"": ""Shipped""}"
orders,ORD_0093933,ORPHAN_PRODUCT_FOREIGN_KEY,2026-09-08T16:00:15.302519+00:00,"{""order_id"": ""ORD_0093933"", ""customer_id"": ""CUST_004074"", ""product_id"": ""PROD_0009"", ""order_date"": ""2024-06-11"", ""quantity"": 1, ""payment_method"": ""Debit Card"", ""order_status"": ""Completed""}"
orders,ORD_0093947,ORPHAN_PRODUCT_FOREIGN_KEY,2026-09-08T16:00:15.302519+00:00,"{""order_id"": ""ORD_0093947"", ""customer_id"": ""CUST_004336"", ""product_id"": ""PROD_0009"", ""order_date"": ""2024-06-11"", ""quantity"": 1, ""payment_method"": ""Debit Card"", ""order_status"": ""Completed""}"
orders,ORD_0093968,ORPHAN_PRODUCT_FOREIGN_KEY,2026-09-08T16:00:15.302519+00:00,"{""order_id"": ""ORD_0093968"", ""customer_id"": ""CUST_004501"", ""product_id"": ""PROD_0101"", ""order_date"": ""2024-06-11"", ""quantity"": 3, ""payment_method"": ""Credit Card"", ""order_status"": ""Completed""}"
orders,ORD_0094031,ORPHAN_PRODUCT_FOREIGN_KEY,2026-09-08T16:00:15.302519+00:00,"{""order_id"": ""ORD_0094031"", ""customer_id"": ""CUST_005540"", ""product_id"": ""PROD_0009"", ""order_date"": ""2024-06-11"", ""quantity"": 1, ""payment_method"": ""PayPal"", ""order_status"": ""Completed""}"
orders,ORD_0094063,ORPHAN_PRODUCT_FOREIGN_KEY,2026-09-08T16:00:15.302519+00:00,"{""order_id"": ""ORD_0094063"", ""customer_id"": ""CUST_006064"", ""product_id"": ""PROD_0031"", ""order_date"": ""2024-06-11"", ""quantity"": 3, ""payment_method"": ""Apple Pay"", ""order_status"": ""Refunded""}"
orders,ORD_0094092,ORPHAN_PRODUCT_FOREIGN_KEY,2026-09-08T16:00:15.302519+00:00,"{""order_id"": ""ORD_0094092"", ""customer_id"": ""CUST_006426"", ""product_id"": ""PROD_0009"", ""order_date"": ""2024-06-11"", ""quantity"": 1, ""payment_method"": ""Credit Card"", ""order_status"": ""Cancelled""}"
orders,ORD_0094095,ORPHAN_PRODUCT_FOREIGN_KEY,2026-09-08T16:00:15.302519+00:00,"{""order_id"": ""ORD_0094095"", ""customer_id"": ""CUST_006433"", ""product_id"": ""PROD_0319"", ""order_date"": ""2024-06-11"", ""quantity"": 3, ""payment_method"": ""Debit Card"", ""order_status"": ""Completed""}"
orders,ORD_0094101,ORPHAN_PRODUCT_FOREIGN_KEY,2026-09-08T16:00:15.302519+00:00,"{""order_id"": ""ORD_0094101"", ""customer_id"": ""CUST_006608"", ""product_id"": ""PROD_0009"", ""order_date"": ""2024-06-11"", ""quantity"": 1, ""payment_method"": ""Credit Card"", ""order_status"": ""Completed""}"
orders,ORD_0094145,ORPHAN_PRODUCT_FOREIGN_KEY,2026-09-08T16:00:15.302519+00:00,"{""order_id"": ""ORD_0094145"", ""customer_id"": ""CUST_007376"", ""product_id"": ""PROD_0009"", ""order_date"": ""2024-06-11"", ""quantity"": 1, ""payment_method"": ""Credit Card"", ""order_status"": ""Refunded""}"
orders,ORD_0094170,ORPHAN_PRODUCT_FOREIGN_KEY,2026-09-08T16:00:15.302519+00:00,"{""order_id"": ""ORD_0094170"", ""customer_id"": ""CUST_007862"", ""product_id"": ""PROD_0155"", ""order_date"": ""2024-06-11"", ""quantity"": 1, ""payment_method"": ""Debit Card"", ""order_status"": ""Completed""}"
orders,ORD_0094219,ORPHAN_PRODUCT_FOREIGN_KEY,2026-09-08T16:00:15.302519+00:00,"{""order_id"": ""ORD_0094219"", ""customer_id"": ""CUST_008671"", ""product_id"": ""PROD_0009"", ""order_date"": ""2024-06-11"", ""quantity"": 1, ""payment_method"": ""PayPal"", ""order_status"": ""Refunded""}"
orders,ORD_0094284,ORPHAN_PRODUCT_FOREIGN_KEY,2026-09-08T16:00:15.302519+00:00,"{""order_id"": ""ORD_0094284"", ""customer_id"": ""CUST_009934"", ""product_id"": ""PROD_0031"", ""order_date"": ""2024-06-11"", ""quantity"": 1, ""payment_method"": ""Credit Card"", ""order_status"": ""Refunded""}"
orders,ORD_0094353,ORPHAN_PRODUCT_FOREIGN_KEY,2026-09-08T16:00:15.302519+00:00,"{""order_id"": ""ORD_0094353"", ""customer_id"": ""CUST_000917"", ""product_id"": ""PROD_0031"", ""order_date"": ""2024-06-12"", ""quantity"": 2, ""payment_method"": ""PayPal"", ""order_status"": ""Completed""}"
orders,ORD_0094369,ORPHAN_PRODUCT_FOREIGN_KEY,2026-09-08T16:00:15.302519+00:00,"{""order_id"": ""ORD_0094369"", ""customer_id"": ""CUST_001161"", ""product_id"": ""PROD_0009"", ""order_date"": ""2024-06-12"", ""quantity"": 1, ""payment_method"": ""Apple Pay"", ""order_status"": ""Cancelled""}"
orders,ORD_0094439,ORPHAN_PRODUCT_FOREIGN_KEY,2026-09-08T16:00:15.302519+00:00,"{""order_id"": ""ORD_0094439"", ""customer_id"": ""CUST_002567"", ""product_id"": ""PROD_0031"", ""order_date"": ""2024-06-12"", ""quantity"": 4, ""payment_method"": ""Debit Card"", ""order_status"": ""Completed""}"
orders,ORD_0094566,ORPHAN_PRODUCT_FOREIGN_KEY,2026-09-08T16:00:15.302519+00:00,"{""order_id"": ""ORD_0094566"", ""customer_id"": ""CUST_004903"", ""product_id"": ""PROD_0009"", ""order_date"": ""2024-06-12"", ""quantity"": 1, ""payment_method"": ""Credit Card"", ""order_status"": ""Completed""}"
orders,ORD_0094587,ORPHAN_PRODUCT_FOREIGN_KEY,2026-09-08T16:00:15.302519+00:00,"{""order_id"": ""ORD_0094587"", ""customer_id"": ""CUST_005207"", ""product_id"": ""PROD_0009"", ""order_date"": ""2024-06-12"", ""quantity"": 1, ""payment_method"": ""Cash on Delivery"", ""order_status"": ""Completed""}"
orders,ORD_0094619,ORPHAN_PRODUCT_FOREIGN_KEY,2026-09-08T16:00:15.302519+00:00,"{""order_id"": ""ORD_0094619"", ""customer_id"": ""CUST_005635"", ""product_id"": ""PROD_0485"", ""order_date"": ""2024-06-12"", ""quantity"": 1, ""payment_method"": ""Credit Card"", ""order_status"": ""Cancelled""}"
orders,ORD_0094678,ORPHAN_PRODUCT_FOREIGN_KEY,2026-09-08T16:00:15.302519+00:00,"{""order_id"": ""ORD_0094678"", ""customer_id"": ""CUST_006550"", ""product_id"": ""PROD_0009"", ""order_date"": ""2024-06-12"", ""quantity"": 1, ""payment_method"": ""Credit Card"", ""order_status"": ""Completed""}"
orders,ORD_0094736,ORPHAN_PRODUCT_FOREIGN_KEY,2026-09-08T16:00:15.302519+00:00,"{""order_id"": ""ORD_0094736"", ""customer_id"": ""CUST_007567"", ""product_id"": ""PROD_0177"", ""order_date"": ""2024-06-12"", ""quantity"": 1, ""payment_method"": ""Credit Card"", ""order_status"": ""Completed""}"
orders,ORD_0094785,ORPHAN_PRODUCT_FOREIGN_KEY,2026-09-08T16:00:15.302519+00:00,"{""order_id"": ""ORD_0094785"", ""customer_id"": ""CUST_008371"", ""product_id"": ""PROD_0009"", ""order_date"": ""2024-06-12"", ""quantity"": 3, ""payment_method"": ""PayPal"", ""order_status"": ""Completed""}"
orders,ORD_0094893,ORPHAN_PRODUCT_FOREIGN_KEY,2026-09-08T16:00:15.302519+00:00,"{""order_id"": ""ORD_0094893"", ""customer_id"": ""CUST_000044"", ""product_id"": ""PROD_0031"", ""order_date"": ""2024-06-13"", ""quantity"": 1, ""payment_method"": ""Credit Card"", ""order_status"": ""Completed""}"
orders,ORD_0094894,ORPHAN_PRODUCT_FOREIGN_KEY,2026-09-08T16:00:15.302519+00:00,"{""order_id"": ""ORD_0094894"", ""customer_id"": ""CUST_000069"", ""product_id"": ""PROD_0009"", ""order_date"": ""2024-06-13"", ""quantity"": 1, ""payment_method"": ""Cash on Delivery"", ""order_status"": ""Completed""}"
orders,ORD_0095023,ORPHAN_PRODUCT_FOREIGN_KEY,2026-09-08T16:00:15.302519+00:00,"{""order_id"": ""ORD_0095023"", ""customer_id"": ""CUST_001980"", ""product_id"": ""PROD_0009"", ""order_date"": ""2024-06-13"", ""quantity"": 1, ""payment_method"": ""PayPal"", ""order_status"": ""Completed""}"
orders,ORD_0095059,ORPHAN_PRODUCT_FOREIGN_KEY,2026-09-08T16:00:15.302519+00:00,"{""order_id"": ""ORD_0095059"", ""customer_id"": ""CUST_002676"", ""product_id"": ""PROD_0009"", ""order_date"": ""2024-06-13"", ""quantity"": 3, ""payment_method"": ""Credit Card"", ""order_status"": ""Completed""}"
orders,ORD_0095105,ORPHAN_PRODUCT_FOREIGN_KEY,2026-09-08T16:00:15.302519+00:00,"{""order_id"": ""ORD_0095105"", ""customer_id"": ""CUST_003398"", ""product_id"": ""PROD_0177"", ""order_date"": ""2024-06-13"", ""quantity"": 1, ""payment_method"": ""Cash on Delivery"", ""order_status"": ""Completed""}"
orders,ORD_0095114,ORPHAN_PRODUCT_FOREIGN_KEY,2026-09-08T16:00:15.302519+00:00,"{""order_id"": ""ORD_0095114"", ""customer_id"": ""CUST_003572"", ""product_id"": ""PROD_0009"", ""order_date"": ""2024-06-13"", ""quantity"": 1, ""payment_method"": ""Credit Card"", ""order_status"": ""Completed""}"
orders,ORD_0095152,ORPHAN_PRODUCT_FOREIGN_KEY,2026-09-08T16:00:15.302519+00:00,"{""order_id"": ""ORD_0095152"", ""customer_id"": ""CUST_004136"", ""product_id"": ""PROD_0009"", ""order_date"": ""2024-06-13"", ""quantity"": 1, ""payment_method"": ""Credit Card"", ""order_status"": ""Completed""}"
orders,ORD_0095203,ORPHAN_PRODUCT_FOREIGN_KEY,2026-09-08T16:00:15.302519+00:00,"{""order_id"": ""ORD_0095203"", ""customer_id"": ""CUST_004773"", ""product_id"": ""PROD_0009"", ""order_date"": ""2024-06-13"", ""quantity"": 1, ""payment_method"": ""Debit Card"", ""order_status"": ""Completed""}"
orders,ORD_0095212,ORPHAN_PRODUCT_FOREIGN_KEY,2026-09-08T16:00:15.302519+00:00,"{""order_id"": ""ORD_0095212"", ""customer_id"": ""CUST_004887"", ""product_id"": ""PROD_0009"", ""order_date"": ""2024-06-13"", ""quantity"": 1, ""payment_method"": ""PayPal"", ""order_status"": ""Completed""}"
orders,ORD_0095248,ORPHAN_PRODUCT_FOREIGN_KEY,2026-09-08T16:00:15.302519+00:00,"{""order_id"": ""ORD_0095248"", ""customer_id"": ""CUST_005363"", ""product_id"": ""PROD_0291"", ""order_date"": ""2024-06-13"", ""quantity"": 2, ""payment_method"": ""Credit Card"", ""order_status"": ""Cancelled""}"
orders,ORD_0095308,ORPHAN_PRODUCT_FOREIGN_KEY,2026-09-08T16:00:15.302519+00:00,"{""order_id"": ""ORD_0095308"", ""customer_id"": ""CUST_006426"", ""product_id"": ""PROD_0009"", ""order_date"": ""2024-06-13"", ""quantity"": 3, ""payment_method"": ""Credit Card"", ""order_status"": ""Completed""}"
orders,ORD_0095382,ORPHAN_PRODUCT_FOREIGN_KEY,2026-09-08T16:00:15.302519+00:00,"{""order_id"": ""ORD_0095382"", ""customer_id"": ""CUST_007420"", ""product_id"": ""PROD_0009"", ""order_date"": ""2024-06-13"", ""quantity"": 1, ""payment_method"": ""Credit Card"", ""order_status"": ""Completed""}"
orders,ORD_0095437,ORPHAN_PRODUCT_FOREIGN_KEY,2026-09-08T16:00:15.302519+00:00,"{""order_id"": ""ORD_0095437"", ""customer_id"": ""CUST_008385"", ""product_id"": ""PROD_0009"", ""order_date"": ""2024-06-13"", ""quantity"": 2, ""payment_method"": ""Credit Card"", ""order_status"": ""Refunded""}"
orders,ORD_0095513,ORPHAN_PRODUCT_FOREIGN_KEY,2026-09-08T16:00:15.302519+00:00,"{""order_id"": ""ORD_0095513"", ""customer_id"": ""CUST_009836"", ""product_id"": ""PROD_0009"", ""order_date"": ""2024-06-13"", ""quantity"": 1, ""payment_method"": ""PayPal"", ""order_status"": ""Completed""}"
orders,ORD_0095539,ORPHAN_PRODUCT_FOREIGN_KEY,2026-09-08T16:00:15.302519+00:00,"{""order_id"": ""ORD_0095539"", ""customer_id"": ""CUST_000337"", ""product_id"": ""PROD_0009"", ""order_date"": ""2024-06-14"", ""quantity"": 1, ""payment_method"": ""PayPal"", ""order_status"": ""Completed""}"
orders,ORD_0095552,ORPHAN_PRODUCT_FOREIGN_KEY,2026-09-08T16:00:15.302519+00:00,"{""order_id"": ""ORD_0095552"", ""customer_id"": ""CUST_000511"", ""product_id"": ""PROD_0101"", ""order_date"": ""2024-06-14"", ""quantity"": 1, ""payment_method"": ""Cash on Delivery"", ""order_status"": ""Completed""}"
orders,ORD_0095561,ORPHAN_PRODUCT_FOREIGN_KEY,2026-09-08T16:00:15.302519+00:00,"{""order_id"": ""ORD_0095561"", ""customer_id"": ""CUST_000647"", ""product_id"": ""PROD_0009"", ""order_date"": ""2024-06-14"", ""quantity"": 1, ""payment_method"": ""PayPal"", ""order_status"": ""Completed""}"
orders,ORD_0095587,ORPHAN_PRODUCT_FOREIGN_KEY,2026-09-08T16:00:15.302519+00:00,"{""order_id"": ""ORD_0095587"", ""customer_id"": ""CUST_001041"", ""product_id"": ""PROD_0101"", ""order_date"": ""2024-06-14"", ""quantity"": 2, ""payment_method"": ""PayPal"", ""order_status"": ""Completed""}"
orders,ORD_0095590,ORPHAN_PRODUCT_FOREIGN_KEY,2026-09-08T16:00:15.302519+00:00,"{""order_id"": ""ORD_0095590"", ""customer_id"": ""CUST_001089"", ""product_id"": ""PROD_0031"", ""order_date"": ""2024-06-14"", ""quantity"": 1, ""payment_method"": ""Cash on Delivery"", ""order_status"": ""Cancelled""}"
orders,ORD_0095649,ORPHAN_PRODUCT_FOREIGN_KEY,2026-09-08T16:00:15.302519+00:00,"{""order_id"": ""ORD_0095649"", ""customer_id"": ""CUST_002060"", ""product_id"": ""PROD_0009"", ""order_date"": ""2024-06-14"", ""quantity"": 2, ""payment_method"": ""Credit Card"", ""order_status"": ""Shipped""}"
orders,ORD_0095663,ORPHAN_PRODUCT_FOREIGN_KEY,2026-09-08T16:00:15.302519+00:00,"{""order_id"": ""ORD_0095663"", ""customer_id"": ""CUST_002259"", ""product_id"": ""PROD_0009"", ""order_date"": ""2024-06-14"", ""quantity"": 1, ""payment_method"": ""Credit Card"", ""order_status"": ""Completed""}"
orders,ORD_0095668,ORPHAN_PRODUCT_FOREIGN_KEY,2026-09-08T16:00:15.302519+00:00,"{""order_id"": ""ORD_0095668"", ""customer_id"": ""CUST_002340"", ""product_id"": ""PROD_0009"", ""order_date"": ""2024-06-14"", ""quantity"": 3, ""payment_method"": ""Apple Pay"", ""order_status"": ""Completed""}"
orders,ORD_0095679,ORPHAN_PRODUCT_FOREIGN_KEY,2026-09-08T16:00:15.302519+00:00,"{""order_id"": ""ORD_0095679"", ""customer_id"": ""CUST_002415"", ""product_id"": ""PROD_0485"", ""order_date"": ""2024-06-14"", ""quantity"": 1, ""payment_method"": ""Credit Card"", ""order_status"": ""Completed""}"
orders,ORD_0095762,ORPHAN_PRODUCT_FOREIGN_KEY,2026-09-08T16:00:15.302519+00:00,"{""order_id"": ""ORD_0095762"", ""customer_id"": ""CUST_003854"", ""product_id"": ""PROD_0031"", ""order_date"": ""2024-06-14"", ""quantity"": 3, ""payment_method"": ""Credit Card"", ""order_status"": ""Completed""}"
orders,ORD_0095765,ORPHAN_PRODUCT_FOREIGN_KEY,2026-09-08T16:00:15.302519+00:00,"{""order_id"": ""ORD_0095765"", ""customer_id"": ""CUST_003879"", ""product_id"": ""PROD_0031"", ""order_date"": ""2024-06-14"", ""quantity"": 2, ""payment_method"": ""Credit Card"", ""order_status"": ""Completed""}"
orders,ORD_0095875,ORPHAN_PRODUCT_FOREIGN_KEY,2026-09-08T16:00:15.302519+00:00,"{""order_id"": ""ORD_0095875"", ""customer_id"": ""CUST_005484"", ""product_id"": ""PROD_0031"", ""order_date"": ""2024-06-14"", ""quantity"": 1, ""payment_method"": ""Credit Card"", ""order_status"": ""Completed""}"
orders,ORD_0095925,ORPHAN_PRODUCT_FOREIGN_KEY,2026-09-08T16:00:15.302519+00:00,"{""order_id"": ""ORD_0095925"", ""customer_id"": ""CUST_005958"", ""product_id"": ""PROD_0009"", ""order_date"": ""2024-06-14"", ""quantity"": 3, ""payment_method"": ""Credit Card"", ""order_status"": ""Completed""}"
orders,ORD_0096033,ORPHAN_PRODUCT_FOREIGN_KEY,2026-09-08T16:00:15.302519+00:00,"{""order_id"": ""ORD_0096033"", ""customer_id"": ""CUST_007534"", ""product_id"": ""PROD_0031"", ""order_date"": ""2024-06-14"", ""quantity"": 1, ""payment_method"": ""Debit Card"", ""order_status"": ""Shipped""}"
orders,ORD_0096072,ORPHAN_PRODUCT_FOREIGN_KEY,2026-09-08T16:00:15.302519+00:00,"{""order_id"": ""ORD_0096072"", ""customer_id"": ""CUST_008313"", ""product_id"": ""PROD_0291"", ""order_date"": ""2024-06-14"", ""quantity"": 1, ""payment_method"": ""PayPal"", ""order_status"": ""Completed""}"
orders,ORD_0096114,ORPHAN_PRODUCT_FOREIGN_KEY,2026-09-08T16:00:15.302519+00:00,"{""order_id"": ""ORD_0096114"", ""customer_id"": ""CUST_008938"", ""product_id"": ""PROD_0031"", ""order_date"": ""2024-06-14"", ""quantity"": 1, ""payment_method"": ""PayPal"", ""order_status"": ""Completed""}"
orders,ORD_0096162,ORPHAN_PRODUCT_FOREIGN_KEY,2026-09-08T16:00:15.302519+00:00,"{""order_id"": ""ORD_0096162"", ""customer_id"": ""CUST_009720"", ""product_id"": ""PROD_0009"", ""order_date"": ""2024-06-14"", ""quantity"": 1, ""payment_method"": ""PayPal"", ""order_status"": ""Completed""}"
orders,ORD_0096230,ORPHAN_PRODUCT_FOREIGN_KEY,2026-09-08T16:00:15.302519+00:00,"{""order_id"": ""ORD_0096230"", ""customer_id"": ""CUST_000744"", ""product_id"": ""PROD_0009"", ""order_date"": ""2024-06-15"", ""quantity"": 4, ""payment_method"": ""PayPal"", ""order_status"": ""Completed""}"
orders,ORD_0096242,ORPHAN_PRODUCT_FOREIGN_KEY,2026-09-08T16:00:15.302519+00:00,"{""order_id"": ""ORD_0096242"", ""customer_id"": ""CUST_000940"", ""product_id"": ""PROD_0009"", ""order_date"": ""2024-06-15"", ""quantity"": 1, ""payment_method"": ""Credit Card"", ""order_status"": ""Completed""}"
orders,ORD_0096249,ORPHAN_PRODUCT_FOREIGN_KEY,2026-09-08T16:00:15.302519+00:00,"{""order_id"": ""ORD_0096249"", ""customer_id"": ""CUST_001041"", ""product_id"": ""PROD_0319"", ""order_date"": ""2024-06-15"", ""quantity"": 2, ""payment_method"": ""Credit Card"", ""order_status"": ""Completed""}"
orders,ORD_0096250,ORPHAN_PRODUCT_FOREIGN_KEY,2026-09-08T16:00:15.302519+00:00,"{""order_id"": ""ORD_0096250"", ""customer_id"": ""CUST_001052"", ""product_id"": ""PROD_0009"", ""order_date"": ""2024-06-15"", ""quantity"": 1, ""payment_method"": ""Credit Card"", ""order_status"": ""Completed""}"
orders,ORD_0096277,ORPHAN_PRODUCT_FOREIGN_KEY,2026-09-08T16:00:15.302519+00:00,"{""order_id"": ""ORD_0096277"", ""customer_id"": ""CUST_001553"", ""product_id"": ""PROD_0009"", ""order_date"": ""2024-06-15"", ""quantity"": 1, ""payment_method"": ""PayPal"", ""order_status"": ""Completed""}"
orders,ORD_0096372,ORPHAN_PRODUCT_FOREIGN_KEY,2026-09-08T16:00:15.302519+00:00,"{""order_id"": ""ORD_0096372"", ""customer_id"": ""CUST_003260"", ""product_id"": ""PROD_0009"", ""order_date"": ""2024-06-15"", ""quantity"": 3, ""payment_method"": ""Credit Card"", ""order_status"": ""Completed""}"
orders,ORD_0096414,ORPHAN_PRODUCT_FOREIGN_KEY,2026-09-08T16:00:15.302519+00:00,"{""order_id"": ""ORD_0096414"", ""customer_id"": ""CUST_003947"", ""product_id"": ""PROD_0009"", ""order_date"": ""2024-06-15"", ""quantity"": 1, ""payment_method"": ""PayPal"", ""order_status"": ""Completed""}"
orders,ORD_0096420,ORPHAN_PRODUCT_FOREIGN_KEY,2026-09-08T16:00:15.302519+00:00,"{""order_id"": ""ORD_0096420"", ""customer_id"": ""CUST_004021"", ""product_id"": ""PROD_0031"", ""order_date"": ""2024-06-15"", ""quantity"": 3, ""payment_method"": ""PayPal"", ""order_status"": ""Completed""}"
orders,ORD_0096453,ORPHAN_PRODUCT_FOREIGN_KEY,2026-09-08T16:00:15.302519+00:00,"{""order_id"": ""ORD_0096453"", ""customer_id"": ""CUST_004466"", ""product_id"": ""PROD_0177"", ""order_date"": ""2024-06-15"", ""quantity"": 1, ""payment_method"": ""Credit Card"", ""order_status"": ""Completed""}"
orders,ORD_0096475,ORPHAN_PRODUCT_FOREIGN_KEY,2026-09-08T16:00:15.302519+00:00,"{""order_id"": ""ORD_0096475"", ""customer_id"": ""CUST_004803"", ""product_id"": ""PROD_0009"", ""order_date"": ""2024-06-15"", ""quantity"": 4, ""payment_method"": ""Apple Pay"", ""order_status"": ""Completed""}"
orders,ORD_0096480,ORPHAN_PRODUCT_FOREIGN_KEY,2026-09-08T16:00:15.302519+00:00,"{""order_id"": ""ORD_0096480"", ""customer_id"": ""CUST_004943"", ""product_id"": ""PROD_0101"", ""order_date"": ""2024-06-15"", ""quantity"": 2, ""payment_method"": ""Credit Card"", ""order_status"": ""Completed""}"
orders,ORD_0096530,ORPHAN_PRODUCT_FOREIGN_KEY,2026-09-08T16:00:15.302519+00:00,"{""order_id"": ""ORD_0096530"", ""customer_id"": ""CUST_005720"", ""product_id"": ""PROD_0009"", ""order_date"": ""2024-06-15"", ""quantity"": 1, ""payment_method"": ""Credit Card"", ""order_status"": ""Completed""}"
orders,ORD_0096574,ORPHAN_PRODUCT_FOREIGN_KEY,2026-09-08T16:00:15.302519+00:00,"{""order_id"": ""ORD_0096574"", ""customer_id"": ""CUST_006252"", ""product_id"": ""PROD_0101"", ""order_date"": ""2024-06-15"", ""quantity"": 1, ""payment_method"": ""Debit Card"", ""order_status"": ""Completed""}"
orders,ORD_0096589,ORPHAN_PRODUCT_FOREIGN_KEY,2026-09-08T16:00:15.302519+00:00,"{""order_id"": ""ORD_0096589"", ""customer_id"": ""CUST_006640"", ""product_id"": ""PROD_0101"", ""order_date"": ""2024-06-15"", ""quantity"": 1, ""payment_method"": ""Apple Pay"", ""order_status"": ""Completed""}"
orders,ORD_0096714,ORPHAN_PRODUCT_FOREIGN_KEY,2026-09-08T16:00:15.302519+00:00,"{""order_id"": ""ORD_0096714"", ""customer_id"": ""CUST_008681"", ""product_id"": ""PROD_0155"", ""order_date"": ""2024-06-15"", ""quantity"": 1, ""payment_method"": ""Debit Card"", ""order_status"": ""Completed""}"
orders,ORD_0096740,ORPHAN_PRODUCT_FOREIGN_KEY,2026-09-08T16:00:15.302519+00:00,"{""order_id"": ""ORD_0096740"", ""customer_id"": ""CUST_009024"", ""product_id"": ""PROD_0009"", ""order_date"": ""2024-06-15"", ""quantity"": 2, ""payment_method"": ""Credit Card"", ""order_status"": ""Shipped""}"
orders,ORD_0096766,ORPHAN_PRODUCT_FOREIGN_KEY,2026-09-08T16:00:15.302519+00:00,"{""order_id"": ""ORD_0096766"", ""customer_id"": ""CUST_009328"", ""product_id"": ""PROD_0009"", ""order_date"": ""2024-06-15"", ""quantity"": 1, ""payment_method"": ""PayPal"", ""order_status"": ""Completed""}"
orders,ORD_0096794,ORPHAN_PRODUCT_FOREIGN_KEY,2026-09-08T16:00:15.302519+00:00,"{""order_id"": ""ORD_0096794"", ""customer_id"": ""CUST_009718"", ""product_id"": ""PROD_0031"", ""order_date"": ""2024-06-15"", ""quantity"": 1, ""payment_method"": ""Debit Card"", ""order_status"": ""Completed""}"
orders,ORD_0096861,ORPHAN_PRODUCT_FOREIGN_KEY,2026-09-08T16:00:15.302519+00:00,"{""order_id"": ""ORD_0096861"", ""customer_id"": ""CUST_000766"", ""product_id"": ""PROD_0009"", ""order_date"": ""2024-06-16"", ""quantity"": 1, ""payment_method"": ""Apple Pay"", ""order_status"": ""Completed""}"
orders,ORD_0096885,ORPHAN_PRODUCT_FOREIGN_KEY,2026-09-08T16:00:15.302519+00:00,"{""order_id"": ""ORD_0096885"", ""customer_id"": ""CUST_001161"", ""product_id"": ""PROD_0485"", ""order_date"": ""2024-06-16"", ""quantity"": 1, ""payment_method"": ""Debit Card"", ""order_status"": ""Completed""}"
orders,ORD_0096895,ORPHAN_PRODUCT_FOREIGN_KEY,2026-09-08T16:00:15.302519+00:00,"{""order_id"": ""ORD_0096895"", ""customer_id"": ""CUST_001251"", ""product_id"": ""PROD_0101"", ""order_date"": ""2024-06-16"", ""quantity"": 2, ""payment_method"": ""Debit Card"", ""order_status"": ""Completed""}"
orders,ORD_0096938,ORPHAN_PRODUCT_FOREIGN_KEY,2026-09-08T16:00:15.302519+00:00,"{""order_id"": ""ORD_0096938"", ""customer_id"": ""CUST_001994"", ""product_id"": ""PROD_0031"", ""order_date"": ""2024-06-16"", ""quantity"": 1, ""payment_method"": ""Credit Card"", ""order_status"": ""Refunded""}"
orders,ORD_0097039,ORPHAN_PRODUCT_FOREIGN_KEY,2026-09-08T16:00:15.302519+00:00,"{""order_id"": ""ORD_0097039"", ""customer_id"": ""CUST_003397"", ""product_id"": ""PROD_0009"", ""order_date"": ""2024-06-16"", ""quantity"": 1, ""payment_method"": ""Credit Card"", ""order_status"": ""Cancelled""}"
orders,ORD_0097129,ORPHAN_PRODUCT_FOREIGN_KEY,2026-09-08T16:00:15.302519+00:00,"{""order_id"": ""ORD_0097129"", ""customer_id"": ""CUST_004884"", ""product_id"": ""PROD_0177"", ""order_date"": ""2024-06-16"", ""quantity"": 2, ""payment_method"": ""PayPal"", ""order_status"": ""Completed""}"
orders,ORD_0097179,ORPHAN_PRODUCT_FOREIGN_KEY,2026-09-08T16:00:15.302519+00:00,"{""order_id"": ""ORD_0097179"", ""customer_id"": ""CUST_005696"", ""product_id"": ""PROD_0101"", ""order_date"": ""2024-06-16"", ""quantity"": 1, ""payment_method"": ""PayPal"", ""order_status"": ""Completed""}"
orders,ORD_0097224,ORPHAN_PRODUCT_FOREIGN_KEY,2026-09-08T16:00:15.302519+00:00,"{""order_id"": ""ORD_0097224"", ""customer_id"": ""CUST_006314"", ""product_id"": ""PROD_0009"", ""order_date"": ""2024-06-16"", ""quantity"": 3, ""payment_method"": ""Credit Card"", ""order_status"": ""Completed""}"
orders,ORD_0097288,ORPHAN_PRODUCT_FOREIGN_KEY,2026-09-08T16:00:15.302519+00:00,"{""order_id"": ""ORD_0097288"", ""customer_id"": ""CUST_007256"", ""product_id"": ""PROD_0031"", ""order_date"": ""2024-06-16"", ""quantity"": 1, ""payment_method"": ""PayPal"", ""order_status"": ""Cancelled""}"
orders,ORD_0097349,ORPHAN_PRODUCT_FOREIGN_KEY,2026-09-08T16:00:15.302519+00:00,"{""order_id"": ""ORD_0097349"", ""customer_id"": ""CUST_008313"", ""product_id"": ""PROD_0155"", ""order_date"": ""2024-06-16"", ""quantity"": 1, ""payment_method"": ""PayPal"", ""order_status"": ""Cancelled""}"
orders,ORD_0097372,ORPHAN_PRODUCT_FOREIGN_KEY,2026-09-08T16:00:15.302519+00:00,"{""order_id"": ""ORD_0097372"", ""customer_id"": ""CUST_008701"", ""product_id"": ""PROD_0177"", ""order_date"": ""2024-06-16"", ""quantity"": 2, ""payment_method"": ""Debit Card"", ""order_status"": ""Completed""}"
orders,ORD_0097406,ORPHAN_PRODUCT_FOREIGN_KEY,2026-09-08T16:00:15.302519+00:00,"{""order_id"": ""ORD_0097406"", ""customer_id"": ""CUST_009231"", ""product_id"": ""PROD_0291"", ""order_date"": ""2024-06-16"", ""quantity"": 2, ""payment_method"": ""Debit Card"", ""order_status"": ""Completed""}"
orders,ORD_0097458,ORPHAN_PRODUCT_FOREIGN_KEY,2026-09-08T16:00:15.302519+00:00,"{""order_id"": ""ORD_0097458"", ""customer_id"": ""CUST_009938"", ""product_id"": ""PROD_0009"", ""order_date"": ""2024-06-16"", ""quantity"": 5, ""payment_method"": ""Credit Card"", ""order_status"": ""Completed""}"
orders,ORD_0097459,ORPHAN_PRODUCT_FOREIGN_KEY,2026-09-08T16:00:15.302519+00:00,"{""order_id"": ""ORD_0097459"", ""customer_id"": ""CUST_009945"", ""product_id"": ""PROD_0031"", ""order_date"": ""2024-06-16"", ""quantity"": 1, ""payment_method"": ""Credit Card"", ""order_status"": ""Completed""}"
orders,ORD_0097468,ORPHAN_PRODUCT_FOREIGN_KEY,2026-09-08T16:00:15.302519+00:00,"{""order_id"": ""ORD_0097468"", ""customer_id"": ""CUST_000123"", ""product_id"": ""PROD_0009"", ""order_date"": ""2024-06-17"", ""quantity"": 2, ""payment_method"": ""PayPal"", ""order_status"": ""Shipped""}"
orders,ORD_0097506,ORPHAN_PRODUCT_FOREIGN_KEY,2026-09-08T16:00:15.302519+00:00,"{""order_id"": ""ORD_0097506"", ""customer_id"": ""CUST_000671"", ""product_id"": ""PROD_0031"", ""order_date"": ""2024-06-17"", ""quantity"": 2, ""payment_method"": ""Credit Card"", ""order_status"": ""Completed""}"
orders,ORD_0097509,ORPHAN_PRODUCT_FOREIGN_KEY,2026-09-08T16:00:15.302519+00:00,"{""order_id"": ""ORD_0097509"", ""customer_id"": ""CUST_000726"", ""product_id"": ""PROD_0319"", ""order_date"": ""2024-06-17"", ""quantity"": 1, ""payment_method"": ""Credit Card"", ""order_status"": ""Completed""}"
orders,ORD_0097510,ORPHAN_PRODUCT_FOREIGN_KEY,2026-09-08T16:00:15.302519+00:00,"{""order_id"": ""ORD_0097510"", ""customer_id"": ""CUST_000747"", ""product_id"": ""PROD_0031"", ""order_date"": ""2024-06-17"", ""quantity"": 2, ""payment_method"": ""Credit Card"", ""order_status"": ""Completed""}"
orders,ORD_0097528,ORPHAN_PRODUCT_FOREIGN_KEY,2026-09-08T16:00:15.302519+00:00,"{""order_id"": ""ORD_0097528"", ""customer_id"": ""CUST_000971"", ""product_id"": ""PROD_0291"", ""order_date"": ""2024-06-17"", ""quantity"": 3, ""payment_method"": ""Credit Card"", ""order_status"": ""Completed""}"
orders,ORD_0097580,ORPHAN_PRODUCT_FOREIGN_KEY,2026-09-08T16:00:15.302519+00:00,"{""order_id"": ""ORD_0097580"", ""customer_id"": ""CUST_001894"", ""product_id"": ""PROD_0009"", ""order_date"": ""2024-06-17"", ""quantity"": 3, ""payment_method"": ""Credit Card"", ""order_status"": ""Completed""}"
orders,ORD_0097622,ORPHAN_PRODUCT_FOREIGN_KEY,2026-09-08T16:00:15.302519+00:00,"{""order_id"": ""ORD_0097622"", ""customer_id"": ""CUST_002501"", ""product_id"": ""PROD_0009"", ""order_date"": ""2024-06-17"", ""quantity"": 4, ""payment_method"": ""PayPal"", ""order_status"": ""Completed""}"
orders,ORD_0097688,ORPHAN_PRODUCT_FOREIGN_KEY,2026-09-08T16:00:15.302519+00:00,"{""order_id"": ""ORD_0097688"", ""customer_id"": ""CUST_003606"", ""product_id"": ""PROD_0177"", ""order_date"": ""2024-06-17"", ""quantity"": 1, ""payment_method"": ""Credit Card"", ""order_status"": ""Completed""}"
orders,ORD_0097699,ORPHAN_PRODUCT_FOREIGN_KEY,2026-09-08T16:00:15.302519+00:00,"{""order_id"": ""ORD_0097699"", ""customer_id"": ""CUST_003879"", ""product_id"": ""PROD_0031"", ""order_date"": ""2024-06-17"", ""quantity"": 1, ""payment_method"": ""Cash on Delivery"", ""order_status"": ""Completed""}"
orders,ORD_0097705,ORPHAN_PRODUCT_FOREIGN_KEY,2026-09-08T16:00:15.302519+00:00,"{""order_id"": ""ORD_0097705"", ""customer_id"": ""CUST_004006"", ""product_id"": ""PROD_0009"", ""order_date"": ""2024-06-17"", ""quantity"": 2, ""payment_method"": ""PayPal"", ""order_status"": ""Completed""}"
orders,ORD_0097759,ORPHAN_PRODUCT_FOREIGN_KEY,2026-09-08T16:00:15.302519+00:00,"{""order_id"": ""ORD_0097759"", ""customer_id"": ""CUST_004849"", ""product_id"": ""PROD_0009"", ""order_date"": ""2024-06-17"", ""quantity"": 1, ""payment_method"": ""Apple Pay"", ""order_status"": ""Shipped""}"
orders,ORD_0097760,ORPHAN_PRODUCT_FOREIGN_KEY,2026-09-08T16:00:15.302519+00:00,"{""order_id"": ""ORD_0097760"", ""customer_id"": ""CUST_004855"", ""product_id"": ""PROD_0031"", ""order_date"": ""2024-06-17"", ""quantity"": 1, ""payment_method"": ""Cash on Delivery"", ""order_status"": ""Completed""}"
orders,ORD_0097842,ORPHAN_PRODUCT_FOREIGN_KEY,2026-09-08T16:00:15.302519+00:00,"{""order_id"": ""ORD_0097842"", ""customer_id"": ""CUST_006128"", ""product_id"": ""PROD_0009"", ""order_date"": ""2024-06-17"", ""quantity"": 4, ""payment_method"": ""PayPal"", ""order_status"": ""Completed""}"
orders,ORD_0097863,ORPHAN_PRODUCT_FOREIGN_KEY,2026-09-08T16:00:15.302519+00:00,"{""order_id"": ""ORD_0097863"", ""customer_id"": ""CUST_006403"", ""product_id"": ""PROD_0101"", ""order_date"": ""2024-06-17"", ""quantity"": 3, ""payment_method"": ""Debit Card"", ""order_status"": ""Shipped""}"
orders,ORD_0097865,ORPHAN_PRODUCT_FOREIGN_KEY,2026-09-08T16:00:15.302519+00:00,"{""order_id"": ""ORD_0097865"", ""customer_id"": ""CUST_006411"", ""product_id"": ""PROD_0009"", ""order_date"": ""2024-06-17"", ""quantity"": 1, ""payment_method"": ""Debit Card"", ""order_status"": ""Completed""}"
orders,ORD_0097948,ORPHAN_PRODUCT_FOREIGN_KEY,2026-09-08T16:00:15.302519+00:00,"{""order_id"": ""ORD_0097948"", ""customer_id"": ""CUST_007808"", ""product_id"": ""PROD_0009"", ""order_date"": ""2024-06-17"", ""quantity"": 1, ""payment_method"": ""Credit Card"", ""order_status"": ""Completed""}"
orders,ORD_0098011,ORPHAN_PRODUCT_FOREIGN_KEY,2026-09-08T16:00:15.302519+00:00,"{""order_id"": ""ORD_0098011"", ""customer_id"": ""CUST_008865"", ""product_id"": ""PROD_0009"", ""order_date"": ""2024-06-17"", ""quantity"": 3, ""payment_method"": ""Debit Card"", ""order_status"": ""Completed""}"
orders,ORD_0098018,ORPHAN_PRODUCT_FOREIGN_KEY,2026-09-08T16:00:15.302519+00:00,"{""order_id"": ""ORD_0098018"", ""customer_id"": ""CUST_009042"", ""product_id"": ""PROD_0009"", ""order_date"": ""2024-06-17"", ""quantity"": 1, ""payment_method"": ""Cash on Delivery"", ""order_status"": ""Completed""}"
orders,ORD_0098109,ORPHAN_PRODUCT_FOREIGN_KEY,2026-09-08T16:00:15.302519+00:00,"{""order_id"": ""ORD_0098109"", ""customer_id"": ""CUST_000384"", ""product_id"": ""PROD_0009"", ""order_date"": ""2024-06-18"", ""quantity"": 1, ""payment_method"": ""Credit Card"", ""order_status"": ""Completed""}"
orders,ORD_0098177,ORPHAN_PRODUCT_FOREIGN_KEY,2026-09-08T16:00:15.302519+00:00,"{""order_id"": ""ORD_0098177"", ""customer_id"": ""CUST_001397"", ""product_id"": ""PROD_0009"", ""order_date"": ""2024-06-18"", ""quantity"": 1, ""payment_method"": ""Credit Card"", ""order_status"": ""Completed""}"
orders,ORD_0098410,ORPHAN_PRODUCT_FOREIGN_KEY,2026-09-08T16:00:15.302519+00:00,"{""order_id"": ""ORD_0098410"", ""customer_id"": ""CUST_004608"", ""product_id"": ""PROD_0009"", ""order_date"": ""2024-06-18"", ""quantity"": 1, ""payment_method"": ""PayPal"", ""order_status"": ""Completed""}"
orders,ORD_0098492,ORPHAN_PRODUCT_FOREIGN_KEY,2026-09-08T16:00:15.302519+00:00,"{""order_id"": ""ORD_0098492"", ""customer_id"": ""CUST_005514"", ""product_id"": ""PROD_0009"", ""order_date"": ""2024-06-18"", ""quantity"": 1, ""payment_method"": ""PayPal"", ""order_status"": ""Completed""}"
orders,ORD_0098505,ORPHAN_PRODUCT_FOREIGN_KEY,2026-09-08T16:00:15.302519+00:00,"{""order_id"": ""ORD_0098505"", ""customer_id"": ""CUST_005630"", ""product_id"": ""PROD_0031"", ""order_date"": ""2024-06-18"", ""quantity"": 1, ""payment_method"": ""PayPal"", ""order_status"": ""Completed""}"
orders,ORD_0098618,ORPHAN_PRODUCT_FOREIGN_KEY,2026-09-08T16:00:15.302519+00:00,"{""order_id"": ""ORD_0098618"", ""customer_id"": ""CUST_007310"", ""product_id"": ""PROD_0009"", ""order_date"": ""2024-06-18"", ""quantity"": 1, ""payment_method"": ""Credit Card"", ""order_status"": ""Completed""}"
orders,ORD_0098622,ORPHAN_PRODUCT_FOREIGN_KEY,2026-09-08T16:00:15.302519+00:00,"{""order_id"": ""ORD_0098622"", ""customer_id"": ""CUST_007377"", ""product_id"": ""PROD_0009"", ""order_date"": ""2024-06-18"", ""quantity"": 1, ""payment_method"": ""Debit Card"", ""order_status"": ""Completed""}"
orders,ORD_0098644,ORPHAN_PRODUCT_FOREIGN_KEY,2026-09-08T16:00:15.302519+00:00,"{""order_id"": ""ORD_0098644"", ""customer_id"": ""CUST_007583"", ""product_id"": ""PROD_0009"", ""order_date"": ""2024-06-18"", ""quantity"": 2, ""payment_method"": ""Apple Pay"", ""order_status"": ""Completed""}"
orders,ORD_0098693,ORPHAN_PRODUCT_FOREIGN_KEY,2026-09-08T16:00:15.302519+00:00,"{""order_id"": ""ORD_0098693"", ""customer_id"": ""CUST_008532"", ""product_id"": ""PROD_0009"", ""order_date"": ""2024-06-18"", ""quantity"": 1, ""payment_method"": ""Cash on Delivery"", ""order_status"": ""Completed""}"
orders,ORD_0098723,ORPHAN_PRODUCT_FOREIGN_KEY,2026-09-08T16:00:15.302519+00:00,"{""order_id"": ""ORD_0098723"", ""customer_id"": ""CUST_008943"", ""product_id"": ""PROD_0009"", ""order_date"": ""2024-06-18"", ""quantity"": 4, ""payment_method"": ""Credit Card"", ""order_status"": ""Completed""}"
orders,ORD_0098770,ORPHAN_PRODUCT_FOREIGN_KEY,2026-09-08T16:00:15.302519+00:00,"{""order_id"": ""ORD_0098770"", ""customer_id"": ""CUST_009665"", ""product_id"": ""PROD_0319"", ""order_date"": ""2024-06-18"", ""quantity"": 2, ""payment_method"": ""PayPal"", ""order_status"": ""Completed""}"
orders,ORD_0098787,ORPHAN_PRODUCT_FOREIGN_KEY,2026-09-08T16:00:15.302519+00:00,"{""order_id"": ""ORD_0098787"", ""customer_id"": ""CUST_009966"", ""product_id"": ""PROD_0009"", ""order_date"": ""2024-06-18"", ""quantity"": 4, ""payment_method"": ""Credit Card"", ""order_status"": ""Completed""}"
orders,ORD_0098794,ORPHAN_PRODUCT_FOREIGN_KEY,2026-09-08T16:00:15.302519+00:00,"{""order_id"": ""ORD_0098794"", ""customer_id"": ""CUST_000090"", ""product_id"": ""PROD_0009"", ""order_date"": ""2024-06-19"", ""quantity"": 1, ""payment_method"": ""Credit Card"", ""order_status"": ""Completed""}"
orders,ORD_0098797,ORPHAN_PRODUCT_FOREIGN_KEY,2026-09-08T16:00:15.302519+00:00,"{""order_id"": ""ORD_0098797"", ""customer_id"": ""CUST_000136"", ""product_id"": ""PROD_0031"", ""order_date"": ""2024-06-19"", ""quantity"": 4, ""payment_method"": ""Credit Card"", ""order_status"": ""Completed""}"
orders,ORD_0098811,ORPHAN_PRODUCT_FOREIGN_KEY,2026-09-08T16:00:15.302519+00:00,"{""order_id"": ""ORD_0098811"", ""customer_id"": ""CUST_000337"", ""product_id"": ""PROD_0155"", ""order_date"": ""2024-06-19"", ""quantity"": 4, ""payment_method"": ""Credit Card"", ""order_status"": ""Completed""}"
orders,ORD_0098818,ORPHAN_PRODUCT_FOREIGN_KEY,2026-09-08T16:00:15.302519+00:00,"{""order_id"": ""ORD_0098818"", ""customer_id"": ""CUST_000530"", ""product_id"": ""PROD_0031"", ""order_date"": ""2024-06-19"", ""quantity"": 1, ""payment_method"": ""Debit Card"", ""order_status"": ""Completed""}"
orders,ORD_0098845,ORPHAN_PRODUCT_FOREIGN_KEY,2026-09-08T16:00:15.302519+00:00,"{""order_id"": ""ORD_0098845"", ""customer_id"": ""CUST_001063"", ""product_id"": ""PROD_0485"", ""order_date"": ""2024-06-19"", ""quantity"": 1, ""payment_method"": ""Credit Card"", ""order_status"": ""Completed""}"
orders,ORD_0098971,ORPHAN_PRODUCT_FOREIGN_KEY,2026-09-08T16:00:15.302519+00:00,"{""order_id"": ""ORD_0098971"", ""customer_id"": ""CUST_003123"", ""product_id"": ""PROD_0031"", ""order_date"": ""2024-06-19"", ""quantity"": 1, ""payment_method"": ""Apple Pay"", ""order_status"": ""Completed""}"
orders,ORD_0098997,ORPHAN_PRODUCT_FOREIGN_KEY,2026-09-08T16:00:15.302519+00:00,"{""order_id"": ""ORD_0098997"", ""customer_id"": ""CUST_003416"", ""product_id"": ""PROD_0009"", ""order_date"": ""2024-06-19"", ""quantity"": 5, ""payment_method"": ""Credit Card"", ""order_status"": ""Completed""}"
orders,ORD_0099013,ORPHAN_PRODUCT_FOREIGN_KEY,2026-09-08T16:00:15.302519+00:00,"{""order_id"": ""ORD_0099013"", ""customer_id"": ""CUST_003747"", ""product_id"": ""PROD_0031"", ""order_date"": ""2024-06-19"", ""quantity"": 1, ""payment_method"": ""Credit Card"", ""order_status"": ""Refunded""}"
orders,ORD_0099157,ORPHAN_PRODUCT_FOREIGN_KEY,2026-09-08T16:00:15.302519+00:00,"{""order_id"": ""ORD_0099157"", ""customer_id"": ""CUST_005812"", ""product_id"": ""PROD_0009"", ""order_date"": ""2024-06-19"", ""quantity"": 1, ""payment_method"": ""Debit Card"", ""order_status"": ""Completed""}"
orders,ORD_0099194,ORPHAN_PRODUCT_FOREIGN_KEY,2026-09-08T16:00:15.302519+00:00,"{""order_id"": ""ORD_0099194"", ""customer_id"": ""CUST_006185"", ""product_id"": ""PROD_0485"", ""order_date"": ""2024-06-19"", ""quantity"": 2, ""payment_method"": ""Credit Card"", ""order_status"": ""Refunded""}"
orders,ORD_0099232,ORPHAN_PRODUCT_FOREIGN_KEY,2026-09-08T16:00:15.302519+00:00,"{""order_id"": ""ORD_0099232"", ""customer_id"": ""CUST_006648"", ""product_id"": ""PROD_0101"", ""order_date"": ""2024-06-19"", ""quantity"": 1, ""payment_method"": ""PayPal"", ""order_status"": ""Completed""}"
orders,ORD_0099262,ORPHAN_PRODUCT_FOREIGN_KEY,2026-09-08T16:00:15.302519+00:00,"{""order_id"": ""ORD_0099262"", ""customer_id"": ""CUST_007119"", ""product_id"": ""PROD_0155"", ""order_date"": ""2024-06-19"", ""quantity"": 1, ""payment_method"": ""Credit Card"", ""order_status"": ""Shipped""}"
orders,ORD_0099274,ORPHAN_PRODUCT_FOREIGN_KEY,2026-09-08T16:00:15.302519+00:00,"{""order_id"": ""ORD_0099274"", ""customer_id"": ""CUST_007274"", ""product_id"": ""PROD_0009"", ""order_date"": ""2024-06-19"", ""quantity"": 1, ""payment_method"": ""PayPal"", ""order_status"": ""Completed""}"
orders,ORD_0099277,ORPHAN_PRODUCT_FOREIGN_KEY,2026-09-08T16:00:15.302519+00:00,"{""order_id"": ""ORD_0099277"", ""customer_id"": ""CUST_007328"", ""product_id"": ""PROD_0177"", ""order_date"": ""2024-06-19"", ""quantity"": 1, ""payment_method"": ""Apple Pay"", ""order_status"": ""Completed""}"
orders,ORD_0099279,ORPHAN_PRODUCT_FOREIGN_KEY,2026-09-08T16:00:15.302519+00:00,"{""order_id"": ""ORD_0099279"", ""customer_id"": ""CUST_007347"", ""product_id"": ""PROD_0291"", ""order_date"": ""2024-06-19"", ""quantity"": 1, ""payment_method"": ""Credit Card"", ""order_status"": ""Completed""}"
orders,ORD_0099332,ORPHAN_PRODUCT_FOREIGN_KEY,2026-09-08T16:00:15.302519+00:00,"{""order_id"": ""ORD_0099332"", ""customer_id"": ""CUST_008247"", ""product_id"": ""PROD_0177"", ""order_date"": ""2024-06-19"", ""quantity"": 1, ""payment_method"": ""Credit Card"", ""order_status"": ""Completed""}"
orders,ORD_0099357,ORPHAN_PRODUCT_FOREIGN_KEY,2026-09-08T16:00:15.302519+00:00,"{""order_id"": ""ORD_0099357"", ""customer_id"": ""CUST_008626"", ""product_id"": ""PROD_0031"", ""order_date"": ""2024-06-19"", ""quantity"": 1, ""payment_method"": ""PayPal"", ""order_status"": ""Completed""}"
orders,ORD_0099377,ORPHAN_PRODUCT_FOREIGN_KEY,2026-09-08T16:00:15.302519+00:00,"{""order_id"": ""ORD_0099377"", ""customer_id"": ""CUST_008932"", ""product_id"": ""PROD_0031"", ""order_date"": ""2024-06-19"", ""quantity"": 2, ""payment_method"": ""Apple Pay"", ""order_status"": ""Completed""}"
orders,ORD_0099420,ORPHAN_PRODUCT_FOREIGN_KEY,2026-09-08T16:00:15.302519+00:00,"{""order_id"": ""ORD_0099420"", ""customer_id"": ""CUST_009676"", ""product_id"": ""PROD_0101"", ""order_date"": ""2024-06-19"", ""quantity"": 1, ""payment_method"": ""Credit Card"", ""order_status"": ""Completed""}"
orders,ORD_0099455,ORPHAN_PRODUCT_FOREIGN_KEY,2026-09-08T16:00:15.302519+00:00,"{""order_id"": ""ORD_0099455"", ""customer_id"": ""CUST_000205"", ""product_id"": ""PROD_0291"", ""order_date"": ""2024-06-20"", ""quantity"": 1, ""payment_method"": ""Credit Card"", ""order_status"": ""Completed""}"
orders,ORD_0099483,ORPHAN_PRODUCT_FOREIGN_KEY,2026-09-08T16:00:15.302519+00:00,"{""order_id"": ""ORD_0099483"", ""customer_id"": ""CUST_000669"", ""product_id"": ""PROD_0009"", ""order_date"": ""2024-06-20"", ""quantity"": 1, ""payment_method"": ""PayPal"", ""order_status"": ""Completed""}"
orders,ORD_0099513,ORPHAN_PRODUCT_FOREIGN_KEY,2026-09-08T16:00:15.302519+00:00,"{""order_id"": ""ORD_0099513"", ""customer_id"": ""CUST_001133"", ""product_id"": ""PROD_0009"", ""order_date"": ""2024-06-20"", ""quantity"": 2, ""payment_method"": ""Debit Card"", ""order_status"": ""Completed""}"
orders,ORD_0099550,ORPHAN_PRODUCT_FOREIGN_KEY,2026-09-08T16:00:15.302519+00:00,"{""order_id"": ""ORD_0099550"", ""customer_id"": ""CUST_001807"", ""product_id"": ""PROD_0291"", ""order_date"": ""2024-06-20"", ""quantity"": 1, ""payment_method"": ""Credit Card"", ""order_status"": ""Completed""}"
orders,ORD_0099565,ORPHAN_PRODUCT_FOREIGN_KEY,2026-09-08T16:00:15.302519+00:00,"{""order_id"": ""ORD_0099565"", ""customer_id"": ""CUST_002022"", ""product_id"": ""PROD_0009"", ""order_date"": ""2024-06-20"", ""quantity"": 1, ""payment_method"": ""Credit Card"", ""order_status"": ""Completed""}"
orders,ORD_0099602,ORPHAN_PRODUCT_FOREIGN_KEY,2026-09-08T16:00:15.302519+00:00,"{""order_id"": ""ORD_0099602"", ""customer_id"": ""CUST_002557"", ""product_id"": ""PROD_0009"", ""order_date"": ""2024-06-20"", ""quantity"": 1, ""payment_method"": ""PayPal"", ""order_status"": ""Completed""}"
orders,ORD_0099613,ORPHAN_PRODUCT_FOREIGN_KEY,2026-09-08T16:00:15.302519+00:00,"{""order_id"": ""ORD_0099613"", ""customer_id"": ""CUST_002864"", ""product_id"": ""PROD_0009"", ""order_date"": ""2024-06-20"", ""quantity"": 1, ""payment_method"": ""PayPal"", ""order_status"": ""Completed""}"
orders,ORD_0099716,ORPHAN_PRODUCT_FOREIGN_KEY,2026-09-08T16:00:15.302519+00:00,"{""order_id"": ""ORD_0099716"", ""customer_id"": ""CUST_004391"", ""product_id"": ""PROD_0009"", ""order_date"": ""2024-06-20"", ""quantity"": 2, ""payment_method"": ""PayPal"", ""order_status"": ""Completed""}"
orders,ORD_0099742,ORPHAN_PRODUCT_FOREIGN_KEY,2026-09-08T16:00:15.302519+00:00,"{""order_id"": ""ORD_0099742"", ""customer_id"": ""CUST_004884"", ""product_id"": ""PROD_0009"", ""order_date"": ""2024-06-20"", ""quantity"": 2, ""payment_method"": ""Credit Card"", ""order_status"": ""Completed""}"
orders,ORD_0099797,ORPHAN_PRODUCT_FOREIGN_KEY,2026-09-08T16:00:15.302519+00:00,"{""order_id"": ""ORD_0099797"", ""customer_id"": ""CUST_005812"", ""product_id"": ""PROD_0009"", ""order_date"": ""2024-06-20"", ""quantity"": 1, ""payment_method"": ""PayPal"", ""order_status"": ""Completed""}"
orders,ORD_0099802,ORPHAN_PRODUCT_FOREIGN_KEY,2026-09-08T16:00:15.302519+00:00,"{""order_id"": ""ORD_0099802"", ""customer_id"": ""CUST_005848"", ""product_id"": ""PROD_0009"", ""order_date"": ""2024-06-20"", ""quantity"": 1, ""payment_method"": ""PayPal"", ""order_status"": ""Completed""}"
orders,ORD_0099808,ORPHAN_PRODUCT_FOREIGN_KEY,2026-09-08T16:00:15.302519+00:00,"{""order_id"": ""ORD_0099808"", ""customer_id"": ""CUST_005922"", ""product_id"": ""PROD_0009"", ""order_date"": ""2024-06-20"", ""quantity"": 2, ""payment_method"": ""Credit Card"", ""order_status"": ""Completed""}"
orders,ORD_0099930,ORPHAN_PRODUCT_FOREIGN_KEY,2026-09-08T16:00:15.302519+00:00,"{""order_id"": ""ORD_0099930"", ""customer_id"": ""CUST_007726"", ""product_id"": ""PROD_0009"", ""order_date"": ""2024-06-20"", ""quantity"": 4, ""payment_method"": ""Credit Card"", ""order_status"": ""Completed""}"
orders,ORD_0099951,ORPHAN_PRODUCT_FOREIGN_KEY,2026-09-08T16:00:15.302519+00:00,"{""order_id"": ""ORD_0099951"", ""customer_id"": ""CUST_008084"", ""product_id"": ""PROD_0031"", ""order_date"": ""2024-06-20"", ""quantity"": 5, ""payment_method"": ""Credit Card"", ""order_status"": ""Completed""}"
orders,ORD_0099977,ORPHAN_PRODUCT_FOREIGN_KEY,2026-09-08T16:00:15.302519+00:00,"{""order_id"": ""ORD_0099977"", ""customer_id"": ""CUST_008665"", ""product_id"": ""PROD_0009"", ""order_date"": ""2024-06-20"", ""quantity"": 6, ""payment_method"": ""PayPal"", ""order_status"": ""Completed""}"
orders,ORD_0099986,ORPHAN_PRODUCT_FOREIGN_KEY,2026-09-08T16:00:15.302519+00:00,"{""order_id"": ""ORD_0099986"", ""customer_id"": ""CUST_008804"", ""product_id"": ""PROD_0031"", ""order_date"": ""2024-06-20"", ""quantity"": 1, ""payment_method"": ""Cash on Delivery"", ""order_status"": ""Completed""}"
orders,ORD_0099993,ORPHAN_PRODUCT_FOREIGN_KEY,2026-09-08T16:00:15.302519+00:00,"{""order_id"": ""ORD_0099993"", ""customer_id"": ""CUST_008865"", ""product_id"": ""PROD_0009"", ""order_date"": ""2024-06-20"", ""quantity"": 1, ""payment_method"": ""Credit Card"", ""order_status"": ""Completed""}"
orders,ORD_0100039,ORPHAN_PRODUCT_FOREIGN_KEY,2026-09-08T16:00:15.302519+00:00,"{""order_id"": ""ORD_0100039"", ""customer_id"": ""CUST_009538"", ""product_id"": ""PROD_0031"", ""order_date"": ""2024-06-20"", ""quantity"": 1, ""payment_method"": ""Apple Pay"", ""order_status"": ""Completed""}"
orders,ORD_0100091,ORPHAN_PRODUCT_FOREIGN_KEY,2026-09-08T16:00:15.302519+00:00,"{""order_id"": ""ORD_0100091"", ""customer_id"": ""CUST_000239"", ""product_id"": ""PROD_0155"", ""order_date"": ""2024-06-21"", ""quantity"": 4, ""payment_method"": ""Apple Pay"", ""order_status"": ""Completed""}"
orders,ORD_0100197,ORPHAN_PRODUCT_FOREIGN_KEY,2026-09-08T16:00:15.302519+00:00,"{""order_id"": ""ORD_0100197"", ""customer_id"": ""CUST_001987"", ""product_id"": ""PROD_0031"", ""order_date"": ""2024-06-21"", ""quantity"": 1, ""payment_method"": ""Debit Card"", ""order_status"": ""Completed""}"
orders,ORD_0100201,ORPHAN_PRODUCT_FOREIGN_KEY,2026-09-08T16:00:15.302519+00:00,"{""order_id"": ""ORD_0100201"", ""customer_id"": ""CUST_002052"", ""product_id"": ""PROD_0009"", ""order_date"": ""2024-06-21"", ""quantity"": 1, ""payment_method"": ""Credit Card"", ""order_status"": ""Completed""}"
orders,ORD_0100233,ORPHAN_PRODUCT_FOREIGN_KEY,2026-09-08T16:00:15.302519+00:00,"{""order_id"": ""ORD_0100233"", ""customer_id"": ""CUST_002567"", ""product_id"": ""PROD_0009"", ""order_date"": ""2024-06-21"", ""quantity"": 2, ""payment_method"": ""Apple Pay"", ""order_status"": ""Completed""}"
orders,ORD_0100303,ORPHAN_PRODUCT_FOREIGN_KEY,2026-09-08T16:00:15.302519+00:00,"{""order_id"": ""ORD_0100303"", ""customer_id"": ""CUST_003940"", ""product_id"": ""PROD_0155"", ""order_date"": ""2024-06-21"", ""quantity"": 1, ""payment_method"": ""Debit Card"", ""order_status"": ""Completed""}"
orders,ORD_0100315,ORPHAN_PRODUCT_FOREIGN_KEY,2026-09-08T16:00:15.302519+00:00,"{""order_id"": ""ORD_0100315"", ""customer_id"": ""CUST_004014"", ""product_id"": ""PROD_0009"", ""order_date"": ""2024-06-21"", ""quantity"": 1, ""payment_method"": ""Debit Card"", ""order_status"": ""Completed""}"
orders,ORD_0100340,ORPHAN_PRODUCT_FOREIGN_KEY,2026-09-08T16:00:15.302519+00:00,"{""order_id"": ""ORD_0100340"", ""customer_id"": ""CUST_004412"", ""product_id"": ""PROD_0485"", ""order_date"": ""2024-06-21"", ""quantity"": 1, ""payment_method"": ""Credit Card"", ""order_status"": ""Cancelled""}"
orders,ORD_0100362,ORPHAN_PRODUCT_FOREIGN_KEY,2026-09-08T16:00:15.302519+00:00,"{""order_id"": ""ORD_0100362"", ""customer_id"": ""CUST_004679"", ""product_id"": ""PROD_0009"", ""order_date"": ""2024-06-21"", ""quantity"": 4, ""payment_method"": ""Credit Card"", ""order_status"": ""Completed""}"
orders,ORD_0100436,ORPHAN_PRODUCT_FOREIGN_KEY,2026-09-08T16:00:15.302519+00:00,"{""order_id"": ""ORD_0100436"", ""customer_id"": ""CUST_005746"", ""product_id"": ""PROD_0319"", ""order_date"": ""2024-06-21"", ""quantity"": 1, ""payment_method"": ""Credit Card"", ""order_status"": ""Completed""}"
orders,ORD_0100454,ORPHAN_PRODUCT_FOREIGN_KEY,2026-09-08T16:00:15.302519+00:00,"{""order_id"": ""ORD_0100454"", ""customer_id"": ""CUST_005934"", ""product_id"": ""PROD_0291"", ""order_date"": ""2024-06-21"", ""quantity"": 2, ""payment_method"": ""Credit Card"", ""order_status"": ""Shipped""}"
orders,ORD_0100474,ORPHAN_PRODUCT_FOREIGN_KEY,2026-09-08T16:00:15.302519+00:00,"{""order_id"": ""ORD_0100474"", ""customer_id"": ""CUST_006128"", ""product_id"": ""PROD_0009"", ""order_date"": ""2024-06-21"", ""quantity"": 2, ""payment_method"": ""Debit Card"", ""order_status"": ""Completed""}"
orders,ORD_0100524,ORPHAN_PRODUCT_FOREIGN_KEY,2026-09-08T16:00:15.302519+00:00,"{""order_id"": ""ORD_0100524"", ""customer_id"": ""CUST_006816"", ""product_id"": ""PROD_0009"", ""order_date"": ""2024-06-21"", ""quantity"": 1, ""payment_method"": ""Credit Card"", ""order_status"": ""Completed""}"
orders,ORD_0100527,ORPHAN_PRODUCT_FOREIGN_KEY,2026-09-08T16:00:15.302519+00:00,"{""order_id"": ""ORD_0100527"", ""customer_id"": ""CUST_006868"", ""product_id"": ""PROD_0009"", ""order_date"": ""2024-06-21"", ""quantity"": 1, ""payment_method"": ""Credit Card"", ""order_status"": ""Completed""}"
orders,ORD_0100563,ORPHAN_PRODUCT_FOREIGN_KEY,2026-09-08T16:00:15.302519+00:00,"{""order_id"": ""ORD_0100563"", ""customer_id"": ""CUST_007274"", ""product_id"": ""PROD_0009"", ""order_date"": ""2024-06-21"", ""quantity"": 3, ""payment_method"": ""Credit Card"", ""order_status"": ""Completed""}"
orders,ORD_0100574,ORPHAN_PRODUCT_FOREIGN_KEY,2026-09-08T16:00:15.302519+00:00,"{""order_id"": ""ORD_0100574"", ""customer_id"": ""CUST_007548"", ""product_id"": ""PROD_0177"", ""order_date"": ""2024-06-21"", ""quantity"": 1, ""payment_method"": ""PayPal"", ""order_status"": ""Completed""}"
orders,ORD_0100577,ORPHAN_PRODUCT_FOREIGN_KEY,2026-09-08T16:00:15.302519+00:00,"{""order_id"": ""ORD_0100577"", ""customer_id"": ""CUST_007578"", ""product_id"": ""PROD_0009"", ""order_date"": ""2024-06-21"", ""quantity"": 4, ""payment_method"": ""PayPal"", ""order_status"": ""Completed""}"
orders,ORD_0100601,ORPHAN_PRODUCT_FOREIGN_KEY,2026-09-08T16:00:15.302519+00:00,"{""order_id"": ""ORD_0100601"", ""customer_id"": ""CUST_008106"", ""product_id"": ""PROD_0291"", ""order_date"": ""2024-06-21"", ""quantity"": 3, ""payment_method"": ""PayPal"", ""order_status"": ""Completed""}"
orders,ORD_0100659,ORPHAN_PRODUCT_FOREIGN_KEY,2026-09-08T16:00:15.302519+00:00,"{""order_id"": ""ORD_0100659"", ""customer_id"": ""CUST_009259"", ""product_id"": ""PROD_0291"", ""order_date"": ""2024-06-21"", ""quantity"": 1, ""payment_method"": ""PayPal"", ""order_status"": ""Completed""}"
orders,ORD_0100674,ORPHAN_PRODUCT_FOREIGN_KEY,2026-09-08T16:00:15.302519+00:00,"{""order_id"": ""ORD_0100674"", ""customer_id"": ""CUST_009456"", ""product_id"": ""PROD_0031"", ""order_date"": ""2024-06-21"", ""quantity"": 3, ""payment_method"": ""PayPal"", ""order_status"": ""Completed""}"
orders,ORD_0100678,ORPHAN_PRODUCT_FOREIGN_KEY,2026-09-08T16:00:15.302519+00:00,"{""order_id"": ""ORD_0100678"", ""customer_id"": ""CUST_009491"", ""product_id"": ""PROD_0319"", ""order_date"": ""2024-06-21"", ""quantity"": 1, ""payment_method"": ""Debit Card"", ""order_status"": ""Completed""}"
orders,ORD_0100693,ORPHAN_PRODUCT_FOREIGN_KEY,2026-09-08T16:00:15.302519+00:00,"{""order_id"": ""ORD_0100693"", ""customer_id"": ""CUST_009676"", ""product_id"": ""PROD_0009"", ""order_date"": ""2024-06-21"", ""quantity"": 2, ""payment_method"": ""Credit Card"", ""order_status"": ""Completed""}"
orders,ORD_0100732,ORPHAN_PRODUCT_FOREIGN_KEY,2026-09-08T16:00:15.302519+00:00,"{""order_id"": ""ORD_0100732"", ""customer_id"": ""CUST_000348"", ""product_id"": ""PROD_0177"", ""order_date"": ""2024-06-22"", ""quantity"": 2, ""payment_method"": ""Credit Card"", ""order_status"": ""Completed""}"
orders,ORD_0100734,ORPHAN_PRODUCT_FOREIGN_KEY,2026-09-08T16:00:15.302519+00:00,"{""order_id"": ""ORD_0100734"", ""customer_id"": ""CUST_000348"", ""product_id"": ""PROD_0031"", ""order_date"": ""2024-06-22"", ""quantity"": 1, ""payment_method"": ""Cash on Delivery"", ""order_status"": ""Completed""}"
orders,ORD_0100760,ORPHAN_PRODUCT_FOREIGN_KEY,2026-09-08T16:00:15.302519+00:00,"{""order_id"": ""ORD_0100760"", ""customer_id"": ""CUST_000726"", ""product_id"": ""PROD_0009"", ""order_date"": ""2024-06-22"", ""quantity"": 3, ""payment_method"": ""Credit Card"", ""order_status"": ""Completed""}"
orders,ORD_0100764,ORPHAN_PRODUCT_FOREIGN_KEY,2026-09-08T16:00:15.302519+00:00,"{""order_id"": ""ORD_0100764"", ""customer_id"": ""CUST_000744"", ""product_id"": ""PROD_0009"", ""order_date"": ""2024-06-22"", ""quantity"": 1, ""payment_method"": ""PayPal"", ""order_status"": ""Completed""}"
orders,ORD_0100792,ORPHAN_PRODUCT_FOREIGN_KEY,2026-09-08T16:00:15.302519+00:00,"{""order_id"": ""ORD_0100792"", ""customer_id"": ""CUST_001323"", ""product_id"": ""PROD_0009"", ""order_date"": ""2024-06-22"", ""quantity"": 1, ""payment_method"": ""Cash on Delivery"", ""order_status"": ""Completed""}"
orders,ORD_0100842,ORPHAN_PRODUCT_FOREIGN_KEY,2026-09-08T16:00:15.302519+00:00,"{""order_id"": ""ORD_0100842"", ""customer_id"": ""CUST_002031"", ""product_id"": ""PROD_0101"", ""order_date"": ""2024-06-22"", ""quantity"": 1, ""payment_method"": ""Credit Card"", ""order_status"": ""Completed""}"
orders,ORD_0101096,ORPHAN_PRODUCT_FOREIGN_KEY,2026-09-08T16:00:15.302519+00:00,"{""order_id"": ""ORD_0101096"", ""customer_id"": ""CUST_005930"", ""product_id"": ""PROD_0009"", ""order_date"": ""2024-06-22"", ""quantity"": 2, ""payment_method"": ""Debit Card"", ""order_status"": ""Completed""}"
orders,ORD_0101159,ORPHAN_PRODUCT_FOREIGN_KEY,2026-09-08T16:00:15.302519+00:00,"{""order_id"": ""ORD_0101159"", ""customer_id"": ""CUST_006636"", ""product_id"": ""PROD_0101"", ""order_date"": ""2024-06-22"", ""quantity"": 1, ""payment_method"": ""Credit Card"", ""order_status"": ""Completed""}"
orders,ORD_0101164,ORPHAN_PRODUCT_FOREIGN_KEY,2026-09-08T16:00:15.302519+00:00,"{""order_id"": ""ORD_0101164"", ""customer_id"": ""CUST_006679"", ""product_id"": ""PROD_0009"", ""order_date"": ""2024-06-22"", ""quantity"": 1, ""payment_method"": ""Credit Card"", ""order_status"": ""Shipped""}"
orders,ORD_0101201,ORPHAN_PRODUCT_FOREIGN_KEY,2026-09-08T16:00:15.302519+00:00,"{""order_id"": ""ORD_0101201"", ""customer_id"": ""CUST_007260"", ""product_id"": ""PROD_0009"", ""order_date"": ""2024-06-22"", ""quantity"": 5, ""payment_method"": ""Credit Card"", ""order_status"": ""Completed""}"
orders,ORD_0101209,ORPHAN_PRODUCT_FOREIGN_KEY,2026-09-08T16:00:15.302519+00:00,"{""order_id"": ""ORD_0101209"", ""customer_id"": ""CUST_007439"", ""product_id"": ""PROD_0009"", ""order_date"": ""2024-06-22"", ""quantity"": 2, ""payment_method"": ""PayPal"", ""order_status"": ""Completed""}"
orders,ORD_0101233,ORPHAN_PRODUCT_FOREIGN_KEY,2026-09-08T16:00:15.302519+00:00,"{""order_id"": ""ORD_0101233"", ""customer_id"": ""CUST_007805"", ""product_id"": ""PROD_0031"", ""order_date"": ""2024-06-22"", ""quantity"": 1, ""payment_method"": ""Debit Card"", ""order_status"": ""Completed""}"
orders,ORD_0101255,ORPHAN_PRODUCT_FOREIGN_KEY,2026-09-08T16:00:15.302519+00:00,"{""order_id"": ""ORD_0101255"", ""customer_id"": ""CUST_008093"", ""product_id"": ""PROD_0009"", ""order_date"": ""2024-06-22"", ""quantity"": 5, ""payment_method"": ""PayPal"", ""order_status"": ""Completed""}"
orders,ORD_0101267,ORPHAN_PRODUCT_FOREIGN_KEY,2026-09-08T16:00:15.302519+00:00,"{""order_id"": ""ORD_0101267"", ""customer_id"": ""CUST_008300"", ""product_id"": ""PROD_0009"", ""order_date"": ""2024-06-22"", ""quantity"": 2, ""payment_method"": ""Credit Card"", ""order_status"": ""Refunded""}"
orders,ORD_0101309,ORPHAN_PRODUCT_FOREIGN_KEY,2026-09-08T16:00:15.302519+00:00,"{""order_id"": ""ORD_0101309"", ""customer_id"": ""CUST_008943"", ""product_id"": ""PROD_0009"", ""order_date"": ""2024-06-22"", ""quantity"": 2, ""payment_method"": ""Cash on Delivery"", ""order_status"": ""Completed""}"
orders,ORD_0101343,ORPHAN_PRODUCT_FOREIGN_KEY,2026-09-08T16:00:15.302519+00:00,"{""order_id"": ""ORD_0101343"", ""customer_id"": ""CUST_009540"", ""product_id"": ""PROD_0031"", ""order_date"": ""2024-06-22"", ""quantity"": 1, ""payment_method"": ""Credit Card"", ""order_status"": ""Completed""}"
orders,ORD_0101350,ORPHAN_PRODUCT_FOREIGN_KEY,2026-09-08T16:00:15.302519+00:00,"{""order_id"": ""ORD_0101350"", ""customer_id"": ""CUST_009665"", ""product_id"": ""PROD_0031"", ""order_date"": ""2024-06-22"", ""quantity"": 1, ""payment_method"": ""Credit Card"", ""order_status"": ""Shipped""}"
orders,ORD_0101382,ORPHAN_PRODUCT_FOREIGN_KEY,2026-09-08T16:00:15.302519+00:00,"{""order_id"": ""ORD_0101382"", ""customer_id"": ""CUST_000164"", ""product_id"": ""PROD_0009"", ""order_date"": ""2024-06-23"", ""quantity"": 3, ""payment_method"": ""Cash on Delivery"", ""order_status"": ""Completed""}"
orders,ORD_0101396,ORPHAN_PRODUCT_FOREIGN_KEY,2026-09-08T16:00:15.302519+00:00,"{""order_id"": ""ORD_0101396"", ""customer_id"": ""CUST_000423"", ""product_id"": ""PROD_0009"", ""order_date"": ""2024-06-23"", ""quantity"": 1, ""payment_method"": ""Credit Card"", ""order_status"": ""Completed""}"
orders,ORD_0101430,ORPHAN_PRODUCT_FOREIGN_KEY,2026-09-08T16:00:15.302519+00:00,"{""order_id"": ""ORD_0101430"", ""customer_id"": ""CUST_000841"", ""product_id"": ""PROD_0031"", ""order_date"": ""2024-06-23"", ""quantity"": 2, ""payment_method"": ""Credit Card"", ""order_status"": ""Completed""}"
orders,ORD_0101501,ORPHAN_PRODUCT_FOREIGN_KEY,2026-09-08T16:00:15.302519+00:00,"{""order_id"": ""ORD_0101501"", ""customer_id"": ""CUST_001994"", ""product_id"": ""PROD_0031"", ""order_date"": ""2024-06-23"", ""quantity"": 1, ""payment_method"": ""PayPal"", ""order_status"": ""Completed""}"
orders,ORD_0101536,ORPHAN_PRODUCT_FOREIGN_KEY,2026-09-08T16:00:15.302519+00:00,"{""order_id"": ""ORD_0101536"", ""customer_id"": ""CUST_002539"", ""product_id"": ""PROD_0101"", ""order_date"": ""2024-06-23"", ""quantity"": 1, ""payment_method"": ""Credit Card"", ""order_status"": ""Completed""}"
orders,ORD_0101543,ORPHAN_PRODUCT_FOREIGN_KEY,2026-09-08T16:00:15.302519+00:00,"{""order_id"": ""ORD_0101543"", ""customer_id"": ""CUST_002684"", ""product_id"": ""PROD_0031"", ""order_date"": ""2024-06-23"", ""quantity"": 4, ""payment_method"": ""Apple Pay"", ""order_status"": ""Completed""}"
orders,ORD_0101545,ORPHAN_PRODUCT_FOREIGN_KEY,2026-09-08T16:00:15.302519+00:00,"{""order_id"": ""ORD_0101545"", ""customer_id"": ""CUST_002724"", ""product_id"": ""PROD_0009"", ""order_date"": ""2024-06-23"", ""quantity"": 4, ""payment_method"": ""Credit Card"", ""order_status"": ""Completed""}"
orders,ORD_0101593,ORPHAN_PRODUCT_FOREIGN_KEY,2026-09-08T16:00:15.302519+00:00,"{""order_id"": ""ORD_0101593"", ""customer_id"": ""CUST_003381"", ""product_id"": ""PROD_0009"", ""order_date"": ""2024-06-23"", ""quantity"": 3, ""payment_method"": ""Apple Pay"", ""order_status"": ""Completed""}"
orders,ORD_0101618,ORPHAN_PRODUCT_FOREIGN_KEY,2026-09-08T16:00:15.302519+00:00,"{""order_id"": ""ORD_0101618"", ""customer_id"": ""CUST_003801"", ""product_id"": ""PROD_0009"", ""order_date"": ""2024-06-23"", ""quantity"": 2, ""payment_method"": ""Debit Card"", ""order_status"": ""Completed""}"
orders,ORD_0101644,ORPHAN_PRODUCT_FOREIGN_KEY,2026-09-08T16:00:15.302519+00:00,"{""order_id"": ""ORD_0101644"", ""customer_id"": ""CUST_004124"", ""product_id"": ""PROD_0009"", ""order_date"": ""2024-06-23"", ""quantity"": 1, ""payment_method"": ""Credit Card"", ""order_status"": ""Completed""}"
orders,ORD_0101682,ORPHAN_PRODUCT_FOREIGN_KEY,2026-09-08T16:00:15.302519+00:00,"{""order_id"": ""ORD_0101682"", ""customer_id"": ""CUST_004725"", ""product_id"": ""PROD_0009"", ""order_date"": ""2024-06-23"", ""quantity"": 1, ""payment_method"": ""Cash on Delivery"", ""order_status"": ""Completed""}"
orders,ORD_0101693,ORPHAN_PRODUCT_FOREIGN_KEY,2026-09-08T16:00:15.302519+00:00,"{""order_id"": ""ORD_0101693"", ""customer_id"": ""CUST_004843"", ""product_id"": ""PROD_0009"", ""order_date"": ""2024-06-23"", ""quantity"": 1, ""payment_method"": ""PayPal"", ""order_status"": ""Completed""}"
orders,ORD_0101695,ORPHAN_PRODUCT_FOREIGN_KEY,2026-09-08T16:00:15.302519+00:00,"{""order_id"": ""ORD_0101695"", ""customer_id"": ""CUST_004855"", ""product_id"": ""PROD_0009"", ""order_date"": ""2024-06-23"", ""quantity"": 1, ""payment_method"": ""Credit Card"", ""order_status"": ""Completed""}"
orders,ORD_0101705,ORPHAN_PRODUCT_FOREIGN_KEY,2026-09-08T16:00:15.302519+00:00,"{""order_id"": ""ORD_0101705"", ""customer_id"": ""CUST_005093"", ""product_id"": ""PROD_0009"", ""order_date"": ""2024-06-23"", ""quantity"": 3, ""payment_method"": ""Credit Card"", ""order_status"": ""Completed""}"
orders,ORD_0101713,ORPHAN_PRODUCT_FOREIGN_KEY,2026-09-08T16:00:15.302519+00:00,"{""order_id"": ""ORD_0101713"", ""customer_id"": ""CUST_005207"", ""product_id"": ""PROD_0031"", ""order_date"": ""2024-06-23"", ""quantity"": 2, ""payment_method"": ""Credit Card"", ""order_status"": ""Completed""}"
orders,ORD_0101808,ORPHAN_PRODUCT_FOREIGN_KEY,2026-09-08T16:00:15.302519+00:00,"{""order_id"": ""ORD_0101808"", ""customer_id"": ""CUST_006637"", ""product_id"": ""PROD_0009"", ""order_date"": ""2024-06-23"", ""quantity"": 1, ""payment_method"": ""Credit Card"", ""order_status"": ""Completed""}"
orders,ORD_0101841,ORPHAN_PRODUCT_FOREIGN_KEY,2026-09-08T16:00:15.302519+00:00,"{""order_id"": ""ORD_0101841"", ""customer_id"": ""CUST_006988"", ""product_id"": ""PROD_0009"", ""order_date"": ""2024-06-23"", ""quantity"": 1, ""payment_method"": ""Credit Card"", ""order_status"": ""Completed""}"
orders,ORD_0101879,ORPHAN_PRODUCT_FOREIGN_KEY,2026-09-08T16:00:15.302519+00:00,"{""order_id"": ""ORD_0101879"", ""customer_id"": ""CUST_007401"", ""product_id"": ""PROD_0177"", ""order_date"": ""2024-06-23"", ""quantity"": 1, ""payment_method"": ""Credit Card"", ""order_status"": ""Completed""}"
orders,ORD_0101951,ORPHAN_PRODUCT_FOREIGN_KEY,2026-09-08T16:00:15.302519+00:00,"{""order_id"": ""ORD_0101951"", ""customer_id"": ""CUST_008671"", ""product_id"": ""PROD_0101"", ""order_date"": ""2024-06-23"", ""quantity"": 1, ""payment_method"": ""PayPal"", ""order_status"": ""Completed""}"
orders,ORD_0101969,ORPHAN_PRODUCT_FOREIGN_KEY,2026-09-08T16:00:15.302519+00:00,"{""order_id"": ""ORD_0101969"", ""customer_id"": ""CUST_008966"", ""product_id"": ""PROD_0031"", ""order_date"": ""2024-06-23"", ""quantity"": 1, ""payment_method"": ""Credit Card"", ""order_status"": ""Cancelled""}"
orders,ORD_0102051,ORPHAN_PRODUCT_FOREIGN_KEY,2026-09-08T16:00:15.302519+00:00,"{""order_id"": ""ORD_0102051"", ""customer_id"": ""CUST_000244"", ""product_id"": ""PROD_0009"", ""order_date"": ""2024-06-24"", ""quantity"": 3, ""payment_method"": ""Credit Card"", ""order_status"": ""Completed""}"
orders,ORD_0102060,ORPHAN_PRODUCT_FOREIGN_KEY,2026-09-08T16:00:15.302519+00:00,"{""order_id"": ""ORD_0102060"", ""customer_id"": ""CUST_000435"", ""product_id"": ""PROD_0009"", ""order_date"": ""2024-06-24"", ""quantity"": 2, ""payment_method"": ""Credit Card"", ""order_status"": ""Completed""}"
orders,ORD_0102082,ORPHAN_PRODUCT_FOREIGN_KEY,2026-09-08T16:00:15.302519+00:00,"{""order_id"": ""ORD_0102082"", ""customer_id"": ""CUST_000763"", ""product_id"": ""PROD_0155"", ""order_date"": ""2024-06-24"", ""quantity"": 1, ""payment_method"": ""PayPal"", ""order_status"": ""Completed""}"
orders,ORD_0102101,ORPHAN_PRODUCT_FOREIGN_KEY,2026-09-08T16:00:15.302519+00:00,"{""order_id"": ""ORD_0102101"", ""customer_id"": ""CUST_000943"", ""product_id"": ""PROD_0009"", ""order_date"": ""2024-06-24"", ""quantity"": 1, ""payment_method"": ""PayPal"", ""order_status"": ""Completed""}"
orders,ORD_0102232,ORPHAN_PRODUCT_FOREIGN_KEY,2026-09-08T16:00:15.302519+00:00,"{""order_id"": ""ORD_0102232"", ""customer_id"": ""CUST_002731"", ""product_id"": ""PROD_0009"", ""order_date"": ""2024-06-24"", ""quantity"": 2, ""payment_method"": ""Credit Card"", ""order_status"": ""Completed""}"
orders,ORD_0102233,ORPHAN_PRODUCT_FOREIGN_KEY,2026-09-08T16:00:15.302519+00:00,"{""order_id"": ""ORD_0102233"", ""customer_id"": ""CUST_002781"", ""product_id"": ""PROD_0009"", ""order_date"": ""2024-06-24"", ""quantity"": 3, ""payment_method"": ""Credit Card"", ""order_status"": ""Completed""}"
orders,ORD_0102319,ORPHAN_PRODUCT_FOREIGN_KEY,2026-09-08T16:00:15.302519+00:00,"{""order_id"": ""ORD_0102319"", ""customer_id"": ""CUST_004008"", ""product_id"": ""PROD_0009"", ""order_date"": ""2024-06-24"", ""quantity"": 1, ""payment_method"": ""PayPal"", ""order_status"": ""Completed""}"
orders,ORD_0102371,ORPHAN_PRODUCT_FOREIGN_KEY,2026-09-08T16:00:15.302519+00:00,"{""order_id"": ""ORD_0102371"", ""customer_id"": ""CUST_004705"", ""product_id"": ""PROD_0177"", ""order_date"": ""2024-06-24"", ""quantity"": 1, ""payment_method"": ""Apple Pay"", ""order_status"": ""Completed""}"
orders,ORD_0102377,ORPHAN_PRODUCT_FOREIGN_KEY,2026-09-08T16:00:15.302519+00:00,"{""order_id"": ""ORD_0102377"", ""customer_id"": ""CUST_004822"", ""product_id"": ""PROD_0009"", ""order_date"": ""2024-06-24"", ""quantity"": 1, ""payment_method"": ""Credit Card"", ""order_status"": ""Completed""}"
orders,ORD_0102390,ORPHAN_PRODUCT_FOREIGN_KEY,2026-09-08T16:00:15.302519+00:00,"{""order_id"": ""ORD_0102390"", ""customer_id"": ""CUST_004990"", ""product_id"": ""PROD_0009"", ""order_date"": ""2024-06-24"", ""quantity"": 1, ""payment_method"": ""Unknown"", ""order_status"": ""Completed""}"
orders,ORD_0102403,ORPHAN_PRODUCT_FOREIGN_KEY,2026-09-08T16:00:15.302519+00:00,"{""order_id"": ""ORD_0102403"", ""customer_id"": ""CUST_005185"", ""product_id"": ""PROD_0009"", ""order_date"": ""2024-06-24"", ""quantity"": 2, ""payment_method"": ""Credit Card"", ""order_status"": ""Completed""}"
orders,ORD_0102439,ORPHAN_PRODUCT_FOREIGN_KEY,2026-09-08T16:00:15.302519+00:00,"{""order_id"": ""ORD_0102439"", ""customer_id"": ""CUST_005648"", ""product_id"": ""PROD_0031"", ""order_date"": ""2024-06-24"", ""quantity"": 1, ""payment_method"": ""Credit Card"", ""order_status"": ""Completed""}"
orders,ORD_0102441,ORPHAN_PRODUCT_FOREIGN_KEY,2026-09-08T16:00:15.302519+00:00,"{""order_id"": ""ORD_0102441"", ""customer_id"": ""CUST_005650"", ""product_id"": ""PROD_0009"", ""order_date"": ""2024-06-24"", ""quantity"": 1, ""payment_method"": ""PayPal"", ""order_status"": ""Completed""}"
orders,ORD_0102553,ORPHAN_PRODUCT_FOREIGN_KEY,2026-09-08T16:00:15.302519+00:00,"{""order_id"": ""ORD_0102553"", ""customer_id"": ""CUST_007122"", ""product_id"": ""PROD_0101"", ""order_date"": ""2024-06-24"", ""quantity"": 1, ""payment_method"": ""Credit Card"", ""order_status"": ""Completed""}"
orders,ORD_0102564,ORPHAN_PRODUCT_FOREIGN_KEY,2026-09-08T16:00:15.302519+00:00,"{""order_id"": ""ORD_0102564"", ""customer_id"": ""CUST_007377"", ""product_id"": ""PROD_0291"", ""order_date"": ""2024-06-24"", ""quantity"": 1, ""payment_method"": ""PayPal"", ""order_status"": ""Completed""}"
orders,ORD_0102575,ORPHAN_PRODUCT_FOREIGN_KEY,2026-09-08T16:00:15.302519+00:00,"{""order_id"": ""ORD_0102575"", ""customer_id"": ""CUST_007466"", ""product_id"": ""PROD_0101"", ""order_date"": ""2024-06-24"", ""quantity"": 4, ""payment_method"": ""Debit Card"", ""order_status"": ""Completed""}"
orders,ORD_0102711,ORPHAN_PRODUCT_FOREIGN_KEY,2026-09-08T16:00:15.302519+00:00,"{""order_id"": ""ORD_0102711"", ""customer_id"": ""CUST_009727"", ""product_id"": ""PROD_0009"", ""order_date"": ""2024-06-24"", ""quantity"": 3, ""payment_method"": ""Credit Card"", ""order_status"": ""Completed""}"
orders,ORD_0102728,ORPHAN_PRODUCT_FOREIGN_KEY,2026-09-08T16:00:15.302519+00:00,"{""order_id"": ""ORD_0102728"", ""customer_id"": ""CUST_009918"", ""product_id"": ""PROD_0009"", ""order_date"": ""2024-06-24"", ""quantity"": 2, ""payment_method"": ""Credit Card"", ""order_status"": ""Completed""}"
orders,ORD_0102734,ORPHAN_PRODUCT_FOREIGN_KEY,2026-09-08T16:00:15.302519+00:00,"{""order_id"": ""ORD_0102734"", ""customer_id"": ""CUST_009960"", ""product_id"": ""PROD_0177"", ""order_date"": ""2024-06-24"", ""quantity"": 2, ""payment_method"": ""PayPal"", ""order_status"": ""Completed""}"
orders,ORD_0102740,ORPHAN_PRODUCT_FOREIGN_KEY,2026-09-08T16:00:15.302519+00:00,"{""order_id"": ""ORD_0102740"", ""customer_id"": ""CUST_000029"", ""product_id"": ""PROD_0177"", ""order_date"": ""2024-06-25"", ""quantity"": 1, ""payment_method"": ""Credit Card"", ""order_status"": ""Completed""}"
orders,ORD_0102820,ORPHAN_PRODUCT_FOREIGN_KEY,2026-09-08T16:00:15.302519+00:00,"{""order_id"": ""ORD_0102820"", ""customer_id"": ""CUST_001405"", ""product_id"": ""PROD_0291"", ""order_date"": ""2024-06-25"", ""quantity"": 1, ""payment_method"": ""PayPal"", ""order_status"": ""Completed""}"
orders,ORD_0102849,ORPHAN_PRODUCT_FOREIGN_KEY,2026-09-08T16:00:15.302519+00:00,"{""order_id"": ""ORD_0102849"", ""customer_id"": ""CUST_001898"", ""product_id"": ""PROD_0009"", ""order_date"": ""2024-06-25"", ""quantity"": 1, ""payment_method"": ""Apple Pay"", ""order_status"": ""Completed""}"
orders,ORD_0102867,ORPHAN_PRODUCT_FOREIGN_KEY,2026-09-08T16:00:15.302519+00:00,"{""order_id"": ""ORD_0102867"", ""customer_id"": ""CUST_002242"", ""product_id"": ""PROD_0031"", ""order_date"": ""2024-06-25"", ""quantity"": 2, ""payment_method"": ""Cash on Delivery"", ""order_status"": ""Completed""}"
orders,ORD_0102976,ORPHAN_PRODUCT_FOREIGN_KEY,2026-09-08T16:00:15.302519+00:00,"{""order_id"": ""ORD_0102976"", ""customer_id"": ""CUST_003970"", ""product_id"": ""PROD_0031"", ""order_date"": ""2024-06-25"", ""quantity"": 1, ""payment_method"": ""Credit Card"", ""order_status"": ""Completed""}"
orders,ORD_0102989,ORPHAN_PRODUCT_FOREIGN_KEY,2026-09-08T16:00:15.302519+00:00,"{""order_id"": ""ORD_0102989"", ""customer_id"": ""CUST_004147"", ""product_id"": ""PROD_0177"", ""order_date"": ""2024-06-25"", ""quantity"": 1, ""payment_method"": ""Debit Card"", ""order_status"": ""Completed""}"
orders,ORD_0103019,ORPHAN_PRODUCT_FOREIGN_KEY,2026-09-08T16:00:15.302519+00:00,"{""order_id"": ""ORD_0103019"", ""customer_id"": ""CUST_004440"", ""product_id"": ""PROD_0319"", ""order_date"": ""2024-06-25"", ""quantity"": 1, ""payment_method"": ""PayPal"", ""order_status"": ""Completed""}"
orders,ORD_0103025,ORPHAN_PRODUCT_FOREIGN_KEY,2026-09-08T16:00:15.302519+00:00,"{""order_id"": ""ORD_0103025"", ""customer_id"": ""CUST_004514"", ""product_id"": ""PROD_0009"", ""order_date"": ""2024-06-25"", ""quantity"": 1, ""payment_method"": ""PayPal"", ""order_status"": ""Completed""}"
orders,ORD_0103108,ORPHAN_PRODUCT_FOREIGN_KEY,2026-09-08T16:00:15.302519+00:00,"{""order_id"": ""ORD_0103108"", ""customer_id"": ""CUST_005598"", ""product_id"": ""PROD_0155"", ""order_date"": ""2024-06-25"", ""quantity"": 1, ""payment_method"": ""PayPal"", ""order_status"": ""Completed""}"
orders,ORD_0103142,ORPHAN_PRODUCT_FOREIGN_KEY,2026-09-08T16:00:15.302519+00:00,"{""order_id"": ""ORD_0103142"", ""customer_id"": ""CUST_005910"", ""product_id"": ""PROD_0009"", ""order_date"": ""2024-06-25"", ""quantity"": 1, ""payment_method"": ""Credit Card"", ""order_status"": ""Completed""}"
orders,ORD_0103155,ORPHAN_PRODUCT_FOREIGN_KEY,2026-09-08T16:00:15.302519+00:00,"{""order_id"": ""ORD_0103155"", ""customer_id"": ""CUST_006089"", ""product_id"": ""PROD_0009"", ""order_date"": ""2024-06-25"", ""quantity"": 1, ""payment_method"": ""Credit Card"", ""order_status"": ""Completed""}"
orders,ORD_0103190,ORPHAN_PRODUCT_FOREIGN_KEY,2026-09-08T16:00:15.302519+00:00,"{""order_id"": ""ORD_0103190"", ""customer_id"": ""CUST_006625"", ""product_id"": ""PROD_0101"", ""order_date"": ""2024-06-25"", ""quantity"": 1, ""payment_method"": ""Credit Card"", ""order_status"": ""Completed""}"
orders,ORD_0103199,ORPHAN_PRODUCT_FOREIGN_KEY,2026-09-08T16:00:15.302519+00:00,"{""order_id"": ""ORD_0103199"", ""customer_id"": ""CUST_006745"", ""product_id"": ""PROD_0009"", ""order_date"": ""2024-06-25"", ""quantity"": 1, ""payment_method"": ""Credit Card"", ""order_status"": ""Completed""}"
orders,ORD_0103236,ORPHAN_PRODUCT_FOREIGN_KEY,2026-09-08T16:00:15.302519+00:00,"{""order_id"": ""ORD_0103236"", ""customer_id"": ""CUST_007403"", ""product_id"": ""PROD_0009"", ""order_date"": ""2024-06-25"", ""quantity"": 1, ""payment_method"": ""PayPal"", ""order_status"": ""Completed""}"
orders,ORD_0103281,ORPHAN_PRODUCT_FOREIGN_KEY,2026-09-08T16:00:15.302519+00:00,"{""order_id"": ""ORD_0103281"", ""customer_id"": ""CUST_008101"", ""product_id"": ""PROD_0009"", ""order_date"": ""2024-06-25"", ""quantity"": 2, ""payment_method"": ""Credit Card"", ""order_status"": ""Refunded""}"
orders,ORD_0103294,ORPHAN_PRODUCT_FOREIGN_KEY,2026-09-08T16:00:15.302519+00:00,"{""order_id"": ""ORD_0103294"", ""customer_id"": ""CUST_008373"", ""product_id"": ""PROD_0031"", ""order_date"": ""2024-06-25"", ""quantity"": 1, ""payment_method"": ""Debit Card"", ""order_status"": ""Completed""}"
orders,ORD_0103317,ORPHAN_PRODUCT_FOREIGN_KEY,2026-09-08T16:00:15.302519+00:00,"{""order_id"": ""ORD_0103317"", ""customer_id"": ""CUST_008709"", ""product_id"": ""PROD_0009"", ""order_date"": ""2024-06-25"", ""quantity"": 1, ""payment_method"": ""Credit Card"", ""order_status"": ""Completed""}"
orders,ORD_0103393,ORPHAN_PRODUCT_FOREIGN_KEY,2026-09-08T16:00:15.302519+00:00,"{""order_id"": ""ORD_0103393"", ""customer_id"": ""CUST_009999"", ""product_id"": ""PROD_0009"", ""order_date"": ""2024-06-25"", ""quantity"": 1, ""payment_method"": ""Cash on Delivery"", ""order_status"": ""Completed""}"
orders,ORD_0103414,ORPHAN_PRODUCT_FOREIGN_KEY,2026-09-08T16:00:15.302519+00:00,"{""order_id"": ""ORD_0103414"", ""customer_id"": ""CUST_000278"", ""product_id"": ""PROD_0009"", ""order_date"": ""2024-06-26"", ""quantity"": 2, ""payment_method"": ""Credit Card"", ""order_status"": ""Cancelled""}"
orders,ORD_0103420,ORPHAN_PRODUCT_FOREIGN_KEY,2026-09-08T16:00:15.302519+00:00,"{""order_id"": ""ORD_0103420"", ""customer_id"": ""CUST_000375"", ""product_id"": ""PROD_0009"", ""order_date"": ""2024-06-26"", ""quantity"": 3, ""payment_method"": ""Cash on Delivery"", ""order_status"": ""Completed""}"
orders,ORD_0103425,ORPHAN_PRODUCT_FOREIGN_KEY,2026-09-08T16:00:15.302519+00:00,"{""order_id"": ""ORD_0103425"", ""customer_id"": ""CUST_000423"", ""product_id"": ""PROD_0009"", ""order_date"": ""2024-06-26"", ""quantity"": 4, ""payment_method"": ""Credit Card"", ""order_status"": ""Completed""}"
orders,ORD_0103432,ORPHAN_PRODUCT_FOREIGN_KEY,2026-09-08T16:00:15.302519+00:00,"{""order_id"": ""ORD_0103432"", ""customer_id"": ""CUST_000516"", ""product_id"": ""PROD_0009"", ""order_date"": ""2024-06-26"", ""quantity"": 1, ""payment_method"": ""Cash on Delivery"", ""order_status"": ""Completed""}"
orders,ORD_0103511,ORPHAN_PRODUCT_FOREIGN_KEY,2026-09-08T16:00:15.302519+00:00,"{""order_id"": ""ORD_0103511"", ""customer_id"": ""CUST_001726"", ""product_id"": ""PROD_0031"", ""order_date"": ""2024-06-26"", ""quantity"": 1, ""payment_method"": ""PayPal"", ""order_status"": ""Completed""}"
orders,ORD_0103532,ORPHAN_PRODUCT_FOREIGN_KEY,2026-09-08T16:00:15.302519+00:00,"{""order_id"": ""ORD_0103532"", ""customer_id"": ""CUST_001966"", ""product_id"": ""PROD_0009"", ""order_date"": ""2024-06-26"", ""quantity"": 3, ""payment_method"": ""Credit Card"", ""order_status"": ""Completed""}"
orders,ORD_0103669,ORPHAN_PRODUCT_FOREIGN_KEY,2026-09-08T16:00:15.302519+00:00,"{""order_id"": ""ORD_0103669"", ""customer_id"": ""CUST_003856"", ""product_id"": ""PROD_0031"", ""order_date"": ""2024-06-26"", ""quantity"": 2, ""payment_method"": ""Credit Card"", ""order_status"": ""Completed""}"
orders,ORD_0103734,ORPHAN_PRODUCT_FOREIGN_KEY,2026-09-08T16:00:15.302519+00:00,"{""order_id"": ""ORD_0103734"", ""customer_id"": ""CUST_004705"", ""product_id"": ""PROD_0009"", ""order_date"": ""2024-06-26"", ""quantity"": 2, ""payment_method"": ""Credit Card"", ""order_status"": ""Completed""}"
orders,ORD_0103743,ORPHAN_PRODUCT_FOREIGN_KEY,2026-09-08T16:00:15.302519+00:00,"{""order_id"": ""ORD_0103743"", ""customer_id"": ""CUST_004884"", ""product_id"": ""PROD_0177"", ""order_date"": ""2024-06-26"", ""quantity"": 1, ""payment_method"": ""Debit Card"", ""order_status"": ""Completed""}"
orders,ORD_0103881,ORPHAN_PRODUCT_FOREIGN_KEY,2026-09-08T16:00:15.302519+00:00,"{""order_id"": ""ORD_0103881"", ""customer_id"": ""CUST_006660"", ""product_id"": ""PROD_0009"", ""order_date"": ""2024-06-26"", ""quantity"": 4, ""payment_method"": ""Credit Card"", ""order_status"": ""Completed""}"
orders,ORD_0103884,ORPHAN_PRODUCT_FOREIGN_KEY,2026-09-08T16:00:15.302519+00:00,"{""order_id"": ""ORD_0103884"", ""customer_id"": ""CUST_006704"", ""product_id"": ""PROD_0031"", ""order_date"": ""2024-06-26"", ""quantity"": 2, ""payment_method"": ""Debit Card"", ""order_status"": ""Completed""}"
orders,ORD_0103955,ORPHAN_PRODUCT_FOREIGN_KEY,2026-09-08T16:00:15.302519+00:00,"{""order_id"": ""ORD_0103955"", ""customer_id"": ""CUST_007931"", ""product_id"": ""PROD_0177"", ""order_date"": ""2024-06-26"", ""quantity"": 1, ""payment_method"": ""PayPal"", ""order_status"": ""Completed""}"
orders,ORD_0103967,ORPHAN_PRODUCT_FOREIGN_KEY,2026-09-08T16:00:15.302519+00:00,"{""order_id"": ""ORD_0103967"", ""customer_id"": ""CUST_008169"", ""product_id"": ""PROD_0009"", ""order_date"": ""2024-06-26"", ""quantity"": 1, ""payment_method"": ""PayPal"", ""order_status"": ""Completed""}"
orders,ORD_0103969,ORPHAN_PRODUCT_FOREIGN_KEY,2026-09-08T16:00:15.302519+00:00,"{""order_id"": ""ORD_0103969"", ""customer_id"": ""CUST_008184"", ""product_id"": ""PROD_0009"", ""order_date"": ""2024-06-26"", ""quantity"": 1, ""payment_method"": ""Cash on Delivery"", ""order_status"": ""Completed""}"
orders,ORD_0104018,ORPHAN_PRODUCT_FOREIGN_KEY,2026-09-08T16:00:15.302519+00:00,"{""order_id"": ""ORD_0104018"", ""customer_id"": ""CUST_009029"", ""product_id"": ""PROD_0291"", ""order_date"": ""2024-06-26"", ""quantity"": 1, ""payment_method"": ""Debit Card"", ""order_status"": ""Refunded""}"
orders,ORD_0104066,ORPHAN_PRODUCT_FOREIGN_KEY,2026-09-08T16:00:15.302519+00:00,"{""order_id"": ""ORD_0104066"", ""customer_id"": ""CUST_009718"", ""product_id"": ""PROD_0031"", ""order_date"": ""2024-06-26"", ""quantity"": 3, ""payment_method"": ""Debit Card"", ""order_status"": ""Completed""}"
orders,ORD_0104110,ORPHAN_PRODUCT_FOREIGN_KEY,2026-09-08T16:00:15.302519+00:00,"{""order_id"": ""ORD_0104110"", ""customer_id"": ""CUST_000424"", ""product_id"": ""PROD_0009"", ""order_date"": ""2024-06-27"", ""quantity"": 1, ""payment_method"": ""Credit Card"", ""order_status"": ""Completed""}"
orders,ORD_0104115,ORPHAN_PRODUCT_FOREIGN_KEY,2026-09-08T16:00:15.302519+00:00,"{""order_id"": ""ORD_0104115"", ""customer_id"": ""CUST_000511"", ""product_id"": ""PROD_0031"", ""order_date"": ""2024-06-27"", ""quantity"": 1, ""payment_method"": ""Credit Card"", ""order_status"": ""Completed""}"
orders,ORD_0104278,ORPHAN_PRODUCT_FOREIGN_KEY,2026-09-08T16:00:15.302519+00:00,"{""order_id"": ""ORD_0104278"", ""customer_id"": ""CUST_002630"", ""product_id"": ""PROD_0009"", ""order_date"": ""2024-06-27"", ""quantity"": 1, ""payment_method"": ""Credit Card"", ""order_status"": ""Completed""}"
orders,ORD_0104312,ORPHAN_PRODUCT_FOREIGN_KEY,2026-09-08T16:00:15.302519+00:00,"{""order_id"": ""ORD_0104312"", ""customer_id"": ""CUST_003310"", ""product_id"": ""PROD_0009"", ""order_date"": ""2024-06-27"", ""quantity"": 1, ""payment_method"": ""Cash on Delivery"", ""order_status"": ""Completed""}"
orders,ORD_0104313,ORPHAN_PRODUCT_FOREIGN_KEY,2026-09-08T16:00:15.302519+00:00,"{""order_id"": ""ORD_0104313"", ""customer_id"": ""CUST_003315"", ""product_id"": ""PROD_0009"", ""order_date"": ""2024-06-27"", ""quantity"": 1, ""payment_method"": ""PayPal"", ""order_status"": ""Refunded""}"
orders,ORD_0104337,ORPHAN_PRODUCT_FOREIGN_KEY,2026-09-08T16:00:15.302519+00:00,"{""order_id"": ""ORD_0104337"", ""customer_id"": ""CUST_003824"", ""product_id"": ""PROD_0319"", ""order_date"": ""2024-06-27"", ""quantity"": 1, ""payment_method"": ""PayPal"", ""order_status"": ""Completed""}"
orders,ORD_0104373,ORPHAN_PRODUCT_FOREIGN_KEY,2026-09-08T16:00:15.302519+00:00,"{""order_id"": ""ORD_0104373"", ""customer_id"": ""CUST_004441"", ""product_id"": ""PROD_0177"", ""order_date"": ""2024-06-27"", ""quantity"": 1, ""payment_method"": ""Credit Card"", ""order_status"": ""Completed""}"
orders,ORD_0104383,ORPHAN_PRODUCT_FOREIGN_KEY,2026-09-08T16:00:15.302519+00:00,"{""order_id"": ""ORD_0104383"", ""customer_id"": ""CUST_004573"", ""product_id"": ""PROD_0485"", ""order_date"": ""2024-06-27"", ""quantity"": 1, ""payment_method"": ""PayPal"", ""order_status"": ""Completed""}"
orders,ORD_0104391,ORPHAN_PRODUCT_FOREIGN_KEY,2026-09-08T16:00:15.302519+00:00,"{""order_id"": ""ORD_0104391"", ""customer_id"": ""CUST_004659"", ""product_id"": ""PROD_0155"", ""order_date"": ""2024-06-27"", ""quantity"": 7, ""payment_method"": ""PayPal"", ""order_status"": ""Completed""}"
orders,ORD_0104442,ORPHAN_PRODUCT_FOREIGN_KEY,2026-09-08T16:00:15.302519+00:00,"{""order_id"": ""ORD_0104442"", ""customer_id"": ""CUST_005312"", ""product_id"": ""PROD_0009"", ""order_date"": ""2024-06-27"", ""quantity"": 1, ""payment_method"": ""Cash on Delivery"", ""order_status"": ""Completed""}"
orders,ORD_0104489,ORPHAN_PRODUCT_FOREIGN_KEY,2026-09-08T16:00:15.302519+00:00,"{""order_id"": ""ORD_0104489"", ""customer_id"": ""CUST_006117"", ""product_id"": ""PROD_0009"", ""order_date"": ""2024-06-27"", ""quantity"": 1, ""payment_method"": ""PayPal"", ""order_status"": ""Completed""}"
orders,ORD_0104537,ORPHAN_PRODUCT_FOREIGN_KEY,2026-09-08T16:00:15.302519+00:00,"{""order_id"": ""ORD_0104537"", ""customer_id"": ""CUST_006609"", ""product_id"": ""PROD_0009"", ""order_date"": ""2024-06-27"", ""quantity"": 3, ""payment_method"": ""Apple Pay"", ""order_status"": ""Completed""}"
orders,ORD_0104550,ORPHAN_PRODUCT_FOREIGN_KEY,2026-09-08T16:00:15.302519+00:00,"{""order_id"": ""ORD_0104550"", ""customer_id"": ""CUST_006771"", ""product_id"": ""PROD_0009"", ""order_date"": ""2024-06-27"", ""quantity"": 1, ""payment_method"": ""Credit Card"", ""order_status"": ""Completed""}"
orders,ORD_0104552,ORPHAN_PRODUCT_FOREIGN_KEY,2026-09-08T16:00:15.302519+00:00,"{""order_id"": ""ORD_0104552"", ""customer_id"": ""CUST_006778"", ""product_id"": ""PROD_0009"", ""order_date"": ""2024-06-27"", ""quantity"": 3, ""payment_method"": ""PayPal"", ""order_status"": ""Completed""}"
orders,ORD_0104560,ORPHAN_PRODUCT_FOREIGN_KEY,2026-09-08T16:00:15.302519+00:00,"{""order_id"": ""ORD_0104560"", ""customer_id"": ""CUST_006868"", ""product_id"": ""PROD_0009"", ""order_date"": ""2024-06-27"", ""quantity"": 3, ""payment_method"": ""Cash on Delivery"", ""order_status"": ""Completed""}"
orders,ORD_0104571,ORPHAN_PRODUCT_FOREIGN_KEY,2026-09-08T16:00:15.302519+00:00,"{""order_id"": ""ORD_0104571"", ""customer_id"": ""CUST_007013"", ""product_id"": ""PROD_0009"", ""order_date"": ""2024-06-27"", ""quantity"": 1, ""payment_method"": ""PayPal"", ""order_status"": ""Completed""}"
orders,ORD_0104662,ORPHAN_PRODUCT_FOREIGN_KEY,2026-09-08T16:00:15.302519+00:00,"{""order_id"": ""ORD_0104662"", ""customer_id"": ""CUST_008384"", ""product_id"": ""PROD_0009"", ""order_date"": ""2024-06-27"", ""quantity"": 1, ""payment_method"": ""Credit Card"", ""order_status"": ""Completed""}"
orders,ORD_0104668,ORPHAN_PRODUCT_FOREIGN_KEY,2026-09-08T16:00:15.302519+00:00,"{""order_id"": ""ORD_0104668"", ""customer_id"": ""CUST_008479"", ""product_id"": ""PROD_0009"", ""order_date"": ""2024-06-27"", ""quantity"": 1, ""payment_method"": ""Credit Card"", ""order_status"": ""Shipped""}"
orders,ORD_0104671,ORPHAN_PRODUCT_FOREIGN_KEY,2026-09-08T16:00:15.302519+00:00,"{""order_id"": ""ORD_0104671"", ""customer_id"": ""CUST_008532"", ""product_id"": ""PROD_0009"", ""order_date"": ""2024-06-27"", ""quantity"": 1, ""payment_method"": ""Debit Card"", ""order_status"": ""Completed""}"
orders,ORD_0104734,ORPHAN_PRODUCT_FOREIGN_KEY,2026-09-08T16:00:15.302519+00:00,"{""order_id"": ""ORD_0104734"", ""customer_id"": ""CUST_009297"", ""product_id"": ""PROD_0009"", ""order_date"": ""2024-06-27"", ""quantity"": 1, ""payment_method"": ""Cash on Delivery"", ""order_status"": ""Completed""}"
orders,ORD_0104808,ORPHAN_PRODUCT_FOREIGN_KEY,2026-09-08T16:00:15.302519+00:00,"{""order_id"": ""ORD_0104808"", ""customer_id"": ""CUST_000176"", ""product_id"": ""PROD_0101"", ""order_date"": ""2024-06-28"", ""quantity"": 2, ""payment_method"": ""Debit Card"", ""order_status"": ""Completed""}"
orders,ORD_0104877,ORPHAN_PRODUCT_FOREIGN_KEY,2026-09-08T16:00:15.302519+00:00,"{""order_id"": ""ORD_0104877"", ""customer_id"": ""CUST_001112"", ""product_id"": ""PROD_0009"", ""order_date"": ""2024-06-28"", ""quantity"": 7, ""payment_method"": ""Apple Pay"", ""order_status"": ""Completed""}"
orders,ORD_0104908,ORPHAN_PRODUCT_FOREIGN_KEY,2026-09-08T16:00:15.302519+00:00,"{""order_id"": ""ORD_0104908"", ""customer_id"": ""CUST_001582"", ""product_id"": ""PROD_0031"", ""order_date"": ""2024-06-28"", ""quantity"": 1, ""payment_method"": ""Credit Card"", ""order_status"": ""Completed""}"
orders,ORD_0104914,ORPHAN_PRODUCT_FOREIGN_KEY,2026-09-08T16:00:15.302519+00:00,"{""order_id"": ""ORD_0104914"", ""customer_id"": ""CUST_001628"", ""product_id"": ""PROD_0009"", ""order_date"": ""2024-06-28"", ""quantity"": 1, ""payment_method"": ""Debit Card"", ""order_status"": ""Completed""}"
orders,ORD_0104943,ORPHAN_PRODUCT_FOREIGN_KEY,2026-09-08T16:00:15.302519+00:00,"{""order_id"": ""ORD_0104943"", ""customer_id"": ""CUST_001947"", ""product_id"": ""PROD_0009"", ""order_date"": ""2024-06-28"", ""quantity"": 1, ""payment_method"": ""Debit Card"", ""order_status"": ""Completed""}"
orders,ORD_0104948,ORPHAN_PRODUCT_FOREIGN_KEY,2026-09-08T16:00:15.302519+00:00,"{""order_id"": ""ORD_0104948"", ""customer_id"": ""CUST_001997"", ""product_id"": ""PROD_0291"", ""order_date"": ""2024-06-28"", ""quantity"": 1, ""payment_method"": ""Debit Card"", ""order_status"": ""Completed""}"
orders,ORD_0105007,ORPHAN_PRODUCT_FOREIGN_KEY,2026-09-08T16:00:15.302519+00:00,"{""order_id"": ""ORD_0105007"", ""customer_id"": ""CUST_002864"", ""product_id"": ""PROD_0155"", ""order_date"": ""2024-06-28"", ""quantity"": 1, ""payment_method"": ""Credit Card"", ""order_status"": ""Completed""}"
orders,ORD_0105033,ORPHAN_PRODUCT_FOREIGN_KEY,2026-09-08T16:00:15.302519+00:00,"{""order_id"": ""ORD_0105033"", ""customer_id"": ""CUST_003272"", ""product_id"": ""PROD_0031"", ""order_date"": ""2024-06-28"", ""quantity"": 1, ""payment_method"": ""Credit Card"", ""order_status"": ""Completed""}"
orders,ORD_0105081,ORPHAN_PRODUCT_FOREIGN_KEY,2026-09-08T16:00:15.302519+00:00,"{""order_id"": ""ORD_0105081"", ""customer_id"": ""CUST_003886"", ""product_id"": ""PROD_0009"", ""order_date"": ""2024-06-28"", ""quantity"": 4, ""payment_method"": ""Debit Card"", ""order_status"": ""Completed""}"
orders,ORD_0105094,ORPHAN_PRODUCT_FOREIGN_KEY,2026-09-08T16:00:15.302519+00:00,"{""order_id"": ""ORD_0105094"", ""customer_id"": ""CUST_003996"", ""product_id"": ""PROD_0031"", ""order_date"": ""2024-06-28"", ""quantity"": 1, ""payment_method"": ""Credit Card"", ""order_status"": ""Completed""}"
orders,ORD_0105102,ORPHAN_PRODUCT_FOREIGN_KEY,2026-09-08T16:00:15.302519+00:00,"{""order_id"": ""ORD_0105102"", ""customer_id"": ""CUST_004082"", ""product_id"": ""PROD_0031"", ""order_date"": ""2024-06-28"", ""quantity"": 3, ""payment_method"": ""Credit Card"", ""order_status"": ""Shipped""}"
orders,ORD_0105154,ORPHAN_PRODUCT_FOREIGN_KEY,2026-09-08T16:00:15.302519+00:00,"{""order_id"": ""ORD_0105154"", ""customer_id"": ""CUST_004966"", ""product_id"": ""PROD_0009"", ""order_date"": ""2024-06-28"", ""quantity"": 3, ""payment_method"": ""Debit Card"", ""order_status"": ""Completed""}"
orders,ORD_0105164,ORPHAN_PRODUCT_FOREIGN_KEY,2026-09-08T16:00:15.302519+00:00,"{""order_id"": ""ORD_0105164"", ""customer_id"": ""CUST_005143"", ""product_id"": ""PROD_0031"", ""order_date"": ""2024-06-28"", ""quantity"": 1, ""payment_method"": ""Cash on Delivery"", ""order_status"": ""Shipped""}"
orders,ORD_0105170,ORPHAN_PRODUCT_FOREIGN_KEY,2026-09-08T16:00:15.302519+00:00,"{""order_id"": ""ORD_0105170"", ""customer_id"": ""CUST_005220"", ""product_id"": ""PROD_0009"", ""order_date"": ""2024-06-28"", ""quantity"": 3, ""payment_method"": ""Cash on Delivery"", ""order_status"": ""Completed""}"
orders,ORD_0105179,ORPHAN_PRODUCT_FOREIGN_KEY,2026-09-08T16:00:15.302519+00:00,"{""order_id"": ""ORD_0105179"", ""customer_id"": ""CUST_005309"", ""product_id"": ""PROD_0177"", ""order_date"": ""2024-06-28"", ""quantity"": 2, ""payment_method"": ""Credit Card"", ""order_status"": ""Completed""}"
orders,ORD_0105199,ORPHAN_PRODUCT_FOREIGN_KEY,2026-09-08T16:00:15.302519+00:00,"{""order_id"": ""ORD_0105199"", ""customer_id"": ""CUST_005685"", ""product_id"": ""PROD_0031"", ""order_date"": ""2024-06-28"", ""quantity"": 4, ""payment_method"": ""Credit Card"", ""order_status"": ""Completed""}"
orders,ORD_0105243,ORPHAN_PRODUCT_FOREIGN_KEY,2026-09-08T16:00:15.302519+00:00,"{""order_id"": ""ORD_0105243"", ""customer_id"": ""CUST_006085"", ""product_id"": ""PROD_0009"", ""order_date"": ""2024-06-28"", ""quantity"": 1, ""payment_method"": ""Credit Card"", ""order_status"": ""Completed""}"
orders,ORD_0105246,ORPHAN_PRODUCT_FOREIGN_KEY,2026-09-08T16:00:15.302519+00:00,"{""order_id"": ""ORD_0105246"", ""customer_id"": ""CUST_006128"", ""product_id"": ""PROD_0009"", ""order_date"": ""2024-06-28"", ""quantity"": 1, ""payment_method"": ""Credit Card"", ""order_status"": ""Completed""}"
orders,ORD_0105286,ORPHAN_PRODUCT_FOREIGN_KEY,2026-09-08T16:00:15.302519+00:00,"{""order_id"": ""ORD_0105286"", ""customer_id"": ""CUST_006844"", ""product_id"": ""PROD_0009"", ""order_date"": ""2024-06-28"", ""quantity"": 1, ""payment_method"": ""Cash on Delivery"", ""order_status"": ""Completed""}"
orders,ORD_0105342,ORPHAN_PRODUCT_FOREIGN_KEY,2026-09-08T16:00:15.302519+00:00,"{""order_id"": ""ORD_0105342"", ""customer_id"": ""CUST_007530"", ""product_id"": ""PROD_0009"", ""order_date"": ""2024-06-28"", ""quantity"": 1, ""payment_method"": ""Debit Card"", ""order_status"": ""Completed""}"
orders,ORD_0105348,ORPHAN_PRODUCT_FOREIGN_KEY,2026-09-08T16:00:15.302519+00:00,"{""order_id"": ""ORD_0105348"", ""customer_id"": ""CUST_007581"", ""product_id"": ""PROD_0101"", ""order_date"": ""2024-06-28"", ""quantity"": 1, ""payment_method"": ""Credit Card"", ""order_status"": ""Completed""}"
orders,ORD_0105357,ORPHAN_PRODUCT_FOREIGN_KEY,2026-09-08T16:00:15.302519+00:00,"{""order_id"": ""ORD_0105357"", ""customer_id"": ""CUST_007868"", ""product_id"": ""PROD_0031"", ""order_date"": ""2024-06-28"", ""quantity"": 1, ""payment_method"": ""PayPal"", ""order_status"": ""Completed""}"
orders,ORD_0105370,ORPHAN_PRODUCT_FOREIGN_KEY,2026-09-08T16:00:15.302519+00:00,"{""order_id"": ""ORD_0105370"", ""customer_id"": ""CUST_008184"", ""product_id"": ""PROD_0031"", ""order_date"": ""2024-06-28"", ""quantity"": 2, ""payment_method"": ""PayPal"", ""order_status"": ""Completed""}"
orders,ORD_0105396,ORPHAN_PRODUCT_FOREIGN_KEY,2026-09-08T16:00:15.302519+00:00,"{""order_id"": ""ORD_0105396"", ""customer_id"": ""CUST_008689"", ""product_id"": ""PROD_0009"", ""order_date"": ""2024-06-28"", ""quantity"": 1, ""payment_method"": ""PayPal"", ""order_status"": ""Completed""}"
orders,ORD_0105445,ORPHAN_PRODUCT_FOREIGN_KEY,2026-09-08T16:00:15.302519+00:00,"{""order_id"": ""ORD_0105445"", ""customer_id"": ""CUST_009380"", ""product_id"": ""PROD_0155"", ""order_date"": ""2024-06-28"", ""quantity"": 1, ""payment_method"": ""Debit Card"", ""order_status"": ""Completed""}"
orders,ORD_0105454,ORPHAN_PRODUCT_FOREIGN_KEY,2026-09-08T16:00:15.302519+00:00,"{""order_id"": ""ORD_0105454"", ""customer_id"": ""CUST_009563"", ""product_id"": ""PROD_0009"", ""order_date"": ""2024-06-28"", ""quantity"": 1, ""payment_method"": ""PayPal"", ""order_status"": ""Completed""}"
orders,ORD_0105570,ORPHAN_PRODUCT_FOREIGN_KEY,2026-09-08T16:00:15.302519+00:00,"{""order_id"": ""ORD_0105570"", ""customer_id"": ""CUST_001202"", ""product_id"": ""PROD_0031"", ""order_date"": ""2024-06-29"", ""quantity"": 1, ""payment_method"": ""Credit Card"", ""order_status"": ""Completed""}"
orders,ORD_0105571,ORPHAN_PRODUCT_FOREIGN_KEY,2026-09-08T16:00:15.302519+00:00,"{""order_id"": ""ORD_0105571"", ""customer_id"": ""CUST_001237"", ""product_id"": ""PROD_0009"", ""order_date"": ""2024-06-29"", ""quantity"": 1, ""payment_method"": ""Credit Card"", ""order_status"": ""Completed""}"
orders,ORD_0105575,ORPHAN_PRODUCT_FOREIGN_KEY,2026-09-08T16:00:15.302519+00:00,"{""order_id"": ""ORD_0105575"", ""customer_id"": ""CUST_001297"", ""product_id"": ""PROD_0031"", ""order_date"": ""2024-06-29"", ""quantity"": 1, ""payment_method"": ""PayPal"", ""order_status"": ""Completed""}"
orders,ORD_0105594,ORPHAN_PRODUCT_FOREIGN_KEY,2026-09-08T16:00:15.302519+00:00,"{""order_id"": ""ORD_0105594"", ""customer_id"": ""CUST_001437"", ""product_id"": ""PROD_0009"", ""order_date"": ""2024-06-29"", ""quantity"": 1, ""payment_method"": ""Debit Card"", ""order_status"": ""Completed""}"
orders,ORD_0105671,ORPHAN_PRODUCT_FOREIGN_KEY,2026-09-08T16:00:15.302519+00:00,"{""order_id"": ""ORD_0105671"", ""customer_id"": ""CUST_002803"", ""product_id"": ""PROD_0177"", ""order_date"": ""2024-06-29"", ""quantity"": 1, ""payment_method"": ""Credit Card"", ""order_status"": ""Completed""}"
orders,ORD_0105688,ORPHAN_PRODUCT_FOREIGN_KEY,2026-09-08T16:00:15.302519+00:00,"{""order_id"": ""ORD_0105688"", ""customer_id"": ""CUST_002956"", ""product_id"": ""PROD_0009"", ""order_date"": ""2024-06-29"", ""quantity"": 1, ""payment_method"": ""Credit Card"", ""order_status"": ""Completed""}"
orders,ORD_0105781,ORPHAN_PRODUCT_FOREIGN_KEY,2026-09-08T16:00:15.302519+00:00,"{""order_id"": ""ORD_0105781"", ""customer_id"": ""CUST_004376"", ""product_id"": ""PROD_0009"", ""order_date"": ""2024-06-29"", ""quantity"": 1, ""payment_method"": ""Credit Card"", ""order_status"": ""Completed""}"
orders,ORD_0105790,ORPHAN_PRODUCT_FOREIGN_KEY,2026-09-08T16:00:15.302519+00:00,"{""order_id"": ""ORD_0105790"", ""customer_id"": ""CUST_004441"", ""product_id"": ""PROD_0031"", ""order_date"": ""2024-06-29"", ""quantity"": 2, ""payment_method"": ""Apple Pay"", ""order_status"": ""Completed""}"
orders,ORD_0105921,ORPHAN_PRODUCT_FOREIGN_KEY,2026-09-08T16:00:15.302519+00:00,"{""order_id"": ""ORD_0105921"", ""customer_id"": ""CUST_005964"", ""product_id"": ""PROD_0009"", ""order_date"": ""2024-06-29"", ""quantity"": 1, ""payment_method"": ""PayPal"", ""order_status"": ""Completed""}"
orders,ORD_0105941,ORPHAN_PRODUCT_FOREIGN_KEY,2026-09-08T16:00:15.302519+00:00,"{""order_id"": ""ORD_0105941"", ""customer_id"": ""CUST_006128"", ""product_id"": ""PROD_0177"", ""order_date"": ""2024-06-29"", ""quantity"": 1, ""payment_method"": ""Debit Card"", ""order_status"": ""Completed""}"
orders,ORD_0105946,ORPHAN_PRODUCT_FOREIGN_KEY,2026-09-08T16:00:15.302519+00:00,"{""order_id"": ""ORD_0105946"", ""customer_id"": ""CUST_006209"", ""product_id"": ""PROD_0031"", ""order_date"": ""2024-06-29"", ""quantity"": 1, ""payment_method"": ""Credit Card"", ""order_status"": ""Completed""}"
orders,ORD_0105970,ORPHAN_PRODUCT_FOREIGN_KEY,2026-09-08T16:00:15.302519+00:00,"{""order_id"": ""ORD_0105970"", ""customer_id"": ""CUST_006625"", ""product_id"": ""PROD_0009"", ""order_date"": ""2024-06-29"", ""quantity"": 1, ""payment_method"": ""Credit Card"", ""order_status"": ""Completed""}"
orders,ORD_0105996,ORPHAN_PRODUCT_FOREIGN_KEY,2026-09-08T16:00:15.302519+00:00,"{""order_id"": ""ORD_0105996"", ""customer_id"": ""CUST_007013"", ""product_id"": ""PROD_0031"", ""order_date"": ""2024-06-29"", ""quantity"": 2, ""payment_method"": ""Credit Card"", ""order_status"": ""Completed""}"
orders,ORD_0106041,ORPHAN_PRODUCT_FOREIGN_KEY,2026-09-08T16:00:15.302519+00:00,"{""order_id"": ""ORD_0106041"", ""customer_id"": ""CUST_007519"", ""product_id"": ""PROD_0177"", ""order_date"": ""2024-06-29"", ""quantity"": 1, ""payment_method"": ""Credit Card"", ""order_status"": ""Completed""}"
orders,ORD_0106049,ORPHAN_PRODUCT_FOREIGN_KEY,2026-09-08T16:00:15.302519+00:00,"{""order_id"": ""ORD_0106049"", ""customer_id"": ""CUST_007631"", ""product_id"": ""PROD_0009"", ""order_date"": ""2024-06-29"", ""quantity"": 1, ""payment_method"": ""PayPal"", ""order_status"": ""Completed""}"
orders,ORD_0106239,ORPHAN_PRODUCT_FOREIGN_KEY,2026-09-08T16:00:15.302519+00:00,"{""order_id"": ""ORD_0106239"", ""customer_id"": ""CUST_000442"", ""product_id"": ""PROD_0031"", ""order_date"": ""2024-06-30"", ""quantity"": 1, ""payment_method"": ""Credit Card"", ""order_status"": ""Completed""}"
orders,ORD_0106246,ORPHAN_PRODUCT_FOREIGN_KEY,2026-09-08T16:00:15.302519+00:00,"{""order_id"": ""ORD_0106246"", ""customer_id"": ""CUST_000588"", ""product_id"": ""PROD_0009"", ""order_date"": ""2024-06-30"", ""quantity"": 1, ""payment_method"": ""Credit Card"", ""order_status"": ""Refunded""}"
orders,ORD_0106299,ORPHAN_PRODUCT_FOREIGN_KEY,2026-09-08T16:00:15.302519+00:00,"{""order_id"": ""ORD_0106299"", ""customer_id"": ""CUST_001442"", ""product_id"": ""PROD_0009"", ""order_date"": ""2024-06-30"", ""quantity"": 2, ""payment_method"": ""Credit Card"", ""order_status"": ""Completed""}"
orders,ORD_0106352,ORPHAN_PRODUCT_FOREIGN_KEY,2026-09-08T16:00:15.302519+00:00,"{""order_id"": ""ORD_0106352"", ""customer_id"": ""CUST_002241"", ""product_id"": ""PROD_0009"", ""order_date"": ""2024-06-30"", ""quantity"": 2, ""payment_method"": ""PayPal"", ""order_status"": ""Completed""}"
orders,ORD_0106445,ORPHAN_PRODUCT_FOREIGN_KEY,2026-09-08T16:00:15.302519+00:00,"{""order_id"": ""ORD_0106445"", ""customer_id"": ""CUST_003800"", ""product_id"": ""PROD_0009"", ""order_date"": ""2024-06-30"", ""quantity"": 2, ""payment_method"": ""PayPal"", ""order_status"": ""Completed""}"
orders,ORD_0106447,ORPHAN_PRODUCT_FOREIGN_KEY,2026-09-08T16:00:15.302519+00:00,"{""order_id"": ""ORD_0106447"", ""customer_id"": ""CUST_003803"", ""product_id"": ""PROD_0009"", ""order_date"": ""2024-06-30"", ""quantity"": 2, ""payment_method"": ""Apple Pay"", ""order_status"": ""Completed""}"
orders,ORD_0106555,ORPHAN_PRODUCT_FOREIGN_KEY,2026-09-08T16:00:15.302519+00:00,"{""order_id"": ""ORD_0106555"", ""customer_id"": ""CUST_005207"", ""product_id"": ""PROD_0009"", ""order_date"": ""2024-06-30"", ""quantity"": 1, ""payment_method"": ""Credit Card"", ""order_status"": ""Refunded""}"
orders,ORD_0106573,ORPHAN_PRODUCT_FOREIGN_KEY,2026-09-08T16:00:15.302519+00:00,"{""order_id"": ""ORD_0106573"", ""customer_id"": ""CUST_005482"", ""product_id"": ""PROD_0009"", ""order_date"": ""2024-06-30"", ""quantity"": 1, ""payment_method"": ""PayPal"", ""order_status"": ""Refunded""}"
orders,ORD_0106589,ORPHAN_PRODUCT_FOREIGN_KEY,2026-09-08T16:00:15.302519+00:00,"{""order_id"": ""ORD_0106589"", ""customer_id"": ""CUST_005677"", ""product_id"": ""PROD_0031"", ""order_date"": ""2024-06-30"", ""quantity"": 2, ""payment_method"": ""Cash on Delivery"", ""order_status"": ""Completed""}"
orders,ORD_0106591,ORPHAN_PRODUCT_FOREIGN_KEY,2026-09-08T16:00:15.302519+00:00,"{""order_id"": ""ORD_0106591"", ""customer_id"": ""CUST_005709"", ""product_id"": ""PROD_0009"", ""order_date"": ""2024-06-30"", ""quantity"": 2, ""payment_method"": ""PayPal"", ""order_status"": ""Completed""}"
orders,ORD_0106661,ORPHAN_PRODUCT_FOREIGN_KEY,2026-09-08T16:00:15.302519+00:00,"{""order_id"": ""ORD_0106661"", ""customer_id"": ""CUST_006418"", ""product_id"": ""PROD_0031"", ""order_date"": ""2024-06-30"", ""quantity"": 2, ""payment_method"": ""Credit Card"", ""order_status"": ""Completed""}"
orders,ORD_0106678,ORPHAN_PRODUCT_FOREIGN_KEY,2026-09-08T16:00:15.302519+00:00,"{""order_id"": ""ORD_0106678"", ""customer_id"": ""CUST_006645"", ""product_id"": ""PROD_0155"", ""order_date"": ""2024-06-30"", ""quantity"": 5, ""payment_method"": ""PayPal"", ""order_status"": ""Completed""}"
orders,ORD_0106715,ORPHAN_PRODUCT_FOREIGN_KEY,2026-09-08T16:00:15.302519+00:00,"{""order_id"": ""ORD_0106715"", ""customer_id"": ""CUST_007227"", ""product_id"": ""PROD_0031"", ""order_date"": ""2024-06-30"", ""quantity"": 1, ""payment_method"": ""Credit Card"", ""order_status"": ""Completed""}"
orders,ORD_0106843,ORPHAN_PRODUCT_FOREIGN_KEY,2026-09-08T16:00:15.302519+00:00,"{""order_id"": ""ORD_0106843"", ""customer_id"": ""CUST_009215"", ""product_id"": ""PROD_0485"", ""order_date"": ""2024-06-30"", ""quantity"": 1, ""payment_method"": ""Debit Card"", ""order_status"": ""Completed""}"
orders,ORD_0106867,ORPHAN_PRODUCT_FOREIGN_KEY,2026-09-08T16:00:15.302519+00:00,"{""order_id"": ""ORD_0106867"", ""customer_id"": ""CUST_009473"", ""product_id"": ""PROD_0009"", ""order_date"": ""2024-06-30"", ""quantity"": 1, ""payment_method"": ""Credit Card"", ""order_status"": ""Completed""}"
orders,ORD_0106882,ORPHAN_PRODUCT_FOREIGN_KEY,2026-09-08T16:00:15.302519+00:00,"{""order_id"": ""ORD_0106882"", ""customer_id"": ""CUST_009627"", ""product_id"": ""PROD_0319"", ""order_date"": ""2024-06-30"", ""quantity"": 1, ""payment_method"": ""Credit Card"", ""order_status"": ""Cancelled""}"
orders,ORD_0106915,ORPHAN_PRODUCT_FOREIGN_KEY,2026-09-08T16:00:15.302519+00:00,"{""order_id"": ""ORD_0106915"", ""customer_id"": ""CUST_009958"", ""product_id"": ""PROD_0009"", ""order_date"": ""2024-06-30"", ""quantity"": 2, ""payment_method"": ""Credit Card"", ""order_status"": ""Shipped""}"
