date,date_id,date_str,year,quarter,quarter_name,year_quarter,month,month_name,month_short,month_year,day_of_month,day_of_week,day_name,is_weekend,fiscal_year,fiscal_quarter
2022-01-01,20220101,2022-01-01,2022,1,Q1,2022-Q1,1,January,Jan,2022-01,1,6,Saturday,1,FY2022,FQ1
2022-01-02,20220102,2022-01-02,2022,1,Q1,2022-Q1,1,January,Jan,2022-01,2,7,Sunday,1,FY2022,FQ1
2022-01-03,20220103,2022-01-03,2022,1,Q1,2022-Q1,1,January,Jan,2022-01,3,1,Monday,0,FY2022,FQ1
2022-01-04,20220104,2022-01-04,2022,1,Q1,2022-Q1,1,January,Jan,2022-01,4,2,Tuesday,0,FY2022,FQ1
2022-01-05,20220105,2022-01-05,2022,1,Q1,2022-Q1,1,January,Jan,2022-01,5,3,Wednesday,0,FY2022,FQ1
2022-01-06,20220106,2022-01-06,2022,1,Q1,2022-Q1,1,January,Jan,2022-01,6,4,Thursday,0,FY2022,FQ1
2022-01-07,20220107,2022-01-07,2022,1,Q1,2022-Q1,1,January,Jan,2022-01,7,5,Friday,0,FY2022,FQ1
2022-01-08,20220108,2022-01-08,2022,1,Q1,2022-Q1,1,January,Jan,2022-01,8,6,Saturday,1,FY2022,FQ1
2022-01-09,20220109,2022-01-09,2022,1,Q1,2022-Q1,1,January,Jan,2022-01,9,7,Sunday,1,FY2022,FQ1
2022-01-10,20220110,2022-01-10,2022,1,Q1,2022-Q1,1,January,Jan,2022-01,10,1,Monday,0,FY2022,FQ1
2022-01-11,20220111,2022-01-11,2022,1,Q1,2022-Q1,1,January,Jan,2022-01,11,2,Tuesday,0,FY2022,FQ1
2022-01-12,20220112,2022-01-12,2022,1,Q1,2022-Q1,1,January,Jan,2022-01,12,3,Wednesday,0,FY2022,FQ1
2022-01-13,20220113,2022-01-13,2022,1,Q1,2022-Q1,1,January,Jan,2022-01,13,4,Thursday,0,FY2022,FQ1
2022-01-14,20220114,2022-01-14,2022,1,Q1,2022-Q1,1,January,Jan,2022-01,14,5,Friday,0,FY2022,FQ1
2022-01-15,20220115,2022-01-15,2022,1,Q1,2022-Q1,1,January,Jan,2022-01,15,6,Saturday,1,FY2022,FQ1
2022-01-16,20220116,2022-01-16,2022,1,Q1,2022-Q1,1,January,Jan,2022-01,16,7,Sunday,1,FY2022,FQ1
2022-01-17,20220117,2022-01-17,2022,1,Q1,2022-Q1,1,January,Jan,2022-01,17,1,Monday,0,FY2022,FQ1
2022-01-18,20220118,2022-01-18,2022,1,Q1,2022-Q1,1,January,Jan,2022-01,18,2,Tuesday,0,FY2022,FQ1
2022-01-19,20220119,2022-01-19,2022,1,Q1,2022-Q1,1,January,Jan,2022-01,19,3,Wednesday,0,FY2022,FQ1
2022-01-20,20220120,2022-01-20,2022,1,Q1,2022-Q1,1,January,Jan,2022-01,20,4,Thursday,0,FY2022,FQ1
2022-01-21,20220121,2022-01-21,2022,1,Q1,2022-Q1,1,January,Jan,2022-01,21,5,Friday,0,FY2022,FQ1
2022-01-22,20220122,2022-01-22,2022,1,Q1,2022-Q1,1,January,Jan,2022-01,22,6,Saturday,1,FY2022,FQ1
2022-01-23,20220123,2022-01-23,2022,1,Q1,2022-Q1,1,January,Jan,2022-01,23,7,Sunday,1,FY2022,FQ1
2022-01-24,20220124,2022-01-24,2022,1,Q1,2022-Q1,1,January,Jan,2022-01,24,1,Monday,0,FY2022,FQ1
2022-01-25,20220125,2022-01-25,2022,1,Q1,2022-Q1,1,January,Jan,2022-01,25,2,Tuesday,0,FY2022,FQ1
2022-01-26,20220126,2022-01-26,2022,1,Q1,2022-Q1,1,January,Jan,2022-01,26,3,Wednesday,0,FY2022,FQ1
2022-01-27,20220127,2022-01-27,2022,1,Q1,2022-Q1,1,January,Jan,2022-01,27,4,Thursday,0,FY2022,FQ1
2022-01-28,20220128,2022-01-28,2022,1,Q1,2022-Q1,1,January,Jan,2022-01,28,5,Friday,0,FY2022,FQ1
2022-01-29,20220129,2022-01-29,2022,1,Q1,2022-Q1,1,January,Jan,2022-01,29,6,Saturday,1,FY2022,FQ1
2022-01-30,20220130,2022-01-30,2022,1,Q1,2022-Q1,1,January,Jan,2022-01,30,7,Sunday,1,FY2022,FQ1
2022-01-31,20220131,2022-01-31,2022,1,Q1,2022-Q1,1,January,Jan,2022-01,31,1,Monday,0,FY2022,FQ1
2022-02-01,20220201,2022-02-01,2022,1,Q1,2022-Q1,2,February,Feb,2022-02,1,2,Tuesday,0,FY2022,FQ1
2022-02-02,20220202,2022-02-02,2022,1,Q1,2022-Q1,2,February,Feb,2022-02,2,3,Wednesday,0,FY2022,FQ1
2022-02-03,20220203,2022-02-03,2022,1,Q1,2022-Q1,2,February,Feb,2022-02,3,4,Thursday,0,FY2022,FQ1
2022-02-04,20220204,2022-02-04,2022,1,Q1,2022-Q1,2,February,Feb,2022-02,4,5,Friday,0,FY2022,FQ1
2022-02-05,20220205,2022-02-05,2022,1,Q1,2022-Q1,2,February,Feb,2022-02,5,6,Saturday,1,FY2022,FQ1
2022-02-06,20220206,2022-02-06,2022,1,Q1,2022-Q1,2,February,Feb,2022-02,6,7,Sunday,1,FY2022,FQ1
2022-02-07,20220207,2022-02-07,2022,1,Q1,2022-Q1,2,February,Feb,2022-02,7,1,Monday,0,FY2022,FQ1
2022-02-08,20220208,2022-02-08,2022,1,Q1,2022-Q1,2,February,Feb,2022-02,8,2,Tuesday,0,FY2022,FQ1
2022-02-09,20220209,2022-02-09,2022,1,Q1,2022-Q1,2,February,Feb,2022-02,9,3,Wednesday,0,FY2022,FQ1
2022-02-10,20220210,2022-02-10,2022,1,Q1,2022-Q1,2,February,Feb,2022-02,10,4,Thursday,0,FY2022,FQ1
2022-02-11,20220211,2022-02-11,2022,1,Q1,2022-Q1,2,February,Feb,2022-02,11,5,Friday,0,FY2022,FQ1
2022-02-12,20220212,2022-02-12,2022,1,Q1,2022-Q1,2,February,Feb,2022-02,12,6,Saturday,1,FY2022,FQ1
2022-02-13,20220213,2022-02-13,2022,1,Q1,2022-Q1,2,February,Feb,2022-02,13,7,Sunday,1,FY2022,FQ1
2022-02-14,20220214,2022-02-14,2022,1,Q1,2022-Q1,2,February,Feb,2022-02,14,1,Monday,0,FY2022,FQ1
2022-02-15,20220215,2022-02-15,2022,1,Q1,2022-Q1,2,February,Feb,2022-02,15,2,Tuesday,0,FY2022,FQ1
2022-02-16,20220216,2022-02-16,2022,1,Q1,2022-Q1,2,February,Feb,2022-02,16,3,Wednesday,0,FY2022,FQ1
2022-02-17,20220217,2022-02-17,2022,1,Q1,2022-Q1,2,February,Feb,2022-02,17,4,Thursday,0,FY2022,FQ1
2022-02-18,20220218,2022-02-18,2022,1,Q1,2022-Q1,2,February,Feb,2022-02,18,5,Friday,0,FY2022,FQ1
2022-02-19,20220219,2022-02-19,2022,1,Q1,2022-Q1,2,February,Feb,2022-02,19,6,Saturday,1,FY2022,FQ1
2022-02-20,20220220,2022-02-20,2022,1,Q1,2022-Q1,2,February,Feb,2022-02,20,7,Sunday,1,FY2022,FQ1
2022-02-21,20220221,2022-02-21,2022,1,Q1,2022-Q1,2,February,Feb,2022-02,21,1,Monday,0,FY2022,FQ1
2022-02-22,20220222,2022-02-22,2022,1,Q1,2022-Q1,2,February,Feb,2022-02,22,2,Tuesday,0,FY2022,FQ1
2022-02-23,20220223,2022-02-23,2022,1,Q1,2022-Q1,2,February,Feb,2022-02,23,3,Wednesday,0,FY2022,FQ1
2022-02-24,20220224,2022-02-24,2022,1,Q1,2022-Q1,2,February,Feb,2022-02,24,4,Thursday,0,FY2022,FQ1
2022-02-25,20220225,2022-02-25,2022,1,Q1,2022-Q1,2,February,Feb,2022-02,25,5,Friday,0,FY2022,FQ1
2022-02-26,20220226,2022-02-26,2022,1,Q1,2022-Q1,2,February,Feb,2022-02,26,6,Saturday,1,FY2022,FQ1
2022-02-27,20220227,2022-02-27,2022,1,Q1,2022-Q1,2,February,Feb,2022-02,27,7,Sunday,1,FY2022,FQ1
2022-02-28,20220228,2022-02-28,2022,1,Q1,2022-Q1,2,February,Feb,2022-02,28,1,Monday,0,FY2022,FQ1
2022-03-01,20220301,2022-03-01,2022,1,Q1,2022-Q1,3,March,Mar,2022-03,1,2,Tuesday,0,FY2022,FQ1
2022-03-02,20220302,2022-03-02,2022,1,Q1,2022-Q1,3,March,Mar,2022-03,2,3,Wednesday,0,FY2022,FQ1
2022-03-03,20220303,2022-03-03,2022,1,Q1,2022-Q1,3,March,Mar,2022-03,3,4,Thursday,0,FY2022,FQ1
2022-03-04,20220304,2022-03-04,2022,1,Q1,2022-Q1,3,March,Mar,2022-03,4,5,Friday,0,FY2022,FQ1
2022-03-05,20220305,2022-03-05,2022,1,Q1,2022-Q1,3,March,Mar,2022-03,5,6,Saturday,1,FY2022,FQ1
2022-03-06,20220306,2022-03-06,2022,1,Q1,2022-Q1,3,March,Mar,2022-03,6,7,Sunday,1,FY2022,FQ1
2022-03-07,20220307,2022-03-07,2022,1,Q1,2022-Q1,3,March,Mar,2022-03,7,1,Monday,0,FY2022,FQ1
2022-03-08,20220308,2022-03-08,2022,1,Q1,2022-Q1,3,March,Mar,2022-03,8,2,Tuesday,0,FY2022,FQ1
2022-03-09,20220309,2022-03-09,2022,1,Q1,2022-Q1,3,March,Mar,2022-03,9,3,Wednesday,0,FY2022,FQ1
2022-03-10,20220310,2022-03-10,2022,1,Q1,2022-Q1,3,March,Mar,2022-03,10,4,Thursday,0,FY2022,FQ1
2022-03-11,20220311,2022-03-11,2022,1,Q1,2022-Q1,3,March,Mar,2022-03,11,5,Friday,0,FY2022,FQ1
2022-03-12,20220312,2022-03-12,2022,1,Q1,2022-Q1,3,March,Mar,2022-03,12,6,Saturday,1,FY2022,FQ1
2022-03-13,20220313,2022-03-13,2022,1,Q1,2022-Q1,3,March,Mar,2022-03,13,7,Sunday,1,FY2022,FQ1
2022-03-14,20220314,2022-03-14,2022,1,Q1,2022-Q1,3,March,Mar,2022-03,14,1,Monday,0,FY2022,FQ1
2022-03-15,20220315,2022-03-15,2022,1,Q1,2022-Q1,3,March,Mar,2022-03,15,2,Tuesday,0,FY2022,FQ1
2022-03-16,20220316,2022-03-16,2022,1,Q1,2022-Q1,3,March,Mar,2022-03,16,3,Wednesday,0,FY2022,FQ1
2022-03-17,20220317,2022-03-17,2022,1,Q1,2022-Q1,3,March,Mar,2022-03,17,4,Thursday,0,FY2022,FQ1
2022-03-18,20220318,2022-03-18,2022,1,Q1,2022-Q1,3,March,Mar,2022-03,18,5,Friday,0,FY2022,FQ1
2022-03-19,20220319,2022-03-19,2022,1,Q1,2022-Q1,3,March,Mar,2022-03,19,6,Saturday,1,FY2022,FQ1
2022-03-20,20220320,2022-03-20,2022,1,Q1,2022-Q1,3,March,Mar,2022-03,20,7,Sunday,1,FY2022,FQ1
2022-03-21,20220321,2022-03-21,2022,1,Q1,2022-Q1,3,March,Mar,2022-03,21,1,Monday,0,FY2022,FQ1
2022-03-22,20220322,2022-03-22,2022,1,Q1,2022-Q1,3,March,Mar,2022-03,22,2,Tuesday,0,FY2022,FQ1
2022-03-23,20220323,2022-03-23,2022,1,Q1,2022-Q1,3,March,Mar,2022-03,23,3,Wednesday,0,FY2022,FQ1
2022-03-24,20220324,2022-03-24,2022,1,Q1,2022-Q1,3,March,Mar,2022-03,24,4,Thursday,0,FY2022,FQ1
2022-03-25,20220325,2022-03-25,2022,1,Q1,2022-Q1,3,March,Mar,2022-03,25,5,Friday,0,FY2022,FQ1
2022-03-26,20220326,2022-03-26,2022,1,Q1,2022-Q1,3,March,Mar,2022-03,26,6,Saturday,1,FY2022,FQ1
2022-03-27,20220327,2022-03-27,2022,1,Q1,2022-Q1,3,March,Mar,2022-03,27,7,Sunday,1,FY2022,FQ1
2022-03-28,20220328,2022-03-28,2022,1,Q1,2022-Q1,3,March,Mar,2022-03,28,1,Monday,0,FY2022,FQ1
2022-03-29,20220329,2022-03-29,2022,1,Q1,2022-Q1,3,March,Mar,2022-03,29,2,Tuesday,0,FY2022,FQ1
2022-03-30,20220330,2022-03-30,2022,1,Q1,2022-Q1,3,March,Mar,2022-03,30,3,Wednesday,0,FY2022,FQ1
2022-03-31,20220331,2022-03-31,2022,1,Q1,2022-Q1,3,March,Mar,2022-03,31,4,Thursday,0,FY2022,FQ1
2022-04-01,20220401,2022-04-01,2022,2,Q2,2022-Q2,4,April,Apr,2022-04,1,5,Friday,0,FY2022,FQ2
2022-04-02,20220402,2022-04-02,2022,2,Q2,2022-Q2,4,April,Apr,2022-04,2,6,Saturday,1,FY2022,FQ2
2022-04-03,20220403,2022-04-03,2022,2,Q2,2022-Q2,4,April,Apr,2022-04,3,7,Sunday,1,FY2022,FQ2
2022-04-04,20220404,2022-04-04,2022,2,Q2,2022-Q2,4,April,Apr,2022-04,4,1,Monday,0,FY2022,FQ2
2022-04-05,20220405,2022-04-05,2022,2,Q2,2022-Q2,4,April,Apr,2022-04,5,2,Tuesday,0,FY2022,FQ2
2022-04-06,20220406,2022-04-06,2022,2,Q2,2022-Q2,4,April,Apr,2022-04,6,3,Wednesday,0,FY2022,FQ2
2022-04-07,20220407,2022-04-07,2022,2,Q2,2022-Q2,4,April,Apr,2022-04,7,4,Thursday,0,FY2022,FQ2
2022-04-08,20220408,2022-04-08,2022,2,Q2,2022-Q2,4,April,Apr,2022-04,8,5,Friday,0,FY2022,FQ2
2022-04-09,20220409,2022-04-09,2022,2,Q2,2022-Q2,4,April,Apr,2022-04,9,6,Saturday,1,FY2022,FQ2
2022-04-10,20220410,2022-04-10,2022,2,Q2,2022-Q2,4,April,Apr,2022-04,10,7,Sunday,1,FY2022,FQ2
2022-04-11,20220411,2022-04-11,2022,2,Q2,2022-Q2,4,April,Apr,2022-04,11,1,Monday,0,FY2022,FQ2
2022-04-12,20220412,2022-04-12,2022,2,Q2,2022-Q2,4,April,Apr,2022-04,12,2,Tuesday,0,FY2022,FQ2
2022-04-13,20220413,2022-04-13,2022,2,Q2,2022-Q2,4,April,Apr,2022-04,13,3,Wednesday,0,FY2022,FQ2
2022-04-14,20220414,2022-04-14,2022,2,Q2,2022-Q2,4,April,Apr,2022-04,14,4,Thursday,0,FY2022,FQ2
2022-04-15,20220415,2022-04-15,2022,2,Q2,2022-Q2,4,April,Apr,2022-04,15,5,Friday,0,FY2022,FQ2
2022-04-16,20220416,2022-04-16,2022,2,Q2,2022-Q2,4,April,Apr,2022-04,16,6,Saturday,1,FY2022,FQ2
2022-04-17,20220417,2022-04-17,2022,2,Q2,2022-Q2,4,April,Apr,2022-04,17,7,Sunday,1,FY2022,FQ2
2022-04-18,20220418,2022-04-18,2022,2,Q2,2022-Q2,4,April,Apr,2022-04,18,1,Monday,0,FY2022,FQ2
2022-04-19,20220419,2022-04-19,2022,2,Q2,2022-Q2,4,April,Apr,2022-04,19,2,Tuesday,0,FY2022,FQ2
2022-04-20,20220420,2022-04-20,2022,2,Q2,2022-Q2,4,April,Apr,2022-04,20,3,Wednesday,0,FY2022,FQ2
2022-04-21,20220421,2022-04-21,2022,2,Q2,2022-Q2,4,April,Apr,2022-04,21,4,Thursday,0,FY2022,FQ2
2022-04-22,20220422,2022-04-22,2022,2,Q2,2022-Q2,4,April,Apr,2022-04,22,5,Friday,0,FY2022,FQ2
2022-04-23,20220423,2022-04-23,2022,2,Q2,2022-Q2,4,April,Apr,2022-04,23,6,Saturday,1,FY2022,FQ2
2022-04-24,20220424,2022-04-24,2022,2,Q2,2022-Q2,4,April,Apr,2022-04,24,7,Sunday,1,FY2022,FQ2
2022-04-25,20220425,2022-04-25,2022,2,Q2,2022-Q2,4,April,Apr,2022-04,25,1,Monday,0,FY2022,FQ2
2022-04-26,20220426,2022-04-26,2022,2,Q2,2022-Q2,4,April,Apr,2022-04,26,2,Tuesday,0,FY2022,FQ2
2022-04-27,20220427,2022-04-27,2022,2,Q2,2022-Q2,4,April,Apr,2022-04,27,3,Wednesday,0,FY2022,FQ2
2022-04-28,20220428,2022-04-28,2022,2,Q2,2022-Q2,4,April,Apr,2022-04,28,4,Thursday,0,FY2022,FQ2
2022-04-29,20220429,2022-04-29,2022,2,Q2,2022-Q2,4,April,Apr,2022-04,29,5,Friday,0,FY2022,FQ2
2022-04-30,20220430,2022-04-30,2022,2,Q2,2022-Q2,4,April,Apr,2022-04,30,6,Saturday,1,FY2022,FQ2
2022-05-01,20220501,2022-05-01,2022,2,Q2,2022-Q2,5,May,May,2022-05,1,7,Sunday,1,FY2022,FQ2
2022-05-02,20220502,2022-05-02,2022,2,Q2,2022-Q2,5,May,May,2022-05,2,1,Monday,0,FY2022,FQ2
2022-05-03,20220503,2022-05-03,2022,2,Q2,2022-Q2,5,May,May,2022-05,3,2,Tuesday,0,FY2022,FQ2
2022-05-04,20220504,2022-05-04,2022,2,Q2,2022-Q2,5,May,May,2022-05,4,3,Wednesday,0,FY2022,FQ2
2022-05-05,20220505,2022-05-05,2022,2,Q2,2022-Q2,5,May,May,2022-05,5,4,Thursday,0,FY2022,FQ2
2022-05-06,20220506,2022-05-06,2022,2,Q2,2022-Q2,5,May,May,2022-05,6,5,Friday,0,FY2022,FQ2
2022-05-07,20220507,2022-05-07,2022,2,Q2,2022-Q2,5,May,May,2022-05,7,6,Saturday,1,FY2022,FQ2
2022-05-08,20220508,2022-05-08,2022,2,Q2,2022-Q2,5,May,May,2022-05,8,7,Sunday,1,FY2022,FQ2
2022-05-09,20220509,2022-05-09,2022,2,Q2,2022-Q2,5,May,May,2022-05,9,1,Monday,0,FY2022,FQ2
2022-05-10,20220510,2022-05-10,2022,2,Q2,2022-Q2,5,May,May,2022-05,10,2,Tuesday,0,FY2022,FQ2
2022-05-11,20220511,2022-05-11,2022,2,Q2,2022-Q2,5,May,May,2022-05,11,3,Wednesday,0,FY2022,FQ2
2022-05-12,20220512,2022-05-12,2022,2,Q2,2022-Q2,5,May,May,2022-05,12,4,Thursday,0,FY2022,FQ2
2022-05-13,20220513,2022-05-13,2022,2,Q2,2022-Q2,5,May,May,2022-05,13,5,Friday,0,FY2022,FQ2
2022-05-14,20220514,2022-05-14,2022,2,Q2,2022-Q2,5,May,May,2022-05,14,6,Saturday,1,FY2022,FQ2
2022-05-15,20220515,2022-05-15,2022,2,Q2,2022-Q2,5,May,May,2022-05,15,7,Sunday,1,FY2022,FQ2
2022-05-16,20220516,2022-05-16,2022,2,Q2,2022-Q2,5,May,May,2022-05,16,1,Monday,0,FY2022,FQ2
2022-05-17,20220517,2022-05-17,2022,2,Q2,2022-Q2,5,May,May,2022-05,17,2,Tuesday,0,FY2022,FQ2
2022-05-18,20220518,2022-05-18,2022,2,Q2,2022-Q2,5,May,May,2022-05,18,3,Wednesday,0,FY2022,FQ2
2022-05-19,20220519,2022-05-19,2022,2,Q2,2022-Q2,5,May,May,2022-05,19,4,Thursday,0,FY2022,FQ2
2022-05-20,20220520,2022-05-20,2022,2,Q2,2022-Q2,5,May,May,2022-05,20,5,Friday,0,FY2022,FQ2
2022-05-21,20220521,2022-05-21,2022,2,Q2,2022-Q2,5,May,May,2022-05,21,6,Saturday,1,FY2022,FQ2
2022-05-22,20220522,2022-05-22,2022,2,Q2,2022-Q2,5,May,May,2022-05,22,7,Sunday,1,FY2022,FQ2
2022-05-23,20220523,2022-05-23,2022,2,Q2,2022-Q2,5,May,May,2022-05,23,1,Monday,0,FY2022,FQ2
2022-05-24,20220524,2022-05-24,2022,2,Q2,2022-Q2,5,May,May,2022-05,24,2,Tuesday,0,FY2022,FQ2
2022-05-25,20220525,2022-05-25,2022,2,Q2,2022-Q2,5,May,May,2022-05,25,3,Wednesday,0,FY2022,FQ2
2022-05-26,20220526,2022-05-26,2022,2,Q2,2022-Q2,5,May,May,2022-05,26,4,Thursday,0,FY2022,FQ2
2022-05-27,20220527,2022-05-27,2022,2,Q2,2022-Q2,5,May,May,2022-05,27,5,Friday,0,FY2022,FQ2
2022-05-28,20220528,2022-05-28,2022,2,Q2,2022-Q2,5,May,May,2022-05,28,6,Saturday,1,FY2022,FQ2
2022-05-29,20220529,2022-05-29,2022,2,Q2,2022-Q2,5,May,May,2022-05,29,7,Sunday,1,FY2022,FQ2
2022-05-30,20220530,2022-05-30,2022,2,Q2,2022-Q2,5,May,May,2022-05,30,1,Monday,0,FY2022,FQ2
2022-05-31,20220531,2022-05-31,2022,2,Q2,2022-Q2,5,May,May,2022-05,31,2,Tuesday,0,FY2022,FQ2
2022-06-01,20220601,2022-06-01,2022,2,Q2,2022-Q2,6,June,Jun,2022-06,1,3,Wednesday,0,FY2022,FQ2
2022-06-02,20220602,2022-06-02,2022,2,Q2,2022-Q2,6,June,Jun,2022-06,2,4,Thursday,0,FY2022,FQ2
2022-06-03,20220603,2022-06-03,2022,2,Q2,2022-Q2,6,June,Jun,2022-06,3,5,Friday,0,FY2022,FQ2
2022-06-04,20220604,2022-06-04,2022,2,Q2,2022-Q2,6,June,Jun,2022-06,4,6,Saturday,1,FY2022,FQ2
2022-06-05,20220605,2022-06-05,2022,2,Q2,2022-Q2,6,June,Jun,2022-06,5,7,Sunday,1,FY2022,FQ2
2022-06-06,20220606,2022-06-06,2022,2,Q2,2022-Q2,6,June,Jun,2022-06,6,1,Monday,0,FY2022,FQ2
2022-06-07,20220607,2022-06-07,2022,2,Q2,2022-Q2,6,June,Jun,2022-06,7,2,Tuesday,0,FY2022,FQ2
2022-06-08,20220608,2022-06-08,2022,2,Q2,2022-Q2,6,June,Jun,2022-06,8,3,Wednesday,0,FY2022,FQ2
2022-06-09,20220609,2022-06-09,2022,2,Q2,2022-Q2,6,June,Jun,2022-06,9,4,Thursday,0,FY2022,FQ2
2022-06-10,20220610,2022-06-10,2022,2,Q2,2022-Q2,6,June,Jun,2022-06,10,5,Friday,0,FY2022,FQ2
2022-06-11,20220611,2022-06-11,2022,2,Q2,2022-Q2,6,June,Jun,2022-06,11,6,Saturday,1,FY2022,FQ2
2022-06-12,20220612,2022-06-12,2022,2,Q2,2022-Q2,6,June,Jun,2022-06,12,7,Sunday,1,FY2022,FQ2
2022-06-13,20220613,2022-06-13,2022,2,Q2,2022-Q2,6,June,Jun,2022-06,13,1,Monday,0,FY2022,FQ2
2022-06-14,20220614,2022-06-14,2022,2,Q2,2022-Q2,6,June,Jun,2022-06,14,2,Tuesday,0,FY2022,FQ2
2022-06-15,20220615,2022-06-15,2022,2,Q2,2022-Q2,6,June,Jun,2022-06,15,3,Wednesday,0,FY2022,FQ2
2022-06-16,20220616,2022-06-16,2022,2,Q2,2022-Q2,6,June,Jun,2022-06,16,4,Thursday,0,FY2022,FQ2
2022-06-17,20220617,2022-06-17,2022,2,Q2,2022-Q2,6,June,Jun,2022-06,17,5,Friday,0,FY2022,FQ2
2022-06-18,20220618,2022-06-18,2022,2,Q2,2022-Q2,6,June,Jun,2022-06,18,6,Saturday,1,FY2022,FQ2
2022-06-19,20220619,2022-06-19,2022,2,Q2,2022-Q2,6,June,Jun,2022-06,19,7,Sunday,1,FY2022,FQ2
2022-06-20,20220620,2022-06-20,2022,2,Q2,2022-Q2,6,June,Jun,2022-06,20,1,Monday,0,FY2022,FQ2
2022-06-21,20220621,2022-06-21,2022,2,Q2,2022-Q2,6,June,Jun,2022-06,21,2,Tuesday,0,FY2022,FQ2
2022-06-22,20220622,2022-06-22,2022,2,Q2,2022-Q2,6,June,Jun,2022-06,22,3,Wednesday,0,FY2022,FQ2
2022-06-23,20220623,2022-06-23,2022,2,Q2,2022-Q2,6,June,Jun,2022-06,23,4,Thursday,0,FY2022,FQ2
2022-06-24,20220624,2022-06-24,2022,2,Q2,2022-Q2,6,June,Jun,2022-06,24,5,Friday,0,FY2022,FQ2
2022-06-25,20220625,2022-06-25,2022,2,Q2,2022-Q2,6,June,Jun,2022-06,25,6,Saturday,1,FY2022,FQ2
2022-06-26,20220626,2022-06-26,2022,2,Q2,2022-Q2,6,June,Jun,2022-06,26,7,Sunday,1,FY2022,FQ2
2022-06-27,20220627,2022-06-27,2022,2,Q2,2022-Q2,6,June,Jun,2022-06,27,1,Monday,0,FY2022,FQ2
2022-06-28,20220628,2022-06-28,2022,2,Q2,2022-Q2,6,June,Jun,2022-06,28,2,Tuesday,0,FY2022,FQ2
2022-06-29,20220629,2022-06-29,2022,2,Q2,2022-Q2,6,June,Jun,2022-06,29,3,Wednesday,0,FY2022,FQ2
2022-06-30,20220630,2022-06-30,2022,2,Q2,2022-Q2,6,June,Jun,2022-06,30,4,Thursday,0,FY2022,FQ2
2022-07-01,20220701,2022-07-01,2022,3,Q3,2022-Q3,7,July,Jul,2022-07,1,5,Friday,0,FY2022,FQ3
2022-07-02,20220702,2022-07-02,2022,3,Q3,2022-Q3,7,July,Jul,2022-07,2,6,Saturday,1,FY2022,FQ3
2022-07-03,20220703,2022-07-03,2022,3,Q3,2022-Q3,7,July,Jul,2022-07,3,7,Sunday,1,FY2022,FQ3
2022-07-04,20220704,2022-07-04,2022,3,Q3,2022-Q3,7,July,Jul,2022-07,4,1,Monday,0,FY2022,FQ3
2022-07-05,20220705,2022-07-05,2022,3,Q3,2022-Q3,7,July,Jul,2022-07,5,2,Tuesday,0,FY2022,FQ3
2022-07-06,20220706,2022-07-06,2022,3,Q3,2022-Q3,7,July,Jul,2022-07,6,3,Wednesday,0,FY2022,FQ3
2022-07-07,20220707,2022-07-07,2022,3,Q3,2022-Q3,7,July,Jul,2022-07,7,4,Thursday,0,FY2022,FQ3
2022-07-08,20220708,2022-07-08,2022,3,Q3,2022-Q3,7,July,Jul,2022-07,8,5,Friday,0,FY2022,FQ3
2022-07-09,20220709,2022-07-09,2022,3,Q3,2022-Q3,7,July,Jul,2022-07,9,6,Saturday,1,FY2022,FQ3
2022-07-10,20220710,2022-07-10,2022,3,Q3,2022-Q3,7,July,Jul,2022-07,10,7,Sunday,1,FY2022,FQ3
2022-07-11,20220711,2022-07-11,2022,3,Q3,2022-Q3,7,July,Jul,2022-07,11,1,Monday,0,FY2022,FQ3
2022-07-12,20220712,2022-07-12,2022,3,Q3,2022-Q3,7,July,Jul,2022-07,12,2,Tuesday,0,FY2022,FQ3
2022-07-13,20220713,2022-07-13,2022,3,Q3,2022-Q3,7,July,Jul,2022-07,13,3,Wednesday,0,FY2022,FQ3
2022-07-14,20220714,2022-07-14,2022,3,Q3,2022-Q3,7,July,Jul,2022-07,14,4,Thursday,0,FY2022,FQ3
2022-07-15,20220715,2022-07-15,2022,3,Q3,2022-Q3,7,July,Jul,2022-07,15,5,Friday,0,FY2022,FQ3
2022-07-16,20220716,2022-07-16,2022,3,Q3,2022-Q3,7,July,Jul,2022-07,16,6,Saturday,1,FY2022,FQ3
2022-07-17,20220717,2022-07-17,2022,3,Q3,2022-Q3,7,July,Jul,2022-07,17,7,Sunday,1,FY2022,FQ3
2022-07-18,20220718,2022-07-18,2022,3,Q3,2022-Q3,7,July,Jul,2022-07,18,1,Monday,0,FY2022,FQ3
2022-07-19,20220719,2022-07-19,2022,3,Q3,2022-Q3,7,July,Jul,2022-07,19,2,Tuesday,0,FY2022,FQ3
2022-07-20,20220720,2022-07-20,2022,3,Q3,2022-Q3,7,July,Jul,2022-07,20,3,Wednesday,0,FY2022,FQ3
2022-07-21,20220721,2022-07-21,2022,3,Q3,2022-Q3,7,July,Jul,2022-07,21,4,Thursday,0,FY2022,FQ3
2022-07-22,20220722,2022-07-22,2022,3,Q3,2022-Q3,7,July,Jul,2022-07,22,5,Friday,0,FY2022,FQ3
2022-07-23,20220723,2022-07-23,2022,3,Q3,2022-Q3,7,July,Jul,2022-07,23,6,Saturday,1,FY2022,FQ3
2022-07-24,20220724,2022-07-24,2022,3,Q3,2022-Q3,7,July,Jul,2022-07,24,7,Sunday,1,FY2022,FQ3
2022-07-25,20220725,2022-07-25,2022,3,Q3,2022-Q3,7,July,Jul,2022-07,25,1,Monday,0,FY2022,FQ3
2022-07-26,20220726,2022-07-26,2022,3,Q3,2022-Q3,7,July,Jul,2022-07,26,2,Tuesday,0,FY2022,FQ3
2022-07-27,20220727,2022-07-27,2022,3,Q3,2022-Q3,7,July,Jul,2022-07,27,3,Wednesday,0,FY2022,FQ3
2022-07-28,20220728,2022-07-28,2022,3,Q3,2022-Q3,7,July,Jul,2022-07,28,4,Thursday,0,FY2022,FQ3
2022-07-29,20220729,2022-07-29,2022,3,Q3,2022-Q3,7,July,Jul,2022-07,29,5,Friday,0,FY2022,FQ3
2022-07-30,20220730,2022-07-30,2022,3,Q3,2022-Q3,7,July,Jul,2022-07,30,6,Saturday,1,FY2022,FQ3
2022-07-31,20220731,2022-07-31,2022,3,Q3,2022-Q3,7,July,Jul,2022-07,31,7,Sunday,1,FY2022,FQ3
2022-08-01,20220801,2022-08-01,2022,3,Q3,2022-Q3,8,August,Aug,2022-08,1,1,Monday,0,FY2022,FQ3
2022-08-02,20220802,2022-08-02,2022,3,Q3,2022-Q3,8,August,Aug,2022-08,2,2,Tuesday,0,FY2022,FQ3
2022-08-03,20220803,2022-08-03,2022,3,Q3,2022-Q3,8,August,Aug,2022-08,3,3,Wednesday,0,FY2022,FQ3
2022-08-04,20220804,2022-08-04,2022,3,Q3,2022-Q3,8,August,Aug,2022-08,4,4,Thursday,0,FY2022,FQ3
2022-08-05,20220805,2022-08-05,2022,3,Q3,2022-Q3,8,August,Aug,2022-08,5,5,Friday,0,FY2022,FQ3
2022-08-06,20220806,2022-08-06,2022,3,Q3,2022-Q3,8,August,Aug,2022-08,6,6,Saturday,1,FY2022,FQ3
2022-08-07,20220807,2022-08-07,2022,3,Q3,2022-Q3,8,August,Aug,2022-08,7,7,Sunday,1,FY2022,FQ3
2022-08-08,20220808,2022-08-08,2022,3,Q3,2022-Q3,8,August,Aug,2022-08,8,1,Monday,0,FY2022,FQ3
2022-08-09,20220809,2022-08-09,2022,3,Q3,2022-Q3,8,August,Aug,2022-08,9,2,Tuesday,0,FY2022,FQ3
2022-08-10,20220810,2022-08-10,2022,3,Q3,2022-Q3,8,August,Aug,2022-08,10,3,Wednesday,0,FY2022,FQ3
2022-08-11,20220811,2022-08-11,2022,3,Q3,2022-Q3,8,August,Aug,2022-08,11,4,Thursday,0,FY2022,FQ3
2022-08-12,20220812,2022-08-12,2022,3,Q3,2022-Q3,8,August,Aug,2022-08,12,5,Friday,0,FY2022,FQ3
2022-08-13,20220813,2022-08-13,2022,3,Q3,2022-Q3,8,August,Aug,2022-08,13,6,Saturday,1,FY2022,FQ3
2022-08-14,20220814,2022-08-14,2022,3,Q3,2022-Q3,8,August,Aug,2022-08,14,7,Sunday,1,FY2022,FQ3
2022-08-15,20220815,2022-08-15,2022,3,Q3,2022-Q3,8,August,Aug,2022-08,15,1,Monday,0,FY2022,FQ3
2022-08-16,20220816,2022-08-16,2022,3,Q3,2022-Q3,8,August,Aug,2022-08,16,2,Tuesday,0,FY2022,FQ3
2022-08-17,20220817,2022-08-17,2022,3,Q3,2022-Q3,8,August,Aug,2022-08,17,3,Wednesday,0,FY2022,FQ3
2022-08-18,20220818,2022-08-18,2022,3,Q3,2022-Q3,8,August,Aug,2022-08,18,4,Thursday,0,FY2022,FQ3
2022-08-19,20220819,2022-08-19,2022,3,Q3,2022-Q3,8,August,Aug,2022-08,19,5,Friday,0,FY2022,FQ3
2022-08-20,20220820,2022-08-20,2022,3,Q3,2022-Q3,8,August,Aug,2022-08,20,6,Saturday,1,FY2022,FQ3
2022-08-21,20220821,2022-08-21,2022,3,Q3,2022-Q3,8,August,Aug,2022-08,21,7,Sunday,1,FY2022,FQ3
2022-08-22,20220822,2022-08-22,2022,3,Q3,2022-Q3,8,August,Aug,2022-08,22,1,Monday,0,FY2022,FQ3
2022-08-23,20220823,2022-08-23,2022,3,Q3,2022-Q3,8,August,Aug,2022-08,23,2,Tuesday,0,FY2022,FQ3
2022-08-24,20220824,2022-08-24,2022,3,Q3,2022-Q3,8,August,Aug,2022-08,24,3,Wednesday,0,FY2022,FQ3
2022-08-25,20220825,2022-08-25,2022,3,Q3,2022-Q3,8,August,Aug,2022-08,25,4,Thursday,0,FY2022,FQ3
2022-08-26,20220826,2022-08-26,2022,3,Q3,2022-Q3,8,August,Aug,2022-08,26,5,Friday,0,FY2022,FQ3
2022-08-27,20220827,2022-08-27,2022,3,Q3,2022-Q3,8,August,Aug,2022-08,27,6,Saturday,1,FY2022,FQ3
2022-08-28,20220828,2022-08-28,2022,3,Q3,2022-Q3,8,August,Aug,2022-08,28,7,Sunday,1,FY2022,FQ3
2022-08-29,20220829,2022-08-29,2022,3,Q3,2022-Q3,8,August,Aug,2022-08,29,1,Monday,0,FY2022,FQ3
2022-08-30,20220830,2022-08-30,2022,3,Q3,2022-Q3,8,August,Aug,2022-08,30,2,Tuesday,0,FY2022,FQ3
2022-08-31,20220831,2022-08-31,2022,3,Q3,2022-Q3,8,August,Aug,2022-08,31,3,Wednesday,0,FY2022,FQ3
2022-09-01,20220901,2022-09-01,2022,3,Q3,2022-Q3,9,September,Sep,2022-09,1,4,Thursday,0,FY2022,FQ3
2022-09-02,20220902,2022-09-02,2022,3,Q3,2022-Q3,9,September,Sep,2022-09,2,5,Friday,0,FY2022,FQ3
2022-09-03,20220903,2022-09-03,2022,3,Q3,2022-Q3,9,September,Sep,2022-09,3,6,Saturday,1,FY2022,FQ3
2022-09-04,20220904,2022-09-04,2022,3,Q3,2022-Q3,9,September,Sep,2022-09,4,7,Sunday,1,FY2022,FQ3
2022-09-05,20220905,2022-09-05,2022,3,Q3,2022-Q3,9,September,Sep,2022-09,5,1,Monday,0,FY2022,FQ3
2022-09-06,20220906,2022-09-06,2022,3,Q3,2022-Q3,9,September,Sep,2022-09,6,2,Tuesday,0,FY2022,FQ3
2022-09-07,20220907,2022-09-07,2022,3,Q3,2022-Q3,9,September,Sep,2022-09,7,3,Wednesday,0,FY2022,FQ3
2022-09-08,20220908,2022-09-08,2022,3,Q3,2022-Q3,9,September,Sep,2022-09,8,4,Thursday,0,FY2022,FQ3
2022-09-09,20220909,2022-09-09,2022,3,Q3,2022-Q3,9,September,Sep,2022-09,9,5,Friday,0,FY2022,FQ3
2022-09-10,20220910,2022-09-10,2022,3,Q3,2022-Q3,9,September,Sep,2022-09,10,6,Saturday,1,FY2022,FQ3
2022-09-11,20220911,2022-09-11,2022,3,Q3,2022-Q3,9,September,Sep,2022-09,11,7,Sunday,1,FY2022,FQ3
2022-09-12,20220912,2022-09-12,2022,3,Q3,2022-Q3,9,September,Sep,2022-09,12,1,Monday,0,FY2022,FQ3
2022-09-13,20220913,2022-09-13,2022,3,Q3,2022-Q3,9,September,Sep,2022-09,13,2,Tuesday,0,FY2022,FQ3
2022-09-14,20220914,2022-09-14,2022,3,Q3,2022-Q3,9,September,Sep,2022-09,14,3,Wednesday,0,FY2022,FQ3
2022-09-15,20220915,2022-09-15,2022,3,Q3,2022-Q3,9,September,Sep,2022-09,15,4,Thursday,0,FY2022,FQ3
2022-09-16,20220916,2022-09-16,2022,3,Q3,2022-Q3,9,September,Sep,2022-09,16,5,Friday,0,FY2022,FQ3
2022-09-17,20220917,2022-09-17,2022,3,Q3,2022-Q3,9,September,Sep,2022-09,17,6,Saturday,1,FY2022,FQ3
2022-09-18,20220918,2022-09-18,2022,3,Q3,2022-Q3,9,September,Sep,2022-09,18,7,Sunday,1,FY2022,FQ3
2022-09-19,20220919,2022-09-19,2022,3,Q3,2022-Q3,9,September,Sep,2022-09,19,1,Monday,0,FY2022,FQ3
2022-09-20,20220920,2022-09-20,2022,3,Q3,2022-Q3,9,September,Sep,2022-09,20,2,Tuesday,0,FY2022,FQ3
2022-09-21,20220921,2022-09-21,2022,3,Q3,2022-Q3,9,September,Sep,2022-09,21,3,Wednesday,0,FY2022,FQ3
2022-09-22,20220922,2022-09-22,2022,3,Q3,2022-Q3,9,September,Sep,2022-09,22,4,Thursday,0,FY2022,FQ3
2022-09-23,20220923,2022-09-23,2022,3,Q3,2022-Q3,9,September,Sep,2022-09,23,5,Friday,0,FY2022,FQ3
2022-09-24,20220924,2022-09-24,2022,3,Q3,2022-Q3,9,September,Sep,2022-09,24,6,Saturday,1,FY2022,FQ3
2022-09-25,20220925,2022-09-25,2022,3,Q3,2022-Q3,9,September,Sep,2022-09,25,7,Sunday,1,FY2022,FQ3
2022-09-26,20220926,2022-09-26,2022,3,Q3,2022-Q3,9,September,Sep,2022-09,26,1,Monday,0,FY2022,FQ3
2022-09-27,20220927,2022-09-27,2022,3,Q3,2022-Q3,9,September,Sep,2022-09,27,2,Tuesday,0,FY2022,FQ3
2022-09-28,20220928,2022-09-28,2022,3,Q3,2022-Q3,9,September,Sep,2022-09,28,3,Wednesday,0,FY2022,FQ3
2022-09-29,20220929,2022-09-29,2022,3,Q3,2022-Q3,9,September,Sep,2022-09,29,4,Thursday,0,FY2022,FQ3
2022-09-30,20220930,2022-09-30,2022,3,Q3,2022-Q3,9,September,Sep,2022-09,30,5,Friday,0,FY2022,FQ3
2022-10-01,20221001,2022-10-01,2022,4,Q4,2022-Q4,10,October,Oct,2022-10,1,6,Saturday,1,FY2022,FQ4
2022-10-02,20221002,2022-10-02,2022,4,Q4,2022-Q4,10,October,Oct,2022-10,2,7,Sunday,1,FY2022,FQ4
2022-10-03,20221003,2022-10-03,2022,4,Q4,2022-Q4,10,October,Oct,2022-10,3,1,Monday,0,FY2022,FQ4
2022-10-04,20221004,2022-10-04,2022,4,Q4,2022-Q4,10,October,Oct,2022-10,4,2,Tuesday,0,FY2022,FQ4
2022-10-05,20221005,2022-10-05,2022,4,Q4,2022-Q4,10,October,Oct,2022-10,5,3,Wednesday,0,FY2022,FQ4
2022-10-06,20221006,2022-10-06,2022,4,Q4,2022-Q4,10,October,Oct,2022-10,6,4,Thursday,0,FY2022,FQ4
2022-10-07,20221007,2022-10-07,2022,4,Q4,2022-Q4,10,October,Oct,2022-10,7,5,Friday,0,FY2022,FQ4
2022-10-08,20221008,2022-10-08,2022,4,Q4,2022-Q4,10,October,Oct,2022-10,8,6,Saturday,1,FY2022,FQ4
2022-10-09,20221009,2022-10-09,2022,4,Q4,2022-Q4,10,October,Oct,2022-10,9,7,Sunday,1,FY2022,FQ4
2022-10-10,20221010,2022-10-10,2022,4,Q4,2022-Q4,10,October,Oct,2022-10,10,1,Monday,0,FY2022,FQ4
2022-10-11,20221011,2022-10-11,2022,4,Q4,2022-Q4,10,October,Oct,2022-10,11,2,Tuesday,0,FY2022,FQ4
2022-10-12,20221012,2022-10-12,2022,4,Q4,2022-Q4,10,October,Oct,2022-10,12,3,Wednesday,0,FY2022,FQ4
2022-10-13,20221013,2022-10-13,2022,4,Q4,2022-Q4,10,October,Oct,2022-10,13,4,Thursday,0,FY2022,FQ4
2022-10-14,20221014,2022-10-14,2022,4,Q4,2022-Q4,10,October,Oct,2022-10,14,5,Friday,0,FY2022,FQ4
2022-10-15,20221015,2022-10-15,2022,4,Q4,2022-Q4,10,October,Oct,2022-10,15,6,Saturday,1,FY2022,FQ4
2022-10-16,20221016,2022-10-16,2022,4,Q4,2022-Q4,10,October,Oct,2022-10,16,7,Sunday,1,FY2022,FQ4
2022-10-17,20221017,2022-10-17,2022,4,Q4,2022-Q4,10,October,Oct,2022-10,17,1,Monday,0,FY2022,FQ4
2022-10-18,20221018,2022-10-18,2022,4,Q4,2022-Q4,10,October,Oct,2022-10,18,2,Tuesday,0,FY2022,FQ4
2022-10-19,20221019,2022-10-19,2022,4,Q4,2022-Q4,10,October,Oct,2022-10,19,3,Wednesday,0,FY2022,FQ4
2022-10-20,20221020,2022-10-20,2022,4,Q4,2022-Q4,10,October,Oct,2022-10,20,4,Thursday,0,FY2022,FQ4
2022-10-21,20221021,2022-10-21,2022,4,Q4,2022-Q4,10,October,Oct,2022-10,21,5,Friday,0,FY2022,FQ4
2022-10-22,20221022,2022-10-22,2022,4,Q4,2022-Q4,10,October,Oct,2022-10,22,6,Saturday,1,FY2022,FQ4
2022-10-23,20221023,2022-10-23,2022,4,Q4,2022-Q4,10,October,Oct,2022-10,23,7,Sunday,1,FY2022,FQ4
2022-10-24,20221024,2022-10-24,2022,4,Q4,2022-Q4,10,October,Oct,2022-10,24,1,Monday,0,FY2022,FQ4
2022-10-25,20221025,2022-10-25,2022,4,Q4,2022-Q4,10,October,Oct,2022-10,25,2,Tuesday,0,FY2022,FQ4
2022-10-26,20221026,2022-10-26,2022,4,Q4,2022-Q4,10,October,Oct,2022-10,26,3,Wednesday,0,FY2022,FQ4
2022-10-27,20221027,2022-10-27,2022,4,Q4,2022-Q4,10,October,Oct,2022-10,27,4,Thursday,0,FY2022,FQ4
2022-10-28,20221028,2022-10-28,2022,4,Q4,2022-Q4,10,October,Oct,2022-10,28,5,Friday,0,FY2022,FQ4
2022-10-29,20221029,2022-10-29,2022,4,Q4,2022-Q4,10,October,Oct,2022-10,29,6,Saturday,1,FY2022,FQ4
2022-10-30,20221030,2022-10-30,2022,4,Q4,2022-Q4,10,October,Oct,2022-10,30,7,Sunday,1,FY2022,FQ4
2022-10-31,20221031,2022-10-31,2022,4,Q4,2022-Q4,10,October,Oct,2022-10,31,1,Monday,0,FY2022,FQ4
2022-11-01,20221101,2022-11-01,2022,4,Q4,2022-Q4,11,November,Nov,2022-11,1,2,Tuesday,0,FY2022,FQ4
2022-11-02,20221102,2022-11-02,2022,4,Q4,2022-Q4,11,November,Nov,2022-11,2,3,Wednesday,0,FY2022,FQ4
2022-11-03,20221103,2022-11-03,2022,4,Q4,2022-Q4,11,November,Nov,2022-11,3,4,Thursday,0,FY2022,FQ4
2022-11-04,20221104,2022-11-04,2022,4,Q4,2022-Q4,11,November,Nov,2022-11,4,5,Friday,0,FY2022,FQ4
2022-11-05,20221105,2022-11-05,2022,4,Q4,2022-Q4,11,November,Nov,2022-11,5,6,Saturday,1,FY2022,FQ4
2022-11-06,20221106,2022-11-06,2022,4,Q4,2022-Q4,11,November,Nov,2022-11,6,7,Sunday,1,FY2022,FQ4
2022-11-07,20221107,2022-11-07,2022,4,Q4,2022-Q4,11,November,Nov,2022-11,7,1,Monday,0,FY2022,FQ4
2022-11-08,20221108,2022-11-08,2022,4,Q4,2022-Q4,11,November,Nov,2022-11,8,2,Tuesday,0,FY2022,FQ4
2022-11-09,20221109,2022-11-09,2022,4,Q4,2022-Q4,11,November,Nov,2022-11,9,3,Wednesday,0,FY2022,FQ4
2022-11-10,20221110,2022-11-10,2022,4,Q4,2022-Q4,11,November,Nov,2022-11,10,4,Thursday,0,FY2022,FQ4
2022-11-11,20221111,2022-11-11,2022,4,Q4,2022-Q4,11,November,Nov,2022-11,11,5,Friday,0,FY2022,FQ4
2022-11-12,20221112,2022-11-12,2022,4,Q4,2022-Q4,11,November,Nov,2022-11,12,6,Saturday,1,FY2022,FQ4
2022-11-13,20221113,2022-11-13,2022,4,Q4,2022-Q4,11,November,Nov,2022-11,13,7,Sunday,1,FY2022,FQ4
2022-11-14,20221114,2022-11-14,2022,4,Q4,2022-Q4,11,November,Nov,2022-11,14,1,Monday,0,FY2022,FQ4
2022-11-15,20221115,2022-11-15,2022,4,Q4,2022-Q4,11,November,Nov,2022-11,15,2,Tuesday,0,FY2022,FQ4
2022-11-16,20221116,2022-11-16,2022,4,Q4,2022-Q4,11,November,Nov,2022-11,16,3,Wednesday,0,FY2022,FQ4
2022-11-17,20221117,2022-11-17,2022,4,Q4,2022-Q4,11,November,Nov,2022-11,17,4,Thursday,0,FY2022,FQ4
2022-11-18,20221118,2022-11-18,2022,4,Q4,2022-Q4,11,November,Nov,2022-11,18,5,Friday,0,FY2022,FQ4
2022-11-19,20221119,2022-11-19,2022,4,Q4,2022-Q4,11,November,Nov,2022-11,19,6,Saturday,1,FY2022,FQ4
2022-11-20,20221120,2022-11-20,2022,4,Q4,2022-Q4,11,November,Nov,2022-11,20,7,Sunday,1,FY2022,FQ4
2022-11-21,20221121,2022-11-21,2022,4,Q4,2022-Q4,11,November,Nov,2022-11,21,1,Monday,0,FY2022,FQ4
2022-11-22,20221122,2022-11-22,2022,4,Q4,2022-Q4,11,November,Nov,2022-11,22,2,Tuesday,0,FY2022,FQ4
2022-11-23,20221123,2022-11-23,2022,4,Q4,2022-Q4,11,November,Nov,2022-11,23,3,Wednesday,0,FY2022,FQ4
2022-11-24,20221124,2022-11-24,2022,4,Q4,2022-Q4,11,November,Nov,2022-11,24,4,Thursday,0,FY2022,FQ4
2022-11-25,20221125,2022-11-25,2022,4,Q4,2022-Q4,11,November,Nov,2022-11,25,5,Friday,0,FY2022,FQ4
2022-11-26,20221126,2022-11-26,2022,4,Q4,2022-Q4,11,November,Nov,2022-11,26,6,Saturday,1,FY2022,FQ4
2022-11-27,20221127,2022-11-27,2022,4,Q4,2022-Q4,11,November,Nov,2022-11,27,7,Sunday,1,FY2022,FQ4
2022-11-28,20221128,2022-11-28,2022,4,Q4,2022-Q4,11,November,Nov,2022-11,28,1,Monday,0,FY2022,FQ4
2022-11-29,20221129,2022-11-29,2022,4,Q4,2022-Q4,11,November,Nov,2022-11,29,2,Tuesday,0,FY2022,FQ4
2022-11-30,20221130,2022-11-30,2022,4,Q4,2022-Q4,11,November,Nov,2022-11,30,3,Wednesday,0,FY2022,FQ4
2022-12-01,20221201,2022-12-01,2022,4,Q4,2022-Q4,12,December,Dec,2022-12,1,4,Thursday,0,FY2022,FQ4
2022-12-02,20221202,2022-12-02,2022,4,Q4,2022-Q4,12,December,Dec,2022-12,2,5,Friday,0,FY2022,FQ4
2022-12-03,20221203,2022-12-03,2022,4,Q4,2022-Q4,12,December,Dec,2022-12,3,6,Saturday,1,FY2022,FQ4
2022-12-04,20221204,2022-12-04,2022,4,Q4,2022-Q4,12,December,Dec,2022-12,4,7,Sunday,1,FY2022,FQ4
2022-12-05,20221205,2022-12-05,2022,4,Q4,2022-Q4,12,December,Dec,2022-12,5,1,Monday,0,FY2022,FQ4
2022-12-06,20221206,2022-12-06,2022,4,Q4,2022-Q4,12,December,Dec,2022-12,6,2,Tuesday,0,FY2022,FQ4
2022-12-07,20221207,2022-12-07,2022,4,Q4,2022-Q4,12,December,Dec,2022-12,7,3,Wednesday,0,FY2022,FQ4
2022-12-08,20221208,2022-12-08,2022,4,Q4,2022-Q4,12,December,Dec,2022-12,8,4,Thursday,0,FY2022,FQ4
2022-12-09,20221209,2022-12-09,2022,4,Q4,2022-Q4,12,December,Dec,2022-12,9,5,Friday,0,FY2022,FQ4
2022-12-10,20221210,2022-12-10,2022,4,Q4,2022-Q4,12,December,Dec,2022-12,10,6,Saturday,1,FY2022,FQ4
2022-12-11,20221211,2022-12-11,2022,4,Q4,2022-Q4,12,December,Dec,2022-12,11,7,Sunday,1,FY2022,FQ4
2022-12-12,20221212,2022-12-12,2022,4,Q4,2022-Q4,12,December,Dec,2022-12,12,1,Monday,0,FY2022,FQ4
2022-12-13,20221213,2022-12-13,2022,4,Q4,2022-Q4,12,December,Dec,2022-12,13,2,Tuesday,0,FY2022,FQ4
2022-12-14,20221214,2022-12-14,2022,4,Q4,2022-Q4,12,December,Dec,2022-12,14,3,Wednesday,0,FY2022,FQ4
2022-12-15,20221215,2022-12-15,2022,4,Q4,2022-Q4,12,December,Dec,2022-12,15,4,Thursday,0,FY2022,FQ4
2022-12-16,20221216,2022-12-16,2022,4,Q4,2022-Q4,12,December,Dec,2022-12,16,5,Friday,0,FY2022,FQ4
2022-12-17,20221217,2022-12-17,2022,4,Q4,2022-Q4,12,December,Dec,2022-12,17,6,Saturday,1,FY2022,FQ4
2022-12-18,20221218,2022-12-18,2022,4,Q4,2022-Q4,12,December,Dec,2022-12,18,7,Sunday,1,FY2022,FQ4
2022-12-19,20221219,2022-12-19,2022,4,Q4,2022-Q4,12,December,Dec,2022-12,19,1,Monday,0,FY2022,FQ4
2022-12-20,20221220,2022-12-20,2022,4,Q4,2022-Q4,12,December,Dec,2022-12,20,2,Tuesday,0,FY2022,FQ4
2022-12-21,20221221,2022-12-21,2022,4,Q4,2022-Q4,12,December,Dec,2022-12,21,3,Wednesday,0,FY2022,FQ4
2022-12-22,20221222,2022-12-22,2022,4,Q4,2022-Q4,12,December,Dec,2022-12,22,4,Thursday,0,FY2022,FQ4
2022-12-23,20221223,2022-12-23,2022,4,Q4,2022-Q4,12,December,Dec,2022-12,23,5,Friday,0,FY2022,FQ4
2022-12-24,20221224,2022-12-24,2022,4,Q4,2022-Q4,12,December,Dec,2022-12,24,6,Saturday,1,FY2022,FQ4
2022-12-25,20221225,2022-12-25,2022,4,Q4,2022-Q4,12,December,Dec,2022-12,25,7,Sunday,1,FY2022,FQ4
2022-12-26,20221226,2022-12-26,2022,4,Q4,2022-Q4,12,December,Dec,2022-12,26,1,Monday,0,FY2022,FQ4
2022-12-27,20221227,2022-12-27,2022,4,Q4,2022-Q4,12,December,Dec,2022-12,27,2,Tuesday,0,FY2022,FQ4
2022-12-28,20221228,2022-12-28,2022,4,Q4,2022-Q4,12,December,Dec,2022-12,28,3,Wednesday,0,FY2022,FQ4
2022-12-29,20221229,2022-12-29,2022,4,Q4,2022-Q4,12,December,Dec,2022-12,29,4,Thursday,0,FY2022,FQ4
2022-12-30,20221230,2022-12-30,2022,4,Q4,2022-Q4,12,December,Dec,2022-12,30,5,Friday,0,FY2022,FQ4
2022-12-31,20221231,2022-12-31,2022,4,Q4,2022-Q4,12,December,Dec,2022-12,31,6,Saturday,1,FY2022,FQ4
2023-01-01,20230101,2023-01-01,2023,1,Q1,2023-Q1,1,January,Jan,2023-01,1,7,Sunday,1,FY2023,FQ1
2023-01-02,20230102,2023-01-02,2023,1,Q1,2023-Q1,1,January,Jan,2023-01,2,1,Monday,0,FY2023,FQ1
2023-01-03,20230103,2023-01-03,2023,1,Q1,2023-Q1,1,January,Jan,2023-01,3,2,Tuesday,0,FY2023,FQ1
2023-01-04,20230104,2023-01-04,2023,1,Q1,2023-Q1,1,January,Jan,2023-01,4,3,Wednesday,0,FY2023,FQ1
2023-01-05,20230105,2023-01-05,2023,1,Q1,2023-Q1,1,January,Jan,2023-01,5,4,Thursday,0,FY2023,FQ1
2023-01-06,20230106,2023-01-06,2023,1,Q1,2023-Q1,1,January,Jan,2023-01,6,5,Friday,0,FY2023,FQ1
2023-01-07,20230107,2023-01-07,2023,1,Q1,2023-Q1,1,January,Jan,2023-01,7,6,Saturday,1,FY2023,FQ1
2023-01-08,20230108,2023-01-08,2023,1,Q1,2023-Q1,1,January,Jan,2023-01,8,7,Sunday,1,FY2023,FQ1
2023-01-09,20230109,2023-01-09,2023,1,Q1,2023-Q1,1,January,Jan,2023-01,9,1,Monday,0,FY2023,FQ1
2023-01-10,20230110,2023-01-10,2023,1,Q1,2023-Q1,1,January,Jan,2023-01,10,2,Tuesday,0,FY2023,FQ1
2023-01-11,20230111,2023-01-11,2023,1,Q1,2023-Q1,1,January,Jan,2023-01,11,3,Wednesday,0,FY2023,FQ1
2023-01-12,20230112,2023-01-12,2023,1,Q1,2023-Q1,1,January,Jan,2023-01,12,4,Thursday,0,FY2023,FQ1
2023-01-13,20230113,2023-01-13,2023,1,Q1,2023-Q1,1,January,Jan,2023-01,13,5,Friday,0,FY2023,FQ1
2023-01-14,20230114,2023-01-14,2023,1,Q1,2023-Q1,1,January,Jan,2023-01,14,6,Saturday,1,FY2023,FQ1
2023-01-15,20230115,2023-01-15,2023,1,Q1,2023-Q1,1,January,Jan,2023-01,15,7,Sunday,1,FY2023,FQ1
2023-01-16,20230116,2023-01-16,2023,1,Q1,2023-Q1,1,January,Jan,2023-01,16,1,Monday,0,FY2023,FQ1
2023-01-17,20230117,2023-01-17,2023,1,Q1,2023-Q1,1,January,Jan,2023-01,17,2,Tuesday,0,FY2023,FQ1
2023-01-18,20230118,2023-01-18,2023,1,Q1,2023-Q1,1,January,Jan,2023-01,18,3,Wednesday,0,FY2023,FQ1
2023-01-19,20230119,2023-01-19,2023,1,Q1,2023-Q1,1,January,Jan,2023-01,19,4,Thursday,0,FY2023,FQ1
2023-01-20,20230120,2023-01-20,2023,1,Q1,2023-Q1,1,January,Jan,2023-01,20,5,Friday,0,FY2023,FQ1
2023-01-21,20230121,2023-01-21,2023,1,Q1,2023-Q1,1,January,Jan,2023-01,21,6,Saturday,1,FY2023,FQ1
2023-01-22,20230122,2023-01-22,2023,1,Q1,2023-Q1,1,January,Jan,2023-01,22,7,Sunday,1,FY2023,FQ1
2023-01-23,20230123,2023-01-23,2023,1,Q1,2023-Q1,1,January,Jan,2023-01,23,1,Monday,0,FY2023,FQ1
2023-01-24,20230124,2023-01-24,2023,1,Q1,2023-Q1,1,January,Jan,2023-01,24,2,Tuesday,0,FY2023,FQ1
2023-01-25,20230125,2023-01-25,2023,1,Q1,2023-Q1,1,January,Jan,2023-01,25,3,Wednesday,0,FY2023,FQ1
2023-01-26,20230126,2023-01-26,2023,1,Q1,2023-Q1,1,January,Jan,2023-01,26,4,Thursday,0,FY2023,FQ1
2023-01-27,20230127,2023-01-27,2023,1,Q1,2023-Q1,1,January,Jan,2023-01,27,5,Friday,0,FY2023,FQ1
2023-01-28,20230128,2023-01-28,2023,1,Q1,2023-Q1,1,January,Jan,2023-01,28,6,Saturday,1,FY2023,FQ1
2023-01-29,20230129,2023-01-29,2023,1,Q1,2023-Q1,1,January,Jan,2023-01,29,7,Sunday,1,FY2023,FQ1
2023-01-30,20230130,2023-01-30,2023,1,Q1,2023-Q1,1,January,Jan,2023-01,30,1,Monday,0,FY2023,FQ1
2023-01-31,20230131,2023-01-31,2023,1,Q1,2023-Q1,1,January,Jan,2023-01,31,2,Tuesday,0,FY2023,FQ1
2023-02-01,20230201,2023-02-01,2023,1,Q1,2023-Q1,2,February,Feb,2023-02,1,3,Wednesday,0,FY2023,FQ1
2023-02-02,20230202,2023-02-02,2023,1,Q1,2023-Q1,2,February,Feb,2023-02,2,4,Thursday,0,FY2023,FQ1
2023-02-03,20230203,2023-02-03,2023,1,Q1,2023-Q1,2,February,Feb,2023-02,3,5,Friday,0,FY2023,FQ1
2023-02-04,20230204,2023-02-04,2023,1,Q1,2023-Q1,2,February,Feb,2023-02,4,6,Saturday,1,FY2023,FQ1
2023-02-05,20230205,2023-02-05,2023,1,Q1,2023-Q1,2,February,Feb,2023-02,5,7,Sunday,1,FY2023,FQ1
2023-02-06,20230206,2023-02-06,2023,1,Q1,2023-Q1,2,February,Feb,2023-02,6,1,Monday,0,FY2023,FQ1
2023-02-07,20230207,2023-02-07,2023,1,Q1,2023-Q1,2,February,Feb,2023-02,7,2,Tuesday,0,FY2023,FQ1
2023-02-08,20230208,2023-02-08,2023,1,Q1,2023-Q1,2,February,Feb,2023-02,8,3,Wednesday,0,FY2023,FQ1
2023-02-09,20230209,2023-02-09,2023,1,Q1,2023-Q1,2,February,Feb,2023-02,9,4,Thursday,0,FY2023,FQ1
2023-02-10,20230210,2023-02-10,2023,1,Q1,2023-Q1,2,February,Feb,2023-02,10,5,Friday,0,FY2023,FQ1
2023-02-11,20230211,2023-02-11,2023,1,Q1,2023-Q1,2,February,Feb,2023-02,11,6,Saturday,1,FY2023,FQ1
2023-02-12,20230212,2023-02-12,2023,1,Q1,2023-Q1,2,February,Feb,2023-02,12,7,Sunday,1,FY2023,FQ1
2023-02-13,20230213,2023-02-13,2023,1,Q1,2023-Q1,2,February,Feb,2023-02,13,1,Monday,0,FY2023,FQ1
2023-02-14,20230214,2023-02-14,2023,1,Q1,2023-Q1,2,February,Feb,2023-02,14,2,Tuesday,0,FY2023,FQ1
2023-02-15,20230215,2023-02-15,2023,1,Q1,2023-Q1,2,February,Feb,2023-02,15,3,Wednesday,0,FY2023,FQ1
2023-02-16,20230216,2023-02-16,2023,1,Q1,2023-Q1,2,February,Feb,2023-02,16,4,Thursday,0,FY2023,FQ1
2023-02-17,20230217,2023-02-17,2023,1,Q1,2023-Q1,2,February,Feb,2023-02,17,5,Friday,0,FY2023,FQ1
2023-02-18,20230218,2023-02-18,2023,1,Q1,2023-Q1,2,February,Feb,2023-02,18,6,Saturday,1,FY2023,FQ1
2023-02-19,20230219,2023-02-19,2023,1,Q1,2023-Q1,2,February,Feb,2023-02,19,7,Sunday,1,FY2023,FQ1
2023-02-20,20230220,2023-02-20,2023,1,Q1,2023-Q1,2,February,Feb,2023-02,20,1,Monday,0,FY2023,FQ1
2023-02-21,20230221,2023-02-21,2023,1,Q1,2023-Q1,2,February,Feb,2023-02,21,2,Tuesday,0,FY2023,FQ1
2023-02-22,20230222,2023-02-22,2023,1,Q1,2023-Q1,2,February,Feb,2023-02,22,3,Wednesday,0,FY2023,FQ1
2023-02-23,20230223,2023-02-23,2023,1,Q1,2023-Q1,2,February,Feb,2023-02,23,4,Thursday,0,FY2023,FQ1
2023-02-24,20230224,2023-02-24,2023,1,Q1,2023-Q1,2,February,Feb,2023-02,24,5,Friday,0,FY2023,FQ1
2023-02-25,20230225,2023-02-25,2023,1,Q1,2023-Q1,2,February,Feb,2023-02,25,6,Saturday,1,FY2023,FQ1
2023-02-26,20230226,2023-02-26,2023,1,Q1,2023-Q1,2,February,Feb,2023-02,26,7,Sunday,1,FY2023,FQ1
2023-02-27,20230227,2023-02-27,2023,1,Q1,2023-Q1,2,February,Feb,2023-02,27,1,Monday,0,FY2023,FQ1
2023-02-28,20230228,2023-02-28,2023,1,Q1,2023-Q1,2,February,Feb,2023-02,28,2,Tuesday,0,FY2023,FQ1
2023-03-01,20230301,2023-03-01,2023,1,Q1,2023-Q1,3,March,Mar,2023-03,1,3,Wednesday,0,FY2023,FQ1
2023-03-02,20230302,2023-03-02,2023,1,Q1,2023-Q1,3,March,Mar,2023-03,2,4,Thursday,0,FY2023,FQ1
2023-03-03,20230303,2023-03-03,2023,1,Q1,2023-Q1,3,March,Mar,2023-03,3,5,Friday,0,FY2023,FQ1
2023-03-04,20230304,2023-03-04,2023,1,Q1,2023-Q1,3,March,Mar,2023-03,4,6,Saturday,1,FY2023,FQ1
2023-03-05,20230305,2023-03-05,2023,1,Q1,2023-Q1,3,March,Mar,2023-03,5,7,Sunday,1,FY2023,FQ1
2023-03-06,20230306,2023-03-06,2023,1,Q1,2023-Q1,3,March,Mar,2023-03,6,1,Monday,0,FY2023,FQ1
2023-03-07,20230307,2023-03-07,2023,1,Q1,2023-Q1,3,March,Mar,2023-03,7,2,Tuesday,0,FY2023,FQ1
2023-03-08,20230308,2023-03-08,2023,1,Q1,2023-Q1,3,March,Mar,2023-03,8,3,Wednesday,0,FY2023,FQ1
2023-03-09,20230309,2023-03-09,2023,1,Q1,2023-Q1,3,March,Mar,2023-03,9,4,Thursday,0,FY2023,FQ1
2023-03-10,20230310,2023-03-10,2023,1,Q1,2023-Q1,3,March,Mar,2023-03,10,5,Friday,0,FY2023,FQ1
2023-03-11,20230311,2023-03-11,2023,1,Q1,2023-Q1,3,March,Mar,2023-03,11,6,Saturday,1,FY2023,FQ1
2023-03-12,20230312,2023-03-12,2023,1,Q1,2023-Q1,3,March,Mar,2023-03,12,7,Sunday,1,FY2023,FQ1
2023-03-13,20230313,2023-03-13,2023,1,Q1,2023-Q1,3,March,Mar,2023-03,13,1,Monday,0,FY2023,FQ1
2023-03-14,20230314,2023-03-14,2023,1,Q1,2023-Q1,3,March,Mar,2023-03,14,2,Tuesday,0,FY2023,FQ1
2023-03-15,20230315,2023-03-15,2023,1,Q1,2023-Q1,3,March,Mar,2023-03,15,3,Wednesday,0,FY2023,FQ1
2023-03-16,20230316,2023-03-16,2023,1,Q1,2023-Q1,3,March,Mar,2023-03,16,4,Thursday,0,FY2023,FQ1
2023-03-17,20230317,2023-03-17,2023,1,Q1,2023-Q1,3,March,Mar,2023-03,17,5,Friday,0,FY2023,FQ1
2023-03-18,20230318,2023-03-18,2023,1,Q1,2023-Q1,3,March,Mar,2023-03,18,6,Saturday,1,FY2023,FQ1
2023-03-19,20230319,2023-03-19,2023,1,Q1,2023-Q1,3,March,Mar,2023-03,19,7,Sunday,1,FY2023,FQ1
2023-03-20,20230320,2023-03-20,2023,1,Q1,2023-Q1,3,March,Mar,2023-03,20,1,Monday,0,FY2023,FQ1
2023-03-21,20230321,2023-03-21,2023,1,Q1,2023-Q1,3,March,Mar,2023-03,21,2,Tuesday,0,FY2023,FQ1
2023-03-22,20230322,2023-03-22,2023,1,Q1,2023-Q1,3,March,Mar,2023-03,22,3,Wednesday,0,FY2023,FQ1
2023-03-23,20230323,2023-03-23,2023,1,Q1,2023-Q1,3,March,Mar,2023-03,23,4,Thursday,0,FY2023,FQ1
2023-03-24,20230324,2023-03-24,2023,1,Q1,2023-Q1,3,March,Mar,2023-03,24,5,Friday,0,FY2023,FQ1
2023-03-25,20230325,2023-03-25,2023,1,Q1,2023-Q1,3,March,Mar,2023-03,25,6,Saturday,1,FY2023,FQ1
2023-03-26,20230326,2023-03-26,2023,1,Q1,2023-Q1,3,March,Mar,2023-03,26,7,Sunday,1,FY2023,FQ1
2023-03-27,20230327,2023-03-27,2023,1,Q1,2023-Q1,3,March,Mar,2023-03,27,1,Monday,0,FY2023,FQ1
2023-03-28,20230328,2023-03-28,2023,1,Q1,2023-Q1,3,March,Mar,2023-03,28,2,Tuesday,0,FY2023,FQ1
2023-03-29,20230329,2023-03-29,2023,1,Q1,2023-Q1,3,March,Mar,2023-03,29,3,Wednesday,0,FY2023,FQ1
2023-03-30,20230330,2023-03-30,2023,1,Q1,2023-Q1,3,March,Mar,2023-03,30,4,Thursday,0,FY2023,FQ1
2023-03-31,20230331,2023-03-31,2023,1,Q1,2023-Q1,3,March,Mar,2023-03,31,5,Friday,0,FY2023,FQ1
2023-04-01,20230401,2023-04-01,2023,2,Q2,2023-Q2,4,April,Apr,2023-04,1,6,Saturday,1,FY2023,FQ2
2023-04-02,20230402,2023-04-02,2023,2,Q2,2023-Q2,4,April,Apr,2023-04,2,7,Sunday,1,FY2023,FQ2
2023-04-03,20230403,2023-04-03,2023,2,Q2,2023-Q2,4,April,Apr,2023-04,3,1,Monday,0,FY2023,FQ2
2023-04-04,20230404,2023-04-04,2023,2,Q2,2023-Q2,4,April,Apr,2023-04,4,2,Tuesday,0,FY2023,FQ2
2023-04-05,20230405,2023-04-05,2023,2,Q2,2023-Q2,4,April,Apr,2023-04,5,3,Wednesday,0,FY2023,FQ2
2023-04-06,20230406,2023-04-06,2023,2,Q2,2023-Q2,4,April,Apr,2023-04,6,4,Thursday,0,FY2023,FQ2
2023-04-07,20230407,2023-04-07,2023,2,Q2,2023-Q2,4,April,Apr,2023-04,7,5,Friday,0,FY2023,FQ2
2023-04-08,20230408,2023-04-08,2023,2,Q2,2023-Q2,4,April,Apr,2023-04,8,6,Saturday,1,FY2023,FQ2
2023-04-09,20230409,2023-04-09,2023,2,Q2,2023-Q2,4,April,Apr,2023-04,9,7,Sunday,1,FY2023,FQ2
2023-04-10,20230410,2023-04-10,2023,2,Q2,2023-Q2,4,April,Apr,2023-04,10,1,Monday,0,FY2023,FQ2
2023-04-11,20230411,2023-04-11,2023,2,Q2,2023-Q2,4,April,Apr,2023-04,11,2,Tuesday,0,FY2023,FQ2
2023-04-12,20230412,2023-04-12,2023,2,Q2,2023-Q2,4,April,Apr,2023-04,12,3,Wednesday,0,FY2023,FQ2
2023-04-13,20230413,2023-04-13,2023,2,Q2,2023-Q2,4,April,Apr,2023-04,13,4,Thursday,0,FY2023,FQ2
2023-04-14,20230414,2023-04-14,2023,2,Q2,2023-Q2,4,April,Apr,2023-04,14,5,Friday,0,FY2023,FQ2
2023-04-15,20230415,2023-04-15,2023,2,Q2,2023-Q2,4,April,Apr,2023-04,15,6,Saturday,1,FY2023,FQ2
2023-04-16,20230416,2023-04-16,2023,2,Q2,2023-Q2,4,April,Apr,2023-04,16,7,Sunday,1,FY2023,FQ2
2023-04-17,20230417,2023-04-17,2023,2,Q2,2023-Q2,4,April,Apr,2023-04,17,1,Monday,0,FY2023,FQ2
2023-04-18,20230418,2023-04-18,2023,2,Q2,2023-Q2,4,April,Apr,2023-04,18,2,Tuesday,0,FY2023,FQ2
2023-04-19,20230419,2023-04-19,2023,2,Q2,2023-Q2,4,April,Apr,2023-04,19,3,Wednesday,0,FY2023,FQ2
2023-04-20,20230420,2023-04-20,2023,2,Q2,2023-Q2,4,April,Apr,2023-04,20,4,Thursday,0,FY2023,FQ2
2023-04-21,20230421,2023-04-21,2023,2,Q2,2023-Q2,4,April,Apr,2023-04,21,5,Friday,0,FY2023,FQ2
2023-04-22,20230422,2023-04-22,2023,2,Q2,2023-Q2,4,April,Apr,2023-04,22,6,Saturday,1,FY2023,FQ2
2023-04-23,20230423,2023-04-23,2023,2,Q2,2023-Q2,4,April,Apr,2023-04,23,7,Sunday,1,FY2023,FQ2
2023-04-24,20230424,2023-04-24,2023,2,Q2,2023-Q2,4,April,Apr,2023-04,24,1,Monday,0,FY2023,FQ2
2023-04-25,20230425,2023-04-25,2023,2,Q2,2023-Q2,4,April,Apr,2023-04,25,2,Tuesday,0,FY2023,FQ2
2023-04-26,20230426,2023-04-26,2023,2,Q2,2023-Q2,4,April,Apr,2023-04,26,3,Wednesday,0,FY2023,FQ2
2023-04-27,20230427,2023-04-27,2023,2,Q2,2023-Q2,4,April,Apr,2023-04,27,4,Thursday,0,FY2023,FQ2
2023-04-28,20230428,2023-04-28,2023,2,Q2,2023-Q2,4,April,Apr,2023-04,28,5,Friday,0,FY2023,FQ2
2023-04-29,20230429,2023-04-29,2023,2,Q2,2023-Q2,4,April,Apr,2023-04,29,6,Saturday,1,FY2023,FQ2
2023-04-30,20230430,2023-04-30,2023,2,Q2,2023-Q2,4,April,Apr,2023-04,30,7,Sunday,1,FY2023,FQ2
2023-05-01,20230501,2023-05-01,2023,2,Q2,2023-Q2,5,May,May,2023-05,1,1,Monday,0,FY2023,FQ2
2023-05-02,20230502,2023-05-02,2023,2,Q2,2023-Q2,5,May,May,2023-05,2,2,Tuesday,0,FY2023,FQ2
2023-05-03,20230503,2023-05-03,2023,2,Q2,2023-Q2,5,May,May,2023-05,3,3,Wednesday,0,FY2023,FQ2
2023-05-04,20230504,2023-05-04,2023,2,Q2,2023-Q2,5,May,May,2023-05,4,4,Thursday,0,FY2023,FQ2
2023-05-05,20230505,2023-05-05,2023,2,Q2,2023-Q2,5,May,May,2023-05,5,5,Friday,0,FY2023,FQ2
2023-05-06,20230506,2023-05-06,2023,2,Q2,2023-Q2,5,May,May,2023-05,6,6,Saturday,1,FY2023,FQ2
2023-05-07,20230507,2023-05-07,2023,2,Q2,2023-Q2,5,May,May,2023-05,7,7,Sunday,1,FY2023,FQ2
2023-05-08,20230508,2023-05-08,2023,2,Q2,2023-Q2,5,May,May,2023-05,8,1,Monday,0,FY2023,FQ2
2023-05-09,20230509,2023-05-09,2023,2,Q2,2023-Q2,5,May,May,2023-05,9,2,Tuesday,0,FY2023,FQ2
2023-05-10,20230510,2023-05-10,2023,2,Q2,2023-Q2,5,May,May,2023-05,10,3,Wednesday,0,FY2023,FQ2
2023-05-11,20230511,2023-05-11,2023,2,Q2,2023-Q2,5,May,May,2023-05,11,4,Thursday,0,FY2023,FQ2
2023-05-12,20230512,2023-05-12,2023,2,Q2,2023-Q2,5,May,May,2023-05,12,5,Friday,0,FY2023,FQ2
2023-05-13,20230513,2023-05-13,2023,2,Q2,2023-Q2,5,May,May,2023-05,13,6,Saturday,1,FY2023,FQ2
2023-05-14,20230514,2023-05-14,2023,2,Q2,2023-Q2,5,May,May,2023-05,14,7,Sunday,1,FY2023,FQ2
2023-05-15,20230515,2023-05-15,2023,2,Q2,2023-Q2,5,May,May,2023-05,15,1,Monday,0,FY2023,FQ2
2023-05-16,20230516,2023-05-16,2023,2,Q2,2023-Q2,5,May,May,2023-05,16,2,Tuesday,0,FY2023,FQ2
2023-05-17,20230517,2023-05-17,2023,2,Q2,2023-Q2,5,May,May,2023-05,17,3,Wednesday,0,FY2023,FQ2
2023-05-18,20230518,2023-05-18,2023,2,Q2,2023-Q2,5,May,May,2023-05,18,4,Thursday,0,FY2023,FQ2
2023-05-19,20230519,2023-05-19,2023,2,Q2,2023-Q2,5,May,May,2023-05,19,5,Friday,0,FY2023,FQ2
2023-05-20,20230520,2023-05-20,2023,2,Q2,2023-Q2,5,May,May,2023-05,20,6,Saturday,1,FY2023,FQ2
2023-05-21,20230521,2023-05-21,2023,2,Q2,2023-Q2,5,May,May,2023-05,21,7,Sunday,1,FY2023,FQ2
2023-05-22,20230522,2023-05-22,2023,2,Q2,2023-Q2,5,May,May,2023-05,22,1,Monday,0,FY2023,FQ2
2023-05-23,20230523,2023-05-23,2023,2,Q2,2023-Q2,5,May,May,2023-05,23,2,Tuesday,0,FY2023,FQ2
2023-05-24,20230524,2023-05-24,2023,2,Q2,2023-Q2,5,May,May,2023-05,24,3,Wednesday,0,FY2023,FQ2
2023-05-25,20230525,2023-05-25,2023,2,Q2,2023-Q2,5,May,May,2023-05,25,4,Thursday,0,FY2023,FQ2
2023-05-26,20230526,2023-05-26,2023,2,Q2,2023-Q2,5,May,May,2023-05,26,5,Friday,0,FY2023,FQ2
2023-05-27,20230527,2023-05-27,2023,2,Q2,2023-Q2,5,May,May,2023-05,27,6,Saturday,1,FY2023,FQ2
2023-05-28,20230528,2023-05-28,2023,2,Q2,2023-Q2,5,May,May,2023-05,28,7,Sunday,1,FY2023,FQ2
2023-05-29,20230529,2023-05-29,2023,2,Q2,2023-Q2,5,May,May,2023-05,29,1,Monday,0,FY2023,FQ2
2023-05-30,20230530,2023-05-30,2023,2,Q2,2023-Q2,5,May,May,2023-05,30,2,Tuesday,0,FY2023,FQ2
2023-05-31,20230531,2023-05-31,2023,2,Q2,2023-Q2,5,May,May,2023-05,31,3,Wednesday,0,FY2023,FQ2
2023-06-01,20230601,2023-06-01,2023,2,Q2,2023-Q2,6,June,Jun,2023-06,1,4,Thursday,0,FY2023,FQ2
2023-06-02,20230602,2023-06-02,2023,2,Q2,2023-Q2,6,June,Jun,2023-06,2,5,Friday,0,FY2023,FQ2
2023-06-03,20230603,2023-06-03,2023,2,Q2,2023-Q2,6,June,Jun,2023-06,3,6,Saturday,1,FY2023,FQ2
2023-06-04,20230604,2023-06-04,2023,2,Q2,2023-Q2,6,June,Jun,2023-06,4,7,Sunday,1,FY2023,FQ2
2023-06-05,20230605,2023-06-05,2023,2,Q2,2023-Q2,6,June,Jun,2023-06,5,1,Monday,0,FY2023,FQ2
2023-06-06,20230606,2023-06-06,2023,2,Q2,2023-Q2,6,June,Jun,2023-06,6,2,Tuesday,0,FY2023,FQ2
2023-06-07,20230607,2023-06-07,2023,2,Q2,2023-Q2,6,June,Jun,2023-06,7,3,Wednesday,0,FY2023,FQ2
2023-06-08,20230608,2023-06-08,2023,2,Q2,2023-Q2,6,June,Jun,2023-06,8,4,Thursday,0,FY2023,FQ2
2023-06-09,20230609,2023-06-09,2023,2,Q2,2023-Q2,6,June,Jun,2023-06,9,5,Friday,0,FY2023,FQ2
2023-06-10,20230610,2023-06-10,2023,2,Q2,2023-Q2,6,June,Jun,2023-06,10,6,Saturday,1,FY2023,FQ2
2023-06-11,20230611,2023-06-11,2023,2,Q2,2023-Q2,6,June,Jun,2023-06,11,7,Sunday,1,FY2023,FQ2
2023-06-12,20230612,2023-06-12,2023,2,Q2,2023-Q2,6,June,Jun,2023-06,12,1,Monday,0,FY2023,FQ2
2023-06-13,20230613,2023-06-13,2023,2,Q2,2023-Q2,6,June,Jun,2023-06,13,2,Tuesday,0,FY2023,FQ2
2023-06-14,20230614,2023-06-14,2023,2,Q2,2023-Q2,6,June,Jun,2023-06,14,3,Wednesday,0,FY2023,FQ2
2023-06-15,20230615,2023-06-15,2023,2,Q2,2023-Q2,6,June,Jun,2023-06,15,4,Thursday,0,FY2023,FQ2
2023-06-16,20230616,2023-06-16,2023,2,Q2,2023-Q2,6,June,Jun,2023-06,16,5,Friday,0,FY2023,FQ2
2023-06-17,20230617,2023-06-17,2023,2,Q2,2023-Q2,6,June,Jun,2023-06,17,6,Saturday,1,FY2023,FQ2
2023-06-18,20230618,2023-06-18,2023,2,Q2,2023-Q2,6,June,Jun,2023-06,18,7,Sunday,1,FY2023,FQ2
2023-06-19,20230619,2023-06-19,2023,2,Q2,2023-Q2,6,June,Jun,2023-06,19,1,Monday,0,FY2023,FQ2
2023-06-20,20230620,2023-06-20,2023,2,Q2,2023-Q2,6,June,Jun,2023-06,20,2,Tuesday,0,FY2023,FQ2
2023-06-21,20230621,2023-06-21,2023,2,Q2,2023-Q2,6,June,Jun,2023-06,21,3,Wednesday,0,FY2023,FQ2
2023-06-22,20230622,2023-06-22,2023,2,Q2,2023-Q2,6,June,Jun,2023-06,22,4,Thursday,0,FY2023,FQ2
2023-06-23,20230623,2023-06-23,2023,2,Q2,2023-Q2,6,June,Jun,2023-06,23,5,Friday,0,FY2023,FQ2
2023-06-24,20230624,2023-06-24,2023,2,Q2,2023-Q2,6,June,Jun,2023-06,24,6,Saturday,1,FY2023,FQ2
2023-06-25,20230625,2023-06-25,2023,2,Q2,2023-Q2,6,June,Jun,2023-06,25,7,Sunday,1,FY2023,FQ2
2023-06-26,20230626,2023-06-26,2023,2,Q2,2023-Q2,6,June,Jun,2023-06,26,1,Monday,0,FY2023,FQ2
2023-06-27,20230627,2023-06-27,2023,2,Q2,2023-Q2,6,June,Jun,2023-06,27,2,Tuesday,0,FY2023,FQ2
2023-06-28,20230628,2023-06-28,2023,2,Q2,2023-Q2,6,June,Jun,2023-06,28,3,Wednesday,0,FY2023,FQ2
2023-06-29,20230629,2023-06-29,2023,2,Q2,2023-Q2,6,June,Jun,2023-06,29,4,Thursday,0,FY2023,FQ2
2023-06-30,20230630,2023-06-30,2023,2,Q2,2023-Q2,6,June,Jun,2023-06,30,5,Friday,0,FY2023,FQ2
2023-07-01,20230701,2023-07-01,2023,3,Q3,2023-Q3,7,July,Jul,2023-07,1,6,Saturday,1,FY2023,FQ3
2023-07-02,20230702,2023-07-02,2023,3,Q3,2023-Q3,7,July,Jul,2023-07,2,7,Sunday,1,FY2023,FQ3
2023-07-03,20230703,2023-07-03,2023,3,Q3,2023-Q3,7,July,Jul,2023-07,3,1,Monday,0,FY2023,FQ3
2023-07-04,20230704,2023-07-04,2023,3,Q3,2023-Q3,7,July,Jul,2023-07,4,2,Tuesday,0,FY2023,FQ3
2023-07-05,20230705,2023-07-05,2023,3,Q3,2023-Q3,7,July,Jul,2023-07,5,3,Wednesday,0,FY2023,FQ3
2023-07-06,20230706,2023-07-06,2023,3,Q3,2023-Q3,7,July,Jul,2023-07,6,4,Thursday,0,FY2023,FQ3
2023-07-07,20230707,2023-07-07,2023,3,Q3,2023-Q3,7,July,Jul,2023-07,7,5,Friday,0,FY2023,FQ3
2023-07-08,20230708,2023-07-08,2023,3,Q3,2023-Q3,7,July,Jul,2023-07,8,6,Saturday,1,FY2023,FQ3
2023-07-09,20230709,2023-07-09,2023,3,Q3,2023-Q3,7,July,Jul,2023-07,9,7,Sunday,1,FY2023,FQ3
2023-07-10,20230710,2023-07-10,2023,3,Q3,2023-Q3,7,July,Jul,2023-07,10,1,Monday,0,FY2023,FQ3
2023-07-11,20230711,2023-07-11,2023,3,Q3,2023-Q3,7,July,Jul,2023-07,11,2,Tuesday,0,FY2023,FQ3
2023-07-12,20230712,2023-07-12,2023,3,Q3,2023-Q3,7,July,Jul,2023-07,12,3,Wednesday,0,FY2023,FQ3
2023-07-13,20230713,2023-07-13,2023,3,Q3,2023-Q3,7,July,Jul,2023-07,13,4,Thursday,0,FY2023,FQ3
2023-07-14,20230714,2023-07-14,2023,3,Q3,2023-Q3,7,July,Jul,2023-07,14,5,Friday,0,FY2023,FQ3
2023-07-15,20230715,2023-07-15,2023,3,Q3,2023-Q3,7,July,Jul,2023-07,15,6,Saturday,1,FY2023,FQ3
2023-07-16,20230716,2023-07-16,2023,3,Q3,2023-Q3,7,July,Jul,2023-07,16,7,Sunday,1,FY2023,FQ3
2023-07-17,20230717,2023-07-17,2023,3,Q3,2023-Q3,7,July,Jul,2023-07,17,1,Monday,0,FY2023,FQ3
2023-07-18,20230718,2023-07-18,2023,3,Q3,2023-Q3,7,July,Jul,2023-07,18,2,Tuesday,0,FY2023,FQ3
2023-07-19,20230719,2023-07-19,2023,3,Q3,2023-Q3,7,July,Jul,2023-07,19,3,Wednesday,0,FY2023,FQ3
2023-07-20,20230720,2023-07-20,2023,3,Q3,2023-Q3,7,July,Jul,2023-07,20,4,Thursday,0,FY2023,FQ3
2023-07-21,20230721,2023-07-21,2023,3,Q3,2023-Q3,7,July,Jul,2023-07,21,5,Friday,0,FY2023,FQ3
2023-07-22,20230722,2023-07-22,2023,3,Q3,2023-Q3,7,July,Jul,2023-07,22,6,Saturday,1,FY2023,FQ3
2023-07-23,20230723,2023-07-23,2023,3,Q3,2023-Q3,7,July,Jul,2023-07,23,7,Sunday,1,FY2023,FQ3
2023-07-24,20230724,2023-07-24,2023,3,Q3,2023-Q3,7,July,Jul,2023-07,24,1,Monday,0,FY2023,FQ3
2023-07-25,20230725,2023-07-25,2023,3,Q3,2023-Q3,7,July,Jul,2023-07,25,2,Tuesday,0,FY2023,FQ3
2023-07-26,20230726,2023-07-26,2023,3,Q3,2023-Q3,7,July,Jul,2023-07,26,3,Wednesday,0,FY2023,FQ3
2023-07-27,20230727,2023-07-27,2023,3,Q3,2023-Q3,7,July,Jul,2023-07,27,4,Thursday,0,FY2023,FQ3
2023-07-28,20230728,2023-07-28,2023,3,Q3,2023-Q3,7,July,Jul,2023-07,28,5,Friday,0,FY2023,FQ3
2023-07-29,20230729,2023-07-29,2023,3,Q3,2023-Q3,7,July,Jul,2023-07,29,6,Saturday,1,FY2023,FQ3
2023-07-30,20230730,2023-07-30,2023,3,Q3,2023-Q3,7,July,Jul,2023-07,30,7,Sunday,1,FY2023,FQ3
2023-07-31,20230731,2023-07-31,2023,3,Q3,2023-Q3,7,July,Jul,2023-07,31,1,Monday,0,FY2023,FQ3
2023-08-01,20230801,2023-08-01,2023,3,Q3,2023-Q3,8,August,Aug,2023-08,1,2,Tuesday,0,FY2023,FQ3
2023-08-02,20230802,2023-08-02,2023,3,Q3,2023-Q3,8,August,Aug,2023-08,2,3,Wednesday,0,FY2023,FQ3
2023-08-03,20230803,2023-08-03,2023,3,Q3,2023-Q3,8,August,Aug,2023-08,3,4,Thursday,0,FY2023,FQ3
2023-08-04,20230804,2023-08-04,2023,3,Q3,2023-Q3,8,August,Aug,2023-08,4,5,Friday,0,FY2023,FQ3
2023-08-05,20230805,2023-08-05,2023,3,Q3,2023-Q3,8,August,Aug,2023-08,5,6,Saturday,1,FY2023,FQ3
2023-08-06,20230806,2023-08-06,2023,3,Q3,2023-Q3,8,August,Aug,2023-08,6,7,Sunday,1,FY2023,FQ3
2023-08-07,20230807,2023-08-07,2023,3,Q3,2023-Q3,8,August,Aug,2023-08,7,1,Monday,0,FY2023,FQ3
2023-08-08,20230808,2023-08-08,2023,3,Q3,2023-Q3,8,August,Aug,2023-08,8,2,Tuesday,0,FY2023,FQ3
2023-08-09,20230809,2023-08-09,2023,3,Q3,2023-Q3,8,August,Aug,2023-08,9,3,Wednesday,0,FY2023,FQ3
2023-08-10,20230810,2023-08-10,2023,3,Q3,2023-Q3,8,August,Aug,2023-08,10,4,Thursday,0,FY2023,FQ3
2023-08-11,20230811,2023-08-11,2023,3,Q3,2023-Q3,8,August,Aug,2023-08,11,5,Friday,0,FY2023,FQ3
2023-08-12,20230812,2023-08-12,2023,3,Q3,2023-Q3,8,August,Aug,2023-08,12,6,Saturday,1,FY2023,FQ3
2023-08-13,20230813,2023-08-13,2023,3,Q3,2023-Q3,8,August,Aug,2023-08,13,7,Sunday,1,FY2023,FQ3
2023-08-14,20230814,2023-08-14,2023,3,Q3,2023-Q3,8,August,Aug,2023-08,14,1,Monday,0,FY2023,FQ3
2023-08-15,20230815,2023-08-15,2023,3,Q3,2023-Q3,8,August,Aug,2023-08,15,2,Tuesday,0,FY2023,FQ3
2023-08-16,20230816,2023-08-16,2023,3,Q3,2023-Q3,8,August,Aug,2023-08,16,3,Wednesday,0,FY2023,FQ3
2023-08-17,20230817,2023-08-17,2023,3,Q3,2023-Q3,8,August,Aug,2023-08,17,4,Thursday,0,FY2023,FQ3
2023-08-18,20230818,2023-08-18,2023,3,Q3,2023-Q3,8,August,Aug,2023-08,18,5,Friday,0,FY2023,FQ3
2023-08-19,20230819,2023-08-19,2023,3,Q3,2023-Q3,8,August,Aug,2023-08,19,6,Saturday,1,FY2023,FQ3
2023-08-20,20230820,2023-08-20,2023,3,Q3,2023-Q3,8,August,Aug,2023-08,20,7,Sunday,1,FY2023,FQ3
2023-08-21,20230821,2023-08-21,2023,3,Q3,2023-Q3,8,August,Aug,2023-08,21,1,Monday,0,FY2023,FQ3
2023-08-22,20230822,2023-08-22,2023,3,Q3,2023-Q3,8,August,Aug,2023-08,22,2,Tuesday,0,FY2023,FQ3
2023-08-23,20230823,2023-08-23,2023,3,Q3,2023-Q3,8,August,Aug,2023-08,23,3,Wednesday,0,FY2023,FQ3
2023-08-24,20230824,2023-08-24,2023,3,Q3,2023-Q3,8,August,Aug,2023-08,24,4,Thursday,0,FY2023,FQ3
2023-08-25,20230825,2023-08-25,2023,3,Q3,2023-Q3,8,August,Aug,2023-08,25,5,Friday,0,FY2023,FQ3
2023-08-26,20230826,2023-08-26,2023,3,Q3,2023-Q3,8,August,Aug,2023-08,26,6,Saturday,1,FY2023,FQ3
2023-08-27,20230827,2023-08-27,2023,3,Q3,2023-Q3,8,August,Aug,2023-08,27,7,Sunday,1,FY2023,FQ3
2023-08-28,20230828,2023-08-28,2023,3,Q3,2023-Q3,8,August,Aug,2023-08,28,1,Monday,0,FY2023,FQ3
2023-08-29,20230829,2023-08-29,2023,3,Q3,2023-Q3,8,August,Aug,2023-08,29,2,Tuesday,0,FY2023,FQ3
2023-08-30,20230830,2023-08-30,2023,3,Q3,2023-Q3,8,August,Aug,2023-08,30,3,Wednesday,0,FY2023,FQ3
2023-08-31,20230831,2023-08-31,2023,3,Q3,2023-Q3,8,August,Aug,2023-08,31,4,Thursday,0,FY2023,FQ3
2023-09-01,20230901,2023-09-01,2023,3,Q3,2023-Q3,9,September,Sep,2023-09,1,5,Friday,0,FY2023,FQ3
2023-09-02,20230902,2023-09-02,2023,3,Q3,2023-Q3,9,September,Sep,2023-09,2,6,Saturday,1,FY2023,FQ3
2023-09-03,20230903,2023-09-03,2023,3,Q3,2023-Q3,9,September,Sep,2023-09,3,7,Sunday,1,FY2023,FQ3
2023-09-04,20230904,2023-09-04,2023,3,Q3,2023-Q3,9,September,Sep,2023-09,4,1,Monday,0,FY2023,FQ3
2023-09-05,20230905,2023-09-05,2023,3,Q3,2023-Q3,9,September,Sep,2023-09,5,2,Tuesday,0,FY2023,FQ3
2023-09-06,20230906,2023-09-06,2023,3,Q3,2023-Q3,9,September,Sep,2023-09,6,3,Wednesday,0,FY2023,FQ3
2023-09-07,20230907,2023-09-07,2023,3,Q3,2023-Q3,9,September,Sep,2023-09,7,4,Thursday,0,FY2023,FQ3
2023-09-08,20230908,2023-09-08,2023,3,Q3,2023-Q3,9,September,Sep,2023-09,8,5,Friday,0,FY2023,FQ3
2023-09-09,20230909,2023-09-09,2023,3,Q3,2023-Q3,9,September,Sep,2023-09,9,6,Saturday,1,FY2023,FQ3
2023-09-10,20230910,2023-09-10,2023,3,Q3,2023-Q3,9,September,Sep,2023-09,10,7,Sunday,1,FY2023,FQ3
2023-09-11,20230911,2023-09-11,2023,3,Q3,2023-Q3,9,September,Sep,2023-09,11,1,Monday,0,FY2023,FQ3
2023-09-12,20230912,2023-09-12,2023,3,Q3,2023-Q3,9,September,Sep,2023-09,12,2,Tuesday,0,FY2023,FQ3
2023-09-13,20230913,2023-09-13,2023,3,Q3,2023-Q3,9,September,Sep,2023-09,13,3,Wednesday,0,FY2023,FQ3
2023-09-14,20230914,2023-09-14,2023,3,Q3,2023-Q3,9,September,Sep,2023-09,14,4,Thursday,0,FY2023,FQ3
2023-09-15,20230915,2023-09-15,2023,3,Q3,2023-Q3,9,September,Sep,2023-09,15,5,Friday,0,FY2023,FQ3
2023-09-16,20230916,2023-09-16,2023,3,Q3,2023-Q3,9,September,Sep,2023-09,16,6,Saturday,1,FY2023,FQ3
2023-09-17,20230917,2023-09-17,2023,3,Q3,2023-Q3,9,September,Sep,2023-09,17,7,Sunday,1,FY2023,FQ3
2023-09-18,20230918,2023-09-18,2023,3,Q3,2023-Q3,9,September,Sep,2023-09,18,1,Monday,0,FY2023,FQ3
2023-09-19,20230919,2023-09-19,2023,3,Q3,2023-Q3,9,September,Sep,2023-09,19,2,Tuesday,0,FY2023,FQ3
2023-09-20,20230920,2023-09-20,2023,3,Q3,2023-Q3,9,September,Sep,2023-09,20,3,Wednesday,0,FY2023,FQ3
2023-09-21,20230921,2023-09-21,2023,3,Q3,2023-Q3,9,September,Sep,2023-09,21,4,Thursday,0,FY2023,FQ3
2023-09-22,20230922,2023-09-22,2023,3,Q3,2023-Q3,9,September,Sep,2023-09,22,5,Friday,0,FY2023,FQ3
2023-09-23,20230923,2023-09-23,2023,3,Q3,2023-Q3,9,September,Sep,2023-09,23,6,Saturday,1,FY2023,FQ3
2023-09-24,20230924,2023-09-24,2023,3,Q3,2023-Q3,9,September,Sep,2023-09,24,7,Sunday,1,FY2023,FQ3
2023-09-25,20230925,2023-09-25,2023,3,Q3,2023-Q3,9,September,Sep,2023-09,25,1,Monday,0,FY2023,FQ3
2023-09-26,20230926,2023-09-26,2023,3,Q3,2023-Q3,9,September,Sep,2023-09,26,2,Tuesday,0,FY2023,FQ3
2023-09-27,20230927,2023-09-27,2023,3,Q3,2023-Q3,9,September,Sep,2023-09,27,3,Wednesday,0,FY2023,FQ3
2023-09-28,20230928,2023-09-28,2023,3,Q3,2023-Q3,9,September,Sep,2023-09,28,4,Thursday,0,FY2023,FQ3
2023-09-29,20230929,2023-09-29,2023,3,Q3,2023-Q3,9,September,Sep,2023-09,29,5,Friday,0,FY2023,FQ3
2023-09-30,20230930,2023-09-30,2023,3,Q3,2023-Q3,9,September,Sep,2023-09,30,6,Saturday,1,FY2023,FQ3
2023-10-01,20231001,2023-10-01,2023,4,Q4,2023-Q4,10,October,Oct,2023-10,1,7,Sunday,1,FY2023,FQ4
2023-10-02,20231002,2023-10-02,2023,4,Q4,2023-Q4,10,October,Oct,2023-10,2,1,Monday,0,FY2023,FQ4
2023-10-03,20231003,2023-10-03,2023,4,Q4,2023-Q4,10,October,Oct,2023-10,3,2,Tuesday,0,FY2023,FQ4
2023-10-04,20231004,2023-10-04,2023,4,Q4,2023-Q4,10,October,Oct,2023-10,4,3,Wednesday,0,FY2023,FQ4
2023-10-05,20231005,2023-10-05,2023,4,Q4,2023-Q4,10,October,Oct,2023-10,5,4,Thursday,0,FY2023,FQ4
2023-10-06,20231006,2023-10-06,2023,4,Q4,2023-Q4,10,October,Oct,2023-10,6,5,Friday,0,FY2023,FQ4
2023-10-07,20231007,2023-10-07,2023,4,Q4,2023-Q4,10,October,Oct,2023-10,7,6,Saturday,1,FY2023,FQ4
2023-10-08,20231008,2023-10-08,2023,4,Q4,2023-Q4,10,October,Oct,2023-10,8,7,Sunday,1,FY2023,FQ4
2023-10-09,20231009,2023-10-09,2023,4,Q4,2023-Q4,10,October,Oct,2023-10,9,1,Monday,0,FY2023,FQ4
2023-10-10,20231010,2023-10-10,2023,4,Q4,2023-Q4,10,October,Oct,2023-10,10,2,Tuesday,0,FY2023,FQ4
2023-10-11,20231011,2023-10-11,2023,4,Q4,2023-Q4,10,October,Oct,2023-10,11,3,Wednesday,0,FY2023,FQ4
2023-10-12,20231012,2023-10-12,2023,4,Q4,2023-Q4,10,October,Oct,2023-10,12,4,Thursday,0,FY2023,FQ4
2023-10-13,20231013,2023-10-13,2023,4,Q4,2023-Q4,10,October,Oct,2023-10,13,5,Friday,0,FY2023,FQ4
2023-10-14,20231014,2023-10-14,2023,4,Q4,2023-Q4,10,October,Oct,2023-10,14,6,Saturday,1,FY2023,FQ4
2023-10-15,20231015,2023-10-15,2023,4,Q4,2023-Q4,10,October,Oct,2023-10,15,7,Sunday,1,FY2023,FQ4
2023-10-16,20231016,2023-10-16,2023,4,Q4,2023-Q4,10,October,Oct,2023-10,16,1,Monday,0,FY2023,FQ4
2023-10-17,20231017,2023-10-17,2023,4,Q4,2023-Q4,10,October,Oct,2023-10,17,2,Tuesday,0,FY2023,FQ4
2023-10-18,20231018,2023-10-18,2023,4,Q4,2023-Q4,10,October,Oct,2023-10,18,3,Wednesday,0,FY2023,FQ4
2023-10-19,20231019,2023-10-19,2023,4,Q4,2023-Q4,10,October,Oct,2023-10,19,4,Thursday,0,FY2023,FQ4
2023-10-20,20231020,2023-10-20,2023,4,Q4,2023-Q4,10,October,Oct,2023-10,20,5,Friday,0,FY2023,FQ4
2023-10-21,20231021,2023-10-21,2023,4,Q4,2023-Q4,10,October,Oct,2023-10,21,6,Saturday,1,FY2023,FQ4
2023-10-22,20231022,2023-10-22,2023,4,Q4,2023-Q4,10,October,Oct,2023-10,22,7,Sunday,1,FY2023,FQ4
2023-10-23,20231023,2023-10-23,2023,4,Q4,2023-Q4,10,October,Oct,2023-10,23,1,Monday,0,FY2023,FQ4
2023-10-24,20231024,2023-10-24,2023,4,Q4,2023-Q4,10,October,Oct,2023-10,24,2,Tuesday,0,FY2023,FQ4
2023-10-25,20231025,2023-10-25,2023,4,Q4,2023-Q4,10,October,Oct,2023-10,25,3,Wednesday,0,FY2023,FQ4
2023-10-26,20231026,2023-10-26,2023,4,Q4,2023-Q4,10,October,Oct,2023-10,26,4,Thursday,0,FY2023,FQ4
2023-10-27,20231027,2023-10-27,2023,4,Q4,2023-Q4,10,October,Oct,2023-10,27,5,Friday,0,FY2023,FQ4
2023-10-28,20231028,2023-10-28,2023,4,Q4,2023-Q4,10,October,Oct,2023-10,28,6,Saturday,1,FY2023,FQ4
2023-10-29,20231029,2023-10-29,2023,4,Q4,2023-Q4,10,October,Oct,2023-10,29,7,Sunday,1,FY2023,FQ4
2023-10-30,20231030,2023-10-30,2023,4,Q4,2023-Q4,10,October,Oct,2023-10,30,1,Monday,0,FY2023,FQ4
2023-10-31,20231031,2023-10-31,2023,4,Q4,2023-Q4,10,October,Oct,2023-10,31,2,Tuesday,0,FY2023,FQ4
2023-11-01,20231101,2023-11-01,2023,4,Q4,2023-Q4,11,November,Nov,2023-11,1,3,Wednesday,0,FY2023,FQ4
2023-11-02,20231102,2023-11-02,2023,4,Q4,2023-Q4,11,November,Nov,2023-11,2,4,Thursday,0,FY2023,FQ4
2023-11-03,20231103,2023-11-03,2023,4,Q4,2023-Q4,11,November,Nov,2023-11,3,5,Friday,0,FY2023,FQ4
2023-11-04,20231104,2023-11-04,2023,4,Q4,2023-Q4,11,November,Nov,2023-11,4,6,Saturday,1,FY2023,FQ4
2023-11-05,20231105,2023-11-05,2023,4,Q4,2023-Q4,11,November,Nov,2023-11,5,7,Sunday,1,FY2023,FQ4
2023-11-06,20231106,2023-11-06,2023,4,Q4,2023-Q4,11,November,Nov,2023-11,6,1,Monday,0,FY2023,FQ4
2023-11-07,20231107,2023-11-07,2023,4,Q4,2023-Q4,11,November,Nov,2023-11,7,2,Tuesday,0,FY2023,FQ4
2023-11-08,20231108,2023-11-08,2023,4,Q4,2023-Q4,11,November,Nov,2023-11,8,3,Wednesday,0,FY2023,FQ4
2023-11-09,20231109,2023-11-09,2023,4,Q4,2023-Q4,11,November,Nov,2023-11,9,4,Thursday,0,FY2023,FQ4
2023-11-10,20231110,2023-11-10,2023,4,Q4,2023-Q4,11,November,Nov,2023-11,10,5,Friday,0,FY2023,FQ4
2023-11-11,20231111,2023-11-11,2023,4,Q4,2023-Q4,11,November,Nov,2023-11,11,6,Saturday,1,FY2023,FQ4
2023-11-12,20231112,2023-11-12,2023,4,Q4,2023-Q4,11,November,Nov,2023-11,12,7,Sunday,1,FY2023,FQ4
2023-11-13,20231113,2023-11-13,2023,4,Q4,2023-Q4,11,November,Nov,2023-11,13,1,Monday,0,FY2023,FQ4
2023-11-14,20231114,2023-11-14,2023,4,Q4,2023-Q4,11,November,Nov,2023-11,14,2,Tuesday,0,FY2023,FQ4
2023-11-15,20231115,2023-11-15,2023,4,Q4,2023-Q4,11,November,Nov,2023-11,15,3,Wednesday,0,FY2023,FQ4
2023-11-16,20231116,2023-11-16,2023,4,Q4,2023-Q4,11,November,Nov,2023-11,16,4,Thursday,0,FY2023,FQ4
2023-11-17,20231117,2023-11-17,2023,4,Q4,2023-Q4,11,November,Nov,2023-11,17,5,Friday,0,FY2023,FQ4
2023-11-18,20231118,2023-11-18,2023,4,Q4,2023-Q4,11,November,Nov,2023-11,18,6,Saturday,1,FY2023,FQ4
2023-11-19,20231119,2023-11-19,2023,4,Q4,2023-Q4,11,November,Nov,2023-11,19,7,Sunday,1,FY2023,FQ4
2023-11-20,20231120,2023-11-20,2023,4,Q4,2023-Q4,11,November,Nov,2023-11,20,1,Monday,0,FY2023,FQ4
2023-11-21,20231121,2023-11-21,2023,4,Q4,2023-Q4,11,November,Nov,2023-11,21,2,Tuesday,0,FY2023,FQ4
2023-11-22,20231122,2023-11-22,2023,4,Q4,2023-Q4,11,November,Nov,2023-11,22,3,Wednesday,0,FY2023,FQ4
2023-11-23,20231123,2023-11-23,2023,4,Q4,2023-Q4,11,November,Nov,2023-11,23,4,Thursday,0,FY2023,FQ4
2023-11-24,20231124,2023-11-24,2023,4,Q4,2023-Q4,11,November,Nov,2023-11,24,5,Friday,0,FY2023,FQ4
2023-11-25,20231125,2023-11-25,2023,4,Q4,2023-Q4,11,November,Nov,2023-11,25,6,Saturday,1,FY2023,FQ4
2023-11-26,20231126,2023-11-26,2023,4,Q4,2023-Q4,11,November,Nov,2023-11,26,7,Sunday,1,FY2023,FQ4
2023-11-27,20231127,2023-11-27,2023,4,Q4,2023-Q4,11,November,Nov,2023-11,27,1,Monday,0,FY2023,FQ4
2023-11-28,20231128,2023-11-28,2023,4,Q4,2023-Q4,11,November,Nov,2023-11,28,2,Tuesday,0,FY2023,FQ4
2023-11-29,20231129,2023-11-29,2023,4,Q4,2023-Q4,11,November,Nov,2023-11,29,3,Wednesday,0,FY2023,FQ4
2023-11-30,20231130,2023-11-30,2023,4,Q4,2023-Q4,11,November,Nov,2023-11,30,4,Thursday,0,FY2023,FQ4
2023-12-01,20231201,2023-12-01,2023,4,Q4,2023-Q4,12,December,Dec,2023-12,1,5,Friday,0,FY2023,FQ4
2023-12-02,20231202,2023-12-02,2023,4,Q4,2023-Q4,12,December,Dec,2023-12,2,6,Saturday,1,FY2023,FQ4
2023-12-03,20231203,2023-12-03,2023,4,Q4,2023-Q4,12,December,Dec,2023-12,3,7,Sunday,1,FY2023,FQ4
2023-12-04,20231204,2023-12-04,2023,4,Q4,2023-Q4,12,December,Dec,2023-12,4,1,Monday,0,FY2023,FQ4
2023-12-05,20231205,2023-12-05,2023,4,Q4,2023-Q4,12,December,Dec,2023-12,5,2,Tuesday,0,FY2023,FQ4
2023-12-06,20231206,2023-12-06,2023,4,Q4,2023-Q4,12,December,Dec,2023-12,6,3,Wednesday,0,FY2023,FQ4
2023-12-07,20231207,2023-12-07,2023,4,Q4,2023-Q4,12,December,Dec,2023-12,7,4,Thursday,0,FY2023,FQ4
2023-12-08,20231208,2023-12-08,2023,4,Q4,2023-Q4,12,December,Dec,2023-12,8,5,Friday,0,FY2023,FQ4
2023-12-09,20231209,2023-12-09,2023,4,Q4,2023-Q4,12,December,Dec,2023-12,9,6,Saturday,1,FY2023,FQ4
2023-12-10,20231210,2023-12-10,2023,4,Q4,2023-Q4,12,December,Dec,2023-12,10,7,Sunday,1,FY2023,FQ4
2023-12-11,20231211,2023-12-11,2023,4,Q4,2023-Q4,12,December,Dec,2023-12,11,1,Monday,0,FY2023,FQ4
2023-12-12,20231212,2023-12-12,2023,4,Q4,2023-Q4,12,December,Dec,2023-12,12,2,Tuesday,0,FY2023,FQ4
2023-12-13,20231213,2023-12-13,2023,4,Q4,2023-Q4,12,December,Dec,2023-12,13,3,Wednesday,0,FY2023,FQ4
2023-12-14,20231214,2023-12-14,2023,4,Q4,2023-Q4,12,December,Dec,2023-12,14,4,Thursday,0,FY2023,FQ4
2023-12-15,20231215,2023-12-15,2023,4,Q4,2023-Q4,12,December,Dec,2023-12,15,5,Friday,0,FY2023,FQ4
2023-12-16,20231216,2023-12-16,2023,4,Q4,2023-Q4,12,December,Dec,2023-12,16,6,Saturday,1,FY2023,FQ4
2023-12-17,20231217,2023-12-17,2023,4,Q4,2023-Q4,12,December,Dec,2023-12,17,7,Sunday,1,FY2023,FQ4
2023-12-18,20231218,2023-12-18,2023,4,Q4,2023-Q4,12,December,Dec,2023-12,18,1,Monday,0,FY2023,FQ4
2023-12-19,20231219,2023-12-19,2023,4,Q4,2023-Q4,12,December,Dec,2023-12,19,2,Tuesday,0,FY2023,FQ4
2023-12-20,20231220,2023-12-20,2023,4,Q4,2023-Q4,12,December,Dec,2023-12,20,3,Wednesday,0,FY2023,FQ4
2023-12-21,20231221,2023-12-21,2023,4,Q4,2023-Q4,12,December,Dec,2023-12,21,4,Thursday,0,FY2023,FQ4
2023-12-22,20231222,2023-12-22,2023,4,Q4,2023-Q4,12,December,Dec,2023-12,22,5,Friday,0,FY2023,FQ4
2023-12-23,20231223,2023-12-23,2023,4,Q4,2023-Q4,12,December,Dec,2023-12,23,6,Saturday,1,FY2023,FQ4
2023-12-24,20231224,2023-12-24,2023,4,Q4,2023-Q4,12,December,Dec,2023-12,24,7,Sunday,1,FY2023,FQ4
2023-12-25,20231225,2023-12-25,2023,4,Q4,2023-Q4,12,December,Dec,2023-12,25,1,Monday,0,FY2023,FQ4
2023-12-26,20231226,2023-12-26,2023,4,Q4,2023-Q4,12,December,Dec,2023-12,26,2,Tuesday,0,FY2023,FQ4
2023-12-27,20231227,2023-12-27,2023,4,Q4,2023-Q4,12,December,Dec,2023-12,27,3,Wednesday,0,FY2023,FQ4
2023-12-28,20231228,2023-12-28,2023,4,Q4,2023-Q4,12,December,Dec,2023-12,28,4,Thursday,0,FY2023,FQ4
2023-12-29,20231229,2023-12-29,2023,4,Q4,2023-Q4,12,December,Dec,2023-12,29,5,Friday,0,FY2023,FQ4
2023-12-30,20231230,2023-12-30,2023,4,Q4,2023-Q4,12,December,Dec,2023-12,30,6,Saturday,1,FY2023,FQ4
2023-12-31,20231231,2023-12-31,2023,4,Q4,2023-Q4,12,December,Dec,2023-12,31,7,Sunday,1,FY2023,FQ4
2024-01-01,20240101,2024-01-01,2024,1,Q1,2024-Q1,1,January,Jan,2024-01,1,1,Monday,0,FY2024,FQ1
2024-01-02,20240102,2024-01-02,2024,1,Q1,2024-Q1,1,January,Jan,2024-01,2,2,Tuesday,0,FY2024,FQ1
2024-01-03,20240103,2024-01-03,2024,1,Q1,2024-Q1,1,January,Jan,2024-01,3,3,Wednesday,0,FY2024,FQ1
2024-01-04,20240104,2024-01-04,2024,1,Q1,2024-Q1,1,January,Jan,2024-01,4,4,Thursday,0,FY2024,FQ1
2024-01-05,20240105,2024-01-05,2024,1,Q1,2024-Q1,1,January,Jan,2024-01,5,5,Friday,0,FY2024,FQ1
2024-01-06,20240106,2024-01-06,2024,1,Q1,2024-Q1,1,January,Jan,2024-01,6,6,Saturday,1,FY2024,FQ1
2024-01-07,20240107,2024-01-07,2024,1,Q1,2024-Q1,1,January,Jan,2024-01,7,7,Sunday,1,FY2024,FQ1
2024-01-08,20240108,2024-01-08,2024,1,Q1,2024-Q1,1,January,Jan,2024-01,8,1,Monday,0,FY2024,FQ1
2024-01-09,20240109,2024-01-09,2024,1,Q1,2024-Q1,1,January,Jan,2024-01,9,2,Tuesday,0,FY2024,FQ1
2024-01-10,20240110,2024-01-10,2024,1,Q1,2024-Q1,1,January,Jan,2024-01,10,3,Wednesday,0,FY2024,FQ1
2024-01-11,20240111,2024-01-11,2024,1,Q1,2024-Q1,1,January,Jan,2024-01,11,4,Thursday,0,FY2024,FQ1
2024-01-12,20240112,2024-01-12,2024,1,Q1,2024-Q1,1,January,Jan,2024-01,12,5,Friday,0,FY2024,FQ1
2024-01-13,20240113,2024-01-13,2024,1,Q1,2024-Q1,1,January,Jan,2024-01,13,6,Saturday,1,FY2024,FQ1
2024-01-14,20240114,2024-01-14,2024,1,Q1,2024-Q1,1,January,Jan,2024-01,14,7,Sunday,1,FY2024,FQ1
2024-01-15,20240115,2024-01-15,2024,1,Q1,2024-Q1,1,January,Jan,2024-01,15,1,Monday,0,FY2024,FQ1
2024-01-16,20240116,2024-01-16,2024,1,Q1,2024-Q1,1,January,Jan,2024-01,16,2,Tuesday,0,FY2024,FQ1
2024-01-17,20240117,2024-01-17,2024,1,Q1,2024-Q1,1,January,Jan,2024-01,17,3,Wednesday,0,FY2024,FQ1
2024-01-18,20240118,2024-01-18,2024,1,Q1,2024-Q1,1,January,Jan,2024-01,18,4,Thursday,0,FY2024,FQ1
2024-01-19,20240119,2024-01-19,2024,1,Q1,2024-Q1,1,January,Jan,2024-01,19,5,Friday,0,FY2024,FQ1
2024-01-20,20240120,2024-01-20,2024,1,Q1,2024-Q1,1,January,Jan,2024-01,20,6,Saturday,1,FY2024,FQ1
2024-01-21,20240121,2024-01-21,2024,1,Q1,2024-Q1,1,January,Jan,2024-01,21,7,Sunday,1,FY2024,FQ1
2024-01-22,20240122,2024-01-22,2024,1,Q1,2024-Q1,1,January,Jan,2024-01,22,1,Monday,0,FY2024,FQ1
2024-01-23,20240123,2024-01-23,2024,1,Q1,2024-Q1,1,January,Jan,2024-01,23,2,Tuesday,0,FY2024,FQ1
2024-01-24,20240124,2024-01-24,2024,1,Q1,2024-Q1,1,January,Jan,2024-01,24,3,Wednesday,0,FY2024,FQ1
2024-01-25,20240125,2024-01-25,2024,1,Q1,2024-Q1,1,January,Jan,2024-01,25,4,Thursday,0,FY2024,FQ1
2024-01-26,20240126,2024-01-26,2024,1,Q1,2024-Q1,1,January,Jan,2024-01,26,5,Friday,0,FY2024,FQ1
2024-01-27,20240127,2024-01-27,2024,1,Q1,2024-Q1,1,January,Jan,2024-01,27,6,Saturday,1,FY2024,FQ1
2024-01-28,20240128,2024-01-28,2024,1,Q1,2024-Q1,1,January,Jan,2024-01,28,7,Sunday,1,FY2024,FQ1
2024-01-29,20240129,2024-01-29,2024,1,Q1,2024-Q1,1,January,Jan,2024-01,29,1,Monday,0,FY2024,FQ1
2024-01-30,20240130,2024-01-30,2024,1,Q1,2024-Q1,1,January,Jan,2024-01,30,2,Tuesday,0,FY2024,FQ1
2024-01-31,20240131,2024-01-31,2024,1,Q1,2024-Q1,1,January,Jan,2024-01,31,3,Wednesday,0,FY2024,FQ1
2024-02-01,20240201,2024-02-01,2024,1,Q1,2024-Q1,2,February,Feb,2024-02,1,4,Thursday,0,FY2024,FQ1
2024-02-02,20240202,2024-02-02,2024,1,Q1,2024-Q1,2,February,Feb,2024-02,2,5,Friday,0,FY2024,FQ1
2024-02-03,20240203,2024-02-03,2024,1,Q1,2024-Q1,2,February,Feb,2024-02,3,6,Saturday,1,FY2024,FQ1
2024-02-04,20240204,2024-02-04,2024,1,Q1,2024-Q1,2,February,Feb,2024-02,4,7,Sunday,1,FY2024,FQ1
2024-02-05,20240205,2024-02-05,2024,1,Q1,2024-Q1,2,February,Feb,2024-02,5,1,Monday,0,FY2024,FQ1
2024-02-06,20240206,2024-02-06,2024,1,Q1,2024-Q1,2,February,Feb,2024-02,6,2,Tuesday,0,FY2024,FQ1
2024-02-07,20240207,2024-02-07,2024,1,Q1,2024-Q1,2,February,Feb,2024-02,7,3,Wednesday,0,FY2024,FQ1
2024-02-08,20240208,2024-02-08,2024,1,Q1,2024-Q1,2,February,Feb,2024-02,8,4,Thursday,0,FY2024,FQ1
2024-02-09,20240209,2024-02-09,2024,1,Q1,2024-Q1,2,February,Feb,2024-02,9,5,Friday,0,FY2024,FQ1
2024-02-10,20240210,2024-02-10,2024,1,Q1,2024-Q1,2,February,Feb,2024-02,10,6,Saturday,1,FY2024,FQ1
2024-02-11,20240211,2024-02-11,2024,1,Q1,2024-Q1,2,February,Feb,2024-02,11,7,Sunday,1,FY2024,FQ1
2024-02-12,20240212,2024-02-12,2024,1,Q1,2024-Q1,2,February,Feb,2024-02,12,1,Monday,0,FY2024,FQ1
2024-02-13,20240213,2024-02-13,2024,1,Q1,2024-Q1,2,February,Feb,2024-02,13,2,Tuesday,0,FY2024,FQ1
2024-02-14,20240214,2024-02-14,2024,1,Q1,2024-Q1,2,February,Feb,2024-02,14,3,Wednesday,0,FY2024,FQ1
2024-02-15,20240215,2024-02-15,2024,1,Q1,2024-Q1,2,February,Feb,2024-02,15,4,Thursday,0,FY2024,FQ1
2024-02-16,20240216,2024-02-16,2024,1,Q1,2024-Q1,2,February,Feb,2024-02,16,5,Friday,0,FY2024,FQ1
2024-02-17,20240217,2024-02-17,2024,1,Q1,2024-Q1,2,February,Feb,2024-02,17,6,Saturday,1,FY2024,FQ1
2024-02-18,20240218,2024-02-18,2024,1,Q1,2024-Q1,2,February,Feb,2024-02,18,7,Sunday,1,FY2024,FQ1
2024-02-19,20240219,2024-02-19,2024,1,Q1,2024-Q1,2,February,Feb,2024-02,19,1,Monday,0,FY2024,FQ1
2024-02-20,20240220,2024-02-20,2024,1,Q1,2024-Q1,2,February,Feb,2024-02,20,2,Tuesday,0,FY2024,FQ1
2024-02-21,20240221,2024-02-21,2024,1,Q1,2024-Q1,2,February,Feb,2024-02,21,3,Wednesday,0,FY2024,FQ1
2024-02-22,20240222,2024-02-22,2024,1,Q1,2024-Q1,2,February,Feb,2024-02,22,4,Thursday,0,FY2024,FQ1
2024-02-23,20240223,2024-02-23,2024,1,Q1,2024-Q1,2,February,Feb,2024-02,23,5,Friday,0,FY2024,FQ1
2024-02-24,20240224,2024-02-24,2024,1,Q1,2024-Q1,2,February,Feb,2024-02,24,6,Saturday,1,FY2024,FQ1
2024-02-25,20240225,2024-02-25,2024,1,Q1,2024-Q1,2,February,Feb,2024-02,25,7,Sunday,1,FY2024,FQ1
2024-02-26,20240226,2024-02-26,2024,1,Q1,2024-Q1,2,February,Feb,2024-02,26,1,Monday,0,FY2024,FQ1
2024-02-27,20240227,2024-02-27,2024,1,Q1,2024-Q1,2,February,Feb,2024-02,27,2,Tuesday,0,FY2024,FQ1
2024-02-28,20240228,2024-02-28,2024,1,Q1,2024-Q1,2,February,Feb,2024-02,28,3,Wednesday,0,FY2024,FQ1
2024-02-29,20240229,2024-02-29,2024,1,Q1,2024-Q1,2,February,Feb,2024-02,29,4,Thursday,0,FY2024,FQ1
2024-03-01,20240301,2024-03-01,2024,1,Q1,2024-Q1,3,March,Mar,2024-03,1,5,Friday,0,FY2024,FQ1
2024-03-02,20240302,2024-03-02,2024,1,Q1,2024-Q1,3,March,Mar,2024-03,2,6,Saturday,1,FY2024,FQ1
2024-03-03,20240303,2024-03-03,2024,1,Q1,2024-Q1,3,March,Mar,2024-03,3,7,Sunday,1,FY2024,FQ1
2024-03-04,20240304,2024-03-04,2024,1,Q1,2024-Q1,3,March,Mar,2024-03,4,1,Monday,0,FY2024,FQ1
2024-03-05,20240305,2024-03-05,2024,1,Q1,2024-Q1,3,March,Mar,2024-03,5,2,Tuesday,0,FY2024,FQ1
2024-03-06,20240306,2024-03-06,2024,1,Q1,2024-Q1,3,March,Mar,2024-03,6,3,Wednesday,0,FY2024,FQ1
2024-03-07,20240307,2024-03-07,2024,1,Q1,2024-Q1,3,March,Mar,2024-03,7,4,Thursday,0,FY2024,FQ1
2024-03-08,20240308,2024-03-08,2024,1,Q1,2024-Q1,3,March,Mar,2024-03,8,5,Friday,0,FY2024,FQ1
2024-03-09,20240309,2024-03-09,2024,1,Q1,2024-Q1,3,March,Mar,2024-03,9,6,Saturday,1,FY2024,FQ1
2024-03-10,20240310,2024-03-10,2024,1,Q1,2024-Q1,3,March,Mar,2024-03,10,7,Sunday,1,FY2024,FQ1
2024-03-11,20240311,2024-03-11,2024,1,Q1,2024-Q1,3,March,Mar,2024-03,11,1,Monday,0,FY2024,FQ1
2024-03-12,20240312,2024-03-12,2024,1,Q1,2024-Q1,3,March,Mar,2024-03,12,2,Tuesday,0,FY2024,FQ1
2024-03-13,20240313,2024-03-13,2024,1,Q1,2024-Q1,3,March,Mar,2024-03,13,3,Wednesday,0,FY2024,FQ1
2024-03-14,20240314,2024-03-14,2024,1,Q1,2024-Q1,3,March,Mar,2024-03,14,4,Thursday,0,FY2024,FQ1
2024-03-15,20240315,2024-03-15,2024,1,Q1,2024-Q1,3,March,Mar,2024-03,15,5,Friday,0,FY2024,FQ1
2024-03-16,20240316,2024-03-16,2024,1,Q1,2024-Q1,3,March,Mar,2024-03,16,6,Saturday,1,FY2024,FQ1
2024-03-17,20240317,2024-03-17,2024,1,Q1,2024-Q1,3,March,Mar,2024-03,17,7,Sunday,1,FY2024,FQ1
2024-03-18,20240318,2024-03-18,2024,1,Q1,2024-Q1,3,March,Mar,2024-03,18,1,Monday,0,FY2024,FQ1
2024-03-19,20240319,2024-03-19,2024,1,Q1,2024-Q1,3,March,Mar,2024-03,19,2,Tuesday,0,FY2024,FQ1
2024-03-20,20240320,2024-03-20,2024,1,Q1,2024-Q1,3,March,Mar,2024-03,20,3,Wednesday,0,FY2024,FQ1
2024-03-21,20240321,2024-03-21,2024,1,Q1,2024-Q1,3,March,Mar,2024-03,21,4,Thursday,0,FY2024,FQ1
2024-03-22,20240322,2024-03-22,2024,1,Q1,2024-Q1,3,March,Mar,2024-03,22,5,Friday,0,FY2024,FQ1
2024-03-23,20240323,2024-03-23,2024,1,Q1,2024-Q1,3,March,Mar,2024-03,23,6,Saturday,1,FY2024,FQ1
2024-03-24,20240324,2024-03-24,2024,1,Q1,2024-Q1,3,March,Mar,2024-03,24,7,Sunday,1,FY2024,FQ1
2024-03-25,20240325,2024-03-25,2024,1,Q1,2024-Q1,3,March,Mar,2024-03,25,1,Monday,0,FY2024,FQ1
2024-03-26,20240326,2024-03-26,2024,1,Q1,2024-Q1,3,March,Mar,2024-03,26,2,Tuesday,0,FY2024,FQ1
2024-03-27,20240327,2024-03-27,2024,1,Q1,2024-Q1,3,March,Mar,2024-03,27,3,Wednesday,0,FY2024,FQ1
2024-03-28,20240328,2024-03-28,2024,1,Q1,2024-Q1,3,March,Mar,2024-03,28,4,Thursday,0,FY2024,FQ1
2024-03-29,20240329,2024-03-29,2024,1,Q1,2024-Q1,3,March,Mar,2024-03,29,5,Friday,0,FY2024,FQ1
2024-03-30,20240330,2024-03-30,2024,1,Q1,2024-Q1,3,March,Mar,2024-03,30,6,Saturday,1,FY2024,FQ1
2024-03-31,20240331,2024-03-31,2024,1,Q1,2024-Q1,3,March,Mar,2024-03,31,7,Sunday,1,FY2024,FQ1
2024-04-01,20240401,2024-04-01,2024,2,Q2,2024-Q2,4,April,Apr,2024-04,1,1,Monday,0,FY2024,FQ2
2024-04-02,20240402,2024-04-02,2024,2,Q2,2024-Q2,4,April,Apr,2024-04,2,2,Tuesday,0,FY2024,FQ2
2024-04-03,20240403,2024-04-03,2024,2,Q2,2024-Q2,4,April,Apr,2024-04,3,3,Wednesday,0,FY2024,FQ2
2024-04-04,20240404,2024-04-04,2024,2,Q2,2024-Q2,4,April,Apr,2024-04,4,4,Thursday,0,FY2024,FQ2
2024-04-05,20240405,2024-04-05,2024,2,Q2,2024-Q2,4,April,Apr,2024-04,5,5,Friday,0,FY2024,FQ2
2024-04-06,20240406,2024-04-06,2024,2,Q2,2024-Q2,4,April,Apr,2024-04,6,6,Saturday,1,FY2024,FQ2
2024-04-07,20240407,2024-04-07,2024,2,Q2,2024-Q2,4,April,Apr,2024-04,7,7,Sunday,1,FY2024,FQ2
2024-04-08,20240408,2024-04-08,2024,2,Q2,2024-Q2,4,April,Apr,2024-04,8,1,Monday,0,FY2024,FQ2
2024-04-09,20240409,2024-04-09,2024,2,Q2,2024-Q2,4,April,Apr,2024-04,9,2,Tuesday,0,FY2024,FQ2
2024-04-10,20240410,2024-04-10,2024,2,Q2,2024-Q2,4,April,Apr,2024-04,10,3,Wednesday,0,FY2024,FQ2
2024-04-11,20240411,2024-04-11,2024,2,Q2,2024-Q2,4,April,Apr,2024-04,11,4,Thursday,0,FY2024,FQ2
2024-04-12,20240412,2024-04-12,2024,2,Q2,2024-Q2,4,April,Apr,2024-04,12,5,Friday,0,FY2024,FQ2
2024-04-13,20240413,2024-04-13,2024,2,Q2,2024-Q2,4,April,Apr,2024-04,13,6,Saturday,1,FY2024,FQ2
2024-04-14,20240414,2024-04-14,2024,2,Q2,2024-Q2,4,April,Apr,2024-04,14,7,Sunday,1,FY2024,FQ2
2024-04-15,20240415,2024-04-15,2024,2,Q2,2024-Q2,4,April,Apr,2024-04,15,1,Monday,0,FY2024,FQ2
2024-04-16,20240416,2024-04-16,2024,2,Q2,2024-Q2,4,April,Apr,2024-04,16,2,Tuesday,0,FY2024,FQ2
2024-04-17,20240417,2024-04-17,2024,2,Q2,2024-Q2,4,April,Apr,2024-04,17,3,Wednesday,0,FY2024,FQ2
2024-04-18,20240418,2024-04-18,2024,2,Q2,2024-Q2,4,April,Apr,2024-04,18,4,Thursday,0,FY2024,FQ2
2024-04-19,20240419,2024-04-19,2024,2,Q2,2024-Q2,4,April,Apr,2024-04,19,5,Friday,0,FY2024,FQ2
2024-04-20,20240420,2024-04-20,2024,2,Q2,2024-Q2,4,April,Apr,2024-04,20,6,Saturday,1,FY2024,FQ2
2024-04-21,20240421,2024-04-21,2024,2,Q2,2024-Q2,4,April,Apr,2024-04,21,7,Sunday,1,FY2024,FQ2
2024-04-22,20240422,2024-04-22,2024,2,Q2,2024-Q2,4,April,Apr,2024-04,22,1,Monday,0,FY2024,FQ2
2024-04-23,20240423,2024-04-23,2024,2,Q2,2024-Q2,4,April,Apr,2024-04,23,2,Tuesday,0,FY2024,FQ2
2024-04-24,20240424,2024-04-24,2024,2,Q2,2024-Q2,4,April,Apr,2024-04,24,3,Wednesday,0,FY2024,FQ2
2024-04-25,20240425,2024-04-25,2024,2,Q2,2024-Q2,4,April,Apr,2024-04,25,4,Thursday,0,FY2024,FQ2
2024-04-26,20240426,2024-04-26,2024,2,Q2,2024-Q2,4,April,Apr,2024-04,26,5,Friday,0,FY2024,FQ2
2024-04-27,20240427,2024-04-27,2024,2,Q2,2024-Q2,4,April,Apr,2024-04,27,6,Saturday,1,FY2024,FQ2
2024-04-28,20240428,2024-04-28,2024,2,Q2,2024-Q2,4,April,Apr,2024-04,28,7,Sunday,1,FY2024,FQ2
2024-04-29,20240429,2024-04-29,2024,2,Q2,2024-Q2,4,April,Apr,2024-04,29,1,Monday,0,FY2024,FQ2
2024-04-30,20240430,2024-04-30,2024,2,Q2,2024-Q2,4,April,Apr,2024-04,30,2,Tuesday,0,FY2024,FQ2
2024-05-01,20240501,2024-05-01,2024,2,Q2,2024-Q2,5,May,May,2024-05,1,3,Wednesday,0,FY2024,FQ2
2024-05-02,20240502,2024-05-02,2024,2,Q2,2024-Q2,5,May,May,2024-05,2,4,Thursday,0,FY2024,FQ2
2024-05-03,20240503,2024-05-03,2024,2,Q2,2024-Q2,5,May,May,2024-05,3,5,Friday,0,FY2024,FQ2
2024-05-04,20240504,2024-05-04,2024,2,Q2,2024-Q2,5,May,May,2024-05,4,6,Saturday,1,FY2024,FQ2
2024-05-05,20240505,2024-05-05,2024,2,Q2,2024-Q2,5,May,May,2024-05,5,7,Sunday,1,FY2024,FQ2
2024-05-06,20240506,2024-05-06,2024,2,Q2,2024-Q2,5,May,May,2024-05,6,1,Monday,0,FY2024,FQ2
2024-05-07,20240507,2024-05-07,2024,2,Q2,2024-Q2,5,May,May,2024-05,7,2,Tuesday,0,FY2024,FQ2
2024-05-08,20240508,2024-05-08,2024,2,Q2,2024-Q2,5,May,May,2024-05,8,3,Wednesday,0,FY2024,FQ2
2024-05-09,20240509,2024-05-09,2024,2,Q2,2024-Q2,5,May,May,2024-05,9,4,Thursday,0,FY2024,FQ2
2024-05-10,20240510,2024-05-10,2024,2,Q2,2024-Q2,5,May,May,2024-05,10,5,Friday,0,FY2024,FQ2
2024-05-11,20240511,2024-05-11,2024,2,Q2,2024-Q2,5,May,May,2024-05,11,6,Saturday,1,FY2024,FQ2
2024-05-12,20240512,2024-05-12,2024,2,Q2,2024-Q2,5,May,May,2024-05,12,7,Sunday,1,FY2024,FQ2
2024-05-13,20240513,2024-05-13,2024,2,Q2,2024-Q2,5,May,May,2024-05,13,1,Monday,0,FY2024,FQ2
2024-05-14,20240514,2024-05-14,2024,2,Q2,2024-Q2,5,May,May,2024-05,14,2,Tuesday,0,FY2024,FQ2
2024-05-15,20240515,2024-05-15,2024,2,Q2,2024-Q2,5,May,May,2024-05,15,3,Wednesday,0,FY2024,FQ2
2024-05-16,20240516,2024-05-16,2024,2,Q2,2024-Q2,5,May,May,2024-05,16,4,Thursday,0,FY2024,FQ2
2024-05-17,20240517,2024-05-17,2024,2,Q2,2024-Q2,5,May,May,2024-05,17,5,Friday,0,FY2024,FQ2
2024-05-18,20240518,2024-05-18,2024,2,Q2,2024-Q2,5,May,May,2024-05,18,6,Saturday,1,FY2024,FQ2
2024-05-19,20240519,2024-05-19,2024,2,Q2,2024-Q2,5,May,May,2024-05,19,7,Sunday,1,FY2024,FQ2
2024-05-20,20240520,2024-05-20,2024,2,Q2,2024-Q2,5,May,May,2024-05,20,1,Monday,0,FY2024,FQ2
2024-05-21,20240521,2024-05-21,2024,2,Q2,2024-Q2,5,May,May,2024-05,21,2,Tuesday,0,FY2024,FQ2
2024-05-22,20240522,2024-05-22,2024,2,Q2,2024-Q2,5,May,May,2024-05,22,3,Wednesday,0,FY2024,FQ2
2024-05-23,20240523,2024-05-23,2024,2,Q2,2024-Q2,5,May,May,2024-05,23,4,Thursday,0,FY2024,FQ2
2024-05-24,20240524,2024-05-24,2024,2,Q2,2024-Q2,5,May,May,2024-05,24,5,Friday,0,FY2024,FQ2
2024-05-25,20240525,2024-05-25,2024,2,Q2,2024-Q2,5,May,May,2024-05,25,6,Saturday,1,FY2024,FQ2
2024-05-26,20240526,2024-05-26,2024,2,Q2,2024-Q2,5,May,May,2024-05,26,7,Sunday,1,FY2024,FQ2
2024-05-27,20240527,2024-05-27,2024,2,Q2,2024-Q2,5,May,May,2024-05,27,1,Monday,0,FY2024,FQ2
2024-05-28,20240528,2024-05-28,2024,2,Q2,2024-Q2,5,May,May,2024-05,28,2,Tuesday,0,FY2024,FQ2
2024-05-29,20240529,2024-05-29,2024,2,Q2,2024-Q2,5,May,May,2024-05,29,3,Wednesday,0,FY2024,FQ2
2024-05-30,20240530,2024-05-30,2024,2,Q2,2024-Q2,5,May,May,2024-05,30,4,Thursday,0,FY2024,FQ2
2024-05-31,20240531,2024-05-31,2024,2,Q2,2024-Q2,5,May,May,2024-05,31,5,Friday,0,FY2024,FQ2
2024-06-01,20240601,2024-06-01,2024,2,Q2,2024-Q2,6,June,Jun,2024-06,1,6,Saturday,1,FY2024,FQ2
2024-06-02,20240602,2024-06-02,2024,2,Q2,2024-Q2,6,June,Jun,2024-06,2,7,Sunday,1,FY2024,FQ2
2024-06-03,20240603,2024-06-03,2024,2,Q2,2024-Q2,6,June,Jun,2024-06,3,1,Monday,0,FY2024,FQ2
2024-06-04,20240604,2024-06-04,2024,2,Q2,2024-Q2,6,June,Jun,2024-06,4,2,Tuesday,0,FY2024,FQ2
2024-06-05,20240605,2024-06-05,2024,2,Q2,2024-Q2,6,June,Jun,2024-06,5,3,Wednesday,0,FY2024,FQ2
2024-06-06,20240606,2024-06-06,2024,2,Q2,2024-Q2,6,June,Jun,2024-06,6,4,Thursday,0,FY2024,FQ2
2024-06-07,20240607,2024-06-07,2024,2,Q2,2024-Q2,6,June,Jun,2024-06,7,5,Friday,0,FY2024,FQ2
2024-06-08,20240608,2024-06-08,2024,2,Q2,2024-Q2,6,June,Jun,2024-06,8,6,Saturday,1,FY2024,FQ2
2024-06-09,20240609,2024-06-09,2024,2,Q2,2024-Q2,6,June,Jun,2024-06,9,7,Sunday,1,FY2024,FQ2
2024-06-10,20240610,2024-06-10,2024,2,Q2,2024-Q2,6,June,Jun,2024-06,10,1,Monday,0,FY2024,FQ2
2024-06-11,20240611,2024-06-11,2024,2,Q2,2024-Q2,6,June,Jun,2024-06,11,2,Tuesday,0,FY2024,FQ2
2024-06-12,20240612,2024-06-12,2024,2,Q2,2024-Q2,6,June,Jun,2024-06,12,3,Wednesday,0,FY2024,FQ2
2024-06-13,20240613,2024-06-13,2024,2,Q2,2024-Q2,6,June,Jun,2024-06,13,4,Thursday,0,FY2024,FQ2
2024-06-14,20240614,2024-06-14,2024,2,Q2,2024-Q2,6,June,Jun,2024-06,14,5,Friday,0,FY2024,FQ2
2024-06-15,20240615,2024-06-15,2024,2,Q2,2024-Q2,6,June,Jun,2024-06,15,6,Saturday,1,FY2024,FQ2
2024-06-16,20240616,2024-06-16,2024,2,Q2,2024-Q2,6,June,Jun,2024-06,16,7,Sunday,1,FY2024,FQ2
2024-06-17,20240617,2024-06-17,2024,2,Q2,2024-Q2,6,June,Jun,2024-06,17,1,Monday,0,FY2024,FQ2
2024-06-18,20240618,2024-06-18,2024,2,Q2,2024-Q2,6,June,Jun,2024-06,18,2,Tuesday,0,FY2024,FQ2
2024-06-19,20240619,2024-06-19,2024,2,Q2,2024-Q2,6,June,Jun,2024-06,19,3,Wednesday,0,FY2024,FQ2
2024-06-20,20240620,2024-06-20,2024,2,Q2,2024-Q2,6,June,Jun,2024-06,20,4,Thursday,0,FY2024,FQ2
2024-06-21,20240621,2024-06-21,2024,2,Q2,2024-Q2,6,June,Jun,2024-06,21,5,Friday,0,FY2024,FQ2
2024-06-22,20240622,2024-06-22,2024,2,Q2,2024-Q2,6,June,Jun,2024-06,22,6,Saturday,1,FY2024,FQ2
2024-06-23,20240623,2024-06-23,2024,2,Q2,2024-Q2,6,June,Jun,2024-06,23,7,Sunday,1,FY2024,FQ2
2024-06-24,20240624,2024-06-24,2024,2,Q2,2024-Q2,6,June,Jun,2024-06,24,1,Monday,0,FY2024,FQ2
2024-06-25,20240625,2024-06-25,2024,2,Q2,2024-Q2,6,June,Jun,2024-06,25,2,Tuesday,0,FY2024,FQ2
2024-06-26,20240626,2024-06-26,2024,2,Q2,2024-Q2,6,June,Jun,2024-06,26,3,Wednesday,0,FY2024,FQ2
2024-06-27,20240627,2024-06-27,2024,2,Q2,2024-Q2,6,June,Jun,2024-06,27,4,Thursday,0,FY2024,FQ2
2024-06-28,20240628,2024-06-28,2024,2,Q2,2024-Q2,6,June,Jun,2024-06,28,5,Friday,0,FY2024,FQ2
2024-06-29,20240629,2024-06-29,2024,2,Q2,2024-Q2,6,June,Jun,2024-06,29,6,Saturday,1,FY2024,FQ2
2024-06-30,20240630,2024-06-30,2024,2,Q2,2024-Q2,6,June,Jun,2024-06,30,7,Sunday,1,FY2024,FQ2
2024-07-01,20240701,2024-07-01,2024,3,Q3,2024-Q3,7,July,Jul,2024-07,1,1,Monday,0,FY2024,FQ3
2024-07-02,20240702,2024-07-02,2024,3,Q3,2024-Q3,7,July,Jul,2024-07,2,2,Tuesday,0,FY2024,FQ3
2024-07-03,20240703,2024-07-03,2024,3,Q3,2024-Q3,7,July,Jul,2024-07,3,3,Wednesday,0,FY2024,FQ3
2024-07-04,20240704,2024-07-04,2024,3,Q3,2024-Q3,7,July,Jul,2024-07,4,4,Thursday,0,FY2024,FQ3
2024-07-05,20240705,2024-07-05,2024,3,Q3,2024-Q3,7,July,Jul,2024-07,5,5,Friday,0,FY2024,FQ3
2024-07-06,20240706,2024-07-06,2024,3,Q3,2024-Q3,7,July,Jul,2024-07,6,6,Saturday,1,FY2024,FQ3
2024-07-07,20240707,2024-07-07,2024,3,Q3,2024-Q3,7,July,Jul,2024-07,7,7,Sunday,1,FY2024,FQ3
2024-07-08,20240708,2024-07-08,2024,3,Q3,2024-Q3,7,July,Jul,2024-07,8,1,Monday,0,FY2024,FQ3
2024-07-09,20240709,2024-07-09,2024,3,Q3,2024-Q3,7,July,Jul,2024-07,9,2,Tuesday,0,FY2024,FQ3
2024-07-10,20240710,2024-07-10,2024,3,Q3,2024-Q3,7,July,Jul,2024-07,10,3,Wednesday,0,FY2024,FQ3
2024-07-11,20240711,2024-07-11,2024,3,Q3,2024-Q3,7,July,Jul,2024-07,11,4,Thursday,0,FY2024,FQ3
2024-07-12,20240712,2024-07-12,2024,3,Q3,2024-Q3,7,July,Jul,2024-07,12,5,Friday,0,FY2024,FQ3
2024-07-13,20240713,2024-07-13,2024,3,Q3,2024-Q3,7,July,Jul,2024-07,13,6,Saturday,1,FY2024,FQ3
2024-07-14,20240714,2024-07-14,2024,3,Q3,2024-Q3,7,July,Jul,2024-07,14,7,Sunday,1,FY2024,FQ3
2024-07-15,20240715,2024-07-15,2024,3,Q3,2024-Q3,7,July,Jul,2024-07,15,1,Monday,0,FY2024,FQ3
2024-07-16,20240716,2024-07-16,2024,3,Q3,2024-Q3,7,July,Jul,2024-07,16,2,Tuesday,0,FY2024,FQ3
2024-07-17,20240717,2024-07-17,2024,3,Q3,2024-Q3,7,July,Jul,2024-07,17,3,Wednesday,0,FY2024,FQ3
2024-07-18,20240718,2024-07-18,2024,3,Q3,2024-Q3,7,July,Jul,2024-07,18,4,Thursday,0,FY2024,FQ3
2024-07-19,20240719,2024-07-19,2024,3,Q3,2024-Q3,7,July,Jul,2024-07,19,5,Friday,0,FY2024,FQ3
2024-07-20,20240720,2024-07-20,2024,3,Q3,2024-Q3,7,July,Jul,2024-07,20,6,Saturday,1,FY2024,FQ3
2024-07-21,20240721,2024-07-21,2024,3,Q3,2024-Q3,7,July,Jul,2024-07,21,7,Sunday,1,FY2024,FQ3
2024-07-22,20240722,2024-07-22,2024,3,Q3,2024-Q3,7,July,Jul,2024-07,22,1,Monday,0,FY2024,FQ3
2024-07-23,20240723,2024-07-23,2024,3,Q3,2024-Q3,7,July,Jul,2024-07,23,2,Tuesday,0,FY2024,FQ3
2024-07-24,20240724,2024-07-24,2024,3,Q3,2024-Q3,7,July,Jul,2024-07,24,3,Wednesday,0,FY2024,FQ3
2024-07-25,20240725,2024-07-25,2024,3,Q3,2024-Q3,7,July,Jul,2024-07,25,4,Thursday,0,FY2024,FQ3
2024-07-26,20240726,2024-07-26,2024,3,Q3,2024-Q3,7,July,Jul,2024-07,26,5,Friday,0,FY2024,FQ3
2024-07-27,20240727,2024-07-27,2024,3,Q3,2024-Q3,7,July,Jul,2024-07,27,6,Saturday,1,FY2024,FQ3
2024-07-28,20240728,2024-07-28,2024,3,Q3,2024-Q3,7,July,Jul,2024-07,28,7,Sunday,1,FY2024,FQ3
2024-07-29,20240729,2024-07-29,2024,3,Q3,2024-Q3,7,July,Jul,2024-07,29,1,Monday,0,FY2024,FQ3
2024-07-30,20240730,2024-07-30,2024,3,Q3,2024-Q3,7,July,Jul,2024-07,30,2,Tuesday,0,FY2024,FQ3
2024-07-31,20240731,2024-07-31,2024,3,Q3,2024-Q3,7,July,Jul,2024-07,31,3,Wednesday,0,FY2024,FQ3
2024-08-01,20240801,2024-08-01,2024,3,Q3,2024-Q3,8,August,Aug,2024-08,1,4,Thursday,0,FY2024,FQ3
2024-08-02,20240802,2024-08-02,2024,3,Q3,2024-Q3,8,August,Aug,2024-08,2,5,Friday,0,FY2024,FQ3
2024-08-03,20240803,2024-08-03,2024,3,Q3,2024-Q3,8,August,Aug,2024-08,3,6,Saturday,1,FY2024,FQ3
2024-08-04,20240804,2024-08-04,2024,3,Q3,2024-Q3,8,August,Aug,2024-08,4,7,Sunday,1,FY2024,FQ3
2024-08-05,20240805,2024-08-05,2024,3,Q3,2024-Q3,8,August,Aug,2024-08,5,1,Monday,0,FY2024,FQ3
2024-08-06,20240806,2024-08-06,2024,3,Q3,2024-Q3,8,August,Aug,2024-08,6,2,Tuesday,0,FY2024,FQ3
2024-08-07,20240807,2024-08-07,2024,3,Q3,2024-Q3,8,August,Aug,2024-08,7,3,Wednesday,0,FY2024,FQ3
2024-08-08,20240808,2024-08-08,2024,3,Q3,2024-Q3,8,August,Aug,2024-08,8,4,Thursday,0,FY2024,FQ3
2024-08-09,20240809,2024-08-09,2024,3,Q3,2024-Q3,8,August,Aug,2024-08,9,5,Friday,0,FY2024,FQ3
2024-08-10,20240810,2024-08-10,2024,3,Q3,2024-Q3,8,August,Aug,2024-08,10,6,Saturday,1,FY2024,FQ3
2024-08-11,20240811,2024-08-11,2024,3,Q3,2024-Q3,8,August,Aug,2024-08,11,7,Sunday,1,FY2024,FQ3
2024-08-12,20240812,2024-08-12,2024,3,Q3,2024-Q3,8,August,Aug,2024-08,12,1,Monday,0,FY2024,FQ3
2024-08-13,20240813,2024-08-13,2024,3,Q3,2024-Q3,8,August,Aug,2024-08,13,2,Tuesday,0,FY2024,FQ3
2024-08-14,20240814,2024-08-14,2024,3,Q3,2024-Q3,8,August,Aug,2024-08,14,3,Wednesday,0,FY2024,FQ3
2024-08-15,20240815,2024-08-15,2024,3,Q3,2024-Q3,8,August,Aug,2024-08,15,4,Thursday,0,FY2024,FQ3
2024-08-16,20240816,2024-08-16,2024,3,Q3,2024-Q3,8,August,Aug,2024-08,16,5,Friday,0,FY2024,FQ3
2024-08-17,20240817,2024-08-17,2024,3,Q3,2024-Q3,8,August,Aug,2024-08,17,6,Saturday,1,FY2024,FQ3
2024-08-18,20240818,2024-08-18,2024,3,Q3,2024-Q3,8,August,Aug,2024-08,18,7,Sunday,1,FY2024,FQ3
2024-08-19,20240819,2024-08-19,2024,3,Q3,2024-Q3,8,August,Aug,2024-08,19,1,Monday,0,FY2024,FQ3
2024-08-20,20240820,2024-08-20,2024,3,Q3,2024-Q3,8,August,Aug,2024-08,20,2,Tuesday,0,FY2024,FQ3
2024-08-21,20240821,2024-08-21,2024,3,Q3,2024-Q3,8,August,Aug,2024-08,21,3,Wednesday,0,FY2024,FQ3
2024-08-22,20240822,2024-08-22,2024,3,Q3,2024-Q3,8,August,Aug,2024-08,22,4,Thursday,0,FY2024,FQ3
2024-08-23,20240823,2024-08-23,2024,3,Q3,2024-Q3,8,August,Aug,2024-08,23,5,Friday,0,FY2024,FQ3
2024-08-24,20240824,2024-08-24,2024,3,Q3,2024-Q3,8,August,Aug,2024-08,24,6,Saturday,1,FY2024,FQ3
2024-08-25,20240825,2024-08-25,2024,3,Q3,2024-Q3,8,August,Aug,2024-08,25,7,Sunday,1,FY2024,FQ3
2024-08-26,20240826,2024-08-26,2024,3,Q3,2024-Q3,8,August,Aug,2024-08,26,1,Monday,0,FY2024,FQ3
2024-08-27,20240827,2024-08-27,2024,3,Q3,2024-Q3,8,August,Aug,2024-08,27,2,Tuesday,0,FY2024,FQ3
2024-08-28,20240828,2024-08-28,2024,3,Q3,2024-Q3,8,August,Aug,2024-08,28,3,Wednesday,0,FY2024,FQ3
2024-08-29,20240829,2024-08-29,2024,3,Q3,2024-Q3,8,August,Aug,2024-08,29,4,Thursday,0,FY2024,FQ3
2024-08-30,20240830,2024-08-30,2024,3,Q3,2024-Q3,8,August,Aug,2024-08,30,5,Friday,0,FY2024,FQ3
2024-08-31,20240831,2024-08-31,2024,3,Q3,2024-Q3,8,August,Aug,2024-08,31,6,Saturday,1,FY2024,FQ3
2024-09-01,20240901,2024-09-01,2024,3,Q3,2024-Q3,9,September,Sep,2024-09,1,7,Sunday,1,FY2024,FQ3
2024-09-02,20240902,2024-09-02,2024,3,Q3,2024-Q3,9,September,Sep,2024-09,2,1,Monday,0,FY2024,FQ3
2024-09-03,20240903,2024-09-03,2024,3,Q3,2024-Q3,9,September,Sep,2024-09,3,2,Tuesday,0,FY2024,FQ3
2024-09-04,20240904,2024-09-04,2024,3,Q3,2024-Q3,9,September,Sep,2024-09,4,3,Wednesday,0,FY2024,FQ3
2024-09-05,20240905,2024-09-05,2024,3,Q3,2024-Q3,9,September,Sep,2024-09,5,4,Thursday,0,FY2024,FQ3
2024-09-06,20240906,2024-09-06,2024,3,Q3,2024-Q3,9,September,Sep,2024-09,6,5,Friday,0,FY2024,FQ3
2024-09-07,20240907,2024-09-07,2024,3,Q3,2024-Q3,9,September,Sep,2024-09,7,6,Saturday,1,FY2024,FQ3
2024-09-08,20240908,2024-09-08,2024,3,Q3,2024-Q3,9,September,Sep,2024-09,8,7,Sunday,1,FY2024,FQ3
2024-09-09,20240909,2024-09-09,2024,3,Q3,2024-Q3,9,September,Sep,2024-09,9,1,Monday,0,FY2024,FQ3
2024-09-10,20240910,2024-09-10,2024,3,Q3,2024-Q3,9,September,Sep,2024-09,10,2,Tuesday,0,FY2024,FQ3
2024-09-11,20240911,2024-09-11,2024,3,Q3,2024-Q3,9,September,Sep,2024-09,11,3,Wednesday,0,FY2024,FQ3
2024-09-12,20240912,2024-09-12,2024,3,Q3,2024-Q3,9,September,Sep,2024-09,12,4,Thursday,0,FY2024,FQ3
2024-09-13,20240913,2024-09-13,2024,3,Q3,2024-Q3,9,September,Sep,2024-09,13,5,Friday,0,FY2024,FQ3
2024-09-14,20240914,2024-09-14,2024,3,Q3,2024-Q3,9,September,Sep,2024-09,14,6,Saturday,1,FY2024,FQ3
2024-09-15,20240915,2024-09-15,2024,3,Q3,2024-Q3,9,September,Sep,2024-09,15,7,Sunday,1,FY2024,FQ3
2024-09-16,20240916,2024-09-16,2024,3,Q3,2024-Q3,9,September,Sep,2024-09,16,1,Monday,0,FY2024,FQ3
2024-09-17,20240917,2024-09-17,2024,3,Q3,2024-Q3,9,September,Sep,2024-09,17,2,Tuesday,0,FY2024,FQ3
2024-09-18,20240918,2024-09-18,2024,3,Q3,2024-Q3,9,September,Sep,2024-09,18,3,Wednesday,0,FY2024,FQ3
2024-09-19,20240919,2024-09-19,2024,3,Q3,2024-Q3,9,September,Sep,2024-09,19,4,Thursday,0,FY2024,FQ3
2024-09-20,20240920,2024-09-20,2024,3,Q3,2024-Q3,9,September,Sep,2024-09,20,5,Friday,0,FY2024,FQ3
2024-09-21,20240921,2024-09-21,2024,3,Q3,2024-Q3,9,September,Sep,2024-09,21,6,Saturday,1,FY2024,FQ3
2024-09-22,20240922,2024-09-22,2024,3,Q3,2024-Q3,9,September,Sep,2024-09,22,7,Sunday,1,FY2024,FQ3
2024-09-23,20240923,2024-09-23,2024,3,Q3,2024-Q3,9,September,Sep,2024-09,23,1,Monday,0,FY2024,FQ3
2024-09-24,20240924,2024-09-24,2024,3,Q3,2024-Q3,9,September,Sep,2024-09,24,2,Tuesday,0,FY2024,FQ3
2024-09-25,20240925,2024-09-25,2024,3,Q3,2024-Q3,9,September,Sep,2024-09,25,3,Wednesday,0,FY2024,FQ3
2024-09-26,20240926,2024-09-26,2024,3,Q3,2024-Q3,9,September,Sep,2024-09,26,4,Thursday,0,FY2024,FQ3
2024-09-27,20240927,2024-09-27,2024,3,Q3,2024-Q3,9,September,Sep,2024-09,27,5,Friday,0,FY2024,FQ3
2024-09-28,20240928,2024-09-28,2024,3,Q3,2024-Q3,9,September,Sep,2024-09,28,6,Saturday,1,FY2024,FQ3
2024-09-29,20240929,2024-09-29,2024,3,Q3,2024-Q3,9,September,Sep,2024-09,29,7,Sunday,1,FY2024,FQ3
2024-09-30,20240930,2024-09-30,2024,3,Q3,2024-Q3,9,September,Sep,2024-09,30,1,Monday,0,FY2024,FQ3
2024-10-01,20241001,2024-10-01,2024,4,Q4,2024-Q4,10,October,Oct,2024-10,1,2,Tuesday,0,FY2024,FQ4
2024-10-02,20241002,2024-10-02,2024,4,Q4,2024-Q4,10,October,Oct,2024-10,2,3,Wednesday,0,FY2024,FQ4
2024-10-03,20241003,2024-10-03,2024,4,Q4,2024-Q4,10,October,Oct,2024-10,3,4,Thursday,0,FY2024,FQ4
2024-10-04,20241004,2024-10-04,2024,4,Q4,2024-Q4,10,October,Oct,2024-10,4,5,Friday,0,FY2024,FQ4
2024-10-05,20241005,2024-10-05,2024,4,Q4,2024-Q4,10,October,Oct,2024-10,5,6,Saturday,1,FY2024,FQ4
2024-10-06,20241006,2024-10-06,2024,4,Q4,2024-Q4,10,October,Oct,2024-10,6,7,Sunday,1,FY2024,FQ4
2024-10-07,20241007,2024-10-07,2024,4,Q4,2024-Q4,10,October,Oct,2024-10,7,1,Monday,0,FY2024,FQ4
2024-10-08,20241008,2024-10-08,2024,4,Q4,2024-Q4,10,October,Oct,2024-10,8,2,Tuesday,0,FY2024,FQ4
2024-10-09,20241009,2024-10-09,2024,4,Q4,2024-Q4,10,October,Oct,2024-10,9,3,Wednesday,0,FY2024,FQ4
2024-10-10,20241010,2024-10-10,2024,4,Q4,2024-Q4,10,October,Oct,2024-10,10,4,Thursday,0,FY2024,FQ4
2024-10-11,20241011,2024-10-11,2024,4,Q4,2024-Q4,10,October,Oct,2024-10,11,5,Friday,0,FY2024,FQ4
2024-10-12,20241012,2024-10-12,2024,4,Q4,2024-Q4,10,October,Oct,2024-10,12,6,Saturday,1,FY2024,FQ4
2024-10-13,20241013,2024-10-13,2024,4,Q4,2024-Q4,10,October,Oct,2024-10,13,7,Sunday,1,FY2024,FQ4
2024-10-14,20241014,2024-10-14,2024,4,Q4,2024-Q4,10,October,Oct,2024-10,14,1,Monday,0,FY2024,FQ4
2024-10-15,20241015,2024-10-15,2024,4,Q4,2024-Q4,10,October,Oct,2024-10,15,2,Tuesday,0,FY2024,FQ4
2024-10-16,20241016,2024-10-16,2024,4,Q4,2024-Q4,10,October,Oct,2024-10,16,3,Wednesday,0,FY2024,FQ4
2024-10-17,20241017,2024-10-17,2024,4,Q4,2024-Q4,10,October,Oct,2024-10,17,4,Thursday,0,FY2024,FQ4
2024-10-18,20241018,2024-10-18,2024,4,Q4,2024-Q4,10,October,Oct,2024-10,18,5,Friday,0,FY2024,FQ4
2024-10-19,20241019,2024-10-19,2024,4,Q4,2024-Q4,10,October,Oct,2024-10,19,6,Saturday,1,FY2024,FQ4
2024-10-20,20241020,2024-10-20,2024,4,Q4,2024-Q4,10,October,Oct,2024-10,20,7,Sunday,1,FY2024,FQ4
2024-10-21,20241021,2024-10-21,2024,4,Q4,2024-Q4,10,October,Oct,2024-10,21,1,Monday,0,FY2024,FQ4
2024-10-22,20241022,2024-10-22,2024,4,Q4,2024-Q4,10,October,Oct,2024-10,22,2,Tuesday,0,FY2024,FQ4
2024-10-23,20241023,2024-10-23,2024,4,Q4,2024-Q4,10,October,Oct,2024-10,23,3,Wednesday,0,FY2024,FQ4
2024-10-24,20241024,2024-10-24,2024,4,Q4,2024-Q4,10,October,Oct,2024-10,24,4,Thursday,0,FY2024,FQ4
2024-10-25,20241025,2024-10-25,2024,4,Q4,2024-Q4,10,October,Oct,2024-10,25,5,Friday,0,FY2024,FQ4
2024-10-26,20241026,2024-10-26,2024,4,Q4,2024-Q4,10,October,Oct,2024-10,26,6,Saturday,1,FY2024,FQ4
2024-10-27,20241027,2024-10-27,2024,4,Q4,2024-Q4,10,October,Oct,2024-10,27,7,Sunday,1,FY2024,FQ4
2024-10-28,20241028,2024-10-28,2024,4,Q4,2024-Q4,10,October,Oct,2024-10,28,1,Monday,0,FY2024,FQ4
2024-10-29,20241029,2024-10-29,2024,4,Q4,2024-Q4,10,October,Oct,2024-10,29,2,Tuesday,0,FY2024,FQ4
2024-10-30,20241030,2024-10-30,2024,4,Q4,2024-Q4,10,October,Oct,2024-10,30,3,Wednesday,0,FY2024,FQ4
2024-10-31,20241031,2024-10-31,2024,4,Q4,2024-Q4,10,October,Oct,2024-10,31,4,Thursday,0,FY2024,FQ4
2024-11-01,20241101,2024-11-01,2024,4,Q4,2024-Q4,11,November,Nov,2024-11,1,5,Friday,0,FY2024,FQ4
2024-11-02,20241102,2024-11-02,2024,4,Q4,2024-Q4,11,November,Nov,2024-11,2,6,Saturday,1,FY2024,FQ4
2024-11-03,20241103,2024-11-03,2024,4,Q4,2024-Q4,11,November,Nov,2024-11,3,7,Sunday,1,FY2024,FQ4
2024-11-04,20241104,2024-11-04,2024,4,Q4,2024-Q4,11,November,Nov,2024-11,4,1,Monday,0,FY2024,FQ4
2024-11-05,20241105,2024-11-05,2024,4,Q4,2024-Q4,11,November,Nov,2024-11,5,2,Tuesday,0,FY2024,FQ4
2024-11-06,20241106,2024-11-06,2024,4,Q4,2024-Q4,11,November,Nov,2024-11,6,3,Wednesday,0,FY2024,FQ4
2024-11-07,20241107,2024-11-07,2024,4,Q4,2024-Q4,11,November,Nov,2024-11,7,4,Thursday,0,FY2024,FQ4
2024-11-08,20241108,2024-11-08,2024,4,Q4,2024-Q4,11,November,Nov,2024-11,8,5,Friday,0,FY2024,FQ4
2024-11-09,20241109,2024-11-09,2024,4,Q4,2024-Q4,11,November,Nov,2024-11,9,6,Saturday,1,FY2024,FQ4
2024-11-10,20241110,2024-11-10,2024,4,Q4,2024-Q4,11,November,Nov,2024-11,10,7,Sunday,1,FY2024,FQ4
2024-11-11,20241111,2024-11-11,2024,4,Q4,2024-Q4,11,November,Nov,2024-11,11,1,Monday,0,FY2024,FQ4
2024-11-12,20241112,2024-11-12,2024,4,Q4,2024-Q4,11,November,Nov,2024-11,12,2,Tuesday,0,FY2024,FQ4
2024-11-13,20241113,2024-11-13,2024,4,Q4,2024-Q4,11,November,Nov,2024-11,13,3,Wednesday,0,FY2024,FQ4
2024-11-14,20241114,2024-11-14,2024,4,Q4,2024-Q4,11,November,Nov,2024-11,14,4,Thursday,0,FY2024,FQ4
2024-11-15,20241115,2024-11-15,2024,4,Q4,2024-Q4,11,November,Nov,2024-11,15,5,Friday,0,FY2024,FQ4
2024-11-16,20241116,2024-11-16,2024,4,Q4,2024-Q4,11,November,Nov,2024-11,16,6,Saturday,1,FY2024,FQ4
2024-11-17,20241117,2024-11-17,2024,4,Q4,2024-Q4,11,November,Nov,2024-11,17,7,Sunday,1,FY2024,FQ4
2024-11-18,20241118,2024-11-18,2024,4,Q4,2024-Q4,11,November,Nov,2024-11,18,1,Monday,0,FY2024,FQ4
2024-11-19,20241119,2024-11-19,2024,4,Q4,2024-Q4,11,November,Nov,2024-11,19,2,Tuesday,0,FY2024,FQ4
2024-11-20,20241120,2024-11-20,2024,4,Q4,2024-Q4,11,November,Nov,2024-11,20,3,Wednesday,0,FY2024,FQ4
2024-11-21,20241121,2024-11-21,2024,4,Q4,2024-Q4,11,November,Nov,2024-11,21,4,Thursday,0,FY2024,FQ4
2024-11-22,20241122,2024-11-22,2024,4,Q4,2024-Q4,11,November,Nov,2024-11,22,5,Friday,0,FY2024,FQ4
2024-11-23,20241123,2024-11-23,2024,4,Q4,2024-Q4,11,November,Nov,2024-11,23,6,Saturday,1,FY2024,FQ4
2024-11-24,20241124,2024-11-24,2024,4,Q4,2024-Q4,11,November,Nov,2024-11,24,7,Sunday,1,FY2024,FQ4
2024-11-25,20241125,2024-11-25,2024,4,Q4,2024-Q4,11,November,Nov,2024-11,25,1,Monday,0,FY2024,FQ4
2024-11-26,20241126,2024-11-26,2024,4,Q4,2024-Q4,11,November,Nov,2024-11,26,2,Tuesday,0,FY2024,FQ4
2024-11-27,20241127,2024-11-27,2024,4,Q4,2024-Q4,11,November,Nov,2024-11,27,3,Wednesday,0,FY2024,FQ4
2024-11-28,20241128,2024-11-28,2024,4,Q4,2024-Q4,11,November,Nov,2024-11,28,4,Thursday,0,FY2024,FQ4
2024-11-29,20241129,2024-11-29,2024,4,Q4,2024-Q4,11,November,Nov,2024-11,29,5,Friday,0,FY2024,FQ4
2024-11-30,20241130,2024-11-30,2024,4,Q4,2024-Q4,11,November,Nov,2024-11,30,6,Saturday,1,FY2024,FQ4
2024-12-01,20241201,2024-12-01,2024,4,Q4,2024-Q4,12,December,Dec,2024-12,1,7,Sunday,1,FY2024,FQ4
2024-12-02,20241202,2024-12-02,2024,4,Q4,2024-Q4,12,December,Dec,2024-12,2,1,Monday,0,FY2024,FQ4
2024-12-03,20241203,2024-12-03,2024,4,Q4,2024-Q4,12,December,Dec,2024-12,3,2,Tuesday,0,FY2024,FQ4
2024-12-04,20241204,2024-12-04,2024,4,Q4,2024-Q4,12,December,Dec,2024-12,4,3,Wednesday,0,FY2024,FQ4
2024-12-05,20241205,2024-12-05,2024,4,Q4,2024-Q4,12,December,Dec,2024-12,5,4,Thursday,0,FY2024,FQ4
2024-12-06,20241206,2024-12-06,2024,4,Q4,2024-Q4,12,December,Dec,2024-12,6,5,Friday,0,FY2024,FQ4
2024-12-07,20241207,2024-12-07,2024,4,Q4,2024-Q4,12,December,Dec,2024-12,7,6,Saturday,1,FY2024,FQ4
2024-12-08,20241208,2024-12-08,2024,4,Q4,2024-Q4,12,December,Dec,2024-12,8,7,Sunday,1,FY2024,FQ4
2024-12-09,20241209,2024-12-09,2024,4,Q4,2024-Q4,12,December,Dec,2024-12,9,1,Monday,0,FY2024,FQ4
2024-12-10,20241210,2024-12-10,2024,4,Q4,2024-Q4,12,December,Dec,2024-12,10,2,Tuesday,0,FY2024,FQ4
2024-12-11,20241211,2024-12-11,2024,4,Q4,2024-Q4,12,December,Dec,2024-12,11,3,Wednesday,0,FY2024,FQ4
2024-12-12,20241212,2024-12-12,2024,4,Q4,2024-Q4,12,December,Dec,2024-12,12,4,Thursday,0,FY2024,FQ4
2024-12-13,20241213,2024-12-13,2024,4,Q4,2024-Q4,12,December,Dec,2024-12,13,5,Friday,0,FY2024,FQ4
2024-12-14,20241214,2024-12-14,2024,4,Q4,2024-Q4,12,December,Dec,2024-12,14,6,Saturday,1,FY2024,FQ4
2024-12-15,20241215,2024-12-15,2024,4,Q4,2024-Q4,12,December,Dec,2024-12,15,7,Sunday,1,FY2024,FQ4
2024-12-16,20241216,2024-12-16,2024,4,Q4,2024-Q4,12,December,Dec,2024-12,16,1,Monday,0,FY2024,FQ4
2024-12-17,20241217,2024-12-17,2024,4,Q4,2024-Q4,12,December,Dec,2024-12,17,2,Tuesday,0,FY2024,FQ4
2024-12-18,20241218,2024-12-18,2024,4,Q4,2024-Q4,12,December,Dec,2024-12,18,3,Wednesday,0,FY2024,FQ4
2024-12-19,20241219,2024-12-19,2024,4,Q4,2024-Q4,12,December,Dec,2024-12,19,4,Thursday,0,FY2024,FQ4
2024-12-20,20241220,2024-12-20,2024,4,Q4,2024-Q4,12,December,Dec,2024-12,20,5,Friday,0,FY2024,FQ4
2024-12-21,20241221,2024-12-21,2024,4,Q4,2024-Q4,12,December,Dec,2024-12,21,6,Saturday,1,FY2024,FQ4
2024-12-22,20241222,2024-12-22,2024,4,Q4,2024-Q4,12,December,Dec,2024-12,22,7,Sunday,1,FY2024,FQ4
2024-12-23,20241223,2024-12-23,2024,4,Q4,2024-Q4,12,December,Dec,2024-12,23,1,Monday,0,FY2024,FQ4
2024-12-24,20241224,2024-12-24,2024,4,Q4,2024-Q4,12,December,Dec,2024-12,24,2,Tuesday,0,FY2024,FQ4
2024-12-25,20241225,2024-12-25,2024,4,Q4,2024-Q4,12,December,Dec,2024-12,25,3,Wednesday,0,FY2024,FQ4
2024-12-26,20241226,2024-12-26,2024,4,Q4,2024-Q4,12,December,Dec,2024-12,26,4,Thursday,0,FY2024,FQ4
2024-12-27,20241227,2024-12-27,2024,4,Q4,2024-Q4,12,December,Dec,2024-12,27,5,Friday,0,FY2024,FQ4
2024-12-28,20241228,2024-12-28,2024,4,Q4,2024-Q4,12,December,Dec,2024-12,28,6,Saturday,1,FY2024,FQ4
2024-12-29,20241229,2024-12-29,2024,4,Q4,2024-Q4,12,December,Dec,2024-12,29,7,Sunday,1,FY2024,FQ4
2024-12-30,20241230,2024-12-30,2024,4,Q4,2024-Q4,12,December,Dec,2024-12,30,1,Monday,0,FY2024,FQ4
2024-12-31,20241231,2024-12-31,2024,4,Q4,2024-Q4,12,December,Dec,2024-12,31,2,Tuesday,0,FY2024,FQ4
