customer_id,name,gender,age,city,state,signup_date
CUST_000001,Zachary Brown,MALE,18.0,Minneapolis,MN,2022-12-10
CUST_000002,Joan Jackson,Female,34.0,Miami,FL,2023-08-14
CUST_000003,Steven Roberts,Male,18.0,Los Angeles,CA,2022-01-11
CUST_000004,Robert Adams,Male,64.0,Portland,OR,2022-09-25
CUST_000005,Stephanie Morris,Female,41.0,Denver,CO,2022-05-14
CUST_000006,Matthew King,Male,40.0,Boston,MA,2023-03-08
CUST_000007,Gary Allen,male,41.0,Philadelphia,PA,2022-06-05
CUST_000008,Joe Martin,Male,46.0,Los Angeles,CA,2023-05-20
CUST_000009,Ashley Harris,Female,51.0,Atlanta,GA,2022-07-09
CUST_000010,Sharon Carter,Female,19.0,San Antonio,TX,2023-02-03
CUST_000011,Evelyn Flores,Female,55.0,Charlotte,NC,2022-03-23
CUST_000012,Benjamin Miller,Male,54.0,Los Angeles,CA,2023-02-24
CUST_000013,Michael Johnson,Male,38.0,Houston,TX,2023-11-25
CUST_000014,Matthew Rodriguez,Male,37.0,Denver,CO,2022-11-12
CUST_000015,Alice Walker,Female,18.0,Dallas,TX,2023-09-15
CUST_000016,Sarah Richardson,Female,23.0,Philadelphia,PA,2023-02-12
CUST_000017,Tyler Mendoza,Male,45.0,Seattle,WA,2022-08-29
CUST_000018,Jacqueline Carter,Female,54.0,Denver,CO,2022-10-31
CUST_000019,Kevin Nelson,Male,48.0,Dallas,TX,2022-10-30
CUST_000020,Peter Campbell,Male,38.0,Houston,TX,2023-10-10
CUST_000021,Anthony Stewart,Male,63.0,Austin,TX,2022-07-29
CUST_000022,Deborah Chavez,Female,51.0,San Diego,CA,2024-03-16
CUST_000023,Timothy Reed,Male,34.0,Atlanta,GA,2023-09-01
CUST_000024,Jordan Garcia,Male,66.0,San Jose,CA,2023-01-23
CUST_000025,Paul Phillips,Male,25.0,San Antonio,TX,2024-03-29
CUST_000026,Lisa Smith,Female,20.0,New York,NY,2022-08-12
CUST_000027,Abigail Anderson,Female,33.0,Los Angeles,CA,2023-10-25
CUST_000028,Margaret Thomas,Female,29.0,Houston,TX,2022-10-02
CUST_000029,Frances Kelly,Female,34.0,Austin,TX,2023-05-17
CUST_000030,Jose Jackson,Male,48.0,Atlanta,GA,2022-03-02
CUST_000031,Raymond Mitchell,Male,38.0,Charlotte,NC,2023-12-21
CUST_000032,Walter Ramirez,Male,38.0,Austin,TX,2022-12-24
CUST_000033,Evelyn Cox,Female,39.0,Denver,CO,2023-06-17
CUST_000034,Karen Richardson,Female,18.0,Austin,TX,2024-02-13
CUST_000035,Denise Edwards,Female,20.0,Philadelphia,PA,2022-02-04
CUST_000036,Julia Mitchell,Female,34.0,Austin,TX,2024-03-10
CUST_000037,Janice Walker,Female,28.0,Phoenix,AZ,2023-05-03
CUST_000038,Julie Chavez,female,36.0,Philadelphia,PA,2023-11-06
CUST_000039,Rachel Morales,Female,56.0,Detroit,MI,2023-03-23
CUST_000040,Gregory Ramirez,Male,38.0,Dallas,TX,2023-11-30
CUST_000041,Patricia James,Female,22.0,New York,NY,2024-01-13
CUST_000042,Brandon Jackson,Male,29.0,San Diego,CA,2023-01-07
CUST_000043,Jerry Robinson,Male,60.0,Portland,OR,2023-09-26
CUST_000044,Virginia Young,Female,58.0,New York,NY,2024-03-30
CUST_000045,Edward Martinez,Male,46.0,Charlotte,NC,2023-10-21
CUST_000046,Justin Stewart,Male,19.0,Charlotte,NC,2024-03-03
CUST_000047,Joyce Morales,Female,42.0,Dallas,TX,2023-10-06
CUST_000048,Pamela Lewis,Female,43.0,Houston,TX,2022-11-23
CUST_000049,Dylan James,Male,39.0,New York,NY,2023-12-08
CUST_000050,Christina Brown,Female,31.0,New York,NY,2023-08-17
CUST_000051,Mary Baker,Female,34.0,Phoenix,AZ,2022-02-07
CUST_000052,Patricia Parker,Female,31.0,Boston,MA,2022-07-01
CUST_000053,Henry Lewis,Male,24.0,Portland,OR,2022-09-23
CUST_000054,Eric Bailey,Male,56.0,Los Angeles,CA,2023-10-11
CUST_000055,Noah Bailey,Male,50.0,San Antonio,TX,2023-11-17
CUST_000056,Anthony Flores,Male,35.0,San Antonio,TX,2023-12-08
CUST_000057,Patricia Collins,Female,43.0,Phoenix,AZ,2022-03-16
CUST_000058,Gary Ward,Male,43.0,San Diego,CA,2022-03-21
CUST_000059,Judith Gutierrez,Female,68.0,Detroit,MI,2022-10-27
CUST_000060,Sophia Adams,Female,49.0,Philadelphia,PA,2023-08-28
CUST_000061,Terry Peterson,Male,49.0,Los Angeles,CA,2023-12-18
CUST_000062,Katherine Rodriguez,Female,39.0,Seattle,WA,2024-01-05
CUST_000063,Christian Wood,MALE,33.0,New York,NY,2022-08-04
CUST_000064,David Flores,Male,56.0,Portland,OR,2023-10-28
CUST_000065,Frank Harris,Male,47.0,Portland,OR,2023-07-29
CUST_000066,Arthur Cruz,Male,28.0,New York,NY,2024-02-12
CUST_000067,Gary Rodriguez,Male,44.0,San Diego,CA,2023-10-31
CUST_000068,Judy White,Female,49.0,Atlanta,GA,2023-05-05
CUST_000069,Donna Anderson,Female,18.0,Philadelphia,PA,2023-11-08
CUST_000070,Sarah Clark,Female,,San Antonio,TX,2022-11-04
CUST_000071,Rachel Cruz,Female,43.0,Charlotte,NC,2023-11-10
CUST_000072,Jean Roberts,Female,18.0,Chicago,IL,2023-11-06
CUST_000073,Timothy Hill,,18.0,San Diego,CA,2023-12-27
CUST_000074,Martha King,Female,35.0,New York,NY,2022-09-06
CUST_000075,Sandra Campbell,Female,45.0,Chicago,IL,2023-12-23
CUST_000076,Megan Stewart,Female,45.0,Miami,FL,2022-06-28
CUST_000077,Catherine Perez,Female,58.0,Denver,CO,2023-10-31
CUST_000078,Mark Roberts,Male,40.0,Austin,TX,2024-02-14
CUST_000079,Zachary Smith,Male,34.0,New York,NY,2022-02-10
CUST_000080,Zachary Diaz,Male,22.0,Miami,FL,2023-07-18
CUST_000081,Samuel King,Male,34.0,Chicago,IL,2023-08-12
CUST_000082,Michelle Gray,Female,47.0,San Diego,CA,2023-11-30
CUST_000083,Christopher Edwards,Male,48.0,Chicago,IL,2022-04-22
CUST_000084,Judy Garcia,Female,42.0,San Diego,CA,2024-02-01
CUST_000085,Virginia Lopez,Female,45.0,Dallas,TX,2024-03-27
CUST_000086,Martha Rivera,Female,54.0,Houston,TX,2023-08-21
CUST_000087,Henry Carter,Male,39.0,San Antonio,TX,2023-02-16
CUST_000088,Teresa Ward,Female,56.0,Phoenix,AZ,2023-07-25
CUST_000089,Margaret Murphy,Female,29.0,Seattle,WA,2022-03-03
CUST_000090,Christine Anderson,Female,38.0,San Diego,CA,2023-10-18
CUST_000091,Victoria Edwards,Female,32.0,Minneapolis,MN,2022-03-19
CUST_000092,Thomas Cooper,male,48.0,New York,NY,2022-11-17
CUST_000093,Betty Thomas,Female,26.0,New York,NY,2022-05-30
CUST_000094,Olivia Mitchell,Female,34.0,Los Angeles,CA,2023-09-29
CUST_000095,Madison Hernandez,Female,18.0,New York,NY,2023-06-25
CUST_000096,Jose Clark,Male,46.0,San Diego,CA,2023-09-10
CUST_000097,Linda Gutierrez,Female,54.0,Los Angeles,CA,2022-03-13
CUST_000098,Sophia Kim,Female,,New York,NY,2022-12-28
CUST_000099,Nancy James,Female,49.0,Chicago,IL,2023-01-27
CUST_000100,Andrew Wright,MALE,49.0,San Antonio,TX,2023-07-01
CUST_000101,Bryan Flores,Male,47.0,Denver,CO,2022-04-22
CUST_000102,Ethan Ortiz,Male,46.0,Philadelphia,PA,2023-08-03
CUST_000103,Alice Nguyen,Female,47.0,Charlotte,NC,2023-01-18
CUST_000104,Keith Watson,Male,30.0,Los Angeles,CA,2024-01-30
CUST_000105,Jose Bailey,Male,36.0,San Diego,CA,2023-03-04
CUST_000106,Brian Rodriguez,Male,39.0,Chicago,IL,2022-04-22
CUST_000107,Sharon Ortiz,Female,34.0,Atlanta,GA,2022-04-23
CUST_000108,Julia Thomas,Female,19.0,Los Angeles,CA,2022-09-17
CUST_000109,Madison Nelson,Female,23.0,Charlotte,NC,2022-09-03
CUST_000110,Jeffrey Sanchez,Male,41.0,Denver,CO,2023-11-17
CUST_000111,Amy Walker,Female,50.0,Dallas,TX,2023-09-26
CUST_000112,Stephanie Hill,Female,39.0,San Diego,CA,2022-03-26
CUST_000113,Sharon Bailey,Female,73.0,Houston,TX,2023-12-24
CUST_000114,Gerald Hill,MALE,27.0,New York,NY,2022-04-16
CUST_000115,Mary Hill,Female,44.0,Detroit,MI,2023-11-09
CUST_000116,Jonathan Smith,Male,55.0,Atlanta,GA,2022-05-02
CUST_000117,Jesse Edwards,male,52.0,Los Angeles,CA,2023-01-02
CUST_000118,Alexander Lopez,Male,47.0,New York,NY,2023-10-16
CUST_000119,Nicole Sanchez,Female,52.0,Houston,TX,2022-09-16
CUST_000120,Timothy Hill,Male,39.0,Boston,MA,2022-05-03
CUST_000121,David Johnson,Male,59.0,San Antonio,TX,2023-11-10
CUST_000122,Paul Rivera,Male,55.0,San Jose,CA,2023-09-04
CUST_000123,Jessica Lewis,Female,28.0,New York,NY,2024-01-20
CUST_000124,Lisa Jones,Female,43.0,Detroit,MI,2023-07-30
CUST_000125,Margaret King,Female,19.0,Los Angeles,CA,2022-03-23
CUST_000126,Stephanie Lee,Female,,Houston,TX,2023-07-28
CUST_000127,Mary Sanchez,Female,41.0,Portland,OR,2023-12-05
CUST_000128,Julia Hernandez,Female,55.0,Denver,CO,2022-04-02
CUST_000129,Lisa Collins,Female,37.0,San Diego,CA,2022-05-26
CUST_000130,Jacob Harris,Male,18.0,Miami,FL,2023-08-25
CUST_000131,Frances Richardson,Female,71.0,New York,NY,2023-11-13
CUST_000132,Thomas Ortiz,Male,40.0,New York,NY,2022-12-13
CUST_000133,Scott Baker,Male,26.0,Los Angeles,CA,2023-10-05
CUST_000134,Ann Cruz,Female,53.0,Chicago,IL,2022-06-26
CUST_000135,Patrick Lewis,Male,64.0,Denver,CO,2023-02-27
CUST_000136,Emily White,Female,36.0,San Diego,CA,2023-10-14
CUST_000137,Peter Ramirez,Male,37.0,Phoenix,AZ,2022-07-27
CUST_000138,Kelly Hill,Female,41.0,Boston,MA,2022-12-10
CUST_000139,Jeffrey Stewart,Male,25.0,Houston,TX,2023-07-20
CUST_000140,Linda James,Female,30.0,New York,NY,2022-12-07
CUST_000141,Mary Ward,Female,61.0,Phoenix,AZ,2024-01-08
CUST_000142,Teresa King,Female,37.0,Boston,MA,2024-03-03
CUST_000143,Ronald Stewart,Male,28.0,San Antonio,TX,2023-07-30
CUST_000144,Daniel Cox,Male,33.0,Charlotte,NC,2023-11-07
CUST_000145,Rachel Reyes,Female,52.0,Miami,FL,2024-01-30
CUST_000146,Abigail Jackson,Female,18.0,Atlanta,GA,2023-09-11
CUST_000147,Mary Ortiz,Female,42.0,Boston,MA,2023-11-01
CUST_000148,William Davis,Male,69.0,Dallas,TX,2022-03-30
CUST_000149,Brenda Torres,Female,64.0,Detroit,MI,2023-12-05
CUST_000150,Kelly Murphy,Female,46.0,Dallas,TX,2022-10-05
CUST_000151,Scott Johnson,Male,55.0,Houston,TX,2022-03-20
CUST_000152,Sean Cooper,Male,55.0,Los Angeles,CA,2023-06-21
CUST_000153,Linda Sanchez,Female,37.0,Atlanta,GA,2022-08-22
CUST_000154,Jason Wilson,Male,50.0,Houston,TX,2022-03-29
CUST_000155,Cynthia Hill,Female,61.0,Atlanta,GA,2023-07-06
CUST_000156,Jason Davis,Male,23.0,Charlotte,NC,2022-04-18
CUST_000157,Katherine Sanchez,Female,46.0,Phoenix,AZ,2024-01-17
CUST_000158,Harold Miller,Male,43.0,Houston,TX,2024-03-11
CUST_000159,Ronald Torres,Male,40.0,Los Angeles,CA,2023-10-07
CUST_000160,Kyle Richardson,Male,39.0,San Antonio,TX,2022-10-17
CUST_000161,Betty Gonzalez,Female,41.0,San Jose,CA,2023-06-01
CUST_000162,Patrick Smith,Male,42.0,Houston,TX,2022-02-05
CUST_000163,Amy Young,female,52.0,San Antonio,TX,2023-07-15
CUST_000164,Carolyn Hall,Female,44.0,San Diego,CA,2022-09-25
CUST_000165,Thomas Smith,Male,36.0,Chicago,IL,2023-03-08
CUST_000166,Judy Cooper,Female,28.0,New York,NY,2022-07-08
CUST_000167,Austin Kelly,Male,33.0,Los Angeles,CA,2024-03-22
CUST_000168,Roger Green,Male,42.0,Atlanta,GA,2022-08-04
CUST_000169,Kathryn Cox,Female,30.0,Chicago,IL,2023-02-05
CUST_000170,Daniel Wilson,Male,50.0,New York,NY,2022-09-17
CUST_000171,Christine Scott,Female,44.0,Phoenix,AZ,2023-05-15
CUST_000172,Ronald James,Male,53.0,Seattle,WA,2024-01-29
CUST_000173,Kathryn Kelly,Female,31.0,Boston,MA,2022-06-23
CUST_000174,Donald James,Male,28.0,Phoenix,AZ,2022-05-31
CUST_000175,Donna Perez,Female,53.0,Dallas,TX,2022-03-23
CUST_000176,Lauren Cook,Female,40.0,Boston,MA,2023-06-21
CUST_000177,Jessica Scott,Female,36.0,Minneapolis,MN,2023-06-30
CUST_000178,Peter Rivera,Male,47.0,San Jose,CA,2023-12-04
CUST_000179,Kevin Adams,Male,47.0,Seattle,WA,2023-12-14
CUST_000180,Jose Evans,Male,23.0,New York,NY,2022-04-22
CUST_000181,Carl Evans,Male,56.0,Phoenix,AZ,2024-02-02
CUST_000182,Dennis Ramirez,Male,33.0,Minneapolis,MN,2023-12-09
CUST_000183,Paul Ramos,Male,60.0,Los Angeles,CA,2023-08-03
CUST_000184,Elizabeth Harris,Female,22.0,Houston,TX,2022-12-08
CUST_000185,Michael Allen,Male,42.0,Seattle,WA,2023-10-12
CUST_000186,Joseph Rogers,Male,36.0,Detroit,MI,2023-07-14
CUST_000187,Heather Stewart,Female,18.0,New York,NY,2022-12-13
CUST_000188,Cynthia Gray,Female,47.0,Minneapolis,MN,2022-01-16
CUST_000189,Joshua Walker,Male,18.0,Los Angeles,CA,2023-06-23
CUST_000190,Donna Mitchell,Female,35.0,Miami,FL,2023-06-11
CUST_000191,Jesse Martinez,Male,52.0,Minneapolis,MN,2022-06-14
CUST_000192,Lisa Reyes,Female,32.0,Boston,MA,2024-01-30
CUST_000193,Stephanie Diaz,Female,27.0,Detroit,MI,2022-06-18
CUST_000194,Justin Thomas,Male,49.0,Charlotte,NC,2022-10-16
CUST_000195,Mary Cooper,Female,35.0,Detroit,MI,2022-12-29
CUST_000196,Abigail Young,Female,33.0,San Diego,CA,2023-08-29
CUST_000197,Joseph Wright,Male,54.0,Philadelphia,PA,2022-03-31
CUST_000198,Nathan Nguyen,Male,24.0,New York,NY,2023-09-12
CUST_000199,Olivia Mendoza,Female,33.0,Los Angeles,CA,2023-02-03
CUST_000200,Martha Jones,Female,49.0,San Jose,CA,2022-07-12
CUST_000201,Jose Morgan,Male,23.0,Los Angeles,CA,2022-05-02
CUST_000202,Ethan Ward,Male,61.0,Portland,OR,2023-02-01
CUST_000203,Brenda Lee,Female,36.0,Chicago,IL,2023-03-01
CUST_000204,Katherine Hall,Female,49.0,New York,NY,2022-05-28
CUST_000205,Christina Cruz,Female,49.0,Chicago,IL,2023-03-30
CUST_000206,Maria Martinez,Female,37.0,New York,NY,2023-04-15
CUST_000207,Debra Brown,Female,33.0,Los Angeles,CA,2024-03-18
CUST_000208,Steven Nguyen,Male,,Dallas,TX,2023-09-20
CUST_000209,Amanda Mendoza,Female,47.0,Chicago,IL,2022-01-14
CUST_000210,Kathleen Jones,Female,26.0,Atlanta,GA,2023-03-26
CUST_000211,James Gutierrez,Male,23.0,Phoenix,AZ,2022-01-25
CUST_000212,Eric Baker,Male,57.0,Denver,CO,2023-04-22
CUST_000213,Mary Kim,Female,29.0,Denver,CO,2022-11-30
CUST_000214,Frank Johnson,Male,43.0,Los Angeles,CA,2024-01-28
CUST_000215,Douglas Thomas,Male,36.0,New York,NY,2023-04-08
CUST_000216,Patrick Harris,Male,37.0,Miami,FL,2023-12-23
CUST_000217,Lauren Brown,Female,56.0,Seattle,WA,2023-06-17
CUST_000218,Mary Rivera,Female,37.0,Los Angeles,CA,2023-01-19
CUST_000219,William White,Male,34.0,Seattle,WA,2022-08-25
CUST_000220,Christina Brown,Female,35.0,Houston,TX,2022-07-12
CUST_000221,Martha Nguyen,Female,32.0,New York,NY,2023-11-15
CUST_000222,Evelyn Thompson,Female,30.0,Chicago,IL,2024-01-14
CUST_000223,Adam Diaz,Male,32.0,Boston,MA,2022-11-18
CUST_000224,Douglas Reed,Male,59.0,Phoenix,AZ,2023-04-09
CUST_000225,Judith Rogers,Female,47.0,San Diego,CA,2022-10-17
CUST_000226,Zachary Flores,Male,34.0,Los Angeles,CA,2023-03-08
CUST_000227,Judith Howard,Female,51.0,New York,NY,2024-01-05
CUST_000228,David Turner,Male,19.0,Chicago,IL,2022-05-28
CUST_000229,David Hill,Male,56.0,San Antonio,TX,2022-10-20
CUST_000230,Kathleen Martinez,Female,55.0,Miami,FL,2023-09-07
CUST_000231,Rachel Green,Female,66.0,Boston,MA,2022-11-06
CUST_000232,Andrea Richardson,Female,51.0,Los Angeles,CA,2022-03-31
CUST_000233,Edward Nguyen,Male,44.0,New York,NY,2022-12-31
CUST_000234,Brian Morales,Male,55.0,Chicago,IL,2023-08-24
CUST_000235,Jeremy Cox,Male,31.0,Miami,FL,2024-03-20
CUST_000236,Joshua Stewart,Male,34.0,San Diego,CA,2024-01-20
CUST_000237,Gloria Diaz,Female,38.0,Atlanta,GA,2023-05-31
CUST_000238,Mark Miller,Male,56.0,Houston,TX,2023-11-04
CUST_000239,Kathleen Rivera,FEMALE,28.0,Dallas,TX,2023-06-07
CUST_000240,Anna Morales,Female,26.0,Austin,TX,2023-04-08
CUST_000241,George Mendoza,Male,41.0,Austin,TX,2022-06-30
CUST_000242,James Young,Male,47.0,San Antonio,TX,2022-10-21
CUST_000243,Carol Perez,Female,30.0,Chicago,IL,2023-03-06
CUST_000244,Jason Ortiz,Male,47.0,Phoenix,AZ,2024-03-21
CUST_000245,Ronald Moore,Male,56.0,Charlotte,NC,2023-07-05
CUST_000246,Jeremy Roberts,Male,54.0,Chicago,IL,2024-02-24
CUST_000247,Michael Gray,Male,43.0,Denver,CO,2022-09-21
CUST_000248,Shirley Howard,Female,37.0,Portland,OR,2022-03-18
CUST_000249,Linda Bailey,Female,60.0,Dallas,TX,2024-03-17
CUST_000250,Alice Parker,Female,39.0,San Antonio,TX,2022-11-23
CUST_000251,Harold Brown,Male,50.0,New York,NY,2023-05-11
CUST_000252,Joe Hernandez,Male,63.0,Boston,MA,2022-03-20
CUST_000253,Jean Rogers,Female,49.0,Detroit,MI,2023-12-30
CUST_000254,Rebecca Ward,Female,26.0,Charlotte,NC,2022-01-01
CUST_000255,Lauren Torres,Female,23.0,Los Angeles,CA,2024-01-30
CUST_000256,Timothy Thomas,Male,35.0,Detroit,MI,2022-06-24
CUST_000257,Sean Rodriguez,Male,47.0,Houston,TX,2022-07-12
CUST_000258,Anna Perez,Female,44.0,Austin,TX,2023-12-07
CUST_000259,Amy Flores,Female,66.0,Los Angeles,CA,2023-01-10
CUST_000260,Arthur Morgan,Male,44.0,Chicago,IL,2022-09-18
CUST_000261,Ann Gomez,Female,34.0,Austin,TX,2023-06-26
CUST_000262,Bryan Martinez,Male,24.0,San Antonio,TX,2022-09-17
CUST_000263,Barbara Hernandez,Female,53.0,Charlotte,NC,2022-10-16
CUST_000264,Carol Johnson,Female,38.0,Chicago,IL,2022-02-21
CUST_000265,Timothy Kelly,Male,20.0,Minneapolis,MN,2023-05-14
CUST_000266,Pamela Cooper,Female,39.0,Philadelphia,PA,2022-05-20
CUST_000267,Samantha Martinez,Female,26.0,Los Angeles,CA,2023-12-15
CUST_000268,Deborah Lee,Female,33.0,Chicago,IL,2023-10-16
CUST_000269,Jacqueline Rivera,Female,39.0,Boston,MA,2022-10-15
CUST_000270,Donna Phillips,Female,27.0,Miami,FL,2023-05-09
CUST_000271,Christina Murphy,Female,32.0,New York,NY,2023-06-12
CUST_000272,Sara Lee,Female,29.0,Phoenix,AZ,2023-08-17
CUST_000273,Ruth Howard,Female,30.0,San Antonio,TX,2023-02-07
CUST_000274,Jeffrey Clark,Male,26.0,Austin,TX,2023-08-07
CUST_000275,Donald Hill,Male,32.0,San Jose,CA,2022-06-28
CUST_000276,Nancy Clark,Female,27.0,Miami,FL,2023-03-21
CUST_000277,Megan Wilson,Female,46.0,Chicago,IL,2022-04-13
CUST_000278,Helen Lopez,Female,41.0,New York,NY,2024-02-22
CUST_000279,Michael Nguyen,Male,53.0,Los Angeles,CA,2023-01-23
CUST_000280,Joe Kelly,Male,62.0,Portland,OR,2023-07-12
CUST_000281,Kelly Cruz,,47.0,San Diego,CA,2023-04-05
CUST_000282,Ann Lee,Female,44.0,Los Angeles,CA,2022-01-31
CUST_000283,Emma Cooper,Female,48.0,Atlanta,GA,2022-03-11
CUST_000284,Judy Morales,Female,44.0,Dallas,TX,2022-09-26
CUST_000285,Donald Turner,,39.0,Houston,TX,2023-08-23
CUST_000286,Ashley Robinson,Female,38.0,New York,NY,2023-07-30
CUST_000287,Kathryn Robinson,Female,26.0,Boston,MA,2022-07-16
CUST_000288,Kathryn Taylor,Female,49.0,Denver,CO,2023-04-04
CUST_000289,Brandon Sanchez,Male,38.0,Chicago,IL,2022-12-25
CUST_000290,Lisa Campbell,Female,57.0,Chicago,IL,2023-06-05
CUST_000291,Timothy Taylor,Male,50.0,Chicago,IL,2022-11-27
CUST_000292,Andrea Garcia,FEMALE,31.0,Seattle,WA,2024-01-23
CUST_000293,Noah Carter,Male,54.0,Chicago,IL,2023-03-22
CUST_000294,Cynthia Ramos,Female,18.0,Houston,TX,2023-02-13
CUST_000295,William Bailey,male,63.0,Houston,TX,2023-09-12
CUST_000296,Adam Nguyen,Male,22.0,Charlotte,NC,2023-11-06
CUST_000297,Kyle Adams,Male,45.0,Philadelphia,PA,2023-02-22
CUST_000298,Eric Ramos,Male,44.0,Houston,TX,2022-04-29
CUST_000299,Raymond Harris,Male,53.0,San Antonio,TX,2022-04-04
CUST_000300,Joe Kim,Male,34.0,Denver,CO,2022-11-21
CUST_000301,Joshua Bailey,Male,18.0,Minneapolis,MN,2023-10-03
CUST_000302,Maria Jackson,Female,34.0,Charlotte,NC,2023-08-08
CUST_000303,Dennis Scott,Male,36.0,San Antonio,TX,2022-10-17
CUST_000304,Alexander Brooks,Male,18.0,Philadelphia,PA,2022-01-06
CUST_000305,Carl Young,Male,39.0,Houston,TX,2023-07-31
CUST_000306,Ruth Hill,Female,25.0,Boston,MA,2023-06-02
CUST_000307,Debra Lopez,,47.0,San Jose,CA,2023-10-31
CUST_000308,Charles Nguyen,Male,35.0,Houston,TX,2023-08-31
CUST_000309,Christina Jackson,Female,63.0,San Diego,CA,2022-09-10
CUST_000310,Nancy Thomas,Female,35.0,Los Angeles,CA,2023-10-04
CUST_000311,Jennifer Garcia,Female,44.0,Seattle,WA,2023-04-02
CUST_000312,Katherine Hill,Female,36.0,Chicago,IL,2023-06-10
CUST_000313,Maria Diaz,Female,18.0,Houston,TX,2022-12-17
CUST_000314,Denise Mitchell,Female,36.0,New York,NY,2023-11-13
CUST_000315,Joan Perez,Female,48.0,Los Angeles,CA,2022-07-24
CUST_000316,Sara Davis,Female,46.0,Los Angeles,CA,2022-08-01
CUST_000317,Cynthia Young,Female,35.0,Denver,CO,2022-09-01
CUST_000318,Benjamin Lopez,Male,20.0,Seattle,WA,2023-11-12
CUST_000319,Sophia Scott,Female,47.0,San Diego,CA,2023-09-30
CUST_000320,Eric Thomas,Male,44.0,Phoenix,AZ,2022-10-01
CUST_000321,Keith Richardson,Male,49.0,Minneapolis,MN,2022-06-03
CUST_000322,Rachel Ortiz,Female,35.0,Minneapolis,MN,2022-02-01
CUST_000323,Michelle Kim,Female,18.0,Austin,TX,2023-08-29
CUST_000324,Raymond Bailey,Male,,San Jose,CA,2023-05-13
CUST_000325,Paul Walker,Male,38.0,Atlanta,GA,2023-09-12
CUST_000326,James Rivera,Male,56.0,Denver,CO,2023-09-16
CUST_000327,Andrew Morales,Male,39.0,Chicago,IL,2023-12-20
CUST_000328,Donald Wright,Male,38.0,San Antonio,TX,2023-02-04
CUST_000329,Ryan Green,Male,44.0,Los Angeles,CA,2023-12-08
CUST_000330,Kathryn Taylor,Female,31.0,Atlanta,GA,2023-02-20
CUST_000331,Gary Gutierrez,Male,30.0,San Jose,CA,2023-09-16
CUST_000332,Ann Garcia,Female,37.0,Charlotte,NC,2023-05-23
CUST_000333,Patrick Morris,Male,27.0,Los Angeles,CA,2024-02-09
CUST_000334,James Turner,Male,36.0,San Antonio,TX,2022-12-28
CUST_000335,Kimberly Adams,Female,63.0,Denver,CO,2023-09-03
CUST_000336,Lawrence Edwards,Male,52.0,Miami,FL,2023-06-27
CUST_000337,Ruth Campbell,Female,42.0,Miami,FL,2024-03-30
CUST_000338,Lawrence Collins,Male,58.0,Los Angeles,CA,2022-03-27
CUST_000339,Rebecca Brown,Female,28.0,Charlotte,NC,2023-06-27
CUST_000340,Zachary White,Male,70.0,Charlotte,NC,2022-08-28
CUST_000341,Cheryl Flores,Female,33.0,Charlotte,NC,2024-01-15
CUST_000342,Joe Adams,Male,64.0,Austin,TX,2023-11-15
CUST_000343,John Ortiz,Male,63.0,Miami,FL,2023-08-14
CUST_000344,Dylan Gray,Male,18.0,New York,NY,2023-03-28
CUST_000345,Gary Brown,Male,57.0,Chicago,IL,2023-08-28
CUST_000346,Noah Bennett,Male,35.0,New York,NY,2023-05-25
CUST_000347,Alexander Adams,,31.0,San Antonio,TX,2022-10-17
CUST_000348,Catherine Williams,Female,45.0,Charlotte,NC,2023-12-03
CUST_000349,Jeffrey Collins,Male,26.0,San Jose,CA,2023-04-23
CUST_000350,Teresa Clark,Female,45.0,Philadelphia,PA,2022-09-19
CUST_000351,Kevin Flores,Male,27.0,Atlanta,GA,2023-08-15
CUST_000352,Katherine Allen,Female,41.0,San Diego,CA,2022-01-22
CUST_000353,Patrick Thompson,Male,55.0,Philadelphia,PA,2023-09-24
CUST_000354,Kyle Ramos,Male,43.0,Austin,TX,2023-03-20
CUST_000355,Samantha Lee,Female,34.0,San Diego,CA,2023-07-24
CUST_000356,Nathan Mitchell,male,45.0,San Jose,CA,2022-06-16
CUST_000357,Scott Gutierrez,Male,21.0,Atlanta,GA,2023-09-23
CUST_000358,Jose Ramirez,Male,28.0,Philadelphia,PA,2023-09-27
CUST_000359,Kelly Lopez,Female,33.0,Phoenix,AZ,2023-10-10
CUST_000360,Douglas Ward,Male,48.0,Dallas,TX,2023-03-18
CUST_000361,Christian Hill,Male,44.0,Detroit,MI,2023-07-29
CUST_000362,Carolyn Campbell,Female,45.0,Phoenix,AZ,2023-05-21
CUST_000363,Kimberly Howard,Female,38.0,Miami,FL,2022-08-28
CUST_000364,Kelly Morgan,Female,29.0,Austin,TX,2022-01-27
CUST_000365,Richard Campbell,Male,57.0,New York,NY,2023-02-02
CUST_000366,Donna Ortiz,Female,30.0,San Antonio,TX,2023-11-29
CUST_000367,Harold Ward,Male,44.0,Los Angeles,CA,2022-11-17
CUST_000368,Jonathan Young,Male,37.0,Los Angeles,CA,2023-10-15
CUST_000369,Christine Williams,Female,46.0,Chicago,IL,2023-07-28
CUST_000370,Joe Garcia,Male,31.0,Denver,CO,2022-12-13
CUST_000371,Andrew Cruz,Male,52.0,Austin,TX,2022-01-01
CUST_000372,Patricia Peterson,Female,56.0,San Diego,CA,2023-02-17
CUST_000373,Karen Carter,Female,51.0,San Antonio,TX,2023-01-16
CUST_000374,Carol Jones,Female,40.0,Phoenix,AZ,2022-05-29
CUST_000375,Evelyn Sanchez,Female,33.0,Minneapolis,MN,2023-12-02
CUST_000376,Cheryl Ward,Female,74.0,Portland,OR,2024-03-02
CUST_000377,Frank Rogers,Male,26.0,Boston,MA,2022-05-11
CUST_000378,Amanda Allen,Female,50.0,Chicago,IL,2022-08-26
CUST_000379,Rachel Wood,Female,43.0,Detroit,MI,2023-07-23
CUST_000380,John Roberts,Male,38.0,Atlanta,GA,2024-02-28
CUST_000381,Nathan Green,Male,41.0,Los Angeles,CA,2024-02-17
CUST_000382,Jerry Baker,MALE,32.0,Houston,TX,2024-02-15
CUST_000383,John Bailey,Male,44.0,Houston,TX,2023-02-24
CUST_000384,Gloria Richardson,Female,42.0,Denver,CO,2024-03-21
CUST_000385,Andrea Torres,Female,72.0,San Diego,CA,2022-12-23
CUST_000386,Timothy Garcia,Male,52.0,Chicago,IL,2022-04-06
CUST_000387,Tyler Martinez,Male,45.0,Chicago,IL,2023-09-13
CUST_000388,Dennis Ramos,Male,46.0,Philadelphia,PA,2023-05-27
CUST_000389,Betty Morales,Female,61.0,Seattle,WA,2023-11-19
CUST_000390,Donald Chavez,Male,26.0,San Antonio,TX,2023-07-15
CUST_000391,Nathan Campbell,Male,36.0,Chicago,IL,2023-12-03
CUST_000392,Alice Ramos,Female,18.0,Austin,TX,2022-12-05
CUST_000393,Raymond Evans,Male,45.0,Charlotte,NC,2022-10-17
CUST_000394,Frank Torres,Male,49.0,Los Angeles,CA,2023-10-21
CUST_000395,Joyce Reyes,Female,26.0,San Diego,CA,2023-04-11
CUST_000396,Emma Evans,FEMALE,56.0,Houston,TX,2022-07-08
CUST_000397,William Moore,Male,30.0,Los Angeles,CA,2023-01-01
CUST_000398,Shirley Nguyen,Female,34.0,Minneapolis,MN,2023-11-20
CUST_000399,Janice Turner,Female,40.0,Portland,OR,2024-02-10
CUST_000400,Martha Morris,Female,58.0,Houston,TX,2023-10-23
CUST_000401,Abigail Gomez,Female,28.0,Houston,TX,2023-09-23
CUST_000402,Matthew Chavez,Male,42.0,New York,NY,2023-11-27
CUST_000403,Benjamin Cruz,Male,48.0,Austin,TX,2022-07-28
CUST_000404,Heather Bennett,Female,46.0,New York,NY,2023-06-13
CUST_000405,Steven Johnson,Male,46.0,San Antonio,TX,2023-06-24
CUST_000406,Steven Lopez,Male,48.0,Los Angeles,CA,2024-02-25
CUST_000407,Hannah Rodriguez,Female,32.0,Seattle,WA,2022-01-18
CUST_000408,Adam Baker,Male,60.0,Portland,OR,2024-03-12
CUST_000409,Virginia Mendoza,female,37.0,New York,NY,2023-09-29
CUST_000410,Kevin Nelson,Male,35.0,Boston,MA,2022-01-26
CUST_000411,Benjamin Gutierrez,Male,55.0,Miami,FL,2023-04-28
CUST_000412,John Gutierrez,Male,31.0,Los Angeles,CA,2022-03-19
CUST_000413,Nancy Anderson,Female,43.0,Detroit,MI,2023-07-01
CUST_000414,Samuel Reyes,Male,29.0,Austin,TX,2023-03-05
CUST_000415,Rebecca Ramirez,Female,70.0,San Diego,CA,2023-10-31
CUST_000416,Sophia Turner,Female,67.0,Seattle,WA,2023-06-13
CUST_000417,Samantha Mendoza,Female,37.0,Chicago,IL,2023-11-10
CUST_000418,Richard Reyes,Male,45.0,New York,NY,2022-12-27
CUST_000419,Patricia Wood,Female,39.0,Philadelphia,PA,2023-12-28
CUST_000420,Peter Walker,Male,34.0,Denver,CO,2024-01-03
CUST_000421,Anthony Bennett,Male,40.0,Detroit,MI,2023-08-09
CUST_000422,Ashley Collins,,38.0,Philadelphia,PA,2022-09-25
CUST_000423,Pamela Jones,Female,19.0,Chicago,IL,2024-03-25
CUST_000424,Dorothy Gomez,Female,42.0,Los Angeles,CA,2023-12-01
CUST_000425,Jerry Bennett,Male,38.0,Portland,OR,2023-12-24
CUST_000426,Scott Hill,Male,42.0,Chicago,IL,2022-01-14
CUST_000427,Karen Green,female,38.0,Detroit,MI,2023-12-07
CUST_000428,Jeremy Turner,Male,34.0,Los Angeles,CA,2022-08-14
CUST_000429,Pamela Nguyen,Female,49.0,New York,NY,2023-04-19
CUST_000430,Dennis Watson,Male,45.0,Los Angeles,CA,2023-09-13
CUST_000431,James Clark,Male,56.0,San Antonio,TX,2023-01-31
CUST_000432,Tyler Reed,Male,45.0,Houston,TX,2022-09-07
CUST_000433,Brian Parker,Male,36.0,Detroit,MI,2023-04-13
CUST_000434,Brandon Taylor,Male,46.0,San Diego,CA,2022-10-28
CUST_000435,Stephanie Gutierrez,Female,18.0,New York,NY,2023-07-10
CUST_000436,Denise Campbell,Female,65.0,Austin,TX,2022-04-30
CUST_000437,Michelle Martin,Female,42.0,Phoenix,AZ,2023-01-29
CUST_000438,Jean Lee,Female,66.0,Seattle,WA,2023-06-23
CUST_000439,Arthur Campbell,Male,28.0,Atlanta,GA,2024-03-24
CUST_000440,Eric Wood,Male,25.0,Charlotte,NC,2023-04-09
CUST_000441,Timothy Jones,Male,43.0,Dallas,TX,2023-02-12
CUST_000442,Angela Mitchell,Female,43.0,Houston,TX,2024-03-24
CUST_000443,Jordan Smith,Male,43.0,Philadelphia,PA,2024-02-11
CUST_000444,Julie Clark,Female,41.0,Phoenix,AZ,2023-08-22
CUST_000445,Janet Wood,Female,31.0,Philadelphia,PA,2023-05-18
CUST_000446,Robert Morris,Male,20.0,New York,NY,2022-10-02
CUST_000447,Noah Morris,Male,42.0,Chicago,IL,2023-07-17
CUST_000448,Richard Watson,Male,22.0,Charlotte,NC,2023-12-12
CUST_000449,Linda Lee,Female,21.0,Detroit,MI,2024-03-19
CUST_000450,Kevin Watson,Male,34.0,New York,NY,2022-06-30
CUST_000451,Samantha Campbell,Female,44.0,Charlotte,NC,2022-10-05
CUST_000452,Sean Stewart,Male,63.0,Atlanta,GA,2024-01-15
CUST_000453,Harold Lewis,Male,51.0,New York,NY,2023-12-31
CUST_000454,Kimberly Sanchez,Female,56.0,Detroit,MI,2023-09-22
CUST_000455,Amy Martinez,Female,47.0,Charlotte,NC,2022-04-23
CUST_000456,Hannah Roberts,Female,43.0,Austin,TX,2023-09-15
CUST_000457,Gregory Howard,Male,70.0,Atlanta,GA,2023-03-19
CUST_000458,Sandra Scott,Female,22.0,Houston,TX,2022-12-29
CUST_000459,Gary Watson,Male,33.0,Dallas,TX,2022-09-13
CUST_000460,Tyler Ortiz,Male,34.0,Denver,CO,2022-11-13
CUST_000461,Bryan Brooks,MALE,50.0,Dallas,TX,2023-05-11
CUST_000462,Victoria Morales,Female,26.0,Chicago,IL,2022-06-21
CUST_000463,John Gonzalez,M,48.0,San Jose,CA,2023-04-20
CUST_000464,Christina Carter,Female,46.0,Miami,FL,2022-02-23
CUST_000465,Kenneth Rogers,Male,49.0,Miami,FL,2023-01-31
CUST_000466,Gerald Hall,male,48.0,Los Angeles,CA,2024-03-05
CUST_000467,Jacob Rodriguez,Male,58.0,Philadelphia,PA,2023-10-08
CUST_000468,Donald Wood,Male,38.0,New York,NY,2022-03-17
CUST_000469,Helen Ramirez,F,45.0,San Jose,CA,2023-09-01
CUST_000470,Amanda Stewart,Female,29.0,Chicago,IL,2022-07-24
CUST_000471,Carol Cooper,,26.0,Portland,OR,2023-03-23
CUST_000472,Maria Allen,Female,61.0,Austin,TX,2022-10-23
CUST_000473,Cheryl Johnson,Female,28.0,Phoenix,AZ,2024-02-17
CUST_000474,Teresa Collins,Female,47.0,Denver,CO,2022-03-02
CUST_000475,Shirley Harris,Female,45.0,Los Angeles,CA,2024-01-13
CUST_000476,Barbara Richardson,Female,53.0,New York,NY,2023-09-11
CUST_000477,Katherine Baker,Female,18.0,New York,NY,2022-12-22
CUST_000478,Jonathan Flores,Male,50.0,Dallas,TX,2024-01-12
CUST_000479,Donald Rogers,Male,38.0,Minneapolis,MN,2023-01-27
CUST_000480,Janice Ward,Female,31.0,Los Angeles,CA,2023-09-09
CUST_000481,Sophia Thomas,Female,35.0,Boston,MA,2023-11-11
CUST_000482,Elizabeth White,Female,51.0,New York,NY,2022-10-16
CUST_000483,Harold Scott,Male,48.0,Houston,TX,2022-03-21
CUST_000484,Joyce Howard,Female,37.0,San Jose,CA,2024-01-04
CUST_000485,Dorothy Bailey,Female,24.0,Atlanta,GA,2022-08-26
CUST_000486,Olivia Cox,Female,25.0,Portland,OR,2024-02-15
CUST_000487,Lisa Lopez,Female,48.0,Austin,TX,2022-11-10
CUST_000488,Barbara White,Female,23.0,Philadelphia,PA,2023-02-03
CUST_000489,Jordan Harris,Male,37.0,New York,NY,2023-02-16
CUST_000490,Tyler Perez,Male,72.0,Chicago,IL,2023-03-18
CUST_000491,Kenneth Gray,Male,44.0,Detroit,MI,2024-03-07
CUST_000492,Larry Morris,Male,48.0,Dallas,TX,2022-09-08
CUST_000493,Dylan Sanchez,Male,25.0,Houston,TX,2023-07-05
CUST_000494,Emma Edwards,Female,23.0,Chicago,IL,2022-10-23
CUST_000495,Austin Bailey,Male,48.0,New York,NY,2022-05-21
CUST_000496,Carl Morgan,Male,35.0,Boston,MA,2022-10-18
CUST_000497,Cynthia Lewis,Female,53.0,Phoenix,AZ,2023-05-24
CUST_000498,Henry Lee,male,40.0,Portland,OR,2023-07-04
CUST_000499,Victoria Peterson,Female,80.0,Philadelphia,PA,2022-09-25
CUST_000500,Ethan Evans,Male,33.0,Atlanta,GA,2024-03-22
CUST_000501,Ryan Thomas,Male,43.0,Los Angeles,CA,2022-12-22
CUST_000502,William Morales,Male,29.0,Los Angeles,CA,2023-12-11
CUST_000503,Anthony Watson,Male,53.0,Chicago,IL,2022-02-09
CUST_000504,Julie Cooper,Female,45.0,Los Angeles,CA,2023-09-07
CUST_000505,Jeremy Howard,Male,28.0,Charlotte,NC,2022-10-31
CUST_000506,Walter Rivera,Male,36.0,Atlanta,GA,2023-05-12
CUST_000507,Heather Walker,female,57.0,Houston,TX,2023-12-14
CUST_000508,Richard Watson,Male,55.0,San Diego,CA,2023-09-28
CUST_000509,Patricia Young,Female,22.0,San Diego,CA,2022-12-19
CUST_000510,Hannah Mitchell,Female,34.0,Austin,TX,2023-10-03
CUST_000511,Janet Brown,Female,63.0,New York,NY,2023-02-03
CUST_000512,Jeremy Torres,Male,38.0,Houston,TX,2022-03-12
CUST_000513,Margaret Martin,Female,42.0,New York,NY,2023-08-16
CUST_000514,Anna Rodriguez,Female,53.0,Detroit,MI,2024-02-19
CUST_000515,Abigail Nelson,Female,23.0,Phoenix,AZ,2022-04-02
CUST_000516,Sandra Green,Female,28.0,Denver,CO,2023-09-01
CUST_000517,Barbara Morris,Female,36.0,Detroit,MI,2023-12-16
CUST_000518,Jose Walker,Male,55.0,Houston,TX,2023-06-26
CUST_000519,Diane Thompson,Female,52.0,New York,NY,2023-04-01
CUST_000520,Dylan Flores,Male,49.0,Houston,TX,2022-09-01
CUST_000521,Austin Sanchez,Male,38.0,Seattle,WA,2022-07-22
CUST_000522,Megan Parker,Female,54.0,San Antonio,TX,2023-01-19
CUST_000523,Patricia Anderson,Female,38.0,New York,NY,2023-07-30
CUST_000524,Scott Cook,Male,47.0,New York,NY,2022-11-10
CUST_000525,Janice Ramirez,Female,51.0,Seattle,WA,2023-04-04
CUST_000526,Pamela Lewis,Female,61.0,Denver,CO,2023-06-29
CUST_000527,Dylan Murphy,Male,39.0,New York,NY,2022-08-06
CUST_000528,Jose Richardson,Male,35.0,Atlanta,GA,2023-10-09
CUST_000529,Thomas Martinez,Male,56.0,Houston,TX,2023-07-20
CUST_000530,Debra Stewart,Female,57.0,New York,NY,2023-06-23
CUST_000531,Henry Lopez,Male,33.0,Houston,TX,2023-03-27
CUST_000532,David Chavez,Male,26.0,Denver,CO,2022-12-23
CUST_000533,Cynthia Reed,Female,55.0,San Jose,CA,2023-05-21
CUST_000534,Zachary Scott,Male,19.0,San Antonio,TX,2023-10-27
CUST_000535,Margaret Perez,Female,19.0,Chicago,IL,2023-09-14
CUST_000536,Cynthia James,Female,36.0,Phoenix,AZ,2023-10-07
CUST_000537,Henry Anderson,Male,40.0,Phoenix,AZ,2022-08-06
CUST_000538,Cheryl Martin,Female,25.0,Phoenix,AZ,2023-11-05
CUST_000539,Rachel Miller,Female,41.0,San Antonio,TX,2022-11-28
CUST_000540,Dylan Scott,Male,42.0,Philadelphia,PA,2022-08-28
CUST_000541,Lawrence Rivera,Male,32.0,New York,NY,2022-05-12
CUST_000542,Justin Perez,Male,64.0,Chicago,IL,2023-12-10
CUST_000543,Matthew Bailey,Male,44.0,Los Angeles,CA,2023-07-16
CUST_000544,Ethan Brooks,Male,53.0,Austin,TX,2023-12-17
CUST_000545,Carol Reyes,Female,20.0,Phoenix,AZ,2023-05-31
CUST_000546,Ann Bailey,Female,20.0,Seattle,WA,2023-12-30
CUST_000547,Heather Sanchez,Female,44.0,New York,NY,2023-05-27
CUST_000548,Shirley Garcia,Female,62.0,Houston,TX,2023-08-02
CUST_000549,Patrick Wilson,Male,26.0,Los Angeles,CA,2022-03-04
CUST_000550,Carolyn Carter,Female,40.0,New York,NY,2023-08-19
CUST_000551,Abigail Reyes,Female,23.0,Boston,MA,2023-06-27
CUST_000552,Donna Moore,Female,30.0,Los Angeles,CA,2022-09-05
CUST_000553,Abigail Jackson,Female,41.0,Los Angeles,CA,2022-05-03
CUST_000554,Robert Rodriguez,Male,32.0,Houston,TX,2022-12-08
CUST_000555,Cheryl Anderson,Female,22.0,Chicago,IL,2022-03-08
CUST_000556,Abigail Phillips,Female,22.0,Detroit,MI,2023-06-29
CUST_000557,Shirley Moore,Female,18.0,Charlotte,NC,2023-05-19
CUST_000558,Susan Carter,Female,44.0,Phoenix,AZ,2024-02-06
CUST_000559,Keith Watson,Male,46.0,Los Angeles,CA,2023-04-27
CUST_000560,Ann Gonzalez,Female,46.0,San Antonio,TX,2023-10-01
CUST_000561,Laura Flores,Female,27.0,San Antonio,TX,2023-08-15
CUST_000562,Rachel Wood,Female,51.0,Philadelphia,PA,2023-09-10
CUST_000563,Keith Martin,Male,47.0,New York,NY,2022-11-09
CUST_000564,Donald Morales,Male,39.0,Los Angeles,CA,2023-02-04
CUST_000565,Tyler Reyes,Male,37.0,Los Angeles,CA,2022-05-10
CUST_000566,Jonathan Harris,Male,30.0,Houston,TX,2023-08-05
CUST_000567,Anthony Kelly,Male,41.0,Dallas,TX,2022-10-30
CUST_000568,Teresa Murphy,Female,59.0,Minneapolis,MN,2023-05-21
CUST_000569,Sharon Chavez,Female,53.0,Los Angeles,CA,2024-02-09
CUST_000570,Lawrence White,Male,35.0,Boston,MA,2023-08-29
CUST_000571,Maria Green,Female,45.0,Chicago,IL,2022-09-29
CUST_000572,Samuel Rivera,Male,25.0,New York,NY,2023-04-24
CUST_000573,Brenda Diaz,Female,48.0,San Jose,CA,2023-06-30
CUST_000574,Nicholas Wright,Male,28.0,Los Angeles,CA,2023-12-23
CUST_000575,Christian Edwards,Male,47.0,Detroit,MI,2023-11-15
CUST_000576,Kelly Carter,F,76.0,Portland,OR,2022-11-10
CUST_000577,Ethan Torres,Male,31.0,New York,NY,2024-02-08
CUST_000578,Eric Wright,Male,75.0,Los Angeles,CA,2022-06-07
CUST_000579,Kenneth Jones,Male,45.0,Los Angeles,CA,2022-10-07
CUST_000580,Jessica Cook,Female,29.0,Detroit,MI,2022-02-08
CUST_000581,Hannah Martin,Female,29.0,New York,NY,2022-11-07
CUST_000582,Eric Kim,Male,68.0,Boston,MA,2023-02-03
CUST_000583,Debra Scott,Female,45.0,Chicago,IL,2022-09-05
CUST_000584,Helen Ortiz,Female,31.0,Dallas,TX,2022-01-15
CUST_000585,Jonathan Thomas,Male,36.0,Los Angeles,CA,2022-01-13
CUST_000586,Nathan Thompson,male,44.0,Atlanta,GA,2024-02-10
CUST_000587,Ruth Gonzalez,Female,38.0,Seattle,WA,2023-10-05
CUST_000588,Sophia Lopez,Female,43.0,New York,NY,2023-09-09
CUST_000589,Nancy Cruz,Female,61.0,Chicago,IL,2023-11-09
CUST_000590,Maria James,Female,24.0,Philadelphia,PA,2023-09-06
CUST_000591,David Turner,Male,47.0,San Diego,CA,2022-03-10
CUST_000592,Martha Taylor,Female,38.0,Miami,FL,2024-02-12
CUST_000593,Julie Adams,Female,32.0,Phoenix,AZ,2023-02-15
CUST_000594,Jonathan Gray,Male,52.0,Detroit,MI,2023-03-07
CUST_000595,Martha King,Female,20.0,Los Angeles,CA,2024-01-17
CUST_000596,Nicole Garcia,Female,18.0,Miami,FL,2022-08-01
CUST_000597,Andrew Ramos,Male,41.0,Detroit,MI,2022-11-08
CUST_000598,Justin Clark,Male,37.0,Austin,TX,2023-12-27
CUST_000599,David Miller,Male,22.0,Charlotte,NC,2023-04-28
CUST_000600,Sean Thompson,Male,18.0,Phoenix,AZ,2023-02-08
CUST_000601,Judith Martin,Female,63.0,Seattle,WA,2024-03-01
CUST_000602,Walter Nguyen,Male,44.0,New York,NY,2024-01-18
CUST_000603,Carl Robinson,Male,39.0,Chicago,IL,2024-01-17
CUST_000604,Harold Allen,Male,66.0,Dallas,TX,2022-08-09
CUST_000605,Jonathan Kelly,Male,51.0,Minneapolis,MN,2023-12-19
CUST_000606,Charles Collins,Male,61.0,Portland,OR,2023-08-10
CUST_000607,Ryan Baker,Male,24.0,Dallas,TX,2023-09-04
CUST_000608,Alice Wood,Female,23.0,Miami,FL,2022-02-23
CUST_000609,Jesse Morgan,Male,46.0,Atlanta,GA,2023-05-26
CUST_000610,Cheryl Bennett,Female,44.0,Boston,MA,2022-08-15
CUST_000611,Steven Evans,Male,54.0,New York,NY,2024-02-12
CUST_000612,Donald Bailey,MALE,18.0,San Antonio,TX,2023-05-31
CUST_000613,Terry Taylor,Male,47.0,San Antonio,TX,2023-07-12
CUST_000614,Daniel Hernandez,Male,51.0,Atlanta,GA,2022-09-07
CUST_000615,Heather Hall,Female,50.0,Dallas,TX,2023-02-09
CUST_000616,Jacob Jones,Male,33.0,Atlanta,GA,2023-05-06
CUST_000617,Timothy Martin,Male,45.0,Portland,OR,2023-11-27
CUST_000618,Kelly Thomas,Female,29.0,Dallas,TX,2023-07-08
CUST_000619,Judy Adams,Female,35.0,Atlanta,GA,2022-05-03
CUST_000620,Hannah Smith,Female,,Dallas,TX,2023-03-05
CUST_000621,Scott Watson,Male,29.0,Austin,TX,2022-10-24
CUST_000622,Emma Morris,Female,35.0,San Antonio,TX,2023-05-13
CUST_000623,Austin Evans,Male,32.0,Charlotte,NC,2023-03-20
CUST_000624,Heather Campbell,Female,29.0,Atlanta,GA,2022-01-26
CUST_000625,Brandon Gray,Male,22.0,Boston,MA,2022-08-04
CUST_000626,Lauren Thomas,Female,63.0,Houston,TX,2023-08-12
CUST_000627,Andrew Stewart,Male,32.0,San Antonio,TX,2023-05-18
CUST_000628,Barbara Cook,Female,43.0,Miami,FL,2022-03-01
CUST_000629,Gerald Lewis,Male,18.0,Portland,OR,2023-06-27
CUST_000630,Dennis Diaz,Male,55.0,Charlotte,NC,2023-04-16
CUST_000631,Anthony Diaz,Male,41.0,Denver,CO,2022-06-10
CUST_000632,George James,Male,33.0,Denver,CO,2022-01-03
CUST_000633,Denise Cooper,Female,33.0,New York,NY,2022-11-28
CUST_000634,Olivia Perez,Female,49.0,Boston,MA,2023-11-05
CUST_000635,Joyce Brown,Female,18.0,Houston,TX,2022-05-23
CUST_000636,Susan Hill,Female,28.0,Miami,FL,2024-02-24
CUST_000637,Bryan Reyes,Male,37.0,New York,NY,2023-05-16
CUST_000638,Sean Davis,Male,37.0,Portland,OR,2023-10-21
CUST_000639,Alexander Howard,Male,70.0,San Antonio,TX,2024-03-16
CUST_000640,Timothy Richardson,Male,34.0,Los Angeles,CA,2022-09-24
CUST_000641,Henry Murphy,Male,51.0,Austin,TX,2023-06-16
CUST_000642,Roger Phillips,Male,61.0,Seattle,WA,2022-12-03
CUST_000643,Hannah Cox,Female,47.0,Boston,MA,2022-04-03
CUST_000644,Grace Phillips,Female,30.0,Seattle,WA,2023-11-15
CUST_000645,Tyler Carter,Male,22.0,Dallas,TX,2022-01-14
CUST_000646,Ronald Taylor,Male,48.0,New York,NY,2024-01-05
CUST_000647,Christine Richardson,Female,59.0,Miami,FL,2023-11-15
CUST_000648,Christian Hall,Male,45.0,Charlotte,NC,2023-07-27
CUST_000649,Kevin Lewis,Male,54.0,Boston,MA,2023-06-22
CUST_000650,Michelle Smith,Female,71.0,New York,NY,2023-12-20
CUST_000651,Evelyn Rivera,Female,49.0,Boston,MA,2022-03-04
CUST_000652,Stephen Lewis,Male,25.0,Chicago,IL,2023-10-06
CUST_000653,Christian Martin,Male,39.0,Charlotte,NC,2022-07-09
CUST_000654,Betty Campbell,Female,56.0,New York,NY,2022-01-24
CUST_000655,Edward Turner,Male,35.0,New York,NY,2022-11-08
CUST_000656,Dorothy Kim,Female,57.0,Los Angeles,CA,2022-11-21
CUST_000657,Henry Kim,Male,38.0,Boston,MA,2022-07-21
CUST_000658,Andrea Lopez,Female,43.0,San Jose,CA,2023-09-18
CUST_000659,Larry Murphy,Male,34.0,Denver,CO,2023-05-29
CUST_000660,Samantha Anderson,Female,40.0,Houston,TX,2024-02-08
CUST_000661,Nancy Turner,Female,41.0,Minneapolis,MN,2023-10-24
CUST_000662,Douglas Walker,MALE,18.0,Philadelphia,PA,2023-12-07
CUST_000663,Denise Carter,Female,33.0,Los Angeles,CA,2024-01-27
CUST_000664,Hannah Martin,Female,23.0,Boston,MA,2023-11-24
CUST_000665,Donna Nguyen,Female,33.0,San Diego,CA,2022-05-08
CUST_000666,Jerry Wood,Male,29.0,Austin,TX,2022-07-14
CUST_000667,George Mitchell,Male,51.0,Phoenix,AZ,2023-01-23
CUST_000668,Robert Cox,Male,51.0,Denver,CO,2022-11-25
CUST_000669,Ashley Hernandez,Female,46.0,New York,NY,2024-01-16
CUST_000670,Sarah Edwards,Female,23.0,San Antonio,TX,2023-05-02
CUST_000671,Kimberly Peterson,Female,37.0,Phoenix,AZ,2024-01-10
CUST_000672,Harold Reyes,Male,22.0,Boston,MA,2023-01-11
CUST_000673,George Cox,Male,37.0,Chicago,IL,2024-01-30
CUST_000674,Walter Miller,Male,47.0,Chicago,IL,2022-03-21
CUST_000675,Jesse Flores,Male,51.0,Houston,TX,2023-02-28
CUST_000676,Maria Taylor,Female,44.0,San Antonio,TX,2024-01-26
CUST_000677,Scott Hernandez,Male,54.0,Los Angeles,CA,2023-03-04
CUST_000678,Megan Smith,Female,42.0,Seattle,WA,2023-10-03
CUST_000679,Sarah Turner,Female,36.0,Houston,TX,2022-12-20
CUST_000680,Pamela Baker,Female,49.0,Phoenix,AZ,2023-12-09
CUST_000681,Christine Reyes,Female,50.0,Dallas,TX,2023-07-22
CUST_000682,Teresa Green,Female,32.0,Houston,TX,2023-11-27
CUST_000683,Gloria Rivera,Female,43.0,Seattle,WA,2023-05-11
CUST_000684,Sara Cox,Female,35.0,San Jose,CA,2023-07-27
CUST_000685,Henry James,Male,18.0,Boston,MA,2023-05-05
CUST_000686,Carolyn Roberts,Female,44.0,San Diego,CA,2023-06-04
CUST_000687,Teresa Moore,Female,22.0,Houston,TX,2023-09-02
CUST_000688,Carl Morris,Male,43.0,Los Angeles,CA,2022-05-11
CUST_000689,Scott Morris,Male,19.0,Philadelphia,PA,2023-10-29
CUST_000690,Joe Sanchez,Male,30.0,Minneapolis,MN,2022-12-15
CUST_000691,Frances Cook,Female,33.0,New York,NY,2022-01-15
CUST_000692,Benjamin Phillips,Male,54.0,Los Angeles,CA,2023-07-31
CUST_000693,Barbara Brown,Female,32.0,Seattle,WA,2023-07-09
CUST_000694,Michelle Morales,Female,25.0,Dallas,TX,2023-09-28
CUST_000695,Jeremy Davis,Male,43.0,Detroit,MI,2024-03-29
CUST_000696,Thomas Diaz,Male,36.0,New York,NY,2023-03-13
CUST_000697,Justin Baker,Male,48.0,Minneapolis,MN,2024-03-13
CUST_000698,Dennis Smith,Male,26.0,Denver,CO,2023-06-12
CUST_000699,Terry Wright,Male,41.0,Boston,MA,2022-12-17
CUST_000700,Sara Hernandez,Female,69.0,Phoenix,AZ,2023-08-25
CUST_000701,Andrea Smith,Female,36.0,Houston,TX,2022-07-25
CUST_000702,Anna Morgan,Female,41.0,New York,NY,2024-03-09
CUST_000703,Betty Harris,Female,18.0,Atlanta,GA,2023-02-25
CUST_000704,Adam Robinson,Male,28.0,Los Angeles,CA,2022-01-13
CUST_000705,Ashley Murphy,Female,44.0,Chicago,IL,2023-08-09
CUST_000706,Patrick Smith,Male,34.0,Chicago,IL,2022-05-10
CUST_000707,Joe Phillips,Male,46.0,Minneapolis,MN,2022-04-08
CUST_000708,Patrick Gutierrez,Male,44.0,Chicago,IL,2022-01-27
CUST_000709,Joyce Evans,Female,22.0,Phoenix,AZ,2024-01-14
CUST_000710,Kelly Flores,Female,51.0,Boston,MA,2022-02-07
CUST_000711,Roger Moore,Male,23.0,Minneapolis,MN,2023-05-12
CUST_000712,Jonathan Ramos,Male,29.0,Atlanta,GA,2023-04-05
CUST_000713,Brandon Green,Male,41.0,San Diego,CA,2024-02-02
CUST_000714,Mark Bailey,Male,58.0,New York,NY,2024-02-02
CUST_000715,Jerry Walker,Male,26.0,Los Angeles,CA,2024-02-08
CUST_000716,Stephanie Morris,Female,40.0,Chicago,IL,2023-01-22
CUST_000717,Benjamin Hernandez,Male,40.0,Phoenix,AZ,2023-03-23
CUST_000718,Cheryl Cruz,Female,47.0,Houston,TX,2023-12-07
CUST_000719,John Smith,Male,53.0,San Diego,CA,2022-05-10
CUST_000720,Frank Wright,Male,33.0,Phoenix,AZ,2022-05-04
CUST_000721,Anthony Smith,Male,51.0,Denver,CO,2024-02-09
CUST_000722,Melissa Torres,Female,55.0,New York,NY,2022-02-03
CUST_000723,Jennifer Morales,Female,61.0,Charlotte,NC,2023-01-08
CUST_000724,Anthony Ward,Male,45.0,Miami,FL,2022-07-23
CUST_000725,Grace Hill,Female,40.0,Houston,TX,2022-04-03
CUST_000726,Denise Collins,Female,33.0,Phoenix,AZ,2024-03-14
CUST_000727,Evelyn Johnson,Female,20.0,Charlotte,NC,2022-06-25
CUST_000728,Julie Miller,Female,35.0,Portland,OR,2023-02-17
CUST_000729,Hannah Lewis,Female,40.0,Phoenix,AZ,2022-09-18
CUST_000730,Sean Hernandez,Male,37.0,New York,NY,2023-04-06
CUST_000731,Rachel Nelson,Female,46.0,Charlotte,NC,2023-10-27
CUST_000732,Jennifer Gomez,Female,20.0,San Jose,CA,2023-08-12
CUST_000733,Joan Ramirez,Female,36.0,Seattle,WA,2023-06-08
CUST_000734,Grace James,Female,63.0,Chicago,IL,2023-04-21
CUST_000735,Amanda Mitchell,Female,51.0,Atlanta,GA,2022-05-22
CUST_000736,Justin Nelson,Male,46.0,Dallas,TX,2023-01-24
CUST_000737,Kathleen Wright,Female,43.0,San Antonio,TX,2024-01-29
CUST_000738,Shirley Kim,Female,34.0,Denver,CO,2023-12-03
CUST_000739,Evelyn Williams,Female,18.0,Houston,TX,2022-03-13
CUST_000740,Angela Collins,Female,44.0,Philadelphia,PA,2023-12-17
CUST_000741,Alice Parker,Female,18.0,San Jose,CA,2023-12-08
CUST_000742,Jacqueline Brooks,Female,34.0,San Jose,CA,2023-11-21
CUST_000743,Robert Phillips,Male,38.0,Charlotte,NC,2023-11-29
CUST_000744,Gloria Rivera,Female,33.0,Dallas,TX,2024-03-20
CUST_000745,Cheryl Howard,Female,66.0,Houston,TX,2022-03-03
CUST_000746,Debra Gray,Female,61.0,Chicago,IL,2023-01-08
CUST_000747,Christine Martinez,Female,51.0,San Diego,CA,2024-03-10
CUST_000748,Ann Lewis,,27.0,New York,NY,2023-05-24
CUST_000749,Eric Morgan,Male,63.0,Dallas,TX,2023-08-28
CUST_000750,Matthew Wright,Male,46.0,Phoenix,AZ,2022-12-21
CUST_000751,Rebecca Brown,Female,27.0,Houston,TX,2022-08-08
CUST_000752,Dorothy Perez,Female,39.0,Los Angeles,CA,2024-03-17
CUST_000753,Kelly Mendoza,Female,50.0,San Antonio,TX,2022-12-21
CUST_000754,Ashley Carter,Female,31.0,New York,NY,2023-05-30
CUST_000755,Aaron Howard,Male,40.0,Austin,TX,2022-09-07
CUST_000756,Helen Rivera,Female,42.0,Chicago,IL,2024-03-09
CUST_000757,Ann Carter,female,25.0,Detroit,MI,2022-09-21
CUST_000758,Scott Murphy,Male,35.0,San Diego,CA,2024-02-04
CUST_000759,Alice Collins,Female,26.0,Boston,MA,2022-10-21
CUST_000760,Janice Lewis,Female,49.0,Miami,FL,2024-02-25
CUST_000761,Mark Turner,Male,27.0,Minneapolis,MN,2022-12-25
CUST_000762,Lauren Bennett,Female,42.0,Minneapolis,MN,2024-01-07
CUST_000763,Donna King,Female,21.0,Chicago,IL,2023-06-29
CUST_000764,Gloria Watson,Female,24.0,Chicago,IL,2022-05-04
CUST_000765,Tyler Brown,male,24.0,Denver,CO,2022-10-24
CUST_000766,Stephanie Hernandez,Female,35.0,San Diego,CA,2023-10-23
CUST_000767,Amanda Roberts,Female,41.0,Austin,TX,2023-08-18
CUST_000768,Pamela Rivera,Female,43.0,Seattle,WA,2022-12-16
CUST_000769,Martha Phillips,Female,18.0,New York,NY,2022-07-24
CUST_000770,Harold Wilson,Male,36.0,Los Angeles,CA,2023-12-09
CUST_000771,Jennifer Martin,Female,29.0,San Jose,CA,2023-07-16
CUST_000772,Timothy Flores,Male,45.0,Austin,TX,2023-08-28
CUST_000773,Eric Taylor,Male,35.0,Atlanta,GA,2023-03-27
CUST_000774,Raymond Kim,Male,37.0,Seattle,WA,2022-12-11
CUST_000775,Betty Cook,Female,29.0,Los Angeles,CA,2023-01-07
CUST_000776,Edward Miller,Male,60.0,New York,NY,2022-02-05
CUST_000777,Terry Morgan,Male,22.0,Phoenix,AZ,2024-02-23
CUST_000778,Samantha Rodriguez,Female,34.0,Houston,TX,2022-12-25
CUST_000779,Kyle Wright,Male,40.0,Boston,MA,2023-03-31
CUST_000780,Scott Jackson,Male,35.0,Seattle,WA,2022-12-17
CUST_000781,Helen Howard,Female,29.0,Minneapolis,MN,2022-12-15
CUST_000782,Jerry Morgan,Male,18.0,San Antonio,TX,2023-08-31
CUST_000783,Dorothy Evans,Female,30.0,Chicago,IL,2023-08-20
CUST_000784,Joshua Mendoza,Male,27.0,San Antonio,TX,2023-11-26
CUST_000785,Jordan Brooks,Male,59.0,Los Angeles,CA,2022-03-21
CUST_000786,Madison Rivera,Female,67.0,New York,NY,2024-01-08
CUST_000787,Kyle Morales,Male,38.0,San Antonio,TX,2024-03-03
CUST_000788,Nancy Miller,F,21.0,Phoenix,AZ,2024-03-24
CUST_000789,Robert Miller,Male,48.0,New York,NY,2022-05-19
CUST_000790,Mark Kelly,Male,26.0,Denver,CO,2023-04-02
CUST_000791,Alice Smith,Female,32.0,San Jose,CA,2024-02-20
CUST_000792,Gloria Harris,Female,31.0,New York,NY,2023-10-22
CUST_000793,Rachel James,Female,32.0,Denver,CO,2022-03-08
CUST_000794,Sophia Brooks,Female,34.0,New York,NY,2024-01-06
CUST_000795,Betty Gonzalez,Female,22.0,San Diego,CA,2023-12-16
CUST_000796,Catherine Allen,Female,30.0,Austin,TX,2023-11-06
CUST_000797,Ashley Cooper,Female,51.0,San Antonio,TX,2023-02-01
CUST_000798,Rebecca Moore,Female,38.0,Boston,MA,2023-07-23
CUST_000799,Jesse White,Male,40.0,Phoenix,AZ,2023-09-21
CUST_000800,Carl Wright,Male,18.0,Los Angeles,CA,2023-01-19
CUST_000801,Thomas Jones,Male,50.0,San Antonio,TX,2023-11-08
CUST_000802,Amanda Peterson,Female,30.0,Houston,TX,2022-10-04
CUST_000803,Jack Davis,Male,53.0,Los Angeles,CA,2022-07-12
CUST_000804,William Gonzalez,Male,40.0,San Antonio,TX,2023-12-29
CUST_000805,Janet Scott,Female,31.0,Los Angeles,CA,2022-12-01
CUST_000806,Heather Campbell,Female,18.0,San Antonio,TX,2022-03-05
CUST_000807,George Williams,Male,66.0,Austin,TX,2023-12-12
CUST_000808,Deborah Walker,Female,49.0,Boston,MA,2023-11-19
CUST_000809,Michelle Roberts,Female,49.0,Miami,FL,2023-11-21
CUST_000810,Lawrence Parker,Male,61.0,Seattle,WA,2022-12-03
CUST_000811,Shirley Collins,Female,41.0,Minneapolis,MN,2023-07-01
CUST_000812,Heather Hill,Female,55.0,Dallas,TX,2022-01-16
CUST_000813,Timothy Murphy,Male,33.0,Denver,CO,2022-01-03
CUST_000814,Douglas Brown,Male,48.0,Boston,MA,2022-09-21
CUST_000815,Sarah Collins,F,,Atlanta,GA,2023-05-03
CUST_000816,David Parker,Male,32.0,Boston,MA,2023-06-29
CUST_000817,Kyle Cruz,Male,40.0,Detroit,MI,2022-05-24
CUST_000818,Peter Johnson,Male,23.0,San Antonio,TX,2024-01-04
CUST_000819,Kevin Hernandez,Male,43.0,Portland,OR,2024-03-05
CUST_000820,Kathleen Morales,Female,35.0,Phoenix,AZ,2022-05-09
CUST_000821,Judy Bennett,Female,18.0,New York,NY,2023-12-06
CUST_000822,Thomas Gray,Male,33.0,Los Angeles,CA,2023-07-09
CUST_000823,Ashley Thomas,Female,34.0,Dallas,TX,2023-04-15
CUST_000824,Jonathan Phillips,Male,49.0,New York,NY,2023-04-04
CUST_000825,Brian Rogers,Male,42.0,Los Angeles,CA,2023-10-15
CUST_000826,Virginia Moore,Female,57.0,Houston,TX,2022-08-05
CUST_000827,Henry Diaz,Male,45.0,Austin,TX,2023-07-06
CUST_000828,Rachel Ramirez,Female,32.0,Los Angeles,CA,2022-09-23
CUST_000829,Dennis Brooks,Male,38.0,Dallas,TX,2022-04-04
CUST_000830,Pamela Chavez,Female,34.0,San Jose,CA,2023-05-24
CUST_000831,Walter Brown,Male,45.0,Boston,MA,2022-09-30
CUST_000832,Michael Green,Male,39.0,San Jose,CA,2023-10-10
CUST_000833,Rebecca Gonzalez,Female,31.0,Chicago,IL,2023-08-05
CUST_000834,Nathan Taylor,Male,39.0,Charlotte,NC,2022-08-20
CUST_000835,Edward Turner,Male,44.0,Minneapolis,MN,2023-12-31
CUST_000836,Richard Davis,Male,26.0,Houston,TX,2022-12-08
CUST_000837,Jason Wood,Male,42.0,New York,NY,2023-09-17
CUST_000838,Douglas Martinez,Male,19.0,San Diego,CA,2022-09-29
CUST_000839,Lisa Kim,Female,52.0,Miami,FL,2022-07-25
CUST_000840,Zachary Wood,Male,45.0,Atlanta,GA,2023-12-30
CUST_000841,Cheryl Thompson,female,59.0,Minneapolis,MN,2024-02-07
CUST_000842,Tyler Torres,Male,25.0,Charlotte,NC,2022-12-12
CUST_000843,Joshua Lopez,Male,53.0,Denver,CO,2022-11-10
CUST_000844,Martha Morgan,Female,50.0,Los Angeles,CA,2023-09-12
CUST_000845,Donna Smith,Female,36.0,New York,NY,2022-08-23
CUST_000846,Austin Turner,Male,34.0,Los Angeles,CA,2024-01-02
CUST_000847,Joan Reyes,Female,25.0,Los Angeles,CA,2022-01-10
CUST_000848,William Wright,Male,22.0,New York,NY,2022-06-01
CUST_000849,Jacqueline Ortiz,Female,29.0,Philadelphia,PA,2022-05-11
CUST_000850,Benjamin Flores,Male,23.0,Boston,MA,2022-11-13
CUST_000851,Nicole Lee,Female,58.0,New York,NY,2024-01-03
CUST_000852,Brenda Perez,Female,20.0,Atlanta,GA,2023-07-29
CUST_000853,Dennis Lopez,Male,40.0,Detroit,MI,2022-04-27
CUST_000854,Zachary Perez,Male,44.0,Los Angeles,CA,2022-03-28
CUST_000855,Janice Rivera,Female,43.0,New York,NY,2022-10-18
CUST_000856,Melissa Martin,Female,44.0,San Antonio,TX,2023-07-14
CUST_000857,Tyler Perez,Male,50.0,Minneapolis,MN,2023-06-24
CUST_000858,Nathan Martinez,Male,33.0,Denver,CO,2022-05-04
CUST_000859,Kelly Reed,Female,40.0,New York,NY,2023-10-23
CUST_000860,Brandon Lopez,Male,35.0,Seattle,WA,2023-07-23
CUST_000861,Gary Campbell,Male,55.0,Atlanta,GA,2024-03-20
CUST_000862,Walter Adams,Male,65.0,Chicago,IL,2023-05-24
CUST_000863,Timothy Kelly,Male,24.0,San Jose,CA,2022-11-21
CUST_000864,Steven Robinson,Male,18.0,San Antonio,TX,2022-05-09
CUST_000865,Janet Scott,Female,46.0,Los Angeles,CA,2024-02-07
CUST_000866,Kevin Morales,Male,52.0,Detroit,MI,2022-02-12
CUST_000867,Robert Martin,Male,63.0,Los Angeles,CA,2022-12-10
CUST_000868,William Rodriguez,Male,48.0,Miami,FL,2023-05-07
CUST_000869,Christina Jackson,Female,56.0,Seattle,WA,2023-06-06
CUST_000870,Sophia Morgan,Female,59.0,Los Angeles,CA,2023-06-16
CUST_000871,Larry Mitchell,Male,57.0,Denver,CO,2023-09-22
CUST_000872,Betty Richardson,Female,50.0,New York,NY,2022-05-19
CUST_000873,Christian Parker,Male,22.0,Chicago,IL,2023-09-24
CUST_000874,Dorothy Hall,Female,38.0,Chicago,IL,2024-01-19
CUST_000875,Jordan Diaz,Male,42.0,Minneapolis,MN,2022-02-04
CUST_000876,Frank Lee,Male,37.0,Detroit,MI,2022-02-10
CUST_000877,Michelle Jones,Female,38.0,Chicago,IL,2024-03-25
CUST_000878,Christine Ortiz,Female,58.0,San Antonio,TX,2022-11-08
CUST_000879,Edward Moore,Male,29.0,Charlotte,NC,2023-03-08
CUST_000880,Jeremy Hernandez,male,48.0,Seattle,WA,2022-11-06
CUST_000881,Sarah Chavez,Female,42.0,New York,NY,2023-05-27
CUST_000882,Gerald Lee,Male,28.0,Phoenix,AZ,2023-09-18
CUST_000883,Ethan Cox,Male,25.0,Phoenix,AZ,2023-10-22
CUST_000884,Madison Morales,Female,18.0,Houston,TX,2022-12-15
CUST_000885,Janice Allen,Female,45.0,San Diego,CA,2022-09-22
CUST_000886,Michelle Ward,Female,38.0,Denver,CO,2023-05-19
CUST_000887,Rachel Miller,Female,28.0,Seattle,WA,2023-01-09
CUST_000888,Sara Gutierrez,Female,18.0,Houston,TX,2023-07-15
CUST_000889,Angela Gonzalez,Female,44.0,Denver,CO,2023-07-07
CUST_000890,William Ortiz,Male,36.0,San Diego,CA,2024-01-22
CUST_000891,Deborah Murphy,Female,30.0,Boston,MA,2022-01-05
CUST_000892,Joshua Johnson,Male,26.0,New York,NY,2022-04-21
CUST_000893,Madison Rogers,Female,36.0,Phoenix,AZ,2023-11-10
CUST_000894,Helen Davis,Female,44.0,Phoenix,AZ,2023-06-16
CUST_000895,Nathan Moore,Male,34.0,Houston,TX,2022-03-11
CUST_000896,Dylan Morgan,Male,24.0,Seattle,WA,2024-02-23
CUST_000897,Stephanie Young,Female,38.0,Dallas,TX,2023-08-05
CUST_000898,Andrea Ramirez,Female,52.0,Phoenix,AZ,2023-04-02
CUST_000899,Patricia Flores,Female,39.0,San Diego,CA,2023-11-05
CUST_000900,Thomas Wood,Male,39.0,Denver,CO,2023-06-26
CUST_000901,Margaret Brooks,Female,34.0,Seattle,WA,2022-12-31
CUST_000902,Rebecca Mitchell,Female,27.0,Boston,MA,2022-10-25
CUST_000903,Anna Stewart,Female,27.0,Miami,FL,2023-03-07
CUST_000904,Samantha Allen,Female,18.0,Denver,CO,2023-03-24
CUST_000905,Joshua Bennett,Male,53.0,Los Angeles,CA,2023-09-19
CUST_000906,David Martin,Male,44.0,Miami,FL,2023-03-23
CUST_000907,Kelly Rogers,Female,40.0,Houston,TX,2022-01-21
CUST_000908,Jennifer Turner,Female,42.0,Seattle,WA,2023-08-30
CUST_000909,Martha Cooper,Female,43.0,Charlotte,NC,2022-03-19
CUST_000910,Abigail Wood,Female,29.0,Chicago,IL,2023-12-21
CUST_000911,Douglas White,Male,34.0,Chicago,IL,2023-09-16
CUST_000912,Jack Scott,Male,33.0,Los Angeles,CA,2023-06-27
CUST_000913,Jose Robinson,Male,70.0,Charlotte,NC,2023-03-07
CUST_000914,Jose Wood,male,51.0,Phoenix,AZ,2022-07-01
CUST_000915,Lawrence Brooks,Male,41.0,Boston,MA,2023-08-09
CUST_000916,Bryan Hernandez,Male,56.0,New York,NY,2022-04-29
CUST_000917,Pamela Reed,Female,54.0,Los Angeles,CA,2023-07-02
CUST_000918,Julie Evans,Female,21.0,New York,NY,2022-07-12
CUST_000919,Martha Cooper,Female,36.0,Atlanta,GA,2023-06-26
CUST_000920,James Martinez,male,38.0,New York,NY,2022-06-10
CUST_000921,Rachel Perez,Female,46.0,Detroit,MI,2022-04-14
CUST_000922,Jose Howard,Male,36.0,Seattle,WA,2023-03-21
CUST_000923,Zachary Lopez,Male,37.0,Detroit,MI,2023-09-17
CUST_000924,Ryan Adams,Male,33.0,Phoenix,AZ,2022-09-02
CUST_000925,Stephanie Ortiz,Female,52.0,San Diego,CA,2023-04-11
CUST_000926,Ashley Diaz,Female,20.0,New York,NY,2023-11-18
CUST_000927,Catherine King,Female,33.0,Philadelphia,PA,2023-05-21
CUST_000928,Arthur Diaz,Male,18.0,Dallas,TX,2023-06-27
CUST_000929,Sean Sanchez,Male,26.0,New York,NY,2022-08-16
CUST_000930,Jeffrey Bailey,Male,42.0,Charlotte,NC,2022-05-15
CUST_000931,Amanda Gonzalez,Female,43.0,New York,NY,2022-06-08
CUST_000932,Jacqueline Edwards,Female,35.0,Chicago,IL,2024-03-13
CUST_000933,Evelyn Turner,Female,,Austin,TX,2022-04-06
CUST_000934,Benjamin Rodriguez,Male,55.0,San Antonio,TX,2022-06-11
CUST_000935,Gary Kim,M,38.0,Chicago,IL,2022-08-02
CUST_000936,Lisa Richardson,Female,42.0,Charlotte,NC,2023-11-11
CUST_000937,Jeremy Gray,MALE,33.0,Los Angeles,CA,2023-01-20
CUST_000938,Julie Parker,Female,46.0,Dallas,TX,2023-11-13
CUST_000939,Jacob Chavez,Male,24.0,New York,NY,2023-02-07
CUST_000940,Abigail Anderson,female,61.0,New York,NY,2023-11-16
CUST_000941,Victoria Martinez,Female,53.0,San Antonio,TX,2024-01-23
CUST_000942,Lawrence White,Male,24.0,Atlanta,GA,2023-03-02
CUST_000943,Samantha Bennett,Female,29.0,San Diego,CA,2024-03-22
CUST_000944,Nicole Campbell,Female,44.0,Chicago,IL,2024-02-16
CUST_000945,Alice Nguyen,Female,34.0,New York,NY,2022-01-18
CUST_000946,Judy Sanchez,Female,45.0,Portland,OR,2023-06-02
CUST_000947,Dylan Edwards,male,34.0,Los Angeles,CA,2023-08-10
CUST_000948,Christian Turner,Male,58.0,Dallas,TX,2023-12-19
CUST_000949,Larry Baker,M,39.0,New York,NY,2023-08-22
CUST_000950,Emily Thompson,Female,69.0,New York,NY,2023-09-02
CUST_000951,Jacob Brown,Male,46.0,Los Angeles,CA,2022-10-19
CUST_000952,Alice Gray,Female,22.0,New York,NY,2023-12-03
CUST_000953,Kathleen Stewart,Female,65.0,San Diego,CA,2022-03-12
CUST_000954,Andrea Rivera,Female,52.0,Phoenix,AZ,2023-08-10
CUST_000955,Arthur Smith,Male,43.0,Atlanta,GA,2022-07-30
CUST_000956,Bryan Kim,Male,47.0,New York,NY,2023-10-26
CUST_000957,Jesse Rodriguez,Male,24.0,Philadelphia,PA,2023-11-13
CUST_000958,Patrick Turner,Male,18.0,Phoenix,AZ,2022-07-04
CUST_000959,Katherine Thomas,Female,38.0,Chicago,IL,2023-11-15
CUST_000960,Jordan Young,Male,56.0,New York,NY,2023-12-15
CUST_000961,Paul Robinson,Male,43.0,New York,NY,2022-03-01
CUST_000962,Ashley Wood,Female,60.0,New York,NY,2023-02-16
CUST_000963,Judy Richardson,Female,55.0,Phoenix,AZ,2022-07-21
CUST_000964,Lauren Ramirez,Female,39.0,New York,NY,2022-05-17
CUST_000965,Gregory Peterson,Male,53.0,Phoenix,AZ,2023-11-22
CUST_000966,Nancy Morris,Female,58.0,Philadelphia,PA,2022-10-22
CUST_000967,Samuel Rivera,Male,37.0,Philadelphia,PA,2023-07-31
CUST_000968,Julia Roberts,Female,36.0,Los Angeles,CA,2022-01-05
CUST_000969,Dennis Reed,MALE,40.0,San Antonio,TX,2022-03-29
CUST_000970,Anna Scott,FEMALE,18.0,Phoenix,AZ,2023-07-07
CUST_000971,Janet Johnson,Female,42.0,Charlotte,NC,2022-12-28
CUST_000972,Kathryn Thompson,Female,48.0,New York,NY,2024-01-12
CUST_000973,Jean Morgan,Female,40.0,New York,NY,2022-04-01
CUST_000974,Nicholas Mendoza,Male,43.0,Atlanta,GA,2023-07-17
CUST_000975,Ruth Nguyen,Female,38.0,Chicago,IL,2023-09-12
CUST_000976,Brian Nguyen,Male,18.0,Los Angeles,CA,2023-07-07
CUST_000977,Nicole Morales,Female,59.0,Minneapolis,MN,2023-08-27
CUST_000978,Donna Chavez,Female,34.0,San Diego,CA,2022-09-12
CUST_000979,Gregory Flores,Male,31.0,Austin,TX,2023-10-28
CUST_000980,Heather Richardson,Female,55.0,New York,NY,2023-05-25
CUST_000981,Jason Miller,Male,51.0,Chicago,IL,2023-11-11
CUST_000982,Kevin Cox,Male,42.0,Chicago,IL,2022-05-12
CUST_000983,Matthew Robinson,Male,48.0,Boston,MA,2022-05-17
CUST_000984,Nancy Murphy,Female,24.0,Phoenix,AZ,2023-01-18
CUST_000985,Joan Allen,Female,37.0,Dallas,TX,2023-01-13
CUST_000986,Paul Ward,Male,55.0,Portland,OR,2022-05-19
CUST_000987,Lisa Robinson,Female,30.0,Charlotte,NC,2022-03-31
CUST_000988,Denise Hill,Female,26.0,Los Angeles,CA,2022-03-30
CUST_000989,Dorothy Clark,Female,39.0,Dallas,TX,2022-02-28
CUST_000990,Sean Scott,Male,40.0,Seattle,WA,2022-02-07
CUST_000991,Dennis Carter,Male,47.0,Boston,MA,2023-11-25
CUST_000992,Zachary Morgan,Male,21.0,Detroit,MI,2024-02-18
CUST_000993,Patrick Evans,Male,18.0,Denver,CO,2023-02-12
CUST_000994,Ashley Campbell,Female,50.0,Seattle,WA,2022-07-15
CUST_000995,Noah Torres,Male,25.0,New York,NY,2022-11-22
CUST_000996,Teresa Brown,Female,31.0,San Diego,CA,2023-12-02
CUST_000997,Jason Roberts,Male,18.0,Austin,TX,2024-02-14
CUST_000998,Andrea Hernandez,Female,51.0,Seattle,WA,2022-09-02
CUST_000999,Alexander Smith,Male,43.0,Dallas,TX,2022-02-04
CUST_001000,Jean Anderson,Female,42.0,Phoenix,AZ,2022-11-05
CUST_001001,Martha Taylor,Female,42.0,San Antonio,TX,2023-01-10
CUST_001002,Linda Gomez,Female,18.0,Charlotte,NC,2022-01-04
CUST_001003,Frances Murphy,Female,26.0,Houston,TX,2023-08-28
CUST_001004,Sophia Martin,Female,33.0,Boston,MA,2022-05-15
CUST_001005,Kyle Peterson,Male,29.0,Austin,TX,2022-04-01
CUST_001006,Lisa Robinson,Female,35.0,Philadelphia,PA,2023-09-24
CUST_001007,Keith Nguyen,Male,42.0,Phoenix,AZ,2023-10-30
CUST_001008,Virginia Phillips,Female,51.0,San Diego,CA,2022-07-13
CUST_001009,Jason Morgan,Male,20.0,Atlanta,GA,2023-10-28
CUST_001010,Kathryn Brown,Female,38.0,New York,NY,2022-10-26
CUST_001011,Frank Turner,M,47.0,Detroit,MI,2022-11-04
CUST_001012,Gerald Gomez,Male,27.0,Boston,MA,2022-05-13
CUST_001013,Victoria Ortiz,Female,36.0,Houston,TX,2022-08-22
CUST_001014,George Morgan,Male,44.0,New York,NY,2022-02-13
CUST_001015,Sophia Morales,Female,39.0,New York,NY,2023-08-21
CUST_001016,Maria Lee,Female,47.0,Los Angeles,CA,2023-12-24
CUST_001017,Samuel Reyes,Male,40.0,New York,NY,2022-02-24
CUST_001018,Nicholas Bennett,Male,35.0,New York,NY,2022-09-18
CUST_001019,Nancy Martin,Female,24.0,Charlotte,NC,2022-12-07
CUST_001020,Lauren Howard,Female,42.0,San Jose,CA,2023-01-16
CUST_001021,Jonathan Gomez,Male,40.0,Atlanta,GA,2023-12-06
CUST_001022,Lawrence Torres,Male,26.0,Dallas,TX,2022-02-18
CUST_001023,Bryan Reyes,Male,46.0,Austin,TX,2023-07-09
CUST_001024,Ethan Peterson,Male,54.0,Minneapolis,MN,2023-05-08
CUST_001025,Joshua Carter,Male,30.0,Chicago,IL,2023-12-15
CUST_001026,Joan Edwards,Female,29.0,Seattle,WA,2022-11-02
CUST_001027,John Rivera,Male,29.0,Detroit,MI,2022-04-21
CUST_001028,Teresa James,Female,18.0,Portland,OR,2022-05-21
CUST_001029,Brandon Walker,Male,64.0,Philadelphia,PA,2023-07-22
CUST_001030,Alice Hernandez,Female,33.0,Miami,FL,2023-05-19
CUST_001031,Jacob Lee,Male,28.0,San Antonio,TX,2023-06-23
CUST_001032,Kevin Nguyen,Male,24.0,Chicago,IL,2022-05-27
CUST_001033,Denise Parker,Female,34.0,Chicago,IL,2022-02-17
CUST_001034,Gregory Ramos,Male,30.0,Philadelphia,PA,2023-06-04
CUST_001035,Madison Lopez,Female,56.0,Chicago,IL,2022-03-31
CUST_001036,Austin Thompson,Male,23.0,New York,NY,2024-02-14
CUST_001037,Rachel Wright,Female,19.0,New York,NY,2023-11-22
CUST_001038,Nicole Hill,Female,45.0,Miami,FL,2022-07-09
CUST_001039,Janet Anderson,Female,37.0,Minneapolis,MN,2023-06-27
CUST_001040,Sara Scott,F,36.0,Minneapolis,MN,2022-05-22
CUST_001041,Judy Adams,Female,45.0,Dallas,TX,2024-02-18
CUST_001042,Edward Clark,Male,40.0,Portland,OR,2023-06-21
CUST_001043,Kyle Brown,Male,38.0,San Antonio,TX,2022-11-13
CUST_001044,Brian Miller,Male,21.0,Philadelphia,PA,2023-08-27
CUST_001045,Ruth Watson,FEMALE,18.0,San Antonio,TX,2022-01-03
CUST_001046,Martha Roberts,Female,30.0,Chicago,IL,2022-10-17
CUST_001047,Kathryn Ortiz,Female,,Austin,TX,2022-08-29
CUST_001048,Stephen Collins,Male,42.0,Philadelphia,PA,2022-12-07
CUST_001049,Ryan Lopez,Male,18.0,Charlotte,NC,2022-04-04
CUST_001050,Amanda Morales,Female,33.0,Los Angeles,CA,2024-03-10
CUST_001051,Christopher Reyes,Male,36.0,New York,NY,2023-03-18
CUST_001052,Amy Garcia,Female,38.0,Houston,TX,2023-12-28
CUST_001053,Frances Lee,Female,43.0,Los Angeles,CA,2022-03-08
CUST_001054,Brenda King,Female,34.0,Charlotte,NC,2023-12-20
CUST_001055,Rebecca Scott,Female,30.0,Dallas,TX,2023-08-07
CUST_001056,Kyle Watson,Male,54.0,Houston,TX,2023-08-26
CUST_001057,Paul Wilson,Male,34.0,San Jose,CA,2023-11-24
CUST_001058,Amanda Davis,Female,56.0,Philadelphia,PA,2023-05-03
CUST_001059,Lawrence Edwards,Male,34.0,Los Angeles,CA,2023-07-24
CUST_001060,Richard Nelson,Male,38.0,Phoenix,AZ,2024-01-25
CUST_001061,Eric Jones,Male,37.0,Chicago,IL,2022-05-15
CUST_001062,Raymond White,Male,41.0,San Jose,CA,2022-03-04
CUST_001063,Michelle Hernandez,Female,33.0,Atlanta,GA,2024-03-19
CUST_001064,Brian Carter,Male,40.0,Chicago,IL,2024-01-13
CUST_001065,Donna Allen,Female,58.0,Austin,TX,2023-04-24
CUST_001066,Jason Jones,Male,52.0,Denver,CO,2023-11-06
CUST_001067,Janice Robinson,Female,52.0,Houston,TX,2024-01-14
CUST_001068,Jonathan Ward,Male,22.0,San Antonio,TX,2023-03-18
CUST_001069,Brenda Sanchez,Female,24.0,Houston,TX,2022-04-17
CUST_001070,Angela Turner,Female,41.0,Houston,TX,2023-03-29
CUST_001071,Bryan Gutierrez,Male,48.0,Philadelphia,PA,2022-12-12
CUST_001072,Charles Scott,Male,32.0,Chicago,IL,2022-01-27
CUST_001073,Frances Hernandez,Female,30.0,San Antonio,TX,2024-03-04
CUST_001074,Edward Torres,Male,56.0,Boston,MA,2023-09-21
CUST_001075,Dylan Diaz,Male,47.0,Phoenix,AZ,2023-11-09
CUST_001076,Rebecca Nguyen,Female,52.0,Portland,OR,2023-06-26
CUST_001077,Richard Ramos,Male,33.0,Los Angeles,CA,2022-09-30
CUST_001078,Rachel Howard,Female,32.0,Philadelphia,PA,2023-06-17
CUST_001079,Andrew Johnson,male,50.0,Austin,TX,2023-08-27
CUST_001080,Andrea Reyes,Female,35.0,San Diego,CA,2023-06-27
CUST_001081,Virginia Moore,Female,31.0,Portland,OR,2022-05-17
CUST_001082,Nathan Mendoza,Male,27.0,Houston,TX,2023-11-29
CUST_001083,Donald Morris,Male,32.0,Phoenix,AZ,2022-10-26
CUST_001084,Douglas Cruz,Male,49.0,Austin,TX,2023-01-19
CUST_001085,Timothy Martinez,Male,20.0,Austin,TX,2023-05-22
CUST_001086,Jordan Cox,Male,46.0,Atlanta,GA,2024-03-16
CUST_001087,Peter Thomas,Male,30.0,Atlanta,GA,2022-11-08
CUST_001088,Jack Hall,Male,36.0,New York,NY,2022-02-17
CUST_001089,Madison Hall,Female,37.0,Boston,MA,2024-03-13
CUST_001090,Diane Flores,Female,36.0,Denver,CO,2024-03-03
CUST_001091,Janet Collins,Female,35.0,Dallas,TX,2022-07-26
CUST_001092,Andrew Cox,Male,33.0,Houston,TX,2023-12-09
CUST_001093,Kelly Wood,Female,31.0,Detroit,MI,2024-02-08
CUST_001094,Amy James,Female,55.0,Denver,CO,2022-01-15
CUST_001095,Michael Nelson,Male,39.0,Chicago,IL,2023-10-19
CUST_001096,Gloria Brooks,Female,37.0,Chicago,IL,2022-07-09
CUST_001097,Elizabeth Clark,Female,30.0,Denver,CO,2023-12-08
CUST_001098,Adam Morris,Male,33.0,Detroit,MI,2022-01-24
CUST_001099,Matthew Campbell,Male,30.0,San Antonio,TX,2023-09-04
CUST_001100,Pamela Watson,Female,48.0,Minneapolis,MN,2023-12-01
CUST_001101,Madison Murphy,Female,29.0,Phoenix,AZ,2022-02-10
CUST_001102,Sarah Carter,Female,18.0,Phoenix,AZ,2023-10-20
CUST_001103,Adam Ward,Male,39.0,Seattle,WA,2022-05-09
CUST_001104,Jerry Ward,Male,35.0,New York,NY,2022-03-29
CUST_001105,Madison Richardson,Female,31.0,Los Angeles,CA,2024-02-08
CUST_001106,Anthony Jackson,Male,50.0,Denver,CO,2024-02-10
CUST_001107,Jacqueline Anderson,Female,18.0,Chicago,IL,2023-10-09
CUST_001108,Nicole Perez,Female,58.0,Los Angeles,CA,2024-01-19
CUST_001109,Jonathan Cooper,Male,52.0,New York,NY,2022-01-20
CUST_001110,Kathleen Garcia,Female,31.0,Chicago,IL,2023-04-22
CUST_001111,Angela Rodriguez,Female,33.0,Chicago,IL,2024-01-07
CUST_001112,Rachel Cook,Female,45.0,Houston,TX,2024-01-21
CUST_001113,Thomas Reyes,Male,45.0,Portland,OR,2022-12-25
CUST_001114,Jonathan Gutierrez,Male,31.0,San Jose,CA,2022-11-19
CUST_001115,Jose Sanchez,Male,18.0,Seattle,WA,2023-09-10
CUST_001116,Christine Lopez,Female,65.0,Los Angeles,CA,2022-03-08
CUST_001117,Sandra Nguyen,Female,50.0,Los Angeles,CA,2023-11-06
CUST_001118,Ryan Wood,Male,40.0,Detroit,MI,2022-09-13
CUST_001119,Emma Brown,Female,41.0,San Jose,CA,2023-04-30
CUST_001120,Adam Bennett,Male,46.0,Atlanta,GA,2022-07-21
CUST_001121,Austin Cruz,Male,48.0,Houston,TX,2023-10-05
CUST_001122,Janet Davis,Female,18.0,Dallas,TX,2024-03-03
CUST_001123,Nathan Lewis,Male,34.0,San Antonio,TX,2023-05-15
CUST_001124,Susan Ramos,Female,33.0,Los Angeles,CA,2024-02-28
CUST_001125,Judy Wilson,Female,36.0,Atlanta,GA,2023-01-24
CUST_001126,Ronald Baker,Male,48.0,Houston,TX,2022-10-16
CUST_001127,Kathleen Wilson,Female,18.0,Philadelphia,PA,2023-12-16
CUST_001128,Paul Smith,Male,22.0,Los Angeles,CA,2022-02-12
CUST_001129,Richard Taylor,Male,30.0,San Jose,CA,2022-10-11
CUST_001130,Harold Bennett,Male,40.0,Atlanta,GA,2023-09-03
CUST_001131,Joshua Chavez,Male,49.0,Phoenix,AZ,2022-07-17
CUST_001132,Brian Sanchez,Male,59.0,Charlotte,NC,2024-01-19
CUST_001133,Ashley Roberts,Female,35.0,Chicago,IL,2023-03-30
CUST_001134,Bryan Lee,Male,49.0,Minneapolis,MN,2022-09-09
CUST_001135,Jeremy Walker,Male,47.0,Denver,CO,2022-12-29
CUST_001136,Alice Lee,Female,45.0,Detroit,MI,2022-10-13
CUST_001137,Madison Morris,Female,38.0,Denver,CO,2023-09-11
CUST_001138,Jean Rivera,Female,34.0,San Antonio,TX,2022-04-30
CUST_001139,Samantha Young,Female,25.0,Phoenix,AZ,2023-12-26
CUST_001140,Anthony Garcia,Male,24.0,Miami,FL,2022-06-08
CUST_001141,Sharon Ortiz,Female,43.0,Miami,FL,2022-10-12
CUST_001142,George Rodriguez,Male,38.0,Dallas,TX,2023-07-19
CUST_001143,Zachary Young,Male,33.0,Seattle,WA,2022-12-14
CUST_001144,Robert Davis,Male,47.0,Philadelphia,PA,2023-04-21
CUST_001145,Betty Murphy,Female,36.0,Los Angeles,CA,2023-06-06
CUST_001146,Lauren Torres,Female,27.0,New York,NY,2022-09-21
CUST_001147,Charles Rivera,Male,35.0,San Jose,CA,2023-05-10
CUST_001148,Michael Murphy,Male,49.0,Seattle,WA,2024-02-20
CUST_001149,Karen Lee,Female,26.0,Seattle,WA,2022-01-03
CUST_001150,Henry Rivera,Male,41.0,Dallas,TX,2023-06-26
CUST_001151,Nancy Edwards,Female,38.0,Houston,TX,2022-11-15
CUST_001152,Daniel Walker,Male,29.0,Chicago,IL,2023-12-31
CUST_001153,Michelle Walker,Female,35.0,New York,NY,2022-04-16
CUST_001154,Megan Rogers,Female,19.0,Los Angeles,CA,2022-03-09
CUST_001155,Steven Reed,Male,40.0,Austin,TX,2023-01-26
CUST_001156,Linda Johnson,Female,21.0,Boston,MA,2023-08-22
CUST_001157,Janice Howard,Female,52.0,Detroit,MI,2022-01-08
CUST_001158,Frances Jackson,Female,37.0,New York,NY,2023-11-27
CUST_001159,Ashley Campbell,Female,31.0,Atlanta,GA,2022-11-29
CUST_001160,Kevin Ramirez,Male,53.0,Austin,TX,2024-02-08
CUST_001161,Kimberly Ortiz,Female,26.0,Chicago,IL,2024-01-29
CUST_001162,Zachary Taylor,Male,,Denver,CO,2023-10-25
CUST_001163,Kenneth Clark,Male,18.0,Charlotte,NC,2023-10-06
CUST_001164,Alice Bailey,Female,55.0,Phoenix,AZ,2023-06-29
CUST_001165,Teresa Carter,Female,62.0,Austin,TX,2023-11-15
CUST_001166,Jack Howard,Male,18.0,Chicago,IL,2022-07-07
CUST_001167,James Kelly,Male,28.0,Los Angeles,CA,2023-12-01
CUST_001168,Terry Brown,Male,39.0,Los Angeles,CA,2023-06-03
CUST_001169,Peter Gonzalez,Male,32.0,New York,NY,2023-11-07
CUST_001170,Hannah Torres,Female,38.0,Denver,CO,2023-04-08
CUST_001171,Susan Collins,Female,37.0,Los Angeles,CA,2023-07-22
CUST_001172,Douglas Robinson,Male,44.0,Seattle,WA,2022-12-03
CUST_001173,Martha Brooks,F,26.0,Minneapolis,MN,2023-02-11
CUST_001174,Dylan Ward,Male,41.0,Miami,FL,2022-12-23
CUST_001175,Heather Ward,Female,25.0,Chicago,IL,2023-10-09
CUST_001176,Benjamin Robinson,Male,33.0,Los Angeles,CA,2022-07-28
CUST_001177,Pamela Peterson,Female,18.0,Philadelphia,PA,2024-02-15
CUST_001178,Christina Kelly,Female,33.0,Los Angeles,CA,2023-12-09
CUST_001179,Abigail Jackson,Female,31.0,Houston,TX,2023-12-31
CUST_001180,Diane Howard,Female,50.0,Dallas,TX,2024-02-04
CUST_001181,Andrew Moore,Male,38.0,San Jose,CA,2023-02-21
CUST_001182,Patricia Kelly,Female,40.0,Los Angeles,CA,2024-01-20
CUST_001183,Julie Nelson,Female,38.0,Chicago,IL,2023-02-27
CUST_001184,Madison Lee,,18.0,Miami,FL,2022-04-21
CUST_001185,Barbara Rivera,FEMALE,18.0,Portland,OR,2022-02-25
CUST_001186,Gary Lewis,Male,35.0,San Jose,CA,2022-03-12
CUST_001187,Alice Martin,Female,42.0,Dallas,TX,2022-07-16
CUST_001188,Benjamin Young,Male,36.0,San Jose,CA,2022-12-19
CUST_001189,Donna Mitchell,Female,28.0,Los Angeles,CA,2024-03-17
CUST_001190,Jeffrey Roberts,Male,35.0,Minneapolis,MN,2022-09-05
CUST_001191,Anna Smith,Female,34.0,Los Angeles,CA,2024-02-03
CUST_001192,Karen Phillips,Female,48.0,Seattle,WA,2023-11-26
CUST_001193,Jose Morgan,Male,48.0,Los Angeles,CA,2023-12-31
CUST_001194,Jack Ramirez,Male,32.0,Denver,CO,2023-11-09
CUST_001195,Aaron Clark,Male,38.0,Boston,MA,2024-03-13
CUST_001196,Ruth Wilson,Female,42.0,Denver,CO,2022-05-10
CUST_001197,Patricia Jones,Female,44.0,Philadelphia,PA,2023-03-27
CUST_001198,Anthony Thompson,Male,59.0,Austin,TX,2022-12-04
CUST_001199,Sandra Baker,Female,38.0,Austin,TX,2022-10-14
CUST_001200,Joseph Perez,Male,53.0,Denver,CO,2023-03-01
CUST_001201,Peter Ward,Male,24.0,San Antonio,TX,2023-03-29
CUST_001202,Charles Martin,Male,31.0,San Antonio,TX,2024-03-22
CUST_001203,Adam Howard,Male,,Seattle,WA,2022-09-26
CUST_001204,Mark Cox,Male,40.0,Los Angeles,CA,2024-02-02
CUST_001205,Lisa Young,Female,47.0,San Jose,CA,2022-06-26
CUST_001206,Margaret Nguyen,Female,18.0,Los Angeles,CA,2023-08-16
CUST_001207,Benjamin Smith,Male,,Denver,CO,2022-11-02
CUST_001208,Joyce Gray,Female,46.0,Phoenix,AZ,2024-03-05
CUST_001209,Gloria Gutierrez,Female,45.0,Miami,FL,2023-07-25
CUST_001210,Lisa Bennett,Female,24.0,New York,NY,2022-03-13
CUST_001211,Jerry Thompson,Male,48.0,Philadelphia,PA,2024-02-10
CUST_001212,Ethan Reed,Male,39.0,Los Angeles,CA,2022-10-22
CUST_001213,Timothy Cook,Male,46.0,Minneapolis,MN,2024-02-13
CUST_001214,Susan Allen,Female,37.0,Los Angeles,CA,2022-01-16
CUST_001215,Margaret Ramirez,Female,43.0,San Antonio,TX,2022-08-15
CUST_001216,Joseph Chavez,Male,52.0,New York,NY,2022-10-09
CUST_001217,Kathryn Young,Female,36.0,Atlanta,GA,2023-09-01
CUST_001218,Jacob James,Male,42.0,Chicago,IL,2023-11-18
CUST_001219,Samuel Green,Male,54.0,Austin,TX,2023-07-21
CUST_001220,Cheryl Reed,Female,37.0,Los Angeles,CA,2022-03-10
CUST_001221,Amy Campbell,Female,24.0,Houston,TX,2023-02-19
CUST_001222,Virginia Allen,Female,47.0,New York,NY,2023-04-08
CUST_001223,Richard Kelly,Male,56.0,San Diego,CA,2022-12-18
CUST_001224,Scott Ortiz,Male,55.0,New York,NY,2023-02-07
CUST_001225,Sarah Gonzalez,Female,47.0,Charlotte,NC,2023-03-30
CUST_001226,Joshua Robinson,Male,18.0,Phoenix,AZ,2023-05-25
CUST_001227,Deborah Martinez,Female,31.0,Austin,TX,2023-07-22
CUST_001228,Joan Kelly,Female,31.0,Chicago,IL,2022-08-07
CUST_001229,Adam Jackson,Male,39.0,Chicago,IL,2024-01-27
CUST_001230,Megan Flores,Female,60.0,Miami,FL,2023-12-08
CUST_001231,Barbara Perez,Female,25.0,Boston,MA,2023-11-10
CUST_001232,Jordan Ramirez,Male,67.0,San Jose,CA,2023-11-23
CUST_001233,Elizabeth Carter,Female,34.0,Boston,MA,2023-05-03
CUST_001234,Roger Bennett,Male,29.0,Los Angeles,CA,2024-02-29
CUST_001235,Judith Mitchell,Female,49.0,Portland,OR,2022-12-24
CUST_001236,Diane Taylor,Female,50.0,Philadelphia,PA,2023-02-08
CUST_001237,Emma Watson,Female,47.0,Minneapolis,MN,2023-11-30
CUST_001238,Andrea Brown,Female,29.0,Denver,CO,2024-01-05
CUST_001239,Judith Cook,Female,45.0,Chicago,IL,2023-03-03
CUST_001240,Nancy Edwards,Female,26.0,Dallas,TX,2023-12-22
CUST_001241,Harold Hernandez,Male,29.0,Charlotte,NC,2023-07-24
CUST_001242,Susan Ramos,Female,37.0,New York,NY,2023-01-12
CUST_001243,Christine Phillips,Female,28.0,Phoenix,AZ,2024-01-29
CUST_001244,Joyce Walker,Female,52.0,Austin,TX,2023-04-15
CUST_001245,Gloria Watson,Female,31.0,Houston,TX,2023-12-23
CUST_001246,Helen Wilson,FEMALE,36.0,Houston,TX,2023-11-28
CUST_001247,Andrew Chavez,Male,27.0,Boston,MA,2022-04-16
CUST_001248,Katherine Ramos,F,51.0,Detroit,MI,2024-01-06
CUST_001249,Kenneth Rivera,Male,30.0,San Diego,CA,2022-06-22
CUST_001250,Gregory Watson,Male,53.0,Portland,OR,2023-11-29
CUST_001251,Helen Gomez,Female,52.0,New York,NY,2023-10-19
CUST_001252,Hannah Davis,Female,33.0,Chicago,IL,2023-10-07
CUST_001253,Carol Lewis,Female,39.0,New York,NY,2024-02-08
CUST_001254,Donald Morgan,Male,33.0,Philadelphia,PA,2023-06-29
CUST_001255,Samantha Stewart,Female,45.0,Austin,TX,2022-12-01
CUST_001256,William Peterson,Male,36.0,Los Angeles,CA,2023-06-24
CUST_001257,Andrew Morgan,M,33.0,Philadelphia,PA,2023-09-07
CUST_001258,Jeffrey Kim,Male,39.0,Seattle,WA,2022-12-23
CUST_001259,Brandon Smith,Male,19.0,San Jose,CA,2022-09-17
CUST_001260,Kevin Jones,M,38.0,Austin,TX,2023-04-05
CUST_001261,Catherine Murphy,Female,47.0,Austin,TX,2024-01-24
CUST_001262,Frances Morales,Female,40.0,Charlotte,NC,2023-07-22
CUST_001263,Janet Adams,,50.0,Denver,CO,2024-01-24
CUST_001264,Brian Garcia,Male,34.0,Detroit,MI,2023-03-24
CUST_001265,William Murphy,Male,33.0,Portland,OR,2024-02-25
CUST_001266,Christopher Young,Male,25.0,Miami,FL,2023-11-13
CUST_001267,Catherine Ramos,Female,33.0,New York,NY,2022-12-15
CUST_001268,Nathan Cruz,Male,63.0,San Diego,CA,2023-03-03
CUST_001269,Elizabeth Martin,Female,42.0,Phoenix,AZ,2024-03-29
CUST_001270,Ashley Scott,Female,31.0,New York,NY,2024-03-01
CUST_001271,Ronald Lewis,male,26.0,Dallas,TX,2023-01-30
CUST_001272,Sharon Morgan,Female,19.0,Los Angeles,CA,2023-12-12
CUST_001273,Judy Wilson,Female,28.0,Dallas,TX,2024-02-01
CUST_001274,Steven Jones,Male,48.0,Atlanta,GA,2022-09-14
CUST_001275,Barbara Walker,Female,33.0,Phoenix,AZ,2023-04-27
CUST_001276,Kathleen Richardson,Female,27.0,Portland,OR,2023-10-20
CUST_001277,Nancy Morgan,Female,28.0,Boston,MA,2022-03-26
CUST_001278,Lisa Rivera,Female,47.0,Atlanta,GA,2023-11-23
CUST_001279,Nicholas Lee,Male,,New York,NY,2022-08-07
CUST_001280,Timothy Ramos,Male,31.0,Portland,OR,2023-03-27
CUST_001281,Jessica Gutierrez,Female,35.0,New York,NY,2023-01-01
CUST_001282,Ruth Thompson,Female,66.0,Miami,FL,2023-10-09
CUST_001283,Christine Adams,Female,54.0,New York,NY,2022-08-28
CUST_001284,Richard Reyes,Male,57.0,Los Angeles,CA,2023-03-17
CUST_001285,Carl Morris,Male,18.0,Houston,TX,2022-09-27
CUST_001286,Brian Ortiz,Male,37.0,Denver,CO,2022-03-03
CUST_001287,Judy Walker,Female,30.0,Detroit,MI,2023-12-19
CUST_001288,Alice Cooper,Female,45.0,Seattle,WA,2022-08-20
CUST_001289,Pamela Watson,Female,52.0,Denver,CO,2022-08-28
CUST_001290,Andrew Lopez,Male,43.0,Chicago,IL,2022-02-22
CUST_001291,Teresa Sanchez,Female,28.0,Charlotte,NC,2023-04-15
CUST_001292,Jeffrey Harris,Male,30.0,Phoenix,AZ,2022-09-30
CUST_001293,Anthony Howard,Male,46.0,Detroit,MI,2023-06-03
CUST_001294,Janet Collins,Female,48.0,Boston,MA,2023-09-27
CUST_001295,Katherine Gray,Female,40.0,Houston,TX,2022-02-21
CUST_001296,Sara Rivera,Female,40.0,Houston,TX,2022-07-28
CUST_001297,Evelyn Mendoza,Female,39.0,Seattle,WA,2023-01-14
CUST_001298,Frances Morris,Female,42.0,Portland,OR,2024-01-12
CUST_001299,Peter Gray,Male,47.0,Seattle,WA,2022-04-30
CUST_001300,Joyce Sanchez,Female,46.0,Miami,FL,2023-10-11
CUST_001301,Christine Lee,Female,39.0,Charlotte,NC,2024-03-01
CUST_001302,Jordan Flores,Male,38.0,Houston,TX,2022-03-27
CUST_001303,Dylan Carter,Male,37.0,San Diego,CA,2022-11-26
CUST_001304,Sara Bailey,Female,29.0,Austin,TX,2023-10-29
CUST_001305,Jeremy Anderson,Male,29.0,Los Angeles,CA,2024-02-18
CUST_001306,Raymond Thompson,MALE,45.0,Atlanta,GA,2022-09-10
CUST_001307,Kenneth Nelson,Male,30.0,Chicago,IL,2023-07-30
CUST_001308,Terry Gray,Male,49.0,Denver,CO,2023-10-03
CUST_001309,Mary Gomez,Female,38.0,San Diego,CA,2023-01-25
CUST_001310,Andrew Taylor,Male,49.0,Miami,FL,2023-08-19
CUST_001311,Anna Bennett,Female,46.0,San Diego,CA,2023-05-21
CUST_001312,Raymond Jones,Male,49.0,Dallas,TX,2024-02-19
CUST_001313,Patrick Wood,Male,33.0,Los Angeles,CA,2023-05-13
CUST_001314,Sandra Flores,Female,44.0,Atlanta,GA,2023-04-26
CUST_001315,Sarah Cox,Female,48.0,Phoenix,AZ,2023-08-19
CUST_001316,Paul Chavez,Male,19.0,Dallas,TX,2022-06-12
CUST_001317,Jason Gonzalez,Male,60.0,Miami,FL,2023-05-07
CUST_001318,Patricia Smith,Female,67.0,San Antonio,TX,2022-02-26
CUST_001319,Henry Taylor,,50.0,Chicago,IL,2023-07-19
CUST_001320,Joshua Bailey,Male,49.0,Chicago,IL,2023-05-10
CUST_001321,Cynthia Cruz,Female,46.0,Dallas,TX,2023-12-16
CUST_001322,Laura Hill,Female,34.0,Chicago,IL,2023-11-18
CUST_001323,Debra Ward,Female,37.0,Houston,TX,2023-02-18
CUST_001324,Gerald Hall,Male,51.0,Chicago,IL,2023-08-11
CUST_001325,Betty Edwards,Female,26.0,Philadelphia,PA,2022-10-31
CUST_001326,Jason Taylor,Male,25.0,Philadelphia,PA,2023-01-12
CUST_001327,Lauren Rodriguez,Female,34.0,San Diego,CA,2022-03-28
CUST_001328,Michael Baker,Male,47.0,Austin,TX,2022-04-20
CUST_001329,Teresa Scott,Female,28.0,Dallas,TX,2023-12-02
CUST_001330,Judy Richardson,Female,36.0,Houston,TX,2024-03-13
CUST_001331,Dennis Brooks,male,37.0,Detroit,MI,2023-04-04
CUST_001332,Judy Brooks,Female,26.0,San Diego,CA,2022-05-18
CUST_001333,Eric Parker,Male,18.0,Miami,FL,2022-04-07
CUST_001334,Eric Bennett,male,26.0,Dallas,TX,2022-02-20
CUST_001335,Thomas Anderson,Male,42.0,Houston,TX,2024-01-12
CUST_001336,Robert Roberts,Male,45.0,Denver,CO,2023-02-26
CUST_001337,Carol Hernandez,Female,45.0,Los Angeles,CA,2024-01-13
CUST_001338,Scott Campbell,Male,46.0,Charlotte,NC,2022-12-22
CUST_001339,Benjamin Hall,Male,31.0,Dallas,TX,2023-06-20
CUST_001340,Donna Mendoza,Female,28.0,New York,NY,2023-08-22
CUST_001341,Julie Adams,Female,43.0,Phoenix,AZ,2022-02-25
CUST_001342,Mark Harris,Male,36.0,Denver,CO,2023-08-28
CUST_001343,Sharon Jones,Female,50.0,New York,NY,2023-11-19
CUST_001344,Donald Thompson,Male,43.0,Chicago,IL,2022-01-26
CUST_001345,Henry White,Male,55.0,Detroit,MI,2022-03-07
CUST_001346,Samuel Reed,Male,33.0,Houston,TX,2023-04-30
CUST_001347,Judith Garcia,Female,52.0,Los Angeles,CA,2024-03-12
CUST_001348,Elizabeth Wilson,Female,64.0,New York,NY,2024-03-13
CUST_001349,Pamela Gomez,Female,39.0,Austin,TX,2022-04-29
CUST_001350,Sophia Ramirez,Female,45.0,Dallas,TX,2023-10-23
CUST_001351,William Rodriguez,Male,27.0,San Jose,CA,2023-11-15
CUST_001352,Eric Phillips,Male,50.0,Portland,OR,2024-01-10
CUST_001353,Linda Peterson,Female,53.0,New York,NY,2022-02-18
CUST_001354,Betty Torres,Female,32.0,Los Angeles,CA,2024-03-13
CUST_001355,Justin Brown,Male,46.0,Chicago,IL,2023-12-04
CUST_001356,Margaret Cook,Female,42.0,Phoenix,AZ,2023-07-05
CUST_001357,Samuel Howard,Male,43.0,New York,NY,2022-03-16
CUST_001358,Abigail Nelson,Female,49.0,Phoenix,AZ,2022-09-04
CUST_001359,Steven Lewis,Male,45.0,Atlanta,GA,2022-12-08
CUST_001360,Karen Cooper,Female,37.0,Los Angeles,CA,2023-12-28
CUST_001361,Roger Kim,Male,49.0,Detroit,MI,2023-10-23
CUST_001362,Helen Bennett,Female,52.0,Detroit,MI,2024-02-21
CUST_001363,Terry Diaz,Male,32.0,San Diego,CA,2023-02-10
CUST_001364,Rebecca Lopez,Female,38.0,Miami,FL,2024-02-06
CUST_001365,Olivia Adams,Female,18.0,Denver,CO,2024-01-23
CUST_001366,Arthur Reyes,M,46.0,Houston,TX,2022-01-22
CUST_001367,Sandra Baker,Female,54.0,Dallas,TX,2022-09-03
CUST_001368,Martha Taylor,F,35.0,New York,NY,2023-11-19
CUST_001369,Olivia Green,Female,40.0,San Antonio,TX,2023-08-16
CUST_001370,Gloria Roberts,Female,36.0,Miami,FL,2022-08-19
CUST_001371,Sandra Martin,Female,34.0,Dallas,TX,2023-11-06
CUST_001372,Jonathan Cook,Male,41.0,Phoenix,AZ,2022-11-12
CUST_001373,Lisa Bailey,Female,29.0,Seattle,WA,2023-06-30
CUST_001374,Dylan White,Male,36.0,Charlotte,NC,2024-02-17
CUST_001375,David Howard,Male,27.0,New York,NY,2022-09-03
CUST_001376,Barbara Bailey,Female,46.0,Houston,TX,2022-03-03
CUST_001377,Sean Hernandez,Male,41.0,Los Angeles,CA,2023-08-12
CUST_001378,Timothy Lopez,Male,33.0,Portland,OR,2023-09-30
CUST_001379,Jack Lopez,M,39.0,San Diego,CA,2022-11-08
CUST_001380,Deborah Garcia,Female,36.0,Los Angeles,CA,2023-03-19
CUST_001381,Virginia Lewis,Female,53.0,Austin,TX,2023-04-14
CUST_001382,Kimberly Baker,Female,33.0,San Antonio,TX,2023-11-30
CUST_001383,Larry Green,Male,46.0,New York,NY,2023-09-05
CUST_001384,Gregory Young,Male,30.0,Miami,FL,2022-10-04
CUST_001385,Edward Lewis,Male,49.0,Denver,CO,2022-10-04
CUST_001386,Amanda Morgan,Female,51.0,New York,NY,2022-11-19
CUST_001387,Daniel Lewis,Male,52.0,Charlotte,NC,2022-06-05
CUST_001388,Joan Morris,Female,57.0,Los Angeles,CA,2022-05-25
CUST_001389,Anthony Reyes,Male,42.0,New York,NY,2023-12-01
CUST_001390,Deborah Flores,Female,54.0,Phoenix,AZ,2023-12-11
CUST_001391,Edward Ortiz,Male,59.0,Los Angeles,CA,2022-09-22
CUST_001392,Larry Torres,Male,24.0,Dallas,TX,2023-12-24
CUST_001393,Christina Gutierrez,Female,31.0,Houston,TX,2023-06-07
CUST_001394,Pamela Reed,Female,20.0,Los Angeles,CA,2023-09-19
CUST_001395,Carl Reed,Male,52.0,Charlotte,NC,2024-01-13
CUST_001396,Kelly Campbell,Female,20.0,Houston,TX,2022-11-04
CUST_001397,Noah Watson,Male,18.0,Phoenix,AZ,2023-08-14
CUST_001398,Zachary Harris,Male,25.0,Chicago,IL,2022-11-05
CUST_001399,Daniel Flores,Male,18.0,Miami,FL,2024-01-28
CUST_001400,Grace Allen,Female,42.0,Los Angeles,CA,2022-10-28
CUST_001401,Hannah James,Female,25.0,Los Angeles,CA,2023-07-18
CUST_001402,Maria Mendoza,FEMALE,18.0,Minneapolis,MN,2022-07-19
CUST_001403,Anthony Gutierrez,Male,38.0,Los Angeles,CA,2022-12-28
CUST_001404,Sandra Clark,Female,39.0,Miami,FL,2022-12-12
CUST_001405,Julie Chavez,Female,18.0,Dallas,TX,2023-10-16
CUST_001406,Brenda Chavez,Female,30.0,Atlanta,GA,2022-10-16
CUST_001407,Nathan Scott,Male,38.0,New York,NY,2022-11-21
CUST_001408,Amy Roberts,Female,34.0,Charlotte,NC,2022-01-11
CUST_001409,Samuel Ramirez,Male,34.0,Chicago,IL,2022-11-11
CUST_001410,Donald Miller,Male,53.0,New York,NY,2022-10-03
CUST_001411,Matthew Brown,Male,65.0,Boston,MA,2023-05-18
CUST_001412,Richard Moore,Male,35.0,Los Angeles,CA,2023-01-23
CUST_001413,Christian Jones,,22.0,Houston,TX,2024-03-18
CUST_001414,Patrick Taylor,Male,36.0,Austin,TX,2023-05-19
CUST_001415,Julia Rodriguez,Female,41.0,New York,NY,2022-03-22
CUST_001416,Kyle Perez,Male,38.0,Los Angeles,CA,2023-11-26
CUST_001417,Ethan Cruz,Male,46.0,San Antonio,TX,2022-03-01
CUST_001418,Benjamin Parker,Male,66.0,Phoenix,AZ,2023-12-15
CUST_001419,Christian Ortiz,Male,18.0,Dallas,TX,2023-01-27
CUST_001420,Jesse King,Male,32.0,Denver,CO,2022-03-10
CUST_001421,Zachary Gray,Male,58.0,Houston,TX,2024-03-16
CUST_001422,Sarah Brooks,female,32.0,Phoenix,AZ,2023-04-09
CUST_001423,Virginia Mitchell,Female,48.0,Chicago,IL,2023-12-26
CUST_001424,Lisa Brooks,Female,46.0,Houston,TX,2023-02-08
CUST_001425,Susan Peterson,F,54.0,New York,NY,2023-03-13
CUST_001426,Lauren Young,Female,62.0,Dallas,TX,2022-12-21
CUST_001427,Teresa Sanchez,Female,43.0,Los Angeles,CA,2022-12-27
CUST_001428,Margaret Brooks,Female,18.0,Denver,CO,2023-11-15
CUST_001429,David Thompson,Male,30.0,New York,NY,2022-02-04
CUST_001430,Kathryn Morales,Female,66.0,New York,NY,2023-04-05
CUST_001431,Christopher Evans,Male,21.0,Chicago,IL,2022-09-27
CUST_001432,Robert Thomas,Male,45.0,Philadelphia,PA,2023-05-27
CUST_001433,Evelyn Baker,Female,18.0,Seattle,WA,2022-08-11
CUST_001434,Sara Wilson,Female,22.0,Seattle,WA,2022-12-10
CUST_001435,Debra Thompson,Female,50.0,Charlotte,NC,2023-05-09
CUST_001436,Alexander Collins,Male,39.0,Houston,TX,2023-10-10
CUST_001437,Laura Nelson,Female,34.0,New York,NY,2024-02-25
CUST_001438,Joshua Nguyen,Male,28.0,Miami,FL,2022-09-06
CUST_001439,Walter Sanchez,Male,18.0,Denver,CO,2023-03-30
CUST_001440,Noah Cox,Male,47.0,New York,NY,2022-12-09
CUST_001441,Sharon Robinson,Female,35.0,New York,NY,2023-07-03
CUST_001442,Melissa Garcia,Female,19.0,San Antonio,TX,2022-12-25
CUST_001443,Dorothy Phillips,Female,39.0,Houston,TX,2022-04-16
CUST_001444,Elizabeth Cook,Female,46.0,Austin,TX,2023-07-10
CUST_001445,Melissa Torres,Female,36.0,Los Angeles,CA,2022-02-10
CUST_001446,Robert Baker,Male,40.0,Charlotte,NC,2022-02-18
CUST_001447,Harold Torres,Male,39.0,San Diego,CA,2024-01-15
CUST_001448,Kenneth Ramos,Male,30.0,Boston,MA,2024-01-06
CUST_001449,Henry Nguyen,Male,39.0,Los Angeles,CA,2023-06-01
CUST_001450,Janet Green,Female,48.0,Austin,TX,2022-01-21
CUST_001451,Roger Walker,Male,51.0,Miami,FL,2022-12-05
CUST_001452,Dylan Parker,Male,48.0,New York,NY,2022-12-07
CUST_001453,Ryan Morgan,Male,30.0,San Diego,CA,2023-09-25
CUST_001454,Joseph Lewis,Male,46.0,Chicago,IL,2023-11-27
CUST_001455,Megan Diaz,Female,44.0,San Antonio,TX,2022-12-14
CUST_001456,Patricia Young,Female,30.0,Atlanta,GA,2023-02-09
CUST_001457,Donna Reed,Female,33.0,Seattle,WA,2022-08-20
CUST_001458,Elizabeth Phillips,Female,47.0,Boston,MA,2023-09-30
CUST_001459,Sean Garcia,Male,56.0,Los Angeles,CA,2022-12-10
CUST_001460,Mary Reyes,Female,18.0,Miami,FL,2023-09-14
CUST_001461,Brandon Rodriguez,Male,59.0,Austin,TX,2023-09-15
CUST_001462,Eric Reyes,,53.0,New York,NY,2022-06-15
CUST_001463,Virginia Kim,Female,41.0,Miami,FL,2024-01-16
CUST_001464,Deborah Diaz,Female,35.0,New York,NY,2023-12-06
CUST_001465,Carl Stewart,Male,43.0,New York,NY,2023-06-16
CUST_001466,Peter Jones,Male,30.0,Miami,FL,2022-04-05
CUST_001467,Pamela Cox,Female,36.0,New York,NY,2022-06-26
CUST_001468,Kathleen Ortiz,Female,20.0,New York,NY,2022-04-11
CUST_001469,Christian Taylor,Male,18.0,New York,NY,2023-03-15
CUST_001470,Andrea Ramirez,Female,68.0,Minneapolis,MN,2022-09-27
CUST_001471,Gary Ramirez,Male,39.0,New York,NY,2023-12-10
CUST_001472,Cynthia Stewart,F,41.0,Houston,TX,2023-02-21
CUST_001473,Linda Bailey,Female,38.0,Los Angeles,CA,2023-03-06
CUST_001474,Susan Johnson,Female,28.0,Houston,TX,2024-02-09
CUST_001475,William Thompson,Male,35.0,Chicago,IL,2023-06-12
CUST_001476,Jennifer King,Female,40.0,Minneapolis,MN,2023-01-11
CUST_001477,Betty Gutierrez,Female,36.0,Boston,MA,2024-03-20
CUST_001478,Gerald Bennett,Male,29.0,Minneapolis,MN,2023-03-14
CUST_001479,Jacqueline Morris,Female,44.0,Denver,CO,2023-06-14
CUST_001480,Ann Morgan,Female,41.0,Houston,TX,2023-01-07
CUST_001481,Olivia Carter,Female,43.0,Los Angeles,CA,2023-08-19
CUST_001482,Olivia Adams,Female,47.0,San Diego,CA,2023-11-03
CUST_001483,Charles King,Male,36.0,Houston,TX,2023-07-20
CUST_001484,Christina Brooks,Female,36.0,San Jose,CA,2022-09-11
CUST_001485,Brian Morales,Male,57.0,New York,NY,2024-02-22
CUST_001486,Rachel Ortiz,Female,27.0,Denver,CO,2023-04-22
CUST_001487,Dylan Miller,Male,18.0,Chicago,IL,2023-12-07
CUST_001488,Frances Mendoza,Female,45.0,Philadelphia,PA,2022-01-11
CUST_001489,Andrew Adams,Male,31.0,Charlotte,NC,2023-04-27
CUST_001490,Judith Smith,Female,25.0,Los Angeles,CA,2024-02-18
CUST_001491,Sarah Ward,Female,50.0,New York,NY,2023-09-02
CUST_001492,Robert Stewart,Male,37.0,Los Angeles,CA,2022-05-04
CUST_001493,Robert Morgan,Male,23.0,Houston,TX,2023-09-17
CUST_001494,Anthony Bennett,Male,63.0,San Diego,CA,2022-01-18
CUST_001495,Christina Scott,Female,18.0,Charlotte,NC,2022-12-27
CUST_001496,Ryan Howard,Male,37.0,Minneapolis,MN,2022-09-01
CUST_001497,John Gray,Male,18.0,Denver,CO,2022-09-15
CUST_001498,Jordan Adams,Male,42.0,Denver,CO,2022-02-16
CUST_001499,Carolyn Harris,Female,30.0,Chicago,IL,2023-07-12
CUST_001500,Gary Flores,Male,49.0,Detroit,MI,2023-10-10
CUST_001501,Samuel Ortiz,Male,38.0,San Diego,CA,2022-10-21
CUST_001502,Samuel Morales,Male,55.0,Los Angeles,CA,2023-06-19
CUST_001503,Helen Mendoza,Female,33.0,Portland,OR,2023-04-11
CUST_001504,Julie Peterson,Female,18.0,San Antonio,TX,2024-03-26
CUST_001505,Terry Peterson,Male,41.0,Los Angeles,CA,2023-11-28
CUST_001506,Stephanie Martin,Female,35.0,Denver,CO,2024-02-25
CUST_001507,Scott Clark,Male,18.0,Chicago,IL,2023-12-06
CUST_001508,Mary Baker,Female,25.0,Los Angeles,CA,2023-08-11
CUST_001509,Madison Ward,Female,29.0,Chicago,IL,2022-03-20
CUST_001510,Timothy Evans,Male,58.0,Dallas,TX,2023-12-29
CUST_001511,Melissa Reed,Female,47.0,Chicago,IL,2023-10-23
CUST_001512,Denise Clark,Female,34.0,New York,NY,2022-10-12
CUST_001513,Raymond Brooks,Male,44.0,Phoenix,AZ,2022-09-30
CUST_001514,Charles Anderson,Male,18.0,Chicago,IL,2023-05-02
CUST_001515,Kevin James,Male,31.0,San Diego,CA,2022-10-13
CUST_001516,Kathleen Reyes,Female,44.0,Philadelphia,PA,2024-03-12
CUST_001517,Grace Baker,Female,41.0,New York,NY,2022-07-22
CUST_001518,Jonathan Evans,Male,32.0,Chicago,IL,2022-06-13
CUST_001519,Michelle Torres,Female,38.0,Chicago,IL,2022-02-18
CUST_001520,Maria Carter,Female,43.0,San Antonio,TX,2023-05-24
CUST_001521,Anna Rodriguez,Female,38.0,Atlanta,GA,2023-10-09
CUST_001522,William Cruz,Male,49.0,Los Angeles,CA,2023-06-19
CUST_001523,Gerald Bennett,Male,42.0,Los Angeles,CA,2022-08-05
CUST_001524,John Cruz,Male,45.0,New York,NY,2024-02-10
CUST_001525,Sean Rivera,Male,60.0,Austin,TX,2023-01-05
CUST_001526,Jacqueline Johnson,Female,49.0,Houston,TX,2022-05-31
CUST_001527,Susan Kelly,Female,60.0,Seattle,WA,2022-07-19
CUST_001528,Evelyn Lee,Female,30.0,Seattle,WA,2023-02-22
CUST_001529,Cheryl Watson,Female,19.0,New York,NY,2023-05-18
CUST_001530,Ruth Campbell,Female,37.0,Phoenix,AZ,2023-06-30
CUST_001531,Heather Campbell,Female,36.0,Charlotte,NC,2022-03-22
CUST_001532,Elizabeth Ortiz,Female,57.0,Chicago,IL,2024-01-04
CUST_001533,William Jackson,Male,24.0,San Diego,CA,2022-11-29
CUST_001534,Peter Peterson,,38.0,San Diego,CA,2022-09-21
CUST_001535,Sarah Jones,Female,44.0,Chicago,IL,2023-09-01
CUST_001536,Carol White,Female,40.0,Boston,MA,2023-07-09
CUST_001537,Brandon Rivera,Male,36.0,New York,NY,2024-03-26
CUST_001538,Anthony Young,Male,43.0,Chicago,IL,2023-01-31
CUST_001539,Harold Edwards,Male,52.0,Austin,TX,2022-07-12
CUST_001540,Martha Cruz,Female,58.0,Detroit,MI,2024-03-13
CUST_001541,Noah Watson,Male,39.0,New York,NY,2023-03-30
CUST_001542,Elizabeth Edwards,Female,28.0,Austin,TX,2023-08-13
CUST_001543,Pamela Robinson,Female,58.0,New York,NY,2022-02-17
CUST_001544,Ann Morales,Female,25.0,Austin,TX,2022-11-28
CUST_001545,Kathleen Cruz,Female,61.0,Phoenix,AZ,2024-03-22
CUST_001546,Christina Cooper,Female,55.0,Philadelphia,PA,2024-03-08
CUST_001547,Diane Peterson,Female,57.0,Charlotte,NC,2024-03-20
CUST_001548,Jason Cruz,Male,47.0,Seattle,WA,2023-12-06
CUST_001549,Melissa Scott,Female,18.0,Los Angeles,CA,2023-04-13
CUST_001550,Virginia Thompson,Female,26.0,Charlotte,NC,2023-06-08
CUST_001551,Nancy King,Female,42.0,Chicago,IL,2022-03-24
CUST_001552,Madison Brown,Female,30.0,Seattle,WA,2023-11-15
CUST_001553,Maria Hill,Female,35.0,Seattle,WA,2023-10-15
CUST_001554,Karen Richardson,Female,46.0,Miami,FL,2023-09-16
CUST_001555,Christina Chavez,Female,36.0,Phoenix,AZ,2023-01-07
CUST_001556,Jonathan Cruz,Male,23.0,Seattle,WA,2022-09-27
CUST_001557,Steven Morales,Male,50.0,Austin,TX,2023-11-26
CUST_001558,Judy Clark,FEMALE,45.0,Philadelphia,PA,2024-03-14
CUST_001559,Zachary Harris,Male,35.0,Detroit,MI,2023-02-10
CUST_001560,Jack Brooks,Male,47.0,Chicago,IL,2022-03-03
CUST_001561,Noah Clark,Male,40.0,Los Angeles,CA,2024-01-26
CUST_001562,Alexander Reed,Male,55.0,Austin,TX,2023-09-03
CUST_001563,Stephen Hernandez,Male,40.0,Los Angeles,CA,2023-08-21
CUST_001564,Donald Nguyen,Male,55.0,Miami,FL,2024-02-24
CUST_001565,Matthew Scott,Male,18.0,Houston,TX,2023-08-20
CUST_001566,Pamela Stewart,Female,44.0,Phoenix,AZ,2023-07-12
CUST_001567,Nicole Cook,Female,34.0,Seattle,WA,2023-09-17
CUST_001568,Judith Morales,Female,28.0,Minneapolis,MN,2023-03-31
CUST_001569,Emma Anderson,Female,53.0,Seattle,WA,2022-10-16
CUST_001570,Diane Rogers,FEMALE,50.0,New York,NY,2022-09-14
CUST_001571,Teresa Martin,Female,18.0,Houston,TX,2023-09-29
CUST_001572,Jordan Moore,Male,47.0,Boston,MA,2022-09-06
CUST_001573,Ronald Morales,Male,46.0,Detroit,MI,2024-02-15
CUST_001574,Austin Moore,Male,29.0,San Jose,CA,2023-01-24
CUST_001575,Martha Campbell,Female,28.0,Austin,TX,2023-07-24
CUST_001576,Barbara Kelly,Female,19.0,Phoenix,AZ,2022-02-18
CUST_001577,Edward Stewart,Male,34.0,San Antonio,TX,2023-03-03
CUST_001578,Paul Richardson,Male,36.0,Philadelphia,PA,2023-01-22
CUST_001579,Adam Williams,Male,48.0,New York,NY,2023-10-19
CUST_001580,Patrick Carter,Male,42.0,New York,NY,2022-03-03
CUST_001581,Brandon White,Male,25.0,Austin,TX,2023-01-24
CUST_001582,Andrea James,Female,41.0,San Antonio,TX,2023-12-29
CUST_001583,Laura Gray,female,35.0,Chicago,IL,2023-08-18
CUST_001584,Angela Kim,Female,27.0,Minneapolis,MN,2023-11-04
CUST_001585,Carl Chavez,Male,19.0,Los Angeles,CA,2023-10-25
CUST_001586,Bryan Anderson,Male,46.0,Seattle,WA,2023-08-14
CUST_001587,Cheryl Turner,Female,44.0,Atlanta,GA,2023-01-15
CUST_001588,Paul Gomez,Male,,Miami,FL,2023-01-21
CUST_001589,Karen Gray,Female,29.0,Miami,FL,2022-02-27
CUST_001590,Emily Bailey,Female,41.0,Atlanta,GA,2022-07-23
CUST_001591,Brenda Cooper,Female,21.0,Philadelphia,PA,2023-05-28
CUST_001592,Carol Lee,Female,26.0,Austin,TX,2024-01-22
CUST_001593,Austin Lewis,Male,39.0,Miami,FL,2023-07-08
CUST_001594,Kelly Ortiz,Female,42.0,Phoenix,AZ,2023-01-11
CUST_001595,Eric Parker,Male,18.0,Seattle,WA,2023-12-11
CUST_001596,Kevin Richardson,Male,25.0,Los Angeles,CA,2023-03-03
CUST_001597,Angela Chavez,Female,,Dallas,TX,2022-09-22
CUST_001598,Samantha Walker,Female,50.0,Los Angeles,CA,2022-03-30
CUST_001599,Zachary Rogers,Male,28.0,San Jose,CA,2023-12-09
CUST_001600,Jessica Ortiz,Female,40.0,Houston,TX,2023-07-11
CUST_001601,Noah Anderson,Male,42.0,Chicago,IL,2023-06-14
CUST_001602,Lisa Gray,Female,35.0,Houston,TX,2023-09-25
CUST_001603,Kenneth Richardson,Male,42.0,Seattle,WA,2023-07-03
CUST_001604,Jordan Gray,Male,22.0,Detroit,MI,2022-12-11
CUST_001605,Kimberly Cruz,Female,30.0,New York,NY,2023-07-12
CUST_001606,Sarah Cooper,Female,56.0,Los Angeles,CA,2022-05-30
CUST_001607,Aaron Robinson,Male,57.0,Denver,CO,2022-10-25
CUST_001608,Shirley Garcia,Female,49.0,Dallas,TX,2023-05-12
CUST_001609,Jessica Peterson,Female,52.0,Houston,TX,2022-03-18
CUST_001610,Mary Allen,Female,18.0,San Jose,CA,2023-12-04
CUST_001611,Susan Edwards,Female,27.0,Miami,FL,2022-02-20
CUST_001612,Samuel Harris,Male,35.0,Chicago,IL,2022-12-30
CUST_001613,Andrew Jackson,Male,69.0,San Antonio,TX,2023-03-08
CUST_001614,Hannah Kelly,Female,35.0,New York,NY,2023-08-27
CUST_001615,Gerald Davis,Male,48.0,Portland,OR,2022-06-14
CUST_001616,Betty Adams,Female,43.0,Atlanta,GA,2023-12-04
CUST_001617,Laura Richardson,Female,43.0,San Antonio,TX,2023-02-13
CUST_001618,Daniel Lewis,male,38.0,Charlotte,NC,2022-09-14
CUST_001619,Brian Cox,Male,23.0,Los Angeles,CA,2022-04-18
CUST_001620,Carol Evans,Female,18.0,Denver,CO,2024-02-11
CUST_001621,Hannah Ward,Female,55.0,Boston,MA,2023-01-25
CUST_001622,Jason Hall,Male,31.0,Miami,FL,2023-01-06
CUST_001623,Brandon Edwards,Male,18.0,Seattle,WA,2022-07-09
CUST_001624,Kelly Chavez,Female,44.0,Los Angeles,CA,2023-04-18
CUST_001625,Gloria Williams,Female,44.0,New York,NY,2022-11-14
CUST_001626,Timothy Taylor,Male,48.0,Los Angeles,CA,2022-06-25
CUST_001627,Emily Hill,Female,52.0,Miami,FL,2023-10-18
CUST_001628,Grace Chavez,,27.0,Phoenix,AZ,2024-01-24
CUST_001629,Sharon Wilson,Female,28.0,San Diego,CA,2022-12-13
CUST_001630,Kelly Allen,Female,35.0,New York,NY,2022-10-16
CUST_001631,Kelly Evans,Female,49.0,San Antonio,TX,2022-12-31
CUST_001632,Samuel Williams,Male,18.0,Phoenix,AZ,2024-02-11
CUST_001633,Andrew Jackson,Male,40.0,San Diego,CA,2023-06-17
CUST_001634,Daniel Morgan,Male,50.0,Houston,TX,2022-06-25
CUST_001635,Scott Williams,Male,50.0,New York,NY,2023-07-23
CUST_001636,Debra Cook,Female,47.0,New York,NY,2023-01-23
CUST_001637,Cheryl Anderson,Female,52.0,Portland,OR,2022-01-20
CUST_001638,Douglas King,Male,18.0,Austin,TX,2024-03-11
CUST_001639,Jean Moore,Female,59.0,San Jose,CA,2022-05-05
CUST_001640,Bryan Harris,Male,43.0,Detroit,MI,2023-02-02
CUST_001641,Peter King,Male,55.0,San Diego,CA,2023-08-10
CUST_001642,Susan Hall,Female,24.0,Austin,TX,2023-06-18
CUST_001643,Anna Rodriguez,Female,18.0,San Diego,CA,2022-01-05
CUST_001644,Ruth Taylor,Female,61.0,Los Angeles,CA,2023-07-05
CUST_001645,Diane Gonzalez,Female,27.0,Houston,TX,2023-09-30
CUST_001646,Ashley Jackson,Female,35.0,Minneapolis,MN,2023-12-23
CUST_001647,Heather Allen,Female,45.0,Philadelphia,PA,2022-07-13
CUST_001648,Jason Scott,Male,48.0,Los Angeles,CA,2022-02-11
CUST_001649,Jason Robinson,Male,52.0,Miami,FL,2024-02-24
CUST_001650,Roger Scott,Male,41.0,New York,NY,2023-08-27
CUST_001651,Brenda Gomez,Female,25.0,San Jose,CA,2023-03-08
CUST_001652,Rachel Rogers,Female,47.0,Seattle,WA,2023-09-28
CUST_001653,Catherine Wood,Female,48.0,Chicago,IL,2022-06-16
CUST_001654,Catherine Martin,Female,18.0,Los Angeles,CA,2024-03-04
CUST_001655,Paul Morgan,Male,56.0,Philadelphia,PA,2023-08-08
CUST_001656,Diane Moore,Female,18.0,Boston,MA,2024-01-10
CUST_001657,Laura Cox,Female,51.0,Minneapolis,MN,2023-05-27
CUST_001658,Jose Hall,Male,31.0,Atlanta,GA,2023-11-20
CUST_001659,Betty Collins,Female,47.0,New York,NY,2022-11-21
CUST_001660,Denise Wright,Female,45.0,Los Angeles,CA,2022-05-23
CUST_001661,Cheryl Ward,Female,38.0,Austin,TX,2022-12-14
CUST_001662,Eric Williams,Male,44.0,Denver,CO,2024-01-24
CUST_001663,Timothy Jones,Male,37.0,New York,NY,2023-09-09
CUST_001664,Angela Kim,Female,47.0,Los Angeles,CA,2023-03-09
CUST_001665,Zachary Anderson,Male,66.0,New York,NY,2022-08-30
CUST_001666,Jose Gutierrez,Male,,Houston,TX,2023-06-27
CUST_001667,Douglas Bailey,Male,18.0,Seattle,WA,2023-06-24
CUST_001668,Kathryn Parker,Female,33.0,Portland,OR,2023-05-07
CUST_001669,Nicole Lewis,Female,32.0,New York,NY,2023-10-07
CUST_001670,Adam Roberts,Male,34.0,San Antonio,TX,2022-09-06
CUST_001671,Emma Adams,Female,27.0,Houston,TX,2023-04-22
CUST_001672,Aaron Anderson,Male,49.0,Phoenix,AZ,2022-11-04
CUST_001673,Justin Hernandez,Male,21.0,New York,NY,2022-08-02
CUST_001674,Hannah Scott,Female,44.0,Chicago,IL,2022-11-26
CUST_001675,James Adams,Male,46.0,Chicago,IL,2023-11-21
CUST_001676,Paul Hall,Male,42.0,Denver,CO,2022-05-04
CUST_001677,George King,MALE,45.0,San Jose,CA,2022-10-06
CUST_001678,Julia Anderson,Female,50.0,San Jose,CA,2023-05-09
CUST_001679,Benjamin Thompson,Male,39.0,San Diego,CA,2023-01-23
CUST_001680,Ryan Reed,Male,34.0,Houston,TX,2023-12-08
CUST_001681,Nicholas Chavez,Male,45.0,Chicago,IL,2023-11-05
CUST_001682,Larry Wood,Male,46.0,New York,NY,2023-08-25
CUST_001683,Carl Johnson,Male,50.0,Los Angeles,CA,2022-10-12
CUST_001684,Judy Kim,Female,18.0,Los Angeles,CA,2022-01-25
CUST_001685,Ann Hernandez,Female,36.0,Charlotte,NC,2022-11-09
CUST_001686,Ann Walker,Female,25.0,Charlotte,NC,2023-06-30
CUST_001687,Kimberly James,Female,,Boston,MA,2022-04-21
CUST_001688,Dorothy Allen,Female,48.0,Austin,TX,2023-12-05
CUST_001689,Jack Clark,Male,35.0,Seattle,WA,2024-03-22
CUST_001690,Virginia Torres,Female,29.0,Austin,TX,2023-10-07
CUST_001691,Steven Reyes,Male,46.0,San Jose,CA,2023-02-03
CUST_001692,Kyle Brown,Male,37.0,Los Angeles,CA,2023-11-17
CUST_001693,Kimberly Thomas,Female,56.0,Charlotte,NC,2022-10-03
CUST_001694,Kevin Evans,Male,61.0,Boston,MA,2024-03-01
CUST_001695,Timothy Taylor,male,51.0,Chicago,IL,2022-12-25
CUST_001696,Noah Rivera,Male,41.0,San Diego,CA,2023-09-03
CUST_001697,Judith Mendoza,Female,61.0,Atlanta,GA,2022-01-22
CUST_001698,Gregory Richardson,Male,42.0,Detroit,MI,2023-07-22
CUST_001699,Christian Scott,Male,33.0,Phoenix,AZ,2022-10-24
CUST_001700,Christian Clark,Male,30.0,San Antonio,TX,2022-04-22
CUST_001701,Gary Mendoza,Male,30.0,Houston,TX,2023-02-19
CUST_001702,Jeremy Parker,Male,38.0,Houston,TX,2022-04-26
CUST_001703,Emily Morgan,Female,44.0,Chicago,IL,2022-07-14
CUST_001704,Benjamin James,Male,21.0,New York,NY,2024-01-22
CUST_001705,Lisa Brown,Female,,Phoenix,AZ,2022-03-12
CUST_001706,Jonathan Cook,MALE,41.0,San Antonio,TX,2023-07-17
CUST_001707,Rachel Martinez,Female,47.0,Boston,MA,2022-03-09
CUST_001708,Susan Evans,Female,38.0,San Diego,CA,2023-09-23
CUST_001709,Justin Walker,Male,42.0,Houston,TX,2024-03-16
CUST_001710,Virginia Morgan,Female,23.0,Philadelphia,PA,2023-02-15
CUST_001711,Jerry Davis,Male,27.0,Atlanta,GA,2024-03-10
CUST_001712,Elizabeth Richardson,Female,38.0,San Antonio,TX,2023-07-30
CUST_001713,Joseph Gray,Male,45.0,Dallas,TX,2023-06-25
CUST_001714,Jeffrey Diaz,Male,41.0,Los Angeles,CA,2022-06-30
CUST_001715,Ann Cook,female,28.0,New York,NY,2024-02-29
CUST_001716,Carl Howard,Male,36.0,Portland,OR,2023-12-31
CUST_001717,Rebecca Bailey,Female,57.0,Chicago,IL,2022-05-22
CUST_001718,Zachary Green,Male,45.0,Houston,TX,2022-02-02
CUST_001719,Raymond Anderson,Male,36.0,New York,NY,2022-12-18
CUST_001720,Joe Campbell,Male,26.0,San Diego,CA,2022-06-19
CUST_001721,Sarah Jones,Female,30.0,Denver,CO,2022-11-29
CUST_001722,Janet Williams,Female,39.0,Seattle,WA,2024-03-04
CUST_001723,Jack Carter,Male,,Miami,FL,2023-12-31
CUST_001724,Timothy Perez,Male,46.0,Chicago,IL,2023-02-24
CUST_001725,Linda Torres,Female,43.0,Houston,TX,2022-10-06
CUST_001726,Elizabeth Gutierrez,Female,34.0,Charlotte,NC,2023-06-12
CUST_001727,Nicole Collins,Female,32.0,Philadelphia,PA,2024-02-19
CUST_001728,Henry Mendoza,Male,64.0,Miami,FL,2023-11-13
CUST_001729,Christina Adams,Female,32.0,Austin,TX,2024-01-04
CUST_001730,Ashley Hernandez,Female,22.0,Los Angeles,CA,2023-10-23
CUST_001731,Gerald Baker,Male,18.0,Portland,OR,2023-04-16
CUST_001732,Angela Reed,Female,34.0,Houston,TX,2022-06-01
CUST_001733,Bryan Harris,Male,50.0,San Jose,CA,2023-12-02
CUST_001734,Lisa Roberts,Female,31.0,Chicago,IL,2023-08-06
CUST_001735,Roger Martin,Male,57.0,Dallas,TX,2023-10-31
CUST_001736,Austin Richardson,Male,38.0,San Diego,CA,2023-10-04
CUST_001737,Christian Smith,Male,52.0,Chicago,IL,2022-09-09
CUST_001738,Martha Martinez,Female,29.0,Charlotte,NC,2022-10-15
CUST_001739,Jeffrey Cox,Male,29.0,Los Angeles,CA,2023-12-28
CUST_001740,Zachary Moore,Male,40.0,Philadelphia,PA,2023-01-28
CUST_001741,Heather Miller,Female,45.0,New York,NY,2022-07-07
CUST_001742,Pamela Robinson,Female,36.0,Seattle,WA,2023-07-31
CUST_001743,Denise Reed,Female,42.0,Philadelphia,PA,2022-10-26
CUST_001744,George Scott,Male,46.0,Dallas,TX,2023-07-31
CUST_001745,Eric Kelly,Male,21.0,Seattle,WA,2023-06-21
CUST_001746,Austin Moore,male,34.0,Boston,MA,2023-08-14
CUST_001747,George Mendoza,Male,32.0,Charlotte,NC,2024-03-26
CUST_001748,Matthew Wilson,Male,33.0,Miami,FL,2022-10-08
CUST_001749,Rebecca Evans,Female,44.0,Houston,TX,2024-03-15
CUST_001750,Andrea Diaz,Female,32.0,Denver,CO,2023-10-25
CUST_001751,Gerald Smith,Male,18.0,New York,NY,2023-12-27
CUST_001752,Karen Williams,Female,36.0,Los Angeles,CA,2023-11-21
CUST_001753,Jerry Murphy,Male,25.0,Philadelphia,PA,2022-01-27
CUST_001754,Frank Gray,Male,45.0,Philadelphia,PA,2023-04-16
CUST_001755,Victoria Torres,Female,49.0,San Antonio,TX,2022-04-26
CUST_001756,Adam Ortiz,Male,18.0,San Antonio,TX,2023-08-22
CUST_001757,Judy Allen,Female,29.0,San Jose,CA,2022-03-08
CUST_001758,Jason Clark,Male,43.0,Portland,OR,2022-02-07
CUST_001759,George Harris,Male,,Los Angeles,CA,2024-01-30
CUST_001760,Raymond Jackson,Male,48.0,Houston,TX,2024-02-06
CUST_001761,Pamela Cook,Female,52.0,New York,NY,2023-07-17
CUST_001762,Samantha Brooks,Female,36.0,Los Angeles,CA,2023-03-12
CUST_001763,Barbara Adams,Female,29.0,Charlotte,NC,2023-12-09
CUST_001764,Betty Richardson,Female,18.0,New York,NY,2024-03-08
CUST_001765,Alice Anderson,Female,49.0,Los Angeles,CA,2022-03-02
CUST_001766,Barbara Rivera,Female,64.0,Phoenix,AZ,2022-04-23
CUST_001767,Jack Hill,Male,61.0,Chicago,IL,2024-01-29
CUST_001768,Andrea Smith,Female,36.0,San Diego,CA,2022-04-19
CUST_001769,Patricia Collins,Female,25.0,Charlotte,NC,2023-09-20
CUST_001770,Paul Diaz,Male,49.0,Seattle,WA,2023-05-25
CUST_001771,Jacob Cook,Male,37.0,Phoenix,AZ,2023-04-30
CUST_001772,Benjamin Moore,Male,44.0,Seattle,WA,2022-04-17
CUST_001773,Jason Hill,M,42.0,Minneapolis,MN,2023-10-01
CUST_001774,Aaron Cox,Male,40.0,Chicago,IL,2023-06-30
CUST_001775,Andrew Nelson,Male,51.0,Denver,CO,2024-02-14
CUST_001776,Robert Gomez,Male,52.0,Austin,TX,2023-03-29
CUST_001777,James Cox,Male,32.0,Denver,CO,2024-02-03
CUST_001778,Cynthia Morris,Female,27.0,New York,NY,2022-07-13
CUST_001779,Kathleen Murphy,Female,18.0,Denver,CO,2022-08-01
CUST_001780,Julia Williams,Female,34.0,Atlanta,GA,2024-02-27
CUST_001781,Linda Ortiz,Female,25.0,Seattle,WA,2022-04-19
CUST_001782,Gregory Williams,Male,,Los Angeles,CA,2022-08-31
CUST_001783,Heather James,Female,34.0,Los Angeles,CA,2022-06-01
CUST_001784,Christina Smith,Female,36.0,Denver,CO,2023-09-17
CUST_001785,Joyce Nguyen,Female,49.0,San Jose,CA,2023-11-06
CUST_001786,James Walker,Male,43.0,Charlotte,NC,2024-01-27
CUST_001787,Olivia Johnson,Female,37.0,Philadelphia,PA,2022-06-06
CUST_001788,Ronald Parker,Male,60.0,Chicago,IL,2022-11-16
CUST_001789,Ethan Davis,Male,48.0,Boston,MA,2022-11-12
CUST_001790,Kimberly Wilson,Female,33.0,Boston,MA,2024-03-14
CUST_001791,Zachary Flores,Male,34.0,San Diego,CA,2023-06-16
CUST_001792,Olivia Mendoza,Female,48.0,Boston,MA,2022-11-30
CUST_001793,Virginia James,Female,41.0,Houston,TX,2022-10-27
CUST_001794,Mark Howard,Male,24.0,Los Angeles,CA,2022-11-14
CUST_001795,Adam Jones,Male,50.0,Los Angeles,CA,2023-09-19
CUST_001796,Judith Bennett,Female,54.0,Chicago,IL,2023-05-21
CUST_001797,Brandon Walker,Male,53.0,San Jose,CA,2023-07-16
CUST_001798,Laura Martinez,Female,58.0,Chicago,IL,2023-03-21
CUST_001799,Anthony Stewart,Male,64.0,Minneapolis,MN,2022-01-30
CUST_001800,George Nelson,Male,60.0,Chicago,IL,2023-09-01
CUST_001801,Ethan Baker,Male,43.0,Seattle,WA,2023-09-27
CUST_001802,Nicholas Cox,Male,36.0,San Diego,CA,2022-07-09
CUST_001803,Christina Reed,Female,18.0,Los Angeles,CA,2023-08-04
CUST_001804,Kyle Brooks,Male,39.0,Dallas,TX,2024-01-11
CUST_001805,Adam Carter,Male,45.0,Portland,OR,2023-07-01
CUST_001806,Adam Ramirez,Male,39.0,Portland,OR,2023-08-18
CUST_001807,Ruth Morales,Female,18.0,Chicago,IL,2023-09-11
CUST_001808,Rachel Martinez,Female,35.0,San Diego,CA,2022-11-18
CUST_001809,Kimberly Morales,Female,47.0,Los Angeles,CA,2022-06-14
CUST_001810,Ann Cooper,F,26.0,Philadelphia,PA,2023-03-22
CUST_001811,Judy Mitchell,Female,41.0,Houston,TX,2022-08-27
CUST_001812,Helen Ramos,Female,44.0,Portland,OR,2023-09-01
CUST_001813,Lawrence Cox,Male,52.0,San Jose,CA,2023-09-21
CUST_001814,Denise Martinez,Female,60.0,Los Angeles,CA,2022-01-10
CUST_001815,Scott Smith,Male,34.0,Charlotte,NC,2024-03-01
CUST_001816,Zachary Chavez,Male,41.0,Seattle,WA,2024-02-11
CUST_001817,Aaron White,Male,41.0,Los Angeles,CA,2022-05-22
CUST_001818,Carol Jackson,Female,47.0,Atlanta,GA,2023-03-26
CUST_001819,Elizabeth Watson,Female,45.0,Dallas,TX,2022-08-06
CUST_001820,Larry James,Male,56.0,Phoenix,AZ,2024-03-07
CUST_001821,Jeremy Garcia,Male,18.0,Los Angeles,CA,2023-06-03
CUST_001822,Sharon Jones,Female,44.0,Chicago,IL,2023-09-10
CUST_001823,Jeremy Perez,Male,45.0,Los Angeles,CA,2024-03-16
CUST_001824,Jose Wright,Male,36.0,Atlanta,GA,2023-08-22
CUST_001825,Henry Miller,Male,18.0,Chicago,IL,2024-01-06
CUST_001826,Deborah Morales,Female,38.0,San Antonio,TX,2022-09-04
CUST_001827,Justin Cox,Male,30.0,Charlotte,NC,2022-08-25
CUST_001828,Ashley Collins,Female,59.0,Charlotte,NC,2023-02-25
CUST_001829,Joshua Chavez,Male,43.0,Atlanta,GA,2024-01-13
CUST_001830,Jessica Parker,Female,29.0,Atlanta,GA,2022-02-13
CUST_001831,Lisa Brown,Female,18.0,Portland,OR,2023-02-25
CUST_001832,Steven Chavez,Male,46.0,Atlanta,GA,2023-12-06
CUST_001833,Heather Cox,Female,47.0,Philadelphia,PA,2022-07-06
CUST_001834,Emma Davis,Female,36.0,New York,NY,2023-07-11
CUST_001835,Dorothy Nelson,Female,46.0,Los Angeles,CA,2022-03-19
CUST_001836,Madison Turner,Female,34.0,Philadelphia,PA,2022-01-12
CUST_001837,Rachel Cox,Female,52.0,Chicago,IL,2022-11-14
CUST_001838,Abigail Ward,Female,51.0,Houston,TX,2023-11-23
CUST_001839,Tyler Davis,Male,18.0,New York,NY,2022-02-16
CUST_001840,John Morgan,Male,21.0,Dallas,TX,2022-12-23
CUST_001841,Jean Turner,FEMALE,64.0,Houston,TX,2023-09-30
CUST_001842,Gerald White,Male,50.0,Chicago,IL,2022-12-27
CUST_001843,Olivia Chavez,Female,23.0,Austin,TX,2023-03-27
CUST_001844,Gregory Parker,Male,19.0,Chicago,IL,2023-04-13
CUST_001845,Nicole Scott,Female,41.0,San Antonio,TX,2024-01-31
CUST_001846,Scott Rivera,Male,24.0,Chicago,IL,2024-01-10
CUST_001847,Cheryl Reed,Female,35.0,Seattle,WA,2022-03-12
CUST_001848,Samuel Walker,Male,38.0,Miami,FL,2023-09-05
CUST_001849,Sandra Jackson,Female,37.0,New York,NY,2023-05-16
CUST_001850,William Allen,Male,53.0,Atlanta,GA,2022-12-15
CUST_001851,Lisa Ramos,Female,,Miami,FL,2023-04-07
CUST_001852,Kenneth Lewis,Male,33.0,Charlotte,NC,2024-01-12
CUST_001853,Amy Jackson,Female,24.0,Miami,FL,2023-11-01
CUST_001854,Sean Murphy,Male,43.0,Dallas,TX,2023-06-05
CUST_001855,Joshua Taylor,Male,59.0,New York,NY,2022-07-04
CUST_001856,Ronald Adams,Male,33.0,New York,NY,2023-07-13
CUST_001857,Donna Peterson,Female,49.0,Los Angeles,CA,2023-04-11
CUST_001858,Janet Scott,Female,28.0,Philadelphia,PA,2023-03-02
CUST_001859,Julie King,Female,39.0,Portland,OR,2024-02-23
CUST_001860,Carolyn Peterson,Female,24.0,Los Angeles,CA,2024-03-26
CUST_001861,Dylan Green,Male,39.0,San Diego,CA,2024-02-28
CUST_001862,Jordan Gray,Male,37.0,Charlotte,NC,2023-10-08
CUST_001863,Roger Johnson,Male,46.0,New York,NY,2023-06-28
CUST_001864,Keith Richardson,Male,61.0,New York,NY,2022-11-14
CUST_001865,Ryan Rogers,Male,34.0,Chicago,IL,2024-02-26
CUST_001866,Raymond Murphy,Male,18.0,Chicago,IL,2023-03-09
CUST_001867,Jeffrey Kelly,Male,36.0,San Antonio,TX,2022-07-30
CUST_001868,Hannah Rogers,Female,42.0,Phoenix,AZ,2022-05-01
CUST_001869,Anthony Kelly,Male,41.0,Dallas,TX,2023-12-14
CUST_001870,Paul Kim,Male,37.0,Los Angeles,CA,2022-11-22
CUST_001871,Linda Chavez,Female,57.0,Seattle,WA,2023-10-27
CUST_001872,Ruth Martin,Female,40.0,Los Angeles,CA,2023-07-19
CUST_001873,Henry Mitchell,Male,37.0,Philadelphia,PA,2022-10-13
CUST_001874,James Scott,Male,29.0,New York,NY,2023-12-24
CUST_001875,Benjamin Diaz,Male,18.0,Atlanta,GA,2023-12-20
CUST_001876,Jacob Hall,Male,43.0,Austin,TX,2022-07-01
CUST_001877,Jacqueline Ward,Female,42.0,Los Angeles,CA,2022-05-12
CUST_001878,Linda Thomas,Female,25.0,Austin,TX,2023-06-29
CUST_001879,Michael Thomas,Male,38.0,Philadelphia,PA,2022-08-28
CUST_001880,Jerry Morales,Male,37.0,Atlanta,GA,2022-11-25
CUST_001881,Diane Green,Female,31.0,Charlotte,NC,2024-02-19
CUST_001882,Roger Bailey,Male,29.0,Los Angeles,CA,2022-07-04
CUST_001883,Diane Hill,Female,44.0,San Antonio,TX,2023-03-21
CUST_001884,Jesse Gomez,Male,36.0,Chicago,IL,2022-10-23
CUST_001885,Rebecca Ortiz,Female,31.0,Boston,MA,2022-12-09
CUST_001886,Shirley Ward,Female,28.0,New York,NY,2022-12-28
CUST_001887,Grace Gutierrez,Female,37.0,San Diego,CA,2022-09-22
CUST_001888,Karen Bailey,Female,50.0,Miami,FL,2023-10-25
CUST_001889,Harold Jackson,Male,41.0,Phoenix,AZ,2023-11-27
CUST_001890,Mary Hernandez,Female,36.0,Miami,FL,2023-05-14
CUST_001891,Katherine Thompson,Female,42.0,Los Angeles,CA,2024-01-25
CUST_001892,Matthew Lopez,male,56.0,Detroit,MI,2022-05-27
CUST_001893,Jack Robinson,Male,45.0,Atlanta,GA,2023-04-18
CUST_001894,Jacqueline Mitchell,Female,42.0,Phoenix,AZ,2023-12-09
CUST_001895,Jennifer Gray,Female,46.0,Los Angeles,CA,2023-07-14
CUST_001896,Margaret Stewart,F,37.0,San Diego,CA,2024-03-21
CUST_001897,Jason Young,Male,41.0,Seattle,WA,2023-06-26
CUST_001898,Amanda Morris,Female,32.0,Los Angeles,CA,2024-03-05
CUST_001899,Angela Ward,Female,19.0,Portland,OR,2022-04-18
CUST_001900,Julia Bailey,female,43.0,Boston,MA,2022-02-17
CUST_001901,Thomas Hall,Male,43.0,Portland,OR,2022-12-16
CUST_001902,Brenda Morris,Female,35.0,Chicago,IL,2023-12-17
CUST_001903,Larry Robinson,Male,51.0,Philadelphia,PA,2022-02-26
CUST_001904,Melissa Clark,Female,29.0,Chicago,IL,2022-09-15
CUST_001905,Brian Mendoza,Male,18.0,Chicago,IL,2024-03-21
CUST_001906,Joan Green,Female,30.0,Los Angeles,CA,2023-07-29
CUST_001907,Julie Martin,Female,19.0,Los Angeles,CA,2023-01-16
CUST_001908,Gloria Ward,Female,43.0,Seattle,WA,2022-03-27
CUST_001909,Nicholas Williams,Male,29.0,Los Angeles,CA,2023-10-19
CUST_001910,Dennis Smith,Male,51.0,Los Angeles,CA,2024-02-11
CUST_001911,Kathryn Lewis,Female,51.0,San Diego,CA,2023-10-10
CUST_001912,Sara Thomas,Female,27.0,Seattle,WA,2022-05-06
CUST_001913,Arthur Walker,Male,28.0,Boston,MA,2023-05-08
CUST_001914,Kevin Moore,Male,45.0,Dallas,TX,2023-01-24
CUST_001915,Grace Walker,Female,51.0,Los Angeles,CA,2024-01-28
CUST_001916,Gloria Cook,Female,18.0,Dallas,TX,2023-10-24
CUST_001917,Harold Carter,Male,42.0,Austin,TX,2023-11-21
CUST_001918,Adam Parker,Male,18.0,Chicago,IL,2023-02-02
CUST_001919,Joe Kelly,Male,32.0,Los Angeles,CA,2022-01-29
CUST_001920,Stephen Gomez,Male,52.0,Detroit,MI,2023-10-22
CUST_001921,Megan Edwards,Female,76.0,New York,NY,2023-07-24
CUST_001922,Christina Gray,Female,36.0,Chicago,IL,2022-06-01
CUST_001923,Judith James,Female,23.0,Chicago,IL,2023-10-20
CUST_001924,Megan Wood,Female,32.0,Minneapolis,MN,2022-06-09
CUST_001925,Kimberly Cox,Female,39.0,San Antonio,TX,2023-10-08
CUST_001926,Cynthia Mendoza,Female,30.0,Portland,OR,2023-09-20
CUST_001927,Shirley Peterson,Female,27.0,Miami,FL,2022-01-09
CUST_001928,Kyle Green,Male,33.0,Boston,MA,2023-11-02
CUST_001929,Joan Mitchell,Female,43.0,Los Angeles,CA,2023-01-28
CUST_001930,Teresa Miller,Female,,Houston,TX,2023-04-18
CUST_001931,Harold Scott,Male,27.0,Atlanta,GA,2024-03-08
CUST_001932,Jack Sanchez,Male,30.0,Charlotte,NC,2024-02-08
CUST_001933,Daniel Phillips,Male,33.0,Minneapolis,MN,2023-01-07
CUST_001934,Tyler Adams,Male,26.0,Portland,OR,2023-09-17
CUST_001935,Terry Kelly,Male,30.0,San Jose,CA,2023-04-23
CUST_001936,Joyce King,Female,47.0,San Antonio,TX,2023-12-04
CUST_001937,Janice Thomas,Female,36.0,San Diego,CA,2022-11-14
CUST_001938,Jordan Kim,Male,18.0,Philadelphia,PA,2023-03-21
CUST_001939,Kathleen Nelson,Female,51.0,Los Angeles,CA,2022-05-02
CUST_001940,Evelyn Gutierrez,Female,44.0,Chicago,IL,2024-02-12
CUST_001941,Carolyn Jackson,FEMALE,21.0,New York,NY,2024-01-26
CUST_001942,Nicole Cruz,female,34.0,New York,NY,2022-10-07
CUST_001943,Carol Allen,FEMALE,29.0,Houston,TX,2023-06-16
CUST_001944,Carol Torres,Female,47.0,Seattle,WA,2023-01-04
CUST_001945,Mark Clark,Male,34.0,Austin,TX,2022-06-15
CUST_001946,Tyler King,Male,38.0,Dallas,TX,2022-02-20
CUST_001947,Betty King,Female,36.0,Boston,MA,2023-12-05
CUST_001948,Jonathan Peterson,Male,20.0,Phoenix,AZ,2022-10-18
CUST_001949,Rachel Phillips,Female,56.0,Philadelphia,PA,2023-04-25
CUST_001950,Stephen Hall,Male,47.0,San Diego,CA,2024-01-27
CUST_001951,Gerald Gutierrez,Male,29.0,New York,NY,2022-01-23
CUST_001952,Emma Richardson,Female,41.0,Dallas,TX,2023-05-20
CUST_001953,Richard Walker,Male,51.0,Boston,MA,2024-03-02
CUST_001954,Jordan Hill,Male,39.0,Chicago,IL,2023-11-26
CUST_001955,Noah Thompson,Male,58.0,Miami,FL,2022-08-15
CUST_001956,Jose Gutierrez,Male,75.0,Chicago,IL,2022-07-29
CUST_001957,Walter Roberts,Male,37.0,San Diego,CA,2023-10-24
CUST_001958,Lisa Rodriguez,Female,31.0,Minneapolis,MN,2022-03-29
CUST_001959,Ethan Moore,Male,26.0,Denver,CO,2023-06-28
CUST_001960,Steven Hill,Male,18.0,Dallas,TX,2022-08-29
CUST_001961,Brandon Brown,Male,54.0,Austin,TX,2023-12-16
CUST_001962,Ashley Scott,Female,34.0,New York,NY,2023-01-05
CUST_001963,Walter Williams,Male,49.0,Seattle,WA,2023-02-03
CUST_001964,Carol Morgan,Female,52.0,Austin,TX,2023-11-15
CUST_001965,Kenneth Baker,Male,25.0,New York,NY,2022-04-07
CUST_001966,Karen Scott,Female,27.0,Los Angeles,CA,2023-06-30
CUST_001967,Zachary Wood,M,60.0,Charlotte,NC,2024-03-07
CUST_001968,George Richardson,Male,38.0,Los Angeles,CA,2023-08-05
CUST_001969,Rachel Kim,Female,30.0,Minneapolis,MN,2022-03-31
CUST_001970,Laura Moore,Female,25.0,Chicago,IL,2024-01-31
CUST_001971,Cheryl Bailey,Female,37.0,Phoenix,AZ,2022-05-19
CUST_001972,Andrew Murphy,Male,57.0,Dallas,TX,2022-12-27
CUST_001973,Jesse Edwards,Male,47.0,Austin,TX,2022-07-10
CUST_001974,Sharon Jones,Female,41.0,San Antonio,TX,2023-09-26
CUST_001975,Sarah Davis,Female,58.0,Houston,TX,2022-09-26
CUST_001976,Carol Mendoza,Female,56.0,San Antonio,TX,2022-09-23
CUST_001977,Susan Thomas,Female,43.0,Seattle,WA,2023-02-02
CUST_001978,Justin Gray,Male,73.0,Phoenix,AZ,2022-10-16
CUST_001979,Kenneth Cooper,Male,35.0,San Diego,CA,2023-11-09
CUST_001980,Kathryn Cruz,Female,52.0,Phoenix,AZ,2023-05-04
CUST_001981,Samuel Reyes,Male,34.0,Houston,TX,2023-05-26
CUST_001982,Michelle Jackson,Female,50.0,Chicago,IL,2022-06-21
CUST_001983,Larry Evans,Male,35.0,Los Angeles,CA,2024-02-03
CUST_001984,Kimberly Jones,Female,44.0,Boston,MA,2022-12-10
CUST_001985,Mark Hill,Male,68.0,Charlotte,NC,2023-01-03
CUST_001986,Timothy Carter,Male,50.0,New York,NY,2022-09-06
CUST_001987,Karen Sanchez,Female,44.0,Los Angeles,CA,2024-03-05
CUST_001988,Donald Hall,Male,29.0,Charlotte,NC,2023-07-04
CUST_001989,Jesse Parker,Male,41.0,Houston,TX,2022-03-09
CUST_001990,Victoria Watson,Female,26.0,Phoenix,AZ,2022-07-21
CUST_001991,Abigail Bailey,Female,50.0,San Jose,CA,2023-03-28
CUST_001992,Kenneth Reyes,Male,49.0,Houston,TX,2022-07-16
CUST_001993,Sara Hall,Female,36.0,San Antonio,TX,2023-07-03
CUST_001994,Kathleen Collins,Female,59.0,Detroit,MI,2022-11-04
CUST_001995,Betty Anderson,Female,58.0,Dallas,TX,2022-12-10
CUST_001996,Keith King,Male,40.0,Seattle,WA,2023-11-10
CUST_001997,Barbara Carter,FEMALE,46.0,Los Angeles,CA,2023-05-02
CUST_001998,Anna Watson,Female,31.0,Chicago,IL,2022-05-03
CUST_001999,Christian Wright,Male,35.0,Minneapolis,MN,2022-12-29
CUST_002000,Jerry King,Male,25.0,Detroit,MI,2024-01-23
CUST_002001,Samuel Brooks,Male,33.0,Atlanta,GA,2023-12-21
CUST_002002,Kathleen Diaz,Female,37.0,New York,NY,2023-10-22
CUST_002003,Richard Ward,Male,18.0,Atlanta,GA,2023-12-19
CUST_002004,Jordan Harris,Male,46.0,New York,NY,2022-04-11
CUST_002005,Sandra Nelson,Female,51.0,Austin,TX,2022-05-12
CUST_002006,Kenneth Torres,Male,38.0,Seattle,WA,2022-01-22
CUST_002007,Carol Campbell,Female,18.0,Phoenix,AZ,2022-05-15
CUST_002008,Jean Scott,Female,35.0,San Antonio,TX,2023-12-05
CUST_002009,Andrea Davis,Female,21.0,Denver,CO,2022-02-12
CUST_002010,Larry Miller,Male,31.0,Minneapolis,MN,2023-03-16
CUST_002011,Judy Collins,Female,57.0,Los Angeles,CA,2022-09-10
CUST_002012,Elizabeth Thompson,Female,18.0,Los Angeles,CA,2023-12-11
CUST_002013,Kathryn Gutierrez,Female,28.0,Austin,TX,2023-11-21
CUST_002014,Barbara Roberts,Female,49.0,Chicago,IL,2023-10-27
CUST_002015,Shirley Hall,Female,30.0,Los Angeles,CA,2023-01-04
CUST_002016,William Flores,Male,29.0,Los Angeles,CA,2024-02-11
CUST_002017,Denise Ramirez,Female,64.0,Los Angeles,CA,2024-01-23
CUST_002018,Jean Jones,Female,43.0,San Antonio,TX,2023-08-05
CUST_002019,Raymond Rivera,Male,50.0,Charlotte,NC,2023-07-08
CUST_002020,Donna Chavez,Female,45.0,Miami,FL,2022-11-29
CUST_002021,Brian Gray,Male,41.0,San Diego,CA,2023-10-06
CUST_002022,Nicole Walker,Female,54.0,New York,NY,2024-02-20
CUST_002023,Sharon Evans,F,62.0,Seattle,WA,2022-11-11
CUST_002024,Patricia Cooper,Female,18.0,Philadelphia,PA,2022-10-15
CUST_002025,Virginia Collins,Female,38.0,Boston,MA,2022-09-25
CUST_002026,Julie Mitchell,Female,38.0,San Antonio,TX,2024-03-20
CUST_002027,Austin Rogers,Male,33.0,Seattle,WA,2023-05-14
CUST_002028,Samantha Martin,Female,51.0,Los Angeles,CA,2024-03-10
CUST_002029,Jason Roberts,Male,42.0,Miami,FL,2023-07-12
CUST_002030,Benjamin Bennett,Male,63.0,Boston,MA,2022-10-22
CUST_002031,Kimberly Evans,Female,52.0,Houston,TX,2023-06-19
CUST_002032,Tyler Torres,Male,56.0,Charlotte,NC,2022-06-15
CUST_002033,Cheryl Nguyen,Female,24.0,Los Angeles,CA,2023-03-02
CUST_002034,Margaret Gonzalez,Female,28.0,New York,NY,2023-02-26
CUST_002035,Sharon Robinson,Female,29.0,Boston,MA,2023-06-11
CUST_002036,Carl Bailey,Male,55.0,Austin,TX,2023-01-11
CUST_002037,Benjamin Adams,Male,26.0,New York,NY,2023-03-08
CUST_002038,Carolyn Sanchez,Female,27.0,Los Angeles,CA,2024-01-10
CUST_002039,Zachary Morales,Male,24.0,Los Angeles,CA,2022-07-09
CUST_002040,Raymond Bennett,Male,73.0,Los Angeles,CA,2024-02-10
CUST_002041,Barbara Robinson,Female,37.0,Philadelphia,PA,2023-05-13
CUST_002042,Keith Stewart,Male,45.0,New York,NY,2023-07-20
CUST_002043,Arthur Carter,Male,24.0,San Diego,CA,2022-04-24
CUST_002044,William Ramirez,Male,50.0,Austin,TX,2022-06-05
CUST_002045,Charles Parker,Male,18.0,Denver,CO,2023-10-03
CUST_002046,Christina Davis,FEMALE,26.0,Portland,OR,2024-01-26
CUST_002047,Ruth Hill,Female,29.0,New York,NY,2023-04-28
CUST_002048,Jacob Rogers,M,41.0,New York,NY,2022-06-27
CUST_002049,Carolyn Turner,,29.0,Los Angeles,CA,2023-11-17
CUST_002050,Christina Phillips,Female,58.0,Houston,TX,2024-02-06
CUST_002051,Benjamin King,Male,45.0,San Diego,CA,2023-08-20
CUST_002052,Nancy Evans,Female,30.0,New York,NY,2022-07-12
CUST_002053,Jessica Jackson,Female,51.0,Seattle,WA,2023-02-01
CUST_002054,Stephen Moore,Male,34.0,Portland,OR,2024-02-21
CUST_002055,Abigail Chavez,Female,31.0,Chicago,IL,2022-07-20
CUST_002056,Catherine Ortiz,Female,50.0,New York,NY,2022-06-30
CUST_002057,Jeffrey Moore,male,18.0,Boston,MA,2023-09-11
CUST_002058,Jean Ortiz,Female,48.0,Boston,MA,2023-05-17
CUST_002059,Shirley James,Female,30.0,New York,NY,2022-08-01
CUST_002060,Debra Nelson,Female,30.0,Austin,TX,2023-07-11
CUST_002061,Charles Jones,Male,63.0,Chicago,IL,2024-02-19
CUST_002062,Judith Brown,Female,32.0,San Jose,CA,2023-12-27
CUST_002063,Christina Martin,Female,50.0,Denver,CO,2022-01-08
CUST_002064,Jacqueline King,Female,42.0,Los Angeles,CA,2024-01-10
CUST_002065,Sharon Hernandez,Female,43.0,Chicago,IL,2023-07-19
CUST_002066,Jonathan Jackson,Male,35.0,Austin,TX,2022-09-28
CUST_002067,Sandra Roberts,,35.0,Dallas,TX,2022-04-13
CUST_002068,Bryan Collins,Male,58.0,Minneapolis,MN,2024-03-12
CUST_002069,Jessica Brown,Female,50.0,San Diego,CA,2022-02-02
CUST_002070,Virginia Wood,Female,32.0,Atlanta,GA,2022-07-13
CUST_002071,Douglas Watson,Male,25.0,Denver,CO,2023-08-20
CUST_002072,Margaret Murphy,female,31.0,Seattle,WA,2023-10-21
CUST_002073,Amy Rivera,Female,51.0,Los Angeles,CA,2022-09-28
CUST_002074,Michael Kelly,Male,53.0,Chicago,IL,2023-10-06
CUST_002075,Catherine Johnson,Female,45.0,Dallas,TX,2023-10-26
CUST_002076,Jordan Bennett,Male,18.0,New York,NY,2023-11-21
CUST_002077,Jonathan Evans,Male,48.0,New York,NY,2023-10-18
CUST_002078,Denise Harris,Female,,New York,NY,2022-02-06
CUST_002079,Lisa Taylor,Female,41.0,Detroit,MI,2024-01-21
CUST_002080,Shirley Hall,Female,63.0,Seattle,WA,2023-06-01
CUST_002081,Janice Baker,Female,22.0,Miami,FL,2023-02-17
CUST_002082,Frances White,Female,47.0,Charlotte,NC,2022-01-28
CUST_002083,Ronald Jackson,Male,26.0,Seattle,WA,2023-06-22
CUST_002084,Kelly Smith,Female,52.0,San Diego,CA,2022-06-22
CUST_002085,Terry Ramos,Male,46.0,San Antonio,TX,2023-05-20
CUST_002086,Cheryl Anderson,Female,61.0,Boston,MA,2022-07-18
CUST_002087,Olivia Gonzalez,Female,45.0,Minneapolis,MN,2023-09-01
CUST_002088,Betty Morris,Female,33.0,Miami,FL,2022-04-08
CUST_002089,David Martinez,MALE,32.0,San Antonio,TX,2023-06-29
CUST_002090,Julie Morales,Female,,Boston,MA,2023-07-31
CUST_002091,Christine Hernandez,Female,32.0,San Antonio,TX,2023-01-18
CUST_002092,Joshua Peterson,Male,55.0,Phoenix,AZ,2024-02-06
CUST_002093,George Turner,Male,,Chicago,IL,2023-05-04
CUST_002094,Shirley Thompson,Female,20.0,New York,NY,2023-10-16
CUST_002095,Brandon Walker,Male,39.0,Los Angeles,CA,2023-02-28
CUST_002096,Shirley Jackson,Female,39.0,Denver,CO,2023-11-14
CUST_002097,Angela Diaz,Female,29.0,Los Angeles,CA,2024-01-24
CUST_002098,Karen Edwards,Female,44.0,Detroit,MI,2023-02-02
CUST_002099,Madison Gonzalez,Female,57.0,New York,NY,2024-03-10
CUST_002100,Ruth Green,Female,50.0,New York,NY,2022-06-12
CUST_002101,Daniel Rogers,Male,55.0,San Antonio,TX,2023-12-21
CUST_002102,Pamela Bennett,Female,30.0,Los Angeles,CA,2023-05-03
CUST_002103,Eric Ward,Male,39.0,New York,NY,2022-05-29
CUST_002104,Dennis Scott,Male,,New York,NY,2023-07-18
CUST_002105,Dennis Taylor,Male,41.0,San Diego,CA,2022-05-22
CUST_002106,Aaron Gray,Male,43.0,Chicago,IL,2024-01-17
CUST_002107,Henry Miller,Male,50.0,Dallas,TX,2023-11-30
CUST_002108,Thomas Williams,Male,55.0,Los Angeles,CA,2023-08-08
CUST_002109,Stephanie Sanchez,Female,47.0,New York,NY,2022-08-28
CUST_002110,Patricia Smith,Female,28.0,New York,NY,2024-03-07
CUST_002111,Larry Cooper,Male,22.0,New York,NY,2023-12-25
CUST_002112,Jonathan Moore,Male,45.0,Atlanta,GA,2023-09-21
CUST_002113,Judith Stewart,Female,57.0,Philadelphia,PA,2022-12-24
CUST_002114,Anthony Sanchez,Male,38.0,Austin,TX,2023-03-31
CUST_002115,Olivia James,Female,19.0,Minneapolis,MN,2022-11-30
CUST_002116,Timothy Gray,Male,65.0,Los Angeles,CA,2023-12-23
CUST_002117,Angela Martinez,Female,45.0,Minneapolis,MN,2022-11-05
CUST_002118,Evelyn Lewis,Female,41.0,Boston,MA,2022-09-02
CUST_002119,Susan Murphy,F,24.0,Denver,CO,2022-08-11
CUST_002120,Cynthia Phillips,Female,39.0,Minneapolis,MN,2023-01-23
CUST_002121,Shirley Diaz,Female,47.0,Los Angeles,CA,2023-07-16
CUST_002122,Joan Mitchell,Female,45.0,San Diego,CA,2023-12-11
CUST_002123,Kimberly Sanchez,Female,,San Antonio,TX,2024-02-11
CUST_002124,Julia Morales,Female,38.0,Seattle,WA,2022-03-30
CUST_002125,Denise Flores,Female,31.0,Chicago,IL,2022-02-22
CUST_002126,Gloria Taylor,Female,59.0,Los Angeles,CA,2022-12-22
CUST_002127,Stephanie Gray,Female,50.0,Charlotte,NC,2023-11-26
CUST_002128,Victoria Wilson,Female,32.0,Philadelphia,PA,2024-01-30
CUST_002129,Jessica Kim,Female,24.0,Chicago,IL,2022-06-27
CUST_002130,Frances Cruz,Female,42.0,Los Angeles,CA,2022-10-15
CUST_002131,Debra Williams,Female,32.0,Austin,TX,2024-01-27
CUST_002132,Mark Miller,Male,33.0,Los Angeles,CA,2023-06-11
CUST_002133,Edward Nelson,Male,24.0,Los Angeles,CA,2023-01-28
CUST_002134,Keith Davis,Male,26.0,Portland,OR,2022-09-07
CUST_002135,Madison Moore,Female,41.0,New York,NY,2022-05-03
CUST_002136,Samuel Thomas,Male,35.0,Los Angeles,CA,2022-04-28
CUST_002137,Samantha Murphy,Female,70.0,Seattle,WA,2023-08-22
CUST_002138,Walter Torres,Male,46.0,Los Angeles,CA,2023-09-25
CUST_002139,Roger Johnson,Male,24.0,Los Angeles,CA,2022-12-24
CUST_002140,Ethan Stewart,Male,19.0,Dallas,TX,2023-07-03
CUST_002141,Jacob Nguyen,Male,43.0,Seattle,WA,2022-06-15
CUST_002142,Joyce Gomez,Female,34.0,Philadelphia,PA,2022-01-24
CUST_002143,Gerald Brooks,Male,55.0,Boston,MA,2022-04-19
CUST_002144,Matthew Jones,Male,42.0,Atlanta,GA,2022-04-26
CUST_002145,Angela Wood,Female,18.0,Austin,TX,2024-03-21
CUST_002146,William Phillips,Male,26.0,Dallas,TX,2022-08-31
CUST_002147,Anna Martinez,Female,30.0,Atlanta,GA,2022-05-24
CUST_002148,Ethan Murphy,Male,44.0,New York,NY,2023-11-16
CUST_002149,Donald Ward,Male,25.0,San Diego,CA,2022-12-25
CUST_002150,Janet Moore,Female,40.0,Los Angeles,CA,2022-08-03
CUST_002151,Robert Carter,Male,22.0,Los Angeles,CA,2022-08-16
CUST_002152,Janice Flores,Female,39.0,Portland,OR,2022-05-29
CUST_002153,Christian Anderson,Male,43.0,New York,NY,2022-03-29
CUST_002154,Samuel Flores,Male,57.0,Houston,TX,2023-08-27
CUST_002155,Douglas Cruz,Male,42.0,Los Angeles,CA,2023-02-24
CUST_002156,Thomas Cruz,Male,28.0,Dallas,TX,2022-06-08
CUST_002157,Ann Sanchez,Female,57.0,Miami,FL,2023-11-14
CUST_002158,Joan Brown,Female,36.0,Phoenix,AZ,2022-01-22
CUST_002159,Lisa Rivera,Female,48.0,Miami,FL,2023-02-16
CUST_002160,Grace Hernandez,Female,31.0,Philadelphia,PA,2022-05-18
CUST_002161,Patricia Williams,Female,40.0,Detroit,MI,2022-02-01
CUST_002162,Olivia Johnson,Female,28.0,Miami,FL,2023-05-22
CUST_002163,Sandra Brooks,Female,43.0,Los Angeles,CA,2022-06-15
CUST_002164,Evelyn Peterson,Female,49.0,Minneapolis,MN,2022-03-17
CUST_002165,David Lee,Male,32.0,Los Angeles,CA,2023-03-27
CUST_002166,Susan Nelson,Female,32.0,San Antonio,TX,2023-12-19
CUST_002167,Justin Martinez,Male,43.0,Los Angeles,CA,2023-04-02
CUST_002168,Denise Bailey,Female,28.0,Phoenix,AZ,2022-03-29
CUST_002169,Melissa Parker,Female,20.0,Charlotte,NC,2022-11-01
CUST_002170,Julie Lewis,Female,43.0,Boston,MA,2023-03-01
CUST_002171,Rachel Thomas,Female,37.0,Dallas,TX,2022-10-11
CUST_002172,Ann Ortiz,Female,37.0,Portland,OR,2022-11-30
CUST_002173,Deborah Garcia,Female,45.0,Houston,TX,2023-04-13
CUST_002174,Catherine Thompson,Female,47.0,Los Angeles,CA,2024-02-22
CUST_002175,Julia Taylor,Female,36.0,Miami,FL,2023-11-23
CUST_002176,Edward Watson,Male,24.0,New York,NY,2022-08-01
CUST_002177,Emma Scott,Female,,Atlanta,GA,2023-11-09
CUST_002178,Sean Brown,Male,46.0,New York,NY,2023-01-17
CUST_002179,Laura Morgan,Female,40.0,Chicago,IL,2023-11-30
CUST_002180,Jacob Carter,Male,32.0,Houston,TX,2023-07-12
CUST_002181,Timothy Lee,Male,29.0,Houston,TX,2023-08-26
CUST_002182,Keith Martinez,M,46.0,Chicago,IL,2022-12-21
CUST_002183,Lawrence Edwards,Male,36.0,New York,NY,2023-09-20
CUST_002184,Olivia Smith,Female,48.0,New York,NY,2023-06-03
CUST_002185,Jerry Roberts,MALE,49.0,Boston,MA,2023-07-13
CUST_002186,Shirley Mendoza,Female,35.0,Philadelphia,PA,2023-05-20
CUST_002187,James Gonzalez,Male,50.0,Los Angeles,CA,2022-03-04
CUST_002188,Anthony Baker,Male,40.0,New York,NY,2023-03-24
CUST_002189,Betty Gonzalez,Female,42.0,Chicago,IL,2022-02-27
CUST_002190,Charles Harris,Male,18.0,Houston,TX,2022-06-28
CUST_002191,Virginia Nelson,Female,26.0,Philadelphia,PA,2023-03-25
CUST_002192,Christopher Sanchez,Male,27.0,New York,NY,2023-01-27
CUST_002193,Richard Gomez,Male,35.0,Charlotte,NC,2022-02-23
CUST_002194,Angela Cook,Female,40.0,Chicago,IL,2022-05-28
CUST_002195,Joshua Torres,Male,40.0,Philadelphia,PA,2023-03-16
CUST_002196,Daniel Harris,Male,42.0,Denver,CO,2024-03-10
CUST_002197,Betty Roberts,Female,30.0,Houston,TX,2023-04-02
CUST_002198,Kenneth Reyes,Male,47.0,New York,NY,2023-10-31
CUST_002199,Carolyn Roberts,Female,61.0,Houston,TX,2023-02-26
CUST_002200,Walter Parker,Male,34.0,Dallas,TX,2022-07-20
CUST_002201,Sara Roberts,Female,30.0,Miami,FL,2022-01-25
CUST_002202,Walter Thompson,Male,30.0,Houston,TX,2023-01-01
CUST_002203,Tyler Walker,male,40.0,Minneapolis,MN,2024-02-07
CUST_002204,Jean Baker,Female,32.0,San Diego,CA,2022-11-19
CUST_002205,Rachel White,Female,18.0,Denver,CO,2022-12-26
CUST_002206,Tyler Anderson,Male,20.0,New York,NY,2023-09-05
CUST_002207,Nicholas Brown,Male,51.0,Minneapolis,MN,2023-10-06
CUST_002208,Sharon Smith,Female,55.0,Los Angeles,CA,2023-07-05
CUST_002209,Laura Nelson,Female,58.0,Houston,TX,2022-11-30
CUST_002210,Betty King,Female,41.0,San Diego,CA,2024-02-24
CUST_002211,Harold Morales,Male,26.0,Charlotte,NC,2022-12-13
CUST_002212,Elizabeth Green,Female,33.0,Houston,TX,2022-10-21
CUST_002213,Adam Garcia,Male,20.0,Los Angeles,CA,2023-12-19
CUST_002214,Madison Brooks,Female,19.0,Charlotte,NC,2024-02-18
CUST_002215,Brandon Scott,Male,42.0,Atlanta,GA,2024-03-03
CUST_002216,Barbara Anderson,Female,45.0,Seattle,WA,2023-05-09
CUST_002217,Pamela Ortiz,Female,63.0,Phoenix,AZ,2024-01-05
CUST_002218,Jason Baker,Male,37.0,Phoenix,AZ,2022-07-12
CUST_002219,Joe Ramirez,Male,22.0,Portland,OR,2024-01-18
CUST_002220,Lauren Bailey,Female,37.0,New York,NY,2023-10-21
CUST_002221,Evelyn Wright,Female,35.0,Boston,MA,2023-01-21
CUST_002222,Debra Robinson,Female,32.0,Austin,TX,2022-09-08
CUST_002223,Joan Gonzalez,Female,43.0,Charlotte,NC,2023-10-22
CUST_002224,Evelyn Garcia,Female,23.0,Dallas,TX,2023-02-16
CUST_002225,David Turner,Male,40.0,Chicago,IL,2024-03-17
CUST_002226,Donna Hall,Female,47.0,Boston,MA,2023-12-26
CUST_002227,John Adams,Male,56.0,Charlotte,NC,2023-11-13
CUST_002228,Debra Murphy,Female,42.0,Detroit,MI,2022-11-27
CUST_002229,Frances Young,Female,52.0,Chicago,IL,2023-09-18
CUST_002230,Dennis Cruz,Male,33.0,Houston,TX,2023-10-20
CUST_002231,Christine Gonzalez,Female,35.0,Boston,MA,2023-01-30
CUST_002232,Lawrence Morris,Male,55.0,Austin,TX,2022-04-14
CUST_002233,Sandra Turner,Female,21.0,New York,NY,2023-10-05
CUST_002234,David Reyes,Male,33.0,Los Angeles,CA,2022-10-23
CUST_002235,Arthur Ramirez,Male,53.0,New York,NY,2022-05-23
CUST_002236,Austin Peterson,Male,36.0,Los Angeles,CA,2022-02-17
CUST_002237,Lauren Young,Female,35.0,Chicago,IL,2022-11-21
CUST_002238,Carol Morris,Female,35.0,Charlotte,NC,2023-04-21
CUST_002239,Sophia Chavez,Female,40.0,Seattle,WA,2022-02-13
CUST_002240,Ethan Martinez,Male,52.0,New York,NY,2023-06-01
CUST_002241,Kelly Flores,Female,50.0,Austin,TX,2024-01-23
CUST_002242,Donna Carter,Female,39.0,Philadelphia,PA,2023-06-27
CUST_002243,Debra Rodriguez,Female,52.0,Boston,MA,2023-05-02
CUST_002244,Gloria Kelly,Female,43.0,Minneapolis,MN,2022-08-27
CUST_002245,Madison Harris,Female,49.0,New York,NY,2023-02-23
CUST_002246,Catherine Young,Female,26.0,Charlotte,NC,2023-06-29
CUST_002247,Rachel Lewis,Female,60.0,New York,NY,2024-01-02
CUST_002248,Henry Campbell,Male,41.0,Denver,CO,2024-01-14
CUST_002249,Rachel Adams,Female,18.0,Detroit,MI,2023-03-06
CUST_002250,Brenda Edwards,Female,59.0,Boston,MA,2022-07-12
CUST_002251,Richard Campbell,Male,39.0,Los Angeles,CA,2023-09-15
CUST_002252,Christopher Kim,Male,34.0,Los Angeles,CA,2024-02-28
CUST_002253,Andrea Kim,Female,31.0,New York,NY,2024-03-03
CUST_002254,John Wood,Male,44.0,Los Angeles,CA,2024-03-28
CUST_002255,William Martin,Male,27.0,New York,NY,2022-09-15
CUST_002256,Austin Torres,Male,31.0,New York,NY,2023-12-14
CUST_002257,Douglas Ortiz,Male,32.0,Dallas,TX,2022-02-27
CUST_002258,James Howard,Male,35.0,New York,NY,2022-01-18
CUST_002259,Rebecca Cooper,Female,32.0,Phoenix,AZ,2023-08-22
CUST_002260,Andrea Stewart,Female,49.0,Denver,CO,2022-05-10
CUST_002261,Eric Stewart,Male,42.0,New York,NY,2023-01-12
CUST_002262,Justin Turner,Male,43.0,San Jose,CA,2022-01-15
CUST_002263,Nicole Parker,Female,46.0,Boston,MA,2022-04-06
CUST_002264,Emily Wright,Female,37.0,San Diego,CA,2022-08-05
CUST_002265,Zachary Wright,Male,26.0,San Antonio,TX,2023-05-25
CUST_002266,Sarah Kim,Female,61.0,Denver,CO,2022-11-25
CUST_002267,Benjamin Taylor,M,50.0,San Diego,CA,2023-06-02
CUST_002268,Sandra Morris,Female,59.0,San Antonio,TX,2023-08-04
CUST_002269,Michael Lewis,Male,51.0,Atlanta,GA,2022-01-04
CUST_002270,Daniel Jones,MALE,33.0,Miami,FL,2023-12-22
CUST_002271,Carl Cook,Male,18.0,Houston,TX,2022-03-06
CUST_002272,Mark Baker,Male,23.0,Phoenix,AZ,2024-01-08
CUST_002273,Brian Brooks,Male,46.0,Atlanta,GA,2024-03-15
CUST_002274,Daniel Wilson,Male,37.0,San Diego,CA,2024-01-28
CUST_002275,Peter Young,Male,33.0,Seattle,WA,2023-05-16
CUST_002276,Emma Wright,Female,18.0,New York,NY,2023-10-29
CUST_002277,Jesse Robinson,Male,38.0,New York,NY,2022-07-02
CUST_002278,Victoria Stewart,Female,25.0,San Diego,CA,2024-02-19
CUST_002279,Gregory Hill,Male,29.0,Atlanta,GA,2022-01-27
CUST_002280,Jose Cox,Male,49.0,Houston,TX,2023-05-23
CUST_002281,Linda Bailey,Female,26.0,Charlotte,NC,2023-03-13
CUST_002282,Julia Ramos,Female,27.0,Boston,MA,2023-11-17
CUST_002283,Judy Collins,Female,41.0,Boston,MA,2023-10-12
CUST_002284,Brian Roberts,Male,49.0,Miami,FL,2022-11-23
CUST_002285,Olivia Turner,Female,33.0,Chicago,IL,2022-06-23
CUST_002286,Emily Gonzalez,Female,57.0,Houston,TX,2023-11-15
CUST_002287,Alexander Sanchez,Male,23.0,New York,NY,2024-03-16
CUST_002288,Ethan Wilson,Male,20.0,Phoenix,AZ,2022-04-17
CUST_002289,Alice Martinez,Female,19.0,New York,NY,2023-10-03
CUST_002290,Laura Reyes,Female,18.0,Boston,MA,2023-04-25
CUST_002291,Henry Allen,Male,43.0,Atlanta,GA,2022-11-08
CUST_002292,Zachary Davis,Male,26.0,Los Angeles,CA,2022-01-17
CUST_002293,Paul Carter,Male,21.0,San Antonio,TX,2023-09-27
CUST_002294,Olivia Ward,Female,43.0,Seattle,WA,2022-05-22
CUST_002295,Virginia Anderson,F,49.0,Denver,CO,2023-12-24
CUST_002296,Andrea Torres,Female,52.0,Charlotte,NC,2022-09-26
CUST_002297,Jordan Baker,Male,49.0,Los Angeles,CA,2023-06-23
CUST_002298,Linda Brooks,Female,27.0,Chicago,IL,2022-10-14
CUST_002299,Emily Torres,Female,42.0,Miami,FL,2023-09-12
CUST_002300,Daniel Flores,Male,45.0,New York,NY,2022-05-07
CUST_002301,Matthew Mitchell,Male,33.0,Atlanta,GA,2022-12-05
CUST_002302,Larry Diaz,Male,41.0,Los Angeles,CA,2023-04-20
CUST_002303,Frances Mendoza,Female,23.0,Philadelphia,PA,2023-06-18
CUST_002304,Nicole Evans,Female,31.0,Austin,TX,2023-06-13
CUST_002305,Victoria Morales,Female,43.0,Boston,MA,2022-03-29
CUST_002306,Angela Gonzalez,Female,57.0,New York,NY,2022-02-08
CUST_002307,Ronald Mendoza,Male,53.0,Atlanta,GA,2022-09-01
CUST_002308,Teresa Johnson,Female,47.0,Miami,FL,2022-02-12
CUST_002309,Jose Chavez,Male,39.0,Atlanta,GA,2022-08-16
CUST_002310,Jeffrey Parker,Male,38.0,Portland,OR,2022-03-07
CUST_002311,Arthur Young,Male,20.0,Minneapolis,MN,2023-05-04
CUST_002312,Christine Ramos,Female,28.0,Boston,MA,2022-04-24
CUST_002313,Kimberly Ramirez,Female,28.0,Dallas,TX,2023-02-04
CUST_002314,Katherine Smith,Female,46.0,Atlanta,GA,2023-10-29
CUST_002315,Kelly Carter,Female,50.0,Charlotte,NC,2023-10-31
CUST_002316,Amy Peterson,Female,48.0,San Jose,CA,2023-05-31
CUST_002317,Ann Anderson,Female,53.0,Chicago,IL,2022-02-04
CUST_002318,Gregory Ortiz,Male,39.0,Chicago,IL,2023-05-12
CUST_002319,Helen Brown,Female,26.0,Atlanta,GA,2022-09-15
CUST_002320,Gerald Diaz,Male,38.0,Charlotte,NC,2023-06-05
CUST_002321,Helen Hall,Female,29.0,Los Angeles,CA,2024-01-31
CUST_002322,Brenda King,Female,47.0,Charlotte,NC,2023-06-28
CUST_002323,Sarah Johnson,Female,34.0,Chicago,IL,2024-02-21
CUST_002324,Kathleen Gutierrez,Female,37.0,Phoenix,AZ,2022-08-05
CUST_002325,Shirley Howard,Female,47.0,Detroit,MI,2022-09-30
CUST_002326,Mark Mendoza,M,29.0,Charlotte,NC,2022-06-08
CUST_002327,Heather Taylor,Female,51.0,Dallas,TX,2022-03-28
CUST_002328,Betty Peterson,Female,22.0,Portland,OR,2022-01-12
CUST_002329,Paul Hall,Male,42.0,Miami,FL,2024-02-13
CUST_002330,Catherine Cook,Female,37.0,Miami,FL,2023-03-05
CUST_002331,Kevin Edwards,Male,49.0,Minneapolis,MN,2024-02-20
CUST_002332,Joyce Sanchez,Female,21.0,Phoenix,AZ,2024-01-02
CUST_002333,Henry Young,male,19.0,New York,NY,2023-10-11
CUST_002334,Stephanie Wilson,Female,48.0,Los Angeles,CA,2024-02-06
CUST_002335,Jessica Rodriguez,Female,34.0,New York,NY,2022-09-26
CUST_002336,Brandon White,Male,37.0,Chicago,IL,2023-12-28
CUST_002337,Joseph Gonzalez,Male,30.0,New York,NY,2023-08-27
CUST_002338,Debra Cox,Female,50.0,Chicago,IL,2023-06-29
CUST_002339,Peter Morales,Male,42.0,Dallas,TX,2023-07-13
CUST_002340,Julie Rodriguez,Female,42.0,Los Angeles,CA,2024-01-30
CUST_002341,Nicole Ramos,Female,24.0,Houston,TX,2024-02-14
CUST_002342,Julia Ramos,Female,45.0,Los Angeles,CA,2022-07-06
CUST_002343,Thomas Carter,Male,26.0,New York,NY,2022-03-30
CUST_002344,Frances Diaz,,30.0,Seattle,WA,2022-10-03
CUST_002345,Keith Gomez,Male,21.0,Minneapolis,MN,2023-11-26
CUST_002346,Brenda Mitchell,Female,37.0,Denver,CO,2022-04-16
CUST_002347,Matthew Wood,Male,52.0,Seattle,WA,2023-08-13
CUST_002348,Matthew Flores,Male,41.0,Charlotte,NC,2023-01-21
CUST_002349,Abigail Edwards,Female,33.0,Denver,CO,2024-02-03
CUST_002350,Michelle Mendoza,Female,40.0,New York,NY,2023-12-03
CUST_002351,Frances Cook,Female,40.0,Los Angeles,CA,2023-04-19
CUST_002352,Benjamin Kelly,Male,39.0,San Jose,CA,2023-01-06
CUST_002353,Helen Thomas,Female,41.0,San Jose,CA,2023-12-13
CUST_002354,Jerry Morgan,Male,26.0,Miami,FL,2022-09-08
CUST_002355,Donna Wright,Female,40.0,Los Angeles,CA,2023-05-17
CUST_002356,Jonathan Edwards,Male,18.0,Charlotte,NC,2024-02-15
CUST_002357,Alice Adams,Female,46.0,San Diego,CA,2023-07-02
CUST_002358,Carol Smith,Female,25.0,Detroit,MI,2024-02-14
CUST_002359,Arthur Watson,Male,53.0,San Diego,CA,2023-02-26
CUST_002360,Denise Clark,Female,18.0,Los Angeles,CA,2023-07-21
CUST_002361,William Jackson,Male,59.0,Houston,TX,2024-02-21
CUST_002362,Carolyn Ramirez,Female,18.0,Los Angeles,CA,2023-10-07
CUST_002363,Sandra Smith,Female,24.0,Chicago,IL,2024-01-29
CUST_002364,Jerry Cooper,Male,42.0,Minneapolis,MN,2023-12-11
CUST_002365,Jordan Turner,Male,46.0,Houston,TX,2022-03-27
CUST_002366,Sean Lee,Male,35.0,Los Angeles,CA,2022-09-21
CUST_002367,Abigail Young,Female,50.0,Houston,TX,2023-10-10
CUST_002368,Donna Morgan,Female,29.0,Austin,TX,2024-01-19
CUST_002369,Janet Jackson,Female,34.0,Los Angeles,CA,2023-11-21
CUST_002370,Andrew Hall,Male,35.0,New York,NY,2022-11-09
CUST_002371,Janice Thompson,Female,32.0,Minneapolis,MN,2023-07-15
CUST_002372,Kimberly Gutierrez,Female,18.0,Chicago,IL,2023-08-13
CUST_002373,Margaret Murphy,Female,38.0,Portland,OR,2023-02-22
CUST_002374,Patricia Flores,Female,37.0,New York,NY,2023-06-20
CUST_002375,Ashley Edwards,Female,52.0,San Jose,CA,2024-03-22
CUST_002376,Kimberly Lee,Female,22.0,Seattle,WA,2023-05-18
CUST_002377,Richard Taylor,Male,31.0,Los Angeles,CA,2022-07-23
CUST_002378,Carl Carter,Male,54.0,Seattle,WA,2023-04-16
CUST_002379,Hannah Clark,Female,42.0,Phoenix,AZ,2022-07-05
CUST_002380,Kenneth Mitchell,Male,45.0,Phoenix,AZ,2023-09-02
CUST_002381,Jeremy Garcia,Male,44.0,Minneapolis,MN,2024-01-27
CUST_002382,Brenda Williams,Female,44.0,Portland,OR,2023-08-24
CUST_002383,Cheryl Brown,Female,61.0,Los Angeles,CA,2024-01-11
CUST_002384,Sharon Mendoza,Female,40.0,Seattle,WA,2023-09-30
CUST_002385,Catherine Ramirez,Female,26.0,Los Angeles,CA,2023-02-22
CUST_002386,Jacob Hall,Male,46.0,New York,NY,2023-05-13
CUST_002387,Donald Allen,Male,31.0,Los Angeles,CA,2023-05-08
CUST_002388,Heather Thompson,Female,37.0,San Jose,CA,2023-01-16
CUST_002389,Walter Cook,Male,43.0,Denver,CO,2022-04-12
CUST_002390,Andrea Rivera,Female,28.0,San Antonio,TX,2023-09-11
CUST_002391,Jeffrey Evans,Male,32.0,Portland,OR,2022-02-22
CUST_002392,Samuel Young,Male,44.0,Boston,MA,2022-08-01
CUST_002393,Andrea Ramirez,Female,32.0,Los Angeles,CA,2023-03-07
CUST_002394,Elizabeth Taylor,Female,51.0,Los Angeles,CA,2024-03-22
CUST_002395,David Baker,Male,26.0,Austin,TX,2022-11-03
CUST_002396,Jacob Taylor,M,26.0,Houston,TX,2023-11-16
CUST_002397,Donna Smith,Female,62.0,New York,NY,2023-02-07
CUST_002398,Amy Mitchell,Female,19.0,New York,NY,2022-08-17
CUST_002399,Jessica Ward,Female,38.0,Phoenix,AZ,2022-01-31
CUST_002400,Jack Murphy,Male,62.0,San Diego,CA,2022-04-07
CUST_002401,Adam Cruz,Male,38.0,San Jose,CA,2023-02-05
CUST_002402,Harold Jones,Male,55.0,Boston,MA,2023-01-22
CUST_002403,Jose Robinson,Male,47.0,Charlotte,NC,2023-07-18
CUST_002404,Gary Sanchez,Male,38.0,Miami,FL,2022-03-11
CUST_002405,Lawrence Morris,Male,37.0,Houston,TX,2022-10-14
CUST_002406,Evelyn Cox,Female,18.0,San Diego,CA,2022-01-27
CUST_002407,Gregory Mitchell,Male,35.0,Los Angeles,CA,2024-01-07
CUST_002408,Emily James,Female,41.0,Charlotte,NC,2023-01-20
CUST_002409,Virginia Wood,Female,41.0,San Diego,CA,2023-06-17
CUST_002410,Jack Diaz,Male,69.0,Chicago,IL,2023-09-18
CUST_002411,Nathan Bailey,Male,42.0,Denver,CO,2022-09-29
CUST_002412,Jeremy Rodriguez,Male,46.0,San Antonio,TX,2022-05-25
CUST_002413,Jean Cook,Female,53.0,Charlotte,NC,2023-06-14
CUST_002414,Jesse Chavez,Male,45.0,New York,NY,2024-01-28
CUST_002415,Olivia Brown,Female,37.0,Houston,TX,2024-01-21
CUST_002416,Sophia Chavez,Female,37.0,Portland,OR,2022-11-04
CUST_002417,Jean Carter,Female,34.0,Philadelphia,PA,2022-09-28
CUST_002418,James Cox,Male,44.0,Houston,TX,2022-12-14
CUST_002419,Joyce Cox,Female,36.0,Austin,TX,2022-09-08
CUST_002420,Mark Gomez,Male,46.0,Seattle,WA,2024-03-08
CUST_002421,Stephanie Watson,Female,26.0,New York,NY,2022-02-09
CUST_002422,Stephanie Torres,Female,40.0,Chicago,IL,2022-07-20
CUST_002423,Scott Bennett,Male,58.0,Houston,TX,2022-02-02
CUST_002424,Mary Hernandez,Female,36.0,Chicago,IL,2023-12-26
CUST_002425,Andrew Gray,Male,62.0,Phoenix,AZ,2023-03-21
CUST_002426,Robert Ortiz,Male,41.0,Houston,TX,2022-08-23
CUST_002427,Virginia Ward,Female,38.0,Denver,CO,2023-01-18
CUST_002428,Sean Martin,Male,40.0,Austin,TX,2022-04-26
CUST_002429,Jordan Clark,Male,35.0,Philadelphia,PA,2022-04-27
CUST_002430,Stephen Evans,Male,18.0,Los Angeles,CA,2024-02-25
CUST_002431,Kenneth Garcia,Male,50.0,Phoenix,AZ,2023-09-07
CUST_002432,Gerald Garcia,Male,,Los Angeles,CA,2023-07-28
CUST_002433,Charles Rodriguez,Male,45.0,Portland,OR,2023-03-22
CUST_002434,Sophia Hernandez,Female,45.0,Los Angeles,CA,2023-04-05
CUST_002435,Zachary Bennett,Male,36.0,Miami,FL,2023-10-31
CUST_002436,Benjamin Miller,Male,53.0,Austin,TX,2022-02-28
CUST_002437,Joseph Wood,Male,38.0,Atlanta,GA,2023-08-18
CUST_002438,John Cooper,Male,42.0,Minneapolis,MN,2023-05-22
CUST_002439,Janet Peterson,Female,19.0,Atlanta,GA,2022-11-03
CUST_002440,Eric Ward,Male,32.0,Dallas,TX,2022-08-12
CUST_002441,Noah Cooper,Male,43.0,Chicago,IL,2023-12-31
CUST_002442,Joyce Lewis,Female,50.0,San Jose,CA,2024-02-15
CUST_002443,Pamela Green,Female,50.0,New York,NY,2022-04-15
CUST_002444,Andrew Peterson,Male,19.0,Houston,TX,2022-06-29
CUST_002445,Samantha Hernandez,Female,20.0,Miami,FL,2023-08-17
CUST_002446,Anthony Reed,Male,46.0,Dallas,TX,2023-11-01
CUST_002447,Victoria Robinson,Female,29.0,Chicago,IL,2023-04-06
CUST_002448,Ruth Adams,Female,50.0,Minneapolis,MN,2024-02-12
CUST_002449,Keith Campbell,Male,18.0,New York,NY,2024-01-08
CUST_002450,Stephen Cox,Male,37.0,Minneapolis,MN,2022-05-16
CUST_002451,Brian Nguyen,Male,38.0,Boston,MA,2022-06-02
CUST_002452,Roger Flores,Male,45.0,Los Angeles,CA,2022-04-05
CUST_002453,Henry Hall,Male,26.0,New York,NY,2024-01-09
CUST_002454,Douglas Torres,Male,18.0,Portland,OR,2023-05-28
CUST_002455,Gregory Morales,Male,41.0,New York,NY,2024-02-22
CUST_002456,Terry Chavez,Male,45.0,Charlotte,NC,2023-10-01
CUST_002457,Andrew Wilson,Male,51.0,Phoenix,AZ,2023-10-03
CUST_002458,Anna James,Female,34.0,Houston,TX,2022-05-15
CUST_002459,Jacqueline Ramirez,Female,48.0,San Jose,CA,2022-04-29
CUST_002460,Christopher Evans,Male,45.0,San Antonio,TX,2024-02-15
CUST_002461,Keith Rodriguez,Male,55.0,Phoenix,AZ,2023-03-30
CUST_002462,Jeffrey Ortiz,Male,38.0,San Jose,CA,2024-03-27
CUST_002463,Lisa Ramos,Female,18.0,Houston,TX,2022-11-17
CUST_002464,Richard Kim,Male,38.0,New York,NY,2023-07-15
CUST_002465,Ann Parker,Female,40.0,Atlanta,GA,2023-06-08
CUST_002466,Jeremy Diaz,Male,45.0,San Diego,CA,2022-03-17
CUST_002467,George Walker,Male,19.0,Seattle,WA,2023-04-28
CUST_002468,Charles White,Male,35.0,Dallas,TX,2024-02-11
CUST_002469,Joshua Harris,Male,49.0,Austin,TX,2023-03-07
CUST_002470,Donna Gutierrez,Female,37.0,Los Angeles,CA,2023-03-22
CUST_002471,Judith Anderson,Female,35.0,Portland,OR,2023-09-11
CUST_002472,Paul Mitchell,Male,62.0,Philadelphia,PA,2023-11-06
CUST_002473,Paul Morales,Male,25.0,Detroit,MI,2023-12-08
CUST_002474,Robert Cooper,Male,54.0,Atlanta,GA,2023-03-06
CUST_002475,Diane Phillips,Female,51.0,Denver,CO,2023-02-27
CUST_002476,Lauren Allen,Female,36.0,Philadelphia,PA,2023-03-23
CUST_002477,Virginia King,Female,38.0,New York,NY,2024-03-11
CUST_002478,Maria Martin,Female,38.0,Houston,TX,2024-02-14
CUST_002479,Sophia Gutierrez,,41.0,Seattle,WA,2023-07-16
CUST_002480,Justin Young,Male,31.0,Houston,TX,2022-10-14
CUST_002481,Madison Adams,Female,33.0,New York,NY,2024-01-26
CUST_002482,Joyce James,Female,34.0,San Diego,CA,2022-06-30
CUST_002483,Jessica Reed,Female,34.0,Los Angeles,CA,2022-04-27
CUST_002484,Martha Gutierrez,Female,35.0,Houston,TX,2023-02-03
CUST_002485,Raymond Morales,Male,18.0,San Antonio,TX,2023-08-31
CUST_002486,Virginia Richardson,Female,40.0,New York,NY,2022-02-28
CUST_002487,Mark Howard,Male,32.0,New York,NY,2022-11-08
CUST_002488,Jonathan Collins,Male,18.0,Los Angeles,CA,2023-11-08
CUST_002489,Frances Kim,Female,34.0,Dallas,TX,2023-08-12
CUST_002490,Paul Howard,Male,34.0,Portland,OR,2022-04-03
CUST_002491,James Baker,Male,54.0,Chicago,IL,2022-07-30
CUST_002492,Amanda Gray,Female,32.0,Denver,CO,2023-09-28
CUST_002493,Katherine Diaz,Female,47.0,Los Angeles,CA,2022-05-07
CUST_002494,Christian Richardson,Male,56.0,San Jose,CA,2022-01-12
CUST_002495,Aaron Morgan,Male,31.0,Los Angeles,CA,2024-03-26
CUST_002496,Arthur Hernandez,Male,38.0,Miami,FL,2023-07-09
CUST_002497,Larry Garcia,Male,60.0,Denver,CO,2023-02-15
CUST_002498,Shirley King,Female,41.0,Seattle,WA,2023-06-27
CUST_002499,Andrew Bennett,Male,43.0,New York,NY,2023-08-20
CUST_002500,Donna Phillips,Female,33.0,Miami,FL,2023-04-09
CUST_002501,Judith Watson,Female,47.0,Los Angeles,CA,2023-08-11
CUST_002502,Richard Torres,Male,38.0,San Diego,CA,2023-09-16
CUST_002503,Joshua Wilson,Male,18.0,Boston,MA,2022-07-08
CUST_002504,Terry Scott,Male,34.0,Austin,TX,2023-02-11
CUST_002505,Heather Hernandez,Female,24.0,Atlanta,GA,2022-11-01
CUST_002506,Linda Walker,Female,40.0,Denver,CO,2023-11-17
CUST_002507,Douglas Diaz,Male,27.0,Boston,MA,2023-10-29
CUST_002508,Benjamin James,Male,44.0,Chicago,IL,2023-11-27
CUST_002509,Gerald Lewis,Male,39.0,Phoenix,AZ,2023-02-22
CUST_002510,Nathan Perez,Male,23.0,San Antonio,TX,2023-06-10
CUST_002511,Mary Wood,female,32.0,Dallas,TX,2023-09-14
CUST_002512,Emily Brooks,Female,46.0,Seattle,WA,2022-11-16
CUST_002513,Amanda Nelson,Female,53.0,Dallas,TX,2024-03-16
CUST_002514,Christina Gonzalez,Female,27.0,Denver,CO,2023-01-04
CUST_002515,Debra Nelson,Female,25.0,Los Angeles,CA,2023-05-12
CUST_002516,Kyle Nelson,Male,63.0,Phoenix,AZ,2023-12-08
CUST_002517,Debra Bennett,Female,38.0,Detroit,MI,2023-10-13
CUST_002518,Sharon Wilson,Female,40.0,Los Angeles,CA,2023-04-14
CUST_002519,Thomas Baker,Male,29.0,Los Angeles,CA,2023-01-29
CUST_002520,Emily Lee,Female,41.0,Denver,CO,2023-07-26
CUST_002521,Anna Bennett,Female,60.0,Los Angeles,CA,2023-02-20
CUST_002522,Patrick Cox,Male,42.0,Philadelphia,PA,2023-06-23
CUST_002523,Alice Hall,FEMALE,52.0,Denver,CO,2023-11-19
CUST_002524,Joshua Stewart,Male,39.0,San Antonio,TX,2022-05-12
CUST_002525,Adam Harris,Male,26.0,Detroit,MI,2023-09-08
CUST_002526,Betty Smith,Female,30.0,Minneapolis,MN,2022-03-02
CUST_002527,Zachary Miller,Male,25.0,San Antonio,TX,2023-10-04
CUST_002528,James Hill,male,41.0,Charlotte,NC,2022-08-06
CUST_002529,Jose Rogers,Male,54.0,Chicago,IL,2023-04-08
CUST_002530,Anthony Murphy,Male,,Chicago,IL,2022-09-28
CUST_002531,Mark Kim,Male,35.0,Seattle,WA,2022-11-16
CUST_002532,Patrick Gomez,Male,29.0,Dallas,TX,2023-07-20
CUST_002533,Jacob Martin,MALE,43.0,Chicago,IL,2023-02-17
CUST_002534,Samantha Jones,Female,23.0,Houston,TX,2023-04-03
CUST_002535,Timothy Reyes,Male,24.0,Chicago,IL,2024-03-30
CUST_002536,Dylan Mitchell,Male,50.0,Chicago,IL,2022-05-12
CUST_002537,George Lee,Male,35.0,Houston,TX,2023-01-09
CUST_002538,Janet Hernandez,Female,35.0,Detroit,MI,2023-05-07
CUST_002539,Sara Moore,Female,36.0,Miami,FL,2023-11-29
CUST_002540,Victoria Sanchez,Female,48.0,San Diego,CA,2022-10-12
CUST_002541,Sharon Taylor,Female,41.0,San Antonio,TX,2023-01-17
CUST_002542,Janet Thomas,Female,29.0,New York,NY,2023-12-04
CUST_002543,Jessica Williams,Female,30.0,Philadelphia,PA,2023-05-07
CUST_002544,Janet Hall,Female,36.0,Austin,TX,2023-12-27
CUST_002545,Jonathan Robinson,Male,42.0,Boston,MA,2022-03-13
CUST_002546,Andrea Torres,Female,38.0,Houston,TX,2022-10-16
CUST_002547,Noah Flores,Male,37.0,Detroit,MI,2023-05-28
CUST_002548,Kimberly Martin,Female,39.0,Miami,FL,2022-05-12
CUST_002549,Susan Scott,Female,38.0,New York,NY,2023-03-30
CUST_002550,Shirley Reyes,Female,29.0,Detroit,MI,2022-01-21
CUST_002551,Gregory Allen,Male,52.0,Los Angeles,CA,2023-04-17
CUST_002552,Angela Davis,Female,32.0,Detroit,MI,2024-02-08
CUST_002553,Tyler Bennett,Male,40.0,Austin,TX,2024-02-26
CUST_002554,Benjamin Gomez,Male,18.0,Phoenix,AZ,2022-11-14
CUST_002555,Alice Adams,Female,36.0,Philadelphia,PA,2022-01-04
CUST_002556,Nicholas Brooks,,25.0,Dallas,TX,2024-02-03
CUST_002557,Jessica Brooks,Female,26.0,Miami,FL,2023-06-04
CUST_002558,Stephanie Lewis,Female,69.0,Miami,FL,2023-06-14
CUST_002559,Ruth Morris,Female,42.0,Phoenix,AZ,2023-11-30
CUST_002560,Amanda Adams,Female,54.0,Miami,FL,2023-01-16
CUST_002561,Kevin Hall,Male,49.0,San Antonio,TX,2023-02-08
CUST_002562,Jason Baker,Male,51.0,Phoenix,AZ,2023-12-24
CUST_002563,Kyle Ward,Male,36.0,Chicago,IL,2023-04-06
CUST_002564,Jesse Thomas,,59.0,Miami,FL,2023-10-06
CUST_002565,Jeffrey Edwards,Male,49.0,Austin,TX,2024-01-29
CUST_002566,Kimberly Campbell,Female,39.0,Philadelphia,PA,2023-01-17
CUST_002567,Brenda Jones,Female,42.0,San Jose,CA,2024-01-18
CUST_002568,Cynthia Morgan,Female,37.0,Miami,FL,2022-11-21
CUST_002569,Jordan King,Male,39.0,Los Angeles,CA,2024-02-14
CUST_002570,Justin Gray,Male,38.0,Phoenix,AZ,2022-11-02
CUST_002571,Kelly Brown,F,43.0,Phoenix,AZ,2022-08-29
CUST_002572,Arthur Morales,Male,60.0,New York,NY,2023-09-25
CUST_002573,Tyler Wood,Male,23.0,Houston,TX,2024-02-09
CUST_002574,Joshua Martinez,Male,53.0,Boston,MA,2023-10-28
CUST_002575,Dennis Murphy,Male,34.0,Chicago,IL,2023-10-09
CUST_002576,Nicholas Hill,Male,54.0,Atlanta,GA,2024-03-13
CUST_002577,Eric Morales,Male,34.0,Portland,OR,2023-05-28
CUST_002578,Joe Wilson,Male,44.0,Los Angeles,CA,2024-01-17
CUST_002579,Melissa Walker,Female,37.0,Phoenix,AZ,2022-02-11
CUST_002580,Justin Miller,Male,18.0,Los Angeles,CA,2022-05-22
CUST_002581,Margaret Gray,Female,60.0,Seattle,WA,2022-10-02
CUST_002582,Mark Perez,Male,27.0,San Antonio,TX,2024-02-25
CUST_002583,Ruth Rodriguez,Female,40.0,Dallas,TX,2022-07-25
CUST_002584,Megan Clark,Female,25.0,Boston,MA,2023-01-08
CUST_002585,Joyce Scott,Female,22.0,Boston,MA,2022-02-10
CUST_002586,Sharon Davis,Female,36.0,San Diego,CA,2022-03-28
CUST_002587,Barbara Torres,Female,31.0,Minneapolis,MN,2023-06-16
CUST_002588,Helen Torres,Female,24.0,Portland,OR,2022-04-17
CUST_002589,Christine Scott,Female,38.0,Austin,TX,2024-01-25
CUST_002590,Cheryl Peterson,Female,20.0,New York,NY,2024-01-16
CUST_002591,Aaron Johnson,Male,40.0,Boston,MA,2023-07-15
CUST_002592,Carl Richardson,Male,37.0,Minneapolis,MN,2023-01-19
CUST_002593,Jeremy Lewis,Male,18.0,Dallas,TX,2024-01-18
CUST_002594,Amy Peterson,Female,32.0,Seattle,WA,2023-04-03
CUST_002595,Olivia Kim,Female,44.0,Houston,TX,2022-07-19
CUST_002596,Kyle Gutierrez,Male,25.0,San Antonio,TX,2022-12-07
CUST_002597,Judy Morgan,Female,45.0,Atlanta,GA,2022-12-22
CUST_002598,Brenda Ramos,Female,44.0,Minneapolis,MN,2023-06-14
CUST_002599,Aaron Roberts,Male,26.0,New York,NY,2023-01-23
CUST_002600,Gary Ramos,Male,38.0,New York,NY,2023-12-02
CUST_002601,Judith Ramirez,Female,49.0,Houston,TX,2023-07-19
CUST_002602,Austin Wood,Male,28.0,Phoenix,AZ,2022-09-15
CUST_002603,Abigail Wilson,Female,36.0,Boston,MA,2023-01-24
CUST_002604,Matthew Cooper,Male,53.0,New York,NY,2023-09-27
CUST_002605,Emily Smith,Female,28.0,Boston,MA,2022-09-06
CUST_002606,Andrea Brooks,Female,,San Diego,CA,2022-04-11
CUST_002607,Tyler Gomez,Male,25.0,Seattle,WA,2023-09-18
CUST_002608,Janice Torres,FEMALE,36.0,San Antonio,TX,2023-01-27
CUST_002609,Ronald Wilson,Male,44.0,Atlanta,GA,2022-05-14
CUST_002610,Sara Moore,Female,18.0,Philadelphia,PA,2023-03-28
CUST_002611,Nathan Mitchell,Male,32.0,Houston,TX,2023-05-30
CUST_002612,Donald Watson,Male,44.0,San Jose,CA,2022-01-30
CUST_002613,Lisa James,Female,41.0,Philadelphia,PA,2023-11-13
CUST_002614,Douglas Gutierrez,Male,32.0,Chicago,IL,2023-04-06
CUST_002615,Margaret Reed,Female,25.0,Detroit,MI,2022-01-29
CUST_002616,Jacqueline James,Female,46.0,Denver,CO,2023-12-31
CUST_002617,Catherine Martinez,Female,34.0,Los Angeles,CA,2023-06-18
CUST_002618,Scott Bailey,MALE,45.0,Denver,CO,2024-03-07
CUST_002619,Brian King,Male,43.0,Chicago,IL,2022-10-11
CUST_002620,Joe Rivera,Male,33.0,Philadelphia,PA,2023-02-01
CUST_002621,Zachary Turner,Male,52.0,Los Angeles,CA,2023-08-14
CUST_002622,Jeremy Morgan,M,31.0,New York,NY,2024-02-04
CUST_002623,Cheryl Scott,Female,53.0,Phoenix,AZ,2023-11-13
CUST_002624,Raymond Lewis,Male,55.0,Dallas,TX,2023-07-31
CUST_002625,Jesse Clark,Male,52.0,Chicago,IL,2023-11-16
CUST_002626,Heather Cook,Female,36.0,New York,NY,2022-04-14
CUST_002627,Samuel Flores,Male,70.0,Chicago,IL,2023-09-27
CUST_002628,Melissa Morgan,Female,40.0,Chicago,IL,2023-06-13
CUST_002629,Melissa Reed,Female,42.0,Dallas,TX,2022-10-05
CUST_002630,Judith Gonzalez,Female,38.0,Chicago,IL,2022-09-02
CUST_002631,Laura Morales,Female,,San Diego,CA,2022-10-18
CUST_002632,Evelyn Edwards,Female,55.0,San Antonio,TX,2022-05-13
CUST_002633,Dylan Cooper,Male,31.0,Chicago,IL,2022-10-04
CUST_002634,Stephen Ramos,M,50.0,Denver,CO,2022-03-20
CUST_002635,Joseph Lee,Male,53.0,Seattle,WA,2023-08-21
CUST_002636,Victoria Gomez,Female,46.0,Seattle,WA,2023-04-23
CUST_002637,Mary Stewart,Female,30.0,Philadelphia,PA,2022-05-18
CUST_002638,Hannah Morris,Female,34.0,Houston,TX,2023-09-08
CUST_002639,Gregory Murphy,Male,18.0,Dallas,TX,2022-07-07
CUST_002640,Katherine Johnson,Female,37.0,Portland,OR,2023-04-09
CUST_002641,Frank Cruz,Male,49.0,Philadelphia,PA,2024-02-08
CUST_002642,Samuel Gomez,Male,36.0,Seattle,WA,2023-10-23
CUST_002643,Ronald Carter,Male,31.0,Philadelphia,PA,2023-06-17
CUST_002644,Brian Turner,Male,35.0,Portland,OR,2023-06-17
CUST_002645,Brenda Baker,F,54.0,Chicago,IL,2022-03-13
CUST_002646,Sean Morales,Male,38.0,Philadelphia,PA,2023-02-13
CUST_002647,Christopher Parker,,62.0,San Antonio,TX,2022-11-03
CUST_002648,Ronald Collins,Male,31.0,Denver,CO,2023-03-24
CUST_002649,Donald Jones,Male,41.0,Denver,CO,2024-02-28
CUST_002650,Jonathan Mendoza,Male,33.0,Denver,CO,2023-11-10
CUST_002651,Christopher Moore,Male,64.0,Denver,CO,2023-07-06
CUST_002652,Andrea Edwards,Female,41.0,San Antonio,TX,2023-09-13
CUST_002653,Thomas Young,Male,65.0,Los Angeles,CA,2023-10-02
CUST_002654,Adam Young,Male,33.0,Minneapolis,MN,2023-03-09
CUST_002655,Dorothy Hernandez,Female,58.0,Houston,TX,2024-01-03
CUST_002656,Justin Smith,Male,40.0,New York,NY,2023-07-12
CUST_002657,Kimberly Thomas,Female,49.0,Los Angeles,CA,2023-10-07
CUST_002658,Peter Martinez,Male,23.0,San Antonio,TX,2022-01-13
CUST_002659,Julia Baker,,43.0,Phoenix,AZ,2023-05-13
CUST_002660,Donna Wright,Female,25.0,Seattle,WA,2022-12-23
CUST_002661,Dylan Moore,Male,42.0,Austin,TX,2022-03-03
CUST_002662,Sharon Phillips,F,20.0,New York,NY,2023-08-02
CUST_002663,Catherine Edwards,Female,37.0,Chicago,IL,2024-02-14
CUST_002664,Christina Hernandez,Female,52.0,Minneapolis,MN,2023-10-03
CUST_002665,Kimberly Hernandez,Female,45.0,Boston,MA,2022-03-29
CUST_002666,Stephen Morales,Male,23.0,Minneapolis,MN,2022-03-05
CUST_002667,David Martin,Male,18.0,New York,NY,2022-12-06
CUST_002668,Christina Evans,Female,45.0,Detroit,MI,2022-09-02
CUST_002669,Eric Moore,Male,58.0,Miami,FL,2022-02-01
CUST_002670,Kathryn Walker,Female,26.0,Philadelphia,PA,2022-02-15
CUST_002671,Kevin Cooper,Male,65.0,Seattle,WA,2022-12-06
CUST_002672,Abigail Rivera,Female,38.0,Chicago,IL,2022-05-24
CUST_002673,Nancy Walker,Female,18.0,San Jose,CA,2022-07-23
CUST_002674,Ruth Clark,Female,19.0,Atlanta,GA,2024-01-05
CUST_002675,Timothy Mendoza,Male,48.0,San Antonio,TX,2024-03-26
CUST_002676,Ashley Garcia,Female,40.0,New York,NY,2023-11-22
CUST_002677,Jessica Torres,Female,57.0,Phoenix,AZ,2022-08-28
CUST_002678,Jose Brown,Male,24.0,Denver,CO,2022-07-05
CUST_002679,Andrew Reed,Male,40.0,Seattle,WA,2023-06-13
CUST_002680,Maria Rivera,Female,39.0,San Antonio,TX,2023-11-08
CUST_002681,Joe Collins,Male,37.0,Charlotte,NC,2023-08-10
CUST_002682,Ronald Cox,Male,34.0,New York,NY,2023-11-22
CUST_002683,Jennifer Bennett,Female,34.0,Los Angeles,CA,2023-04-03
CUST_002684,Daniel James,Male,41.0,Chicago,IL,2024-03-23
CUST_002685,Lisa Hernandez,Female,42.0,Atlanta,GA,2023-11-10
CUST_002686,Justin Hernandez,MALE,42.0,Boston,MA,2022-02-26
CUST_002687,Megan Cruz,Female,54.0,Boston,MA,2022-12-23
CUST_002688,George Johnson,Male,23.0,Minneapolis,MN,2023-05-29
CUST_002689,Betty Lopez,Female,18.0,Philadelphia,PA,2022-08-20
CUST_002690,Aaron Rogers,Male,51.0,Houston,TX,2023-01-25
CUST_002691,Timothy Jackson,Male,27.0,Austin,TX,2023-07-21
CUST_002692,Maria Brooks,FEMALE,34.0,Phoenix,AZ,2023-05-24
CUST_002693,Lawrence Perez,Male,31.0,San Diego,CA,2023-12-31
CUST_002694,George Moore,Male,31.0,Los Angeles,CA,2022-09-24
CUST_002695,Benjamin Stewart,Male,20.0,Phoenix,AZ,2024-02-09
CUST_002696,Martha Miller,Female,31.0,San Antonio,TX,2022-11-16
CUST_002697,Henry Lee,Male,47.0,New York,NY,2024-02-08
CUST_002698,Megan Robinson,Female,38.0,Charlotte,NC,2022-09-11
CUST_002699,Cheryl Richardson,Female,45.0,New York,NY,2023-04-19
CUST_002700,Alexander Brooks,Male,32.0,Detroit,MI,2024-02-16
CUST_002701,Gregory Garcia,Male,50.0,New York,NY,2022-10-08
CUST_002702,Zachary Green,Male,32.0,Miami,FL,2023-12-22
CUST_002703,Christina Perez,F,18.0,San Diego,CA,2023-04-14
CUST_002704,Adam Hill,Male,42.0,Los Angeles,CA,2023-02-07
CUST_002705,Jacob Torres,Male,48.0,Chicago,IL,2023-08-15
CUST_002706,Teresa Jackson,Female,32.0,Houston,TX,2022-07-27
CUST_002707,Andrew Miller,Male,53.0,Atlanta,GA,2023-08-11
CUST_002708,Margaret Nguyen,Female,28.0,Los Angeles,CA,2022-07-05
CUST_002709,Cynthia Watson,Female,47.0,Chicago,IL,2023-09-18
CUST_002710,Kenneth Perez,Male,60.0,Seattle,WA,2023-07-07
CUST_002711,Adam Taylor,Male,39.0,Austin,TX,2022-05-30
CUST_002712,Michelle Nelson,Female,36.0,Phoenix,AZ,2022-04-20
CUST_002713,Virginia Kim,Female,37.0,New York,NY,2023-07-04
CUST_002714,Debra Scott,Female,59.0,Dallas,TX,2022-05-12
CUST_002715,Matthew Edwards,Male,44.0,Chicago,IL,2023-07-18
CUST_002716,Amanda Bailey,Female,65.0,Austin,TX,2024-03-30
CUST_002717,Rachel Williams,Female,42.0,Chicago,IL,2022-05-13
CUST_002718,Peter Cox,Male,30.0,Charlotte,NC,2023-03-23
CUST_002719,Shirley Ramirez,Female,31.0,Dallas,TX,2024-02-11
CUST_002720,Andrew Evans,Male,39.0,Dallas,TX,2024-02-19
CUST_002721,George Reed,Male,18.0,Miami,FL,2022-02-03
CUST_002722,Joseph Martin,Male,33.0,Charlotte,NC,2023-11-25
CUST_002723,Jennifer Morris,Female,33.0,Boston,MA,2022-09-02
CUST_002724,Sophia Peterson,Female,41.0,Austin,TX,2023-10-13
CUST_002725,Sarah Martinez,Female,63.0,Miami,FL,2022-12-15
CUST_002726,Charles Chavez,Male,,Los Angeles,CA,2022-08-20
CUST_002727,Carl Scott,Male,18.0,Boston,MA,2023-03-21
CUST_002728,Victoria Gonzalez,Female,27.0,Seattle,WA,2022-07-05
CUST_002729,Emma King,Female,42.0,Dallas,TX,2023-02-11
CUST_002730,Aaron Brooks,Male,40.0,Miami,FL,2023-01-18
CUST_002731,Alice Lewis,Female,59.0,Denver,CO,2024-03-07
CUST_002732,Sarah Phillips,Female,51.0,Denver,CO,2023-05-16
CUST_002733,Joshua Wright,Male,50.0,Detroit,MI,2023-09-08
CUST_002734,Madison Cruz,Female,36.0,Seattle,WA,2022-07-04
CUST_002735,Hannah Brown,Female,52.0,Chicago,IL,2024-03-29
CUST_002736,Denise Watson,Female,27.0,Los Angeles,CA,2023-04-11
CUST_002737,Rebecca Collins,Female,51.0,San Diego,CA,2022-03-25
CUST_002738,Jesse Gonzalez,Male,35.0,Chicago,IL,2023-07-06
CUST_002739,Jason Torres,Male,20.0,Seattle,WA,2022-11-13
CUST_002740,Zachary Cook,Male,46.0,Miami,FL,2022-10-23
CUST_002741,Kathryn Bailey,Female,56.0,Chicago,IL,2022-11-12
CUST_002742,Anthony Cox,Male,33.0,Detroit,MI,2023-03-04
CUST_002743,Emily Anderson,Female,58.0,Boston,MA,2022-10-16
CUST_002744,Raymond Parker,Male,18.0,Charlotte,NC,2023-11-05
CUST_002745,Ann Ramos,Female,24.0,Los Angeles,CA,2022-07-08
CUST_002746,Richard Bailey,Male,37.0,Philadelphia,PA,2022-06-01
CUST_002747,Sara Morris,Female,34.0,San Jose,CA,2022-04-24
CUST_002748,Cynthia Gray,Female,30.0,Boston,MA,2023-01-31
CUST_002749,Anna Morgan,Female,40.0,Detroit,MI,2022-05-03
CUST_002750,Laura Anderson,Female,32.0,Minneapolis,MN,2022-01-29
CUST_002751,Jean Thompson,Female,34.0,Chicago,IL,2022-10-23
CUST_002752,Christopher Thomas,Male,42.0,Phoenix,AZ,2024-03-18
CUST_002753,Frank Phillips,Male,30.0,Denver,CO,2022-01-13
CUST_002754,Betty Roberts,Female,37.0,Los Angeles,CA,2022-03-12
CUST_002755,Lawrence Baker,Male,30.0,Charlotte,NC,2023-06-16
CUST_002756,Harold Davis,Male,23.0,Boston,MA,2023-04-11
CUST_002757,Andrew Lopez,Male,48.0,Miami,FL,2022-04-24
CUST_002758,George Richardson,Male,60.0,Detroit,MI,2024-01-22
CUST_002759,Jacob Rivera,Male,52.0,Los Angeles,CA,2023-08-23
CUST_002760,Nicholas Diaz,Male,43.0,Phoenix,AZ,2023-04-09
CUST_002761,Christian Flores,Male,30.0,San Jose,CA,2023-05-17
CUST_002762,Frank Carter,Male,35.0,Atlanta,GA,2023-11-17
CUST_002763,Pamela Peterson,Female,52.0,Denver,CO,2022-04-18
CUST_002764,Evelyn Reed,Female,18.0,New York,NY,2024-02-16
CUST_002765,Nicole Cox,Female,34.0,San Jose,CA,2022-05-03
CUST_002766,Christopher Roberts,Male,48.0,Chicago,IL,2023-03-11
CUST_002767,Karen Martinez,Female,24.0,Phoenix,AZ,2022-09-11
CUST_002768,Edward Parker,Male,44.0,Charlotte,NC,2023-08-16
CUST_002769,Dennis Sanchez,Male,43.0,Los Angeles,CA,2023-12-16
CUST_002770,Christopher Scott,Male,20.0,New York,NY,2023-07-11
CUST_002771,Janet Roberts,Female,40.0,Phoenix,AZ,2022-08-20
CUST_002772,Kevin Gonzalez,Male,31.0,Miami,FL,2023-11-05
CUST_002773,Henry Lee,Male,44.0,Los Angeles,CA,2024-02-23
CUST_002774,Jennifer Perez,Female,47.0,New York,NY,2022-06-20
CUST_002775,Justin White,Male,43.0,Phoenix,AZ,2022-09-16
CUST_002776,Elizabeth Ortiz,Female,39.0,Austin,TX,2023-05-06
CUST_002777,Edward Cox,Male,42.0,Los Angeles,CA,2023-10-08
CUST_002778,John Walker,Male,24.0,Atlanta,GA,2022-05-17
CUST_002779,Helen Harris,Female,38.0,Miami,FL,2022-02-26
CUST_002780,Cheryl Parker,Female,,San Diego,CA,2023-06-04
CUST_002781,Sarah Rivera,Female,51.0,New York,NY,2023-11-17
CUST_002782,Judith Wright,Female,47.0,San Diego,CA,2022-10-26
CUST_002783,Raymond Cruz,Male,47.0,Los Angeles,CA,2023-06-16
CUST_002784,Christine Hall,Female,60.0,Philadelphia,PA,2023-11-22
CUST_002785,Diane Mendoza,Female,34.0,Boston,MA,2022-02-02
CUST_002786,Edward Evans,Male,32.0,New York,NY,2022-11-29
CUST_002787,Douglas Baker,Male,34.0,New York,NY,2022-10-31
CUST_002788,Jeremy Ramos,Male,18.0,Los Angeles,CA,2023-09-27
CUST_002789,Jeremy Collins,Male,19.0,New York,NY,2023-08-17
CUST_002790,Dorothy Williams,Female,46.0,Chicago,IL,2023-12-08
CUST_002791,Jose Perez,Male,21.0,Phoenix,AZ,2023-05-21
CUST_002792,Betty Gutierrez,Female,25.0,Boston,MA,2022-08-23
CUST_002793,Brandon Taylor,Male,37.0,New York,NY,2023-02-18
CUST_002794,James Bennett,Male,33.0,Houston,TX,2023-01-19
CUST_002795,Donald Cox,Male,50.0,Portland,OR,2023-08-18
CUST_002796,Tyler White,Male,39.0,Dallas,TX,2024-03-01
CUST_002797,Carl Cook,Male,29.0,Miami,FL,2023-03-10
CUST_002798,Elizabeth Smith,Female,51.0,San Antonio,TX,2023-07-28
CUST_002799,Patrick Nelson,Male,48.0,New York,NY,2022-07-07
CUST_002800,Tyler Thompson,Male,21.0,Los Angeles,CA,2023-06-10
CUST_002801,Lawrence White,Male,42.0,Boston,MA,2023-09-30
CUST_002802,Virginia Thomas,Female,30.0,Miami,FL,2023-10-25
CUST_002803,Sarah Campbell,Female,29.0,Philadelphia,PA,2024-03-14
CUST_002804,Daniel Turner,Male,62.0,San Antonio,TX,2024-03-23
CUST_002805,Joyce Mitchell,Female,40.0,Philadelphia,PA,2023-04-25
CUST_002806,Donna Miller,Female,36.0,New York,NY,2023-12-30
CUST_002807,Abigail Clark,Female,40.0,New York,NY,2023-10-06
CUST_002808,Arthur Martin,Male,49.0,Charlotte,NC,2023-05-02
CUST_002809,Julia Campbell,Female,30.0,New York,NY,2022-02-03
CUST_002810,Deborah Kelly,Female,32.0,Houston,TX,2024-03-16
CUST_002811,Joan Roberts,FEMALE,47.0,Seattle,WA,2024-03-08
CUST_002812,Adam Miller,Male,20.0,Phoenix,AZ,2023-04-27
CUST_002813,Robert Green,Male,51.0,Charlotte,NC,2022-12-06
CUST_002814,Dorothy Kim,Female,18.0,New York,NY,2022-05-02
CUST_002815,Emily Kim,Female,35.0,Minneapolis,MN,2022-03-03
CUST_002816,Ryan Mitchell,Male,19.0,Los Angeles,CA,2023-11-22
CUST_002817,Judy Ward,female,25.0,Los Angeles,CA,2023-01-30
CUST_002818,Noah Ortiz,Male,55.0,San Diego,CA,2023-06-01
CUST_002819,Deborah Ortiz,Female,52.0,Minneapolis,MN,2022-10-29
CUST_002820,Gregory Watson,Male,53.0,Phoenix,AZ,2023-07-09
CUST_002821,Kimberly Walker,Female,20.0,Chicago,IL,2023-10-22
CUST_002822,Brian Morales,Male,25.0,Phoenix,AZ,2024-01-21
CUST_002823,Barbara Edwards,Female,,New York,NY,2023-04-10
CUST_002824,Aaron Parker,Male,47.0,Miami,FL,2022-10-28
CUST_002825,Jose Campbell,Male,29.0,Detroit,MI,2022-03-26
CUST_002826,Noah Mendoza,Male,31.0,Seattle,WA,2023-12-26
CUST_002827,Frances Hill,Female,24.0,Philadelphia,PA,2023-12-26
CUST_002828,Margaret Wood,Female,59.0,Austin,TX,2022-12-14
CUST_002829,Kyle Young,Male,33.0,Dallas,TX,2022-08-04
CUST_002830,Christopher Rivera,Male,39.0,New York,NY,2023-08-22
CUST_002831,Amy Adams,Female,40.0,Phoenix,AZ,2023-10-20
CUST_002832,Debra Rogers,Female,52.0,San Jose,CA,2023-09-26
CUST_002833,Elizabeth Gonzalez,Female,27.0,Miami,FL,2022-03-20
CUST_002834,Matthew Sanchez,Male,53.0,Houston,TX,2024-03-20
CUST_002835,Kevin Cox,Male,23.0,Atlanta,GA,2023-05-18
CUST_002836,Christopher Parker,Male,53.0,Boston,MA,2023-07-05
CUST_002837,Lawrence Hill,Male,18.0,Portland,OR,2022-02-20
CUST_002838,Deborah Cruz,Female,37.0,Charlotte,NC,2022-01-14
CUST_002839,Christine Rogers,Female,59.0,New York,NY,2022-05-17
CUST_002840,Denise Lee,FEMALE,47.0,Philadelphia,PA,2023-01-14
CUST_002841,Frank Chavez,Male,44.0,Boston,MA,2024-02-24
CUST_002842,Anna Williams,Female,25.0,Atlanta,GA,2023-09-30
CUST_002843,Alice Rivera,Female,29.0,New York,NY,2024-03-30
CUST_002844,Donna Cook,Female,55.0,Austin,TX,2023-08-27
CUST_002845,Ashley Hall,Female,44.0,Detroit,MI,2022-04-19
CUST_002846,Gregory Adams,Male,50.0,Chicago,IL,2023-09-06
CUST_002847,Pamela Hall,Female,39.0,Houston,TX,2023-07-30
CUST_002848,Jacqueline Hill,Female,35.0,Phoenix,AZ,2024-01-17
CUST_002849,Michael Hall,Male,48.0,Phoenix,AZ,2023-05-17
CUST_002850,Julie Rogers,Female,42.0,Dallas,TX,2022-09-09
CUST_002851,Joan Morris,Female,36.0,New York,NY,2023-10-03
CUST_002852,Sophia Thomas,Female,21.0,Boston,MA,2023-10-18
CUST_002853,Daniel Mendoza,Male,50.0,Los Angeles,CA,2023-04-24
CUST_002854,Carol Martin,Female,44.0,Atlanta,GA,2022-04-14
CUST_002855,Lawrence Bennett,Male,31.0,New York,NY,2023-02-02
CUST_002856,Tyler White,Male,53.0,Atlanta,GA,2023-12-16
CUST_002857,Michael Perez,Male,42.0,Houston,TX,2022-10-31
CUST_002858,Susan Lee,Female,42.0,San Jose,CA,2023-10-03
CUST_002859,Jeremy Howard,Male,50.0,Los Angeles,CA,2022-09-16
CUST_002860,Maria Taylor,Female,47.0,San Diego,CA,2022-11-22
CUST_002861,Maria Jackson,Female,42.0,Chicago,IL,2022-11-29
CUST_002862,Terry Ward,Male,36.0,New York,NY,2022-05-26
CUST_002863,Carol Kelly,Female,63.0,Denver,CO,2022-12-12
CUST_002864,Margaret Taylor,Female,29.0,Los Angeles,CA,2023-09-27
CUST_002865,Julie Lopez,Female,48.0,Portland,OR,2023-01-23
CUST_002866,Kathryn Edwards,Female,37.0,San Diego,CA,2022-10-28
CUST_002867,Dorothy Davis,Female,44.0,New York,NY,2023-09-11
CUST_002868,Nathan Cook,Male,54.0,Portland,OR,2023-04-25
CUST_002869,Matthew Nguyen,Male,35.0,Los Angeles,CA,2023-02-21
CUST_002870,Sandra Nelson,Female,46.0,Miami,FL,2023-11-17
CUST_002871,Austin Mitchell,Male,42.0,Houston,TX,2023-01-07
CUST_002872,Lisa Moore,female,30.0,Dallas,TX,2023-05-18
CUST_002873,Jennifer Cook,Female,54.0,Miami,FL,2022-02-05
CUST_002874,Cheryl Gray,Female,47.0,New York,NY,2022-12-02
CUST_002875,Kathleen Scott,Female,33.0,Seattle,WA,2022-09-01
CUST_002876,Shirley Wright,Female,52.0,Los Angeles,CA,2024-01-16
CUST_002877,Jacqueline Kelly,Female,28.0,Denver,CO,2022-01-24
CUST_002878,Ashley Jackson,Female,38.0,Los Angeles,CA,2023-09-10
CUST_002879,Jose Mitchell,Male,33.0,New York,NY,2023-10-20
CUST_002880,Rebecca Murphy,Female,,Los Angeles,CA,2022-11-26
CUST_002881,Sarah Nelson,Female,33.0,Austin,TX,2022-09-19
CUST_002882,Lauren Green,Female,48.0,Charlotte,NC,2022-06-24
CUST_002883,Ronald Clark,Male,46.0,Charlotte,NC,2022-10-07
CUST_002884,Madison Green,Female,34.0,Boston,MA,2024-02-04
CUST_002885,Arthur Turner,Male,61.0,Atlanta,GA,2022-02-18
CUST_002886,Sara Garcia,Female,29.0,Minneapolis,MN,2023-03-09
CUST_002887,Sharon Brown,Female,21.0,San Diego,CA,2022-09-26
CUST_002888,Andrew Nguyen,Male,49.0,Chicago,IL,2023-09-07
CUST_002889,Kathryn Mendoza,Female,18.0,San Jose,CA,2022-11-27
CUST_002890,Nicole Gomez,Female,57.0,Los Angeles,CA,2022-12-07
CUST_002891,Joan Ortiz,Female,40.0,Miami,FL,2022-03-06
CUST_002892,Roger Nelson,Male,21.0,Phoenix,AZ,2024-02-02
CUST_002893,Brian Taylor,Male,27.0,Chicago,IL,2023-04-30
CUST_002894,Charles Johnson,Male,18.0,Miami,FL,2022-03-18
CUST_002895,Jerry Moore,Male,43.0,New York,NY,2023-10-17
CUST_002896,Diane Ramos,Female,22.0,Charlotte,NC,2023-11-05
CUST_002897,Kevin Flores,Male,,Portland,OR,2023-03-13
CUST_002898,Heather Rodriguez,Female,35.0,Austin,TX,2024-03-17
CUST_002899,Harold Gonzalez,Male,33.0,Denver,CO,2022-08-22
CUST_002900,Cynthia Scott,Female,45.0,New York,NY,2023-12-19
CUST_002901,Carol Williams,Female,46.0,Philadelphia,PA,2023-12-21
CUST_002902,Peter Johnson,Male,53.0,Minneapolis,MN,2023-04-30
CUST_002903,Hannah Baker,Female,31.0,New York,NY,2023-05-14
CUST_002904,Dylan Roberts,Male,38.0,Chicago,IL,2022-05-02
CUST_002905,Betty Morgan,Female,31.0,Houston,TX,2022-05-24
CUST_002906,Sean Hernandez,Male,41.0,Seattle,WA,2023-02-10
CUST_002907,Ethan White,Male,29.0,Denver,CO,2024-02-07
CUST_002908,Christina Parker,Female,33.0,New York,NY,2022-08-11
CUST_002909,Ronald White,Male,33.0,Los Angeles,CA,2023-03-24
CUST_002910,John Carter,Male,42.0,Atlanta,GA,2022-03-13
CUST_002911,Benjamin Ramirez,Male,39.0,Los Angeles,CA,2022-10-27
CUST_002912,Deborah Moore,Female,45.0,Chicago,IL,2022-12-29
CUST_002913,George Gray,male,37.0,Los Angeles,CA,2024-03-07
CUST_002914,Lawrence Richardson,Male,31.0,Boston,MA,2022-07-21
CUST_002915,Margaret Reyes,Female,41.0,New York,NY,2022-04-20
CUST_002916,Alice Jackson,Female,27.0,Chicago,IL,2022-03-01
CUST_002917,Christine Smith,Female,46.0,San Diego,CA,2023-04-30
CUST_002918,Noah Evans,Male,35.0,New York,NY,2023-04-28
CUST_002919,Deborah Ward,Female,41.0,Portland,OR,2022-07-24
CUST_002920,Tyler Hall,Male,41.0,Minneapolis,MN,2022-09-11
CUST_002921,Patrick James,Male,59.0,San Jose,CA,2022-11-14
CUST_002922,Abigail Hernandez,Female,43.0,Philadelphia,PA,2022-01-11
CUST_002923,Ashley Rivera,Female,39.0,Los Angeles,CA,2023-12-01
CUST_002924,Steven Taylor,Male,30.0,Dallas,TX,2023-10-31
CUST_002925,Julia Murphy,Female,49.0,Chicago,IL,2022-11-15
CUST_002926,Joseph Hill,Male,35.0,San Jose,CA,2023-06-09
CUST_002927,Tyler Ward,male,19.0,Los Angeles,CA,2022-11-22
CUST_002928,William Gomez,Male,36.0,Denver,CO,2022-01-31
CUST_002929,Susan Bennett,Female,41.0,Houston,TX,2023-06-21
CUST_002930,Jack Turner,Male,28.0,San Antonio,TX,2023-09-26
CUST_002931,Patrick Rivera,Male,37.0,Los Angeles,CA,2022-11-27
CUST_002932,Maria Scott,F,38.0,Chicago,IL,2022-09-05
CUST_002933,Justin Allen,Male,38.0,Philadelphia,PA,2022-09-26
CUST_002934,Kyle Reyes,Male,54.0,Philadelphia,PA,2022-12-10
CUST_002935,Jordan Wilson,Male,22.0,Charlotte,NC,2023-03-18
CUST_002936,Melissa Rodriguez,Female,64.0,Houston,TX,2023-10-19
CUST_002937,Sharon Walker,Female,38.0,New York,NY,2022-07-27
CUST_002938,Sharon Walker,Female,46.0,San Diego,CA,2023-09-15
CUST_002939,Andrea Hill,Female,40.0,Houston,TX,2024-03-08
CUST_002940,Cynthia Reed,Female,,Minneapolis,MN,2022-07-09
CUST_002941,Nathan Thompson,Male,25.0,Los Angeles,CA,2023-04-19
CUST_002942,Emma Garcia,Female,32.0,Miami,FL,2022-12-20
CUST_002943,Dennis Martin,Male,51.0,Seattle,WA,2023-06-29
CUST_002944,Teresa Miller,Female,21.0,Los Angeles,CA,2024-01-13
CUST_002945,Debra White,Female,28.0,Phoenix,AZ,2024-01-17
CUST_002946,Samantha Gomez,Female,41.0,San Antonio,TX,2023-02-26
CUST_002947,Dorothy Flores,Female,44.0,San Diego,CA,2023-10-21
CUST_002948,Samuel Ortiz,Male,44.0,Phoenix,AZ,2023-04-22
CUST_002949,Kenneth Jackson,Male,26.0,Dallas,TX,2023-10-31
CUST_002950,Noah Hill,Male,19.0,Denver,CO,2024-01-15
CUST_002951,Shirley James,Female,45.0,San Antonio,TX,2023-09-19
CUST_002952,Christopher Wright,Male,56.0,Austin,TX,2022-03-09
CUST_002953,Carol Carter,Female,34.0,Miami,FL,2022-09-08
CUST_002954,Gregory Reed,Male,24.0,San Antonio,TX,2023-11-09
CUST_002955,Arthur Martin,Male,33.0,Phoenix,AZ,2022-01-23
CUST_002956,Stephanie Bailey,Female,43.0,Chicago,IL,2023-04-27
CUST_002957,Dorothy Hernandez,Female,36.0,Los Angeles,CA,2023-07-07
CUST_002958,Anna King,Female,56.0,Chicago,IL,2023-12-03
CUST_002959,Sophia Reed,Female,50.0,Phoenix,AZ,2023-11-24
CUST_002960,Noah Rogers,Male,41.0,Boston,MA,2022-03-22
CUST_002961,Daniel Lopez,Male,18.0,Los Angeles,CA,2023-08-26
CUST_002962,Jerry Richardson,Male,30.0,Seattle,WA,2023-11-13
CUST_002963,Jacqueline Lee,Female,32.0,New York,NY,2022-04-25
CUST_002964,Ethan Thomas,Male,29.0,Los Angeles,CA,2023-04-01
CUST_002965,Katherine Cox,Female,41.0,Houston,TX,2023-08-04
CUST_002966,Peter Edwards,Male,41.0,San Antonio,TX,2022-12-04
CUST_002967,Heather Cox,Female,18.0,Los Angeles,CA,2022-12-28
CUST_002968,Emily Sanchez,Female,49.0,New York,NY,2022-04-23
CUST_002969,William Young,Male,39.0,Dallas,TX,2023-11-02
CUST_002970,Amy Morris,Female,43.0,Phoenix,AZ,2022-09-01
CUST_002971,Barbara Morales,Female,48.0,Phoenix,AZ,2023-02-20
CUST_002972,Gary Lewis,Male,29.0,Houston,TX,2023-04-26
CUST_002973,Teresa Davis,female,54.0,Houston,TX,2022-04-06
CUST_002974,Noah Evans,Male,37.0,Los Angeles,CA,2023-02-17
CUST_002975,Jennifer Peterson,Female,57.0,Chicago,IL,2022-06-12
CUST_002976,David Kim,Male,27.0,San Diego,CA,2022-08-28
CUST_002977,Adam Kim,Male,56.0,San Diego,CA,2022-12-16
CUST_002978,Brandon Reed,Male,27.0,Detroit,MI,2023-04-05
CUST_002979,Daniel Anderson,Male,70.0,Miami,FL,2023-02-19
CUST_002980,Keith Hernandez,Male,27.0,New York,NY,2022-03-21
CUST_002981,Paul Campbell,Male,52.0,Chicago,IL,2022-12-11
CUST_002982,Susan Hernandez,F,34.0,Minneapolis,MN,2022-02-14
CUST_002983,Megan Thompson,FEMALE,47.0,Houston,TX,2022-09-14
CUST_002984,Dennis Ward,Male,38.0,San Antonio,TX,2022-04-04
CUST_002985,Shirley Mendoza,Female,25.0,Seattle,WA,2022-06-26
CUST_002986,Lauren Robinson,Female,18.0,San Diego,CA,2023-04-15
CUST_002987,Jean Lopez,Female,70.0,New York,NY,2024-02-13
CUST_002988,Robert Morgan,Male,39.0,Los Angeles,CA,2022-07-23
CUST_002989,Olivia Taylor,Female,18.0,New York,NY,2023-10-02
CUST_002990,Paul Cook,Male,42.0,Los Angeles,CA,2022-02-19
CUST_002991,Justin Rogers,,47.0,Los Angeles,CA,2022-11-28
CUST_002992,Eric Reyes,Male,30.0,Austin,TX,2023-01-23
CUST_002993,Shirley Flores,Female,30.0,Phoenix,AZ,2022-04-28
CUST_002994,Donald Wilson,Male,38.0,New York,NY,2023-07-26
CUST_002995,Keith Anderson,Male,54.0,New York,NY,2022-06-05
CUST_002996,Angela Nguyen,Female,40.0,Portland,OR,2023-11-20
CUST_002997,Terry Ramos,Male,57.0,Los Angeles,CA,2023-06-22
CUST_002998,Kathleen Lee,Female,53.0,Chicago,IL,2023-10-09
CUST_002999,Noah Torres,Male,36.0,Dallas,TX,2022-06-23
CUST_003000,Janet Reyes,Female,19.0,Los Angeles,CA,2022-11-12
CUST_003001,Jacob Lee,Male,36.0,Los Angeles,CA,2023-09-14
CUST_003002,Douglas Williams,Male,45.0,New York,NY,2023-03-07
CUST_003003,Hannah Watson,Female,39.0,Charlotte,NC,2023-07-23
CUST_003004,Scott Ramirez,Male,46.0,Austin,TX,2023-02-02
CUST_003005,Pamela James,Female,49.0,San Diego,CA,2023-08-21
CUST_003006,Raymond Kelly,Male,,Minneapolis,MN,2023-07-30
CUST_003007,Raymond Baker,Male,35.0,Austin,TX,2022-10-28
CUST_003008,Pamela Martin,Female,45.0,Chicago,IL,2024-01-13
CUST_003009,Andrea Clark,Female,66.0,San Antonio,TX,2023-10-03
CUST_003010,Gary Turner,Male,20.0,San Antonio,TX,2022-03-17
CUST_003011,Nicole Reed,Female,45.0,Phoenix,AZ,2022-02-12
CUST_003012,Dennis Wood,Male,61.0,Boston,MA,2023-09-22
CUST_003013,Joe Cox,Male,24.0,New York,NY,2023-07-23
CUST_003014,Kenneth Lewis,Male,51.0,Los Angeles,CA,2024-02-11
CUST_003015,Michelle Kelly,Female,53.0,Houston,TX,2023-08-23
CUST_003016,Mark Gutierrez,Male,20.0,New York,NY,2022-08-05
CUST_003017,Henry Kim,Male,47.0,Charlotte,NC,2022-02-17
CUST_003018,Nicole Rivera,Female,35.0,San Antonio,TX,2023-05-08
CUST_003019,Shirley Cruz,Female,38.0,New York,NY,2023-04-10
CUST_003020,Emily Scott,Female,34.0,Austin,TX,2024-02-19
CUST_003021,Kathryn Wilson,Female,55.0,Boston,MA,2023-09-16
CUST_003022,Stephen Rogers,Male,37.0,Phoenix,AZ,2024-01-26
CUST_003023,Ruth Kelly,Female,33.0,San Antonio,TX,2023-10-20
CUST_003024,Charles Evans,,33.0,Seattle,WA,2023-08-13
CUST_003025,Karen Mitchell,Female,34.0,Chicago,IL,2023-06-01
CUST_003026,Barbara Stewart,Female,25.0,Austin,TX,2023-06-14
CUST_003027,Amy Rivera,Female,33.0,Austin,TX,2023-04-19
CUST_003028,Justin Lopez,Male,40.0,Atlanta,GA,2023-12-16
CUST_003029,Joshua Moore,Male,44.0,Minneapolis,MN,2022-08-30
CUST_003030,Cynthia Ward,Female,54.0,Portland,OR,2024-02-05
CUST_003031,James Scott,Male,42.0,Los Angeles,CA,2023-05-29
CUST_003032,Cynthia Clark,Female,33.0,Atlanta,GA,2023-02-22
CUST_003033,Lisa Murphy,Female,26.0,Seattle,WA,2022-08-07
CUST_003034,Lisa Brooks,Female,42.0,Houston,TX,2022-10-07
CUST_003035,James Edwards,Male,37.0,Detroit,MI,2023-06-17
CUST_003036,Henry Reed,Male,37.0,Miami,FL,2022-06-11
CUST_003037,Lawrence Kelly,Male,42.0,Boston,MA,2022-01-04
CUST_003038,Julie Kelly,Female,45.0,New York,NY,2022-09-21
CUST_003039,Sarah Kelly,Female,42.0,Los Angeles,CA,2022-11-01
CUST_003040,Jordan Cruz,Male,36.0,Detroit,MI,2024-02-22
CUST_003041,Sophia King,Female,28.0,Charlotte,NC,2023-06-15
CUST_003042,Justin Hall,Male,31.0,Chicago,IL,2023-01-27
CUST_003043,Thomas Clark,Male,49.0,Chicago,IL,2024-03-20
CUST_003044,Evelyn Cox,Female,33.0,Austin,TX,2022-12-26
CUST_003045,Dylan Scott,Male,22.0,New York,NY,2024-03-04
CUST_003046,Jeremy Taylor,Male,53.0,Austin,TX,2024-02-22
CUST_003047,Olivia Flores,Female,27.0,Charlotte,NC,2023-09-03
CUST_003048,Dennis Brown,Male,39.0,Chicago,IL,2023-05-03
CUST_003049,Joe Reyes,Male,45.0,Denver,CO,2023-12-04
CUST_003050,Susan Walker,Female,39.0,San Diego,CA,2022-11-18
CUST_003051,Daniel Garcia,Male,18.0,Chicago,IL,2022-12-26
CUST_003052,Teresa Clark,Female,43.0,Phoenix,AZ,2022-08-04
CUST_003053,Daniel Moore,Male,,Dallas,TX,2022-09-18
CUST_003054,Jacob Williams,Male,48.0,Boston,MA,2022-05-27
CUST_003055,Brian Turner,Male,18.0,San Diego,CA,2023-12-24
CUST_003056,Carol Baker,F,65.0,Detroit,MI,2022-01-02
CUST_003057,Robert Peterson,Male,22.0,New York,NY,2023-02-11
CUST_003058,Maria Moore,Female,,Portland,OR,2022-12-23
CUST_003059,Anna Howard,Female,48.0,San Diego,CA,2023-01-12
CUST_003060,Janet Miller,Female,44.0,Phoenix,AZ,2023-12-19
CUST_003061,Timothy White,Male,40.0,New York,NY,2023-12-04
CUST_003062,Julia Brooks,Female,31.0,Chicago,IL,2023-08-15
CUST_003063,Diane Thompson,Female,55.0,Philadelphia,PA,2023-09-02
CUST_003064,Dylan Mitchell,,38.0,Portland,OR,2023-11-22
CUST_003065,Cynthia Wood,Female,19.0,Boston,MA,2023-01-09
CUST_003066,Mary Williams,Female,54.0,New York,NY,2023-03-04
CUST_003067,Hannah Smith,Female,,Houston,TX,2022-09-08
CUST_003068,Teresa Rogers,Female,52.0,San Antonio,TX,2022-09-02
CUST_003069,William Gonzalez,Male,46.0,Miami,FL,2024-02-17
CUST_003070,Olivia Anderson,Female,68.0,Boston,MA,2023-10-23
CUST_003071,Victoria Smith,Female,35.0,Los Angeles,CA,2023-03-06
CUST_003072,Daniel Ward,Male,39.0,New York,NY,2022-02-13
CUST_003073,Patrick Rogers,Male,47.0,Los Angeles,CA,2023-10-10
CUST_003074,Joshua Wood,Male,35.0,San Antonio,TX,2024-02-26
CUST_003075,John Martin,Male,49.0,New York,NY,2024-02-12
CUST_003076,Carl Morales,Male,18.0,Chicago,IL,2023-09-20
CUST_003077,Katherine Johnson,Female,38.0,Atlanta,GA,2023-08-03
CUST_003078,Jeremy Murphy,Male,37.0,Phoenix,AZ,2022-05-11
CUST_003079,Zachary Brooks,Male,37.0,Charlotte,NC,2022-04-05
CUST_003080,Denise Brooks,Female,28.0,Boston,MA,2022-09-27
CUST_003081,Emma Brooks,Female,50.0,Chicago,IL,2023-06-01
CUST_003082,Pamela Scott,Female,32.0,New York,NY,2024-02-03
CUST_003083,Brian Wood,Male,41.0,San Diego,CA,2024-01-06
CUST_003084,Tyler Gutierrez,Male,38.0,Denver,CO,2022-11-02
CUST_003085,Scott Garcia,Male,45.0,San Antonio,TX,2022-12-25
CUST_003086,Evelyn Moore,Female,56.0,Detroit,MI,2022-11-06
CUST_003087,Kathleen Flores,Female,41.0,Boston,MA,2023-05-07
CUST_003088,Nancy Garcia,Female,49.0,San Diego,CA,2023-11-25
CUST_003089,Gerald Ortiz,Male,40.0,New York,NY,2023-11-08
CUST_003090,Roger Sanchez,Male,32.0,Houston,TX,2024-01-17
CUST_003091,Jeffrey Carter,Male,37.0,San Antonio,TX,2023-04-30
CUST_003092,Henry Flores,Male,35.0,Chicago,IL,2023-08-11
CUST_003093,Brandon Watson,Male,46.0,Miami,FL,2024-03-01
CUST_003094,Walter Walker,Male,40.0,Phoenix,AZ,2023-08-24
CUST_003095,Shirley Campbell,Female,29.0,Los Angeles,CA,2022-06-26
CUST_003096,Carolyn Green,Female,36.0,Boston,MA,2022-11-21
CUST_003097,Elizabeth Gonzalez,Female,19.0,Austin,TX,2022-03-25
CUST_003098,Sandra Collins,Female,36.0,Los Angeles,CA,2022-04-30
CUST_003099,Hannah Campbell,Female,39.0,San Diego,CA,2023-04-07
CUST_003100,Angela Jackson,Female,61.0,Seattle,WA,2023-10-08
CUST_003101,Robert Gray,Male,55.0,Philadelphia,PA,2022-07-17
CUST_003102,Sandra Gutierrez,Female,26.0,Chicago,IL,2022-11-15
CUST_003103,Nicholas Richardson,MALE,41.0,Seattle,WA,2022-11-29
CUST_003104,Zachary Smith,Male,41.0,Seattle,WA,2023-12-17
CUST_003105,Ryan Gonzalez,Male,36.0,New York,NY,2022-07-13
CUST_003106,Kyle Hall,Male,36.0,Chicago,IL,2022-02-08
CUST_003107,Sara Torres,Female,34.0,San Jose,CA,2023-07-17
CUST_003108,Jason Nelson,Male,62.0,Los Angeles,CA,2023-05-04
CUST_003109,Martha Robinson,Female,33.0,Charlotte,NC,2022-01-04
CUST_003110,Christopher Collins,Male,43.0,Los Angeles,CA,2023-10-26
CUST_003111,Brenda Gutierrez,Female,18.0,Boston,MA,2023-02-11
CUST_003112,Sarah Walker,Female,49.0,Charlotte,NC,2023-05-20
CUST_003113,William Mendoza,Male,53.0,Houston,TX,2023-08-20
CUST_003114,David Mendoza,Male,25.0,Austin,TX,2022-02-27
CUST_003115,Sarah Hall,Female,,New York,NY,2022-07-01
CUST_003116,Roger Baker,Male,44.0,Austin,TX,2023-03-15
CUST_003117,Janet Phillips,Female,39.0,Charlotte,NC,2022-07-01
CUST_003118,Jesse Hernandez,Male,44.0,Charlotte,NC,2022-05-07
CUST_003119,Carolyn King,Female,35.0,Phoenix,AZ,2022-11-19
CUST_003120,Olivia Ward,Female,62.0,Atlanta,GA,2023-02-13
CUST_003121,Ashley Cook,Female,30.0,Miami,FL,2023-12-23
CUST_003122,Carolyn Green,Female,72.0,Houston,TX,2023-06-25
CUST_003123,Angela Thomas,female,54.0,Atlanta,GA,2024-02-14
CUST_003124,Alice Kelly,Female,49.0,Los Angeles,CA,2023-03-10
CUST_003125,Alice Reed,Female,25.0,Charlotte,NC,2023-03-22
CUST_003126,Kimberly Mendoza,Female,50.0,Miami,FL,2022-11-07
CUST_003127,Jerry Ramos,Male,46.0,San Diego,CA,2022-03-31
CUST_003128,Joyce Ramos,Female,18.0,Phoenix,AZ,2022-07-01
CUST_003129,Frank Hernandez,Male,21.0,Portland,OR,2022-03-17
CUST_003130,Charles Gutierrez,Male,43.0,New York,NY,2023-09-13
CUST_003131,Virginia Hall,Female,37.0,San Antonio,TX,2022-12-10
CUST_003132,Harold Green,Male,32.0,San Antonio,TX,2022-02-05
CUST_003133,Cynthia Lopez,Female,52.0,Phoenix,AZ,2023-10-17
CUST_003134,Debra Wood,Female,27.0,New York,NY,2022-09-17
CUST_003135,Charles Thomas,Male,33.0,Chicago,IL,2024-01-21
CUST_003136,Lawrence Evans,Male,30.0,Charlotte,NC,2023-12-05
CUST_003137,Thomas Jones,Male,45.0,Atlanta,GA,2022-10-31
CUST_003138,Emily King,,18.0,Miami,FL,2022-08-31
CUST_003139,George Hernandez,Male,32.0,San Antonio,TX,2024-03-26
CUST_003140,Teresa Cruz,Female,18.0,San Jose,CA,2023-12-03
CUST_003141,Christina Clark,Female,35.0,San Antonio,TX,2024-02-12
CUST_003142,Mary Reed,Female,48.0,Seattle,WA,2022-01-20
CUST_003143,Mark Ramos,Male,48.0,Miami,FL,2023-06-28
CUST_003144,Megan Stewart,Female,29.0,Chicago,IL,2022-09-28
CUST_003145,Nicholas Howard,Male,45.0,Portland,OR,2023-01-01
CUST_003146,Robert Collins,Male,36.0,Detroit,MI,2022-04-10
CUST_003147,Bryan Flores,Male,56.0,Phoenix,AZ,2023-10-14
CUST_003148,Matthew Wilson,Male,37.0,Charlotte,NC,2023-05-03
CUST_003149,Benjamin Morris,Male,18.0,Minneapolis,MN,2023-11-14
CUST_003150,Amanda Green,Female,50.0,New York,NY,2022-05-07
CUST_003151,Judith Thomas,Female,33.0,New York,NY,2024-03-29
CUST_003152,Jeremy Young,Male,35.0,Denver,CO,2022-12-09
CUST_003153,Shirley Flores,female,43.0,Boston,MA,2024-02-28
CUST_003154,Virginia Lee,Female,21.0,Chicago,IL,2023-08-24
CUST_003155,Jean Sanchez,Female,39.0,San Antonio,TX,2022-04-29
CUST_003156,Gloria Scott,Female,45.0,San Diego,CA,2023-11-07
CUST_003157,Brenda Adams,Female,43.0,Philadelphia,PA,2023-05-30
CUST_003158,Emma Flores,Female,31.0,New York,NY,2022-07-17
CUST_003159,Terry Nelson,Male,51.0,Los Angeles,CA,2022-07-16
CUST_003160,Jennifer Morris,Female,26.0,Atlanta,GA,2024-02-29
CUST_003161,John Garcia,Male,31.0,New York,NY,2024-03-30
CUST_003162,Steven Stewart,Male,37.0,Austin,TX,2023-06-11
CUST_003163,Teresa King,Female,42.0,San Jose,CA,2022-07-16
CUST_003164,Matthew Lopez,Male,34.0,Portland,OR,2022-12-02
CUST_003165,Brian Miller,Male,54.0,Charlotte,NC,2022-08-08
CUST_003166,Tyler Davis,Male,42.0,Portland,OR,2023-07-04
CUST_003167,Ashley Cook,Female,39.0,San Diego,CA,2023-01-22
CUST_003168,Stephanie Campbell,Female,42.0,New York,NY,2023-01-04
CUST_003169,Helen Davis,Female,48.0,Chicago,IL,2023-11-20
CUST_003170,Andrew Morris,Male,,San Antonio,TX,2024-03-07
CUST_003171,Jordan Cooper,Male,18.0,New York,NY,2022-07-25
CUST_003172,Anthony Jones,Male,52.0,New York,NY,2023-02-03
CUST_003173,Noah Sanchez,Male,40.0,Houston,TX,2023-05-12
CUST_003174,Justin Gonzalez,Male,47.0,Phoenix,AZ,2022-09-09
CUST_003175,Christopher Mitchell,Male,33.0,Dallas,TX,2023-01-24
CUST_003176,Lisa Brown,Female,18.0,Portland,OR,2022-03-04
CUST_003177,Benjamin Jones,Male,18.0,Phoenix,AZ,2022-02-16
CUST_003178,Kathleen Chavez,Female,27.0,New York,NY,2023-11-10
CUST_003179,Michelle Thompson,Female,45.0,San Diego,CA,2022-12-01
CUST_003180,Judy Gray,Female,55.0,Houston,TX,2023-09-15
CUST_003181,Justin Edwards,Male,42.0,Detroit,MI,2022-04-02
CUST_003182,Abigail Anderson,Female,25.0,Philadelphia,PA,2023-08-20
CUST_003183,Margaret Smith,Female,29.0,Houston,TX,2023-08-07
CUST_003184,Ashley Reyes,Female,56.0,Denver,CO,2023-12-04
CUST_003185,Diane Martinez,Female,22.0,San Antonio,TX,2022-08-01
CUST_003186,Dorothy Williams,Female,65.0,Dallas,TX,2023-05-23
CUST_003187,Mark Cruz,Male,62.0,Los Angeles,CA,2024-01-26
CUST_003188,Joseph Gutierrez,Male,65.0,Houston,TX,2022-08-16
CUST_003189,Susan Turner,Female,43.0,New York,NY,2022-05-15
CUST_003190,Andrea Cook,Female,,Boston,MA,2022-12-06
CUST_003191,Melissa Cooper,Female,43.0,Chicago,IL,2024-03-08
CUST_003192,Grace Lee,Female,50.0,New York,NY,2022-06-17
CUST_003193,Mark Cook,Male,30.0,Dallas,TX,2022-05-09
CUST_003194,Jeffrey Williams,Male,25.0,Dallas,TX,2024-03-29
CUST_003195,Ryan Collins,Male,35.0,Houston,TX,2023-01-16
CUST_003196,Christine Bailey,Female,29.0,Charlotte,NC,2022-06-09
CUST_003197,Carl Mendoza,Male,54.0,San Jose,CA,2023-05-29
CUST_003198,Teresa Adams,Female,31.0,Detroit,MI,2022-01-16
CUST_003199,Mary Flores,Female,40.0,Chicago,IL,2023-02-12
CUST_003200,Nicholas Ramirez,Male,51.0,Dallas,TX,2022-02-10
CUST_003201,Roger Bennett,Male,54.0,Phoenix,AZ,2023-06-03
CUST_003202,James Gonzalez,Male,41.0,Phoenix,AZ,2023-07-17
CUST_003203,Gregory Campbell,Male,43.0,New York,NY,2022-01-05
CUST_003204,Kenneth Cook,Male,26.0,Los Angeles,CA,2023-04-23
CUST_003205,Eric Bailey,MALE,51.0,Minneapolis,MN,2024-02-24
CUST_003206,Brenda Robinson,Female,54.0,Miami,FL,2023-01-20
CUST_003207,Shirley Wood,Female,18.0,New York,NY,2024-03-01
CUST_003208,Kathryn Roberts,Female,61.0,New York,NY,2024-03-07
CUST_003209,Carolyn Johnson,Female,30.0,New York,NY,2022-09-04
CUST_003210,Janice Morales,Female,46.0,San Jose,CA,2023-06-12
CUST_003211,Evelyn Garcia,Female,39.0,Chicago,IL,2023-12-10
CUST_003212,Jeffrey Peterson,Male,38.0,Boston,MA,2023-09-17
CUST_003213,Brandon Rogers,Male,36.0,New York,NY,2023-10-23
CUST_003214,Gary Edwards,Male,26.0,Denver,CO,2022-09-23
CUST_003215,Teresa Thomas,Female,45.0,Minneapolis,MN,2024-02-07
CUST_003216,Donald Martin,Male,35.0,New York,NY,2022-08-31
CUST_003217,Alice Cox,Female,22.0,Minneapolis,MN,2023-08-01
CUST_003218,Heather Turner,Female,26.0,Detroit,MI,2024-01-15
CUST_003219,Ruth Young,Female,22.0,San Diego,CA,2022-12-19
CUST_003220,Debra Turner,Female,32.0,Chicago,IL,2023-05-24
CUST_003221,Catherine Edwards,Female,45.0,Dallas,TX,2023-09-03
CUST_003222,Adam Cox,Male,30.0,Houston,TX,2024-02-13
CUST_003223,Jose King,Male,51.0,Portland,OR,2023-03-02
CUST_003224,Paul Lee,Male,37.0,San Diego,CA,2023-07-01
CUST_003225,Heather Reed,Female,35.0,Atlanta,GA,2022-06-01
CUST_003226,Jeffrey Jones,Male,39.0,Austin,TX,2022-03-14
CUST_003227,Tyler Gray,Male,56.0,Chicago,IL,2022-01-25
CUST_003228,Janet Kim,Female,21.0,San Antonio,TX,2023-03-25
CUST_003229,Mark Brown,Male,59.0,Minneapolis,MN,2023-05-19
CUST_003230,Judith Rodriguez,Female,51.0,Phoenix,AZ,2022-04-05
CUST_003231,Nicole Gutierrez,Female,38.0,Houston,TX,2022-07-10
CUST_003232,Janet Murphy,Female,53.0,Portland,OR,2022-09-28
CUST_003233,Adam Rogers,M,34.0,Houston,TX,2024-01-20
CUST_003234,Virginia Green,Female,42.0,Miami,FL,2022-04-19
CUST_003235,Megan Lewis,Female,32.0,Los Angeles,CA,2023-04-05
CUST_003236,Emily Watson,F,51.0,Atlanta,GA,2023-11-12
CUST_003237,Thomas Collins,Male,30.0,Austin,TX,2024-01-06
CUST_003238,Victoria King,Female,38.0,New York,NY,2023-09-05
CUST_003239,Carol Harris,Female,47.0,New York,NY,2022-09-27
CUST_003240,Karen King,Female,52.0,Chicago,IL,2022-05-12
CUST_003241,Christopher Parker,Male,28.0,San Jose,CA,2022-06-17
CUST_003242,Ronald Robinson,Male,48.0,Houston,TX,2023-10-30
CUST_003243,Jordan Bennett,Male,26.0,Chicago,IL,2022-10-25
CUST_003244,Margaret Miller,Female,18.0,Dallas,TX,2022-11-30
CUST_003245,Stephanie Cook,Female,29.0,Portland,OR,2022-07-04
CUST_003246,Arthur Cruz,Male,49.0,New York,NY,2023-02-20
CUST_003247,Judy Anderson,Female,38.0,San Jose,CA,2022-11-27
CUST_003248,Andrew Jones,Male,32.0,Detroit,MI,2022-12-17
CUST_003249,Terry Hall,Male,39.0,San Diego,CA,2022-02-08
CUST_003250,Nancy Carter,Female,39.0,Charlotte,NC,2023-03-14
CUST_003251,Walter Perez,Male,46.0,Austin,TX,2022-05-02
CUST_003252,John Roberts,Male,18.0,Seattle,WA,2023-05-11
CUST_003253,Anna Hall,Female,37.0,Atlanta,GA,2023-08-19
CUST_003254,Amanda Smith,Female,40.0,Los Angeles,CA,2023-05-19
CUST_003255,Christina Chavez,Female,21.0,Dallas,TX,2022-06-06
CUST_003256,John Miller,Male,21.0,Austin,TX,2023-07-11
CUST_003257,Helen Walker,Female,34.0,New York,NY,2023-02-02
CUST_003258,Christina Flores,Female,39.0,Philadelphia,PA,2022-12-19
CUST_003259,Michael Thomas,Male,39.0,Boston,MA,2022-06-08
CUST_003260,Janice Reyes,Female,32.0,New York,NY,2024-03-27
CUST_003261,Kathleen Anderson,Female,31.0,Phoenix,AZ,2023-01-16
CUST_003262,Anthony Parker,Male,34.0,Los Angeles,CA,2023-03-09
CUST_003263,Michelle Ramos,Female,42.0,Los Angeles,CA,2022-04-14
CUST_003264,Laura Campbell,Female,54.0,San Diego,CA,2023-08-23
CUST_003265,Kimberly Collins,Female,18.0,New York,NY,2022-10-12
CUST_003266,Debra Rodriguez,Female,46.0,Phoenix,AZ,2023-10-09
CUST_003267,Olivia Kim,Female,37.0,New York,NY,2022-03-16
CUST_003268,Jonathan Gutierrez,Male,45.0,Detroit,MI,2022-10-25
CUST_003269,Jonathan Gonzalez,Male,53.0,Minneapolis,MN,2023-10-12
CUST_003270,Hannah Gray,Female,29.0,Los Angeles,CA,2023-01-19
CUST_003271,Timothy Morris,Male,50.0,New York,NY,2022-02-08
CUST_003272,Jerry Evans,Male,23.0,Chicago,IL,2023-11-12
CUST_003273,Sean Edwards,Male,40.0,New York,NY,2024-03-08
CUST_003274,Paul Reyes,Male,35.0,Denver,CO,2023-01-02
CUST_003275,Jerry Martin,Male,39.0,Dallas,TX,2023-07-15
CUST_003276,Jesse Kim,Male,26.0,San Diego,CA,2022-12-30
CUST_003277,Carolyn Turner,Female,44.0,Miami,FL,2023-05-26
CUST_003278,Joe Bailey,Male,58.0,Atlanta,GA,2023-10-07
CUST_003279,Rebecca Williams,Female,26.0,Phoenix,AZ,2023-07-23
CUST_003280,Catherine Robinson,Female,41.0,Austin,TX,2022-11-10
CUST_003281,Timothy Sanchez,Male,49.0,Philadelphia,PA,2022-07-23
CUST_003282,Mary Williams,Female,35.0,Austin,TX,2023-05-18
CUST_003283,Denise Flores,Female,56.0,Los Angeles,CA,2023-08-12
CUST_003284,Carol Clark,Female,33.0,Chicago,IL,2023-06-10
CUST_003285,Sophia White,Female,37.0,Chicago,IL,2022-05-18
CUST_003286,Jose Collins,Male,26.0,Los Angeles,CA,2022-12-15
CUST_003287,Austin Taylor,Male,40.0,Phoenix,AZ,2023-10-12
CUST_003288,Sophia Moore,Female,,Denver,CO,2022-06-06
CUST_003289,Maria Wood,Female,46.0,Phoenix,AZ,2024-01-15
CUST_003290,Denise Kim,Female,31.0,Charlotte,NC,2023-03-17
CUST_003291,Cheryl Phillips,Female,30.0,Chicago,IL,2023-11-13
CUST_003292,Samuel Phillips,Male,44.0,Portland,OR,2022-12-03
CUST_003293,Jose Robinson,Male,56.0,Los Angeles,CA,2022-12-19
CUST_003294,Kimberly White,Female,46.0,Houston,TX,2024-03-09
CUST_003295,Mary Harris,Female,62.0,Los Angeles,CA,2023-06-04
CUST_003296,Kenneth Chavez,Male,45.0,Chicago,IL,2022-04-22
CUST_003297,Jonathan Peterson,Male,45.0,Los Angeles,CA,2024-03-03
CUST_003298,Michelle Robinson,Female,47.0,Austin,TX,2023-01-01
CUST_003299,Debra Reed,Female,57.0,Los Angeles,CA,2023-09-17
CUST_003300,Virginia Flores,Female,54.0,New York,NY,2022-05-19
CUST_003301,Jose Peterson,Male,25.0,Chicago,IL,2023-12-27
CUST_003302,Kathryn Adams,Female,49.0,Seattle,WA,2024-03-04
CUST_003303,Sophia Ward,Female,42.0,Philadelphia,PA,2023-01-08
CUST_003304,Sean Rodriguez,Male,36.0,Los Angeles,CA,2022-06-04
CUST_003305,Jerry Taylor,Male,18.0,New York,NY,2023-05-28
CUST_003306,Emily Edwards,Female,19.0,Denver,CO,2022-06-21
CUST_003307,Julia Smith,Female,34.0,Denver,CO,2023-02-26
CUST_003308,Sandra Ward,Female,20.0,Philadelphia,PA,2023-07-16
CUST_003309,Matthew Evans,Male,34.0,San Diego,CA,2022-05-30
CUST_003310,Rebecca Roberts,Female,47.0,Chicago,IL,2024-02-26
CUST_003311,Frank Gutierrez,Male,31.0,San Antonio,TX,2023-09-14
CUST_003312,Nathan Baker,Male,40.0,Denver,CO,2022-12-20
CUST_003313,John Adams,Male,25.0,Boston,MA,2023-02-04
CUST_003314,Jeremy Evans,Male,42.0,Houston,TX,2023-12-22
CUST_003315,Sandra Baker,Female,45.0,Seattle,WA,2023-03-25
CUST_003316,Stephanie Smith,Female,21.0,San Antonio,TX,2024-03-22
CUST_003317,Ronald Ortiz,Male,29.0,Denver,CO,2022-03-11
CUST_003318,Laura James,Female,23.0,Seattle,WA,2022-10-02
CUST_003319,Andrea Nguyen,FEMALE,45.0,Boston,MA,2023-04-27
CUST_003320,Linda Diaz,F,41.0,Los Angeles,CA,2022-05-26
CUST_003321,Kimberly Miller,Female,38.0,Houston,TX,2022-12-16
CUST_003322,Patricia Kim,Female,37.0,Chicago,IL,2023-04-29
CUST_003323,Jeremy Miller,Male,43.0,Philadelphia,PA,2022-09-23
CUST_003324,Joe Diaz,Male,43.0,Philadelphia,PA,2022-06-24
CUST_003325,Jose Martin,Male,32.0,Seattle,WA,2022-09-30
CUST_003326,Jack Lopez,Male,31.0,Dallas,TX,2022-04-01
CUST_003327,Jean Martinez,Female,38.0,Dallas,TX,2022-07-24
CUST_003328,Kenneth Torres,Male,36.0,San Jose,CA,2022-03-09
CUST_003329,Barbara Gray,Female,64.0,Chicago,IL,2024-02-29
CUST_003330,Debra Peterson,Female,34.0,Chicago,IL,2022-06-20
CUST_003331,Kenneth Stewart,,42.0,Los Angeles,CA,2022-01-02
CUST_003332,Nicole Cox,Female,44.0,Boston,MA,2024-03-03
CUST_003333,Nicole Torres,Female,56.0,New York,NY,2023-10-22
CUST_003334,Sharon Clark,Female,28.0,Houston,TX,2022-09-28
CUST_003335,Katherine Gonzalez,Female,55.0,Chicago,IL,2024-01-12
CUST_003336,Angela Adams,Female,37.0,Austin,TX,2024-01-07
CUST_003337,Charles Gray,Male,70.0,Detroit,MI,2023-10-09
CUST_003338,Carl Watson,Male,43.0,Minneapolis,MN,2023-06-23
CUST_003339,Christina Johnson,Female,23.0,New York,NY,2023-06-17
CUST_003340,Michael Jackson,Male,36.0,San Diego,CA,2024-03-11
CUST_003341,Karen Ramos,Female,55.0,New York,NY,2023-03-16
CUST_003342,Joseph Clark,Male,40.0,Atlanta,GA,2023-11-25
CUST_003343,Barbara Gonzalez,Female,38.0,Houston,TX,2022-05-02
CUST_003344,Barbara Howard,Female,47.0,Los Angeles,CA,2023-09-11
CUST_003345,Margaret Gutierrez,Female,34.0,San Antonio,TX,2024-03-24
CUST_003346,Noah Watson,Male,36.0,Philadelphia,PA,2022-01-12
CUST_003347,Roger Parker,Male,27.0,Portland,OR,2022-09-20
CUST_003348,Jeremy Clark,Male,60.0,New York,NY,2023-11-09
CUST_003349,Jerry Martin,Male,23.0,Portland,OR,2023-10-04
CUST_003350,Evelyn Watson,Female,41.0,Chicago,IL,2023-10-04
CUST_003351,Judith White,Female,44.0,Los Angeles,CA,2024-03-19
CUST_003352,Kathryn Cox,Female,38.0,Denver,CO,2022-04-15
CUST_003353,Judith Rogers,Female,23.0,San Diego,CA,2023-08-23
CUST_003354,Judith Cooper,Female,26.0,Minneapolis,MN,2023-07-29
CUST_003355,Martha Lopez,Female,45.0,San Diego,CA,2022-08-02
CUST_003356,Catherine Thomas,Female,29.0,San Antonio,TX,2022-08-09
CUST_003357,Paul Robinson,Male,18.0,Los Angeles,CA,2023-08-05
CUST_003358,Jessica Harris,Female,43.0,Portland,OR,2023-08-08
CUST_003359,Eric Hill,Male,28.0,Seattle,WA,2023-06-29
CUST_003360,Joseph Scott,Male,46.0,Austin,TX,2023-03-14
CUST_003361,Sandra Turner,female,36.0,Atlanta,GA,2023-09-01
CUST_003362,Jennifer Ramos,Female,35.0,New York,NY,2022-11-16
CUST_003363,Timothy Jones,Male,39.0,Miami,FL,2022-08-31
CUST_003364,Bryan Scott,Male,24.0,San Antonio,TX,2023-06-25
CUST_003365,Angela Campbell,Female,28.0,Atlanta,GA,2023-07-12
CUST_003366,Carol Kelly,Female,35.0,Denver,CO,2023-11-28
CUST_003367,Nicholas Ward,male,24.0,Philadelphia,PA,2023-02-04
CUST_003368,Timothy Ramirez,Male,47.0,Boston,MA,2023-10-25
CUST_003369,Kelly Smith,Female,35.0,Denver,CO,2024-02-06
CUST_003370,Olivia Gomez,Female,20.0,New York,NY,2023-02-12
CUST_003371,Robert Edwards,MALE,32.0,Denver,CO,2023-05-16
CUST_003372,Debra Cox,Female,40.0,San Antonio,TX,2024-02-01
CUST_003373,Robert Stewart,Male,33.0,Miami,FL,2022-10-28
CUST_003374,Kelly Gutierrez,Female,43.0,Atlanta,GA,2023-09-26
CUST_003375,Alice Allen,Female,46.0,Los Angeles,CA,2023-06-12
CUST_003376,Jean Edwards,Female,69.0,New York,NY,2023-02-03
CUST_003377,Emily Reed,Female,53.0,Los Angeles,CA,2024-01-02
CUST_003378,Kyle Mendoza,Male,18.0,Denver,CO,2022-06-16
CUST_003379,Jacqueline Taylor,Female,34.0,Minneapolis,MN,2022-02-09
CUST_003380,Carl Nguyen,Male,35.0,Seattle,WA,2022-08-04
CUST_003381,Dorothy Thomas,Female,46.0,Atlanta,GA,2024-01-10
CUST_003382,Larry Walker,Male,27.0,Dallas,TX,2022-12-05
CUST_003383,Paul Parker,Male,32.0,San Antonio,TX,2023-08-30
CUST_003384,John Morales,Male,23.0,Charlotte,NC,2022-08-26
CUST_003385,Victoria Robinson,Female,31.0,New York,NY,2023-04-06
CUST_003386,Jonathan White,Male,31.0,Phoenix,AZ,2023-05-01
CUST_003387,Joshua Turner,Male,35.0,Chicago,IL,2022-09-09
CUST_003388,Noah James,Male,24.0,New York,NY,2023-01-11
CUST_003389,Christine Bennett,Female,51.0,Austin,TX,2022-09-24
CUST_003390,Denise Walker,Female,44.0,Chicago,IL,2022-04-20
CUST_003391,Jacqueline Cook,female,20.0,Philadelphia,PA,2023-02-17
CUST_003392,Carl Taylor,Male,39.0,Los Angeles,CA,2023-06-01
CUST_003393,Ethan Campbell,Male,19.0,Phoenix,AZ,2022-04-09
CUST_003394,Karen Reed,Female,55.0,Los Angeles,CA,2022-12-17
CUST_003395,David Rodriguez,Male,59.0,Minneapolis,MN,2023-03-14
CUST_003396,Arthur Cruz,Male,38.0,San Diego,CA,2024-02-16
CUST_003397,Nancy Williams,Female,28.0,Atlanta,GA,2023-07-07
CUST_003398,Shirley Nelson,Female,30.0,San Antonio,TX,2024-02-22
CUST_003399,Dennis Martinez,M,33.0,New York,NY,2023-05-02
CUST_003400,Steven Richardson,Male,37.0,Seattle,WA,2023-11-21
CUST_003401,Michelle Smith,Female,,New York,NY,2022-04-16
CUST_003402,Justin Taylor,Male,50.0,Phoenix,AZ,2023-06-02
CUST_003403,Jeffrey Martinez,Male,,San Diego,CA,2022-12-13
CUST_003404,Nathan Hernandez,Male,41.0,Boston,MA,2023-09-30
CUST_003405,Richard Adams,Male,24.0,Detroit,MI,2024-01-11
CUST_003406,Brandon Brown,Male,29.0,Los Angeles,CA,2023-09-19
CUST_003407,Anthony Evans,Male,39.0,Seattle,WA,2022-04-07
CUST_003408,Ruth Lewis,Female,23.0,San Antonio,TX,2023-07-15
CUST_003409,Karen Adams,Female,42.0,Boston,MA,2023-10-11
CUST_003410,Kimberly Wright,Female,49.0,Portland,OR,2022-02-03
CUST_003411,Keith Brooks,Male,45.0,San Diego,CA,2022-06-29
CUST_003412,Michelle Ramirez,Female,45.0,Chicago,IL,2023-08-27
CUST_003413,Peter Lopez,Male,18.0,Atlanta,GA,2022-11-10
CUST_003414,Melissa Watson,Female,55.0,San Diego,CA,2022-03-11
CUST_003415,Michelle Cruz,Female,19.0,Minneapolis,MN,2024-01-19
CUST_003416,Stephanie Watson,Female,37.0,Dallas,TX,2024-02-29
CUST_003417,Terry Rodriguez,Male,46.0,Portland,OR,2022-12-31
CUST_003418,Gary Wood,Male,43.0,New York,NY,2024-03-26
CUST_003419,Carol Richardson,Female,23.0,Denver,CO,2023-12-28
CUST_003420,Gregory White,Male,25.0,Houston,TX,2023-05-26
CUST_003421,Jacob Evans,Male,42.0,Seattle,WA,2023-10-14
CUST_003422,Jacqueline Peterson,Female,45.0,Portland,OR,2024-02-18
CUST_003423,Jordan Hernandez,Male,25.0,San Jose,CA,2023-09-30
CUST_003424,Rachel Anderson,Female,43.0,Boston,MA,2022-11-30
CUST_003425,Nicole Nguyen,Female,20.0,Los Angeles,CA,2022-07-21
CUST_003426,Jason Lopez,Male,46.0,Los Angeles,CA,2023-02-17
CUST_003427,Sophia Williams,Female,27.0,Dallas,TX,2022-07-15
CUST_003428,Scott Gonzalez,Male,40.0,Philadelphia,PA,2022-01-25
CUST_003429,Mark Martin,Male,37.0,New York,NY,2023-03-09
CUST_003430,Bryan Wright,Male,53.0,Denver,CO,2022-11-23
CUST_003431,Dylan Nelson,Male,42.0,Seattle,WA,2022-04-15
CUST_003432,Jonathan Reed,Male,31.0,New York,NY,2024-01-07
CUST_003433,Jason Richardson,male,43.0,New York,NY,2022-05-13
CUST_003434,Kelly Hall,Female,65.0,Phoenix,AZ,2023-07-21
CUST_003435,Teresa Phillips,Female,48.0,San Jose,CA,2023-06-06
CUST_003436,Brandon Anderson,Male,38.0,Minneapolis,MN,2024-03-17
CUST_003437,Laura Collins,Female,28.0,Philadelphia,PA,2022-09-16
CUST_003438,Stephanie Kim,Female,31.0,New York,NY,2022-08-30
CUST_003439,Sharon Clark,Female,47.0,Miami,FL,2023-07-19
CUST_003440,Charles Reyes,Male,27.0,Los Angeles,CA,2023-05-28
CUST_003441,Hannah Gonzalez,Female,39.0,San Jose,CA,2023-11-27
CUST_003442,Sarah Jackson,Female,56.0,Phoenix,AZ,2022-07-02
CUST_003443,Shirley White,Female,40.0,Detroit,MI,2022-10-29
CUST_003444,Teresa Williams,Female,25.0,Denver,CO,2022-01-06
CUST_003445,Nicholas Hernandez,Male,66.0,New York,NY,2023-09-25
CUST_003446,Stephanie Moore,Female,61.0,Houston,TX,2022-11-19
CUST_003447,Jesse Brown,Male,45.0,Los Angeles,CA,2022-08-31
CUST_003448,Christopher Chavez,Male,54.0,Chicago,IL,2023-07-03
CUST_003449,Kathryn Moore,Female,35.0,Phoenix,AZ,2022-09-14
CUST_003450,William Torres,Male,48.0,San Diego,CA,2022-03-05
CUST_003451,Eric Lopez,Male,33.0,Atlanta,GA,2022-08-31
CUST_003452,Tyler Roberts,Male,22.0,New York,NY,2023-12-23
CUST_003453,Amy Wilson,Female,71.0,Philadelphia,PA,2023-06-25
CUST_003454,Carolyn Thompson,Female,21.0,Miami,FL,2023-03-21
CUST_003455,Steven Lewis,Male,42.0,Philadelphia,PA,2023-04-06
CUST_003456,Frank Bailey,Male,42.0,San Diego,CA,2024-03-29
CUST_003457,Christopher Adams,Male,45.0,Boston,MA,2022-02-05
CUST_003458,Harold Miller,Male,37.0,Denver,CO,2022-06-20
CUST_003459,Heather Bennett,Female,38.0,San Antonio,TX,2024-01-03
CUST_003460,Scott Brown,Male,40.0,Charlotte,NC,2023-05-10
CUST_003461,Elizabeth Harris,Female,44.0,New York,NY,2024-03-27
CUST_003462,Brandon Gonzalez,Male,38.0,New York,NY,2023-08-30
CUST_003463,Catherine Nguyen,Female,38.0,Phoenix,AZ,2023-09-27
CUST_003464,Dorothy Morris,Female,22.0,Los Angeles,CA,2023-06-14
CUST_003465,Nathan Sanchez,Male,64.0,Los Angeles,CA,2022-01-20
CUST_003466,Richard Moore,Male,45.0,Los Angeles,CA,2024-01-31
CUST_003467,Steven Ramos,Male,41.0,Seattle,WA,2023-05-01
CUST_003468,Judith Hernandez,FEMALE,31.0,Phoenix,AZ,2022-01-11
CUST_003469,Betty Campbell,Female,26.0,Miami,FL,2022-08-06
CUST_003470,Joshua Howard,Male,49.0,Chicago,IL,2022-12-11
CUST_003471,Virginia Reyes,Female,37.0,Austin,TX,2022-10-16
CUST_003472,Evelyn Kelly,Female,46.0,Los Angeles,CA,2022-02-01
CUST_003473,William Morris,Male,22.0,New York,NY,2022-10-10
CUST_003474,Lisa Chavez,Female,58.0,Seattle,WA,2024-01-23
CUST_003475,Stephen Thompson,Male,50.0,Los Angeles,CA,2023-06-20
CUST_003476,Diane Sanchez,Female,37.0,Seattle,WA,2022-11-21
CUST_003477,Larry Jones,Male,44.0,Seattle,WA,2022-04-07
CUST_003478,Aaron Walker,Male,48.0,Seattle,WA,2023-10-16
CUST_003479,Walter Rivera,Male,22.0,Austin,TX,2023-09-23
CUST_003480,Jesse Anderson,Male,59.0,Minneapolis,MN,2022-01-03
CUST_003481,Cynthia Wright,Female,45.0,New York,NY,2024-03-26
CUST_003482,Anthony Carter,Male,30.0,Portland,OR,2022-09-27
CUST_003483,Kevin Bailey,Male,25.0,New York,NY,2022-09-24
CUST_003484,Daniel Brooks,Male,51.0,San Antonio,TX,2022-10-29
CUST_003485,Gary Kim,Male,41.0,Detroit,MI,2024-03-06
CUST_003486,Carl Turner,Male,45.0,Chicago,IL,2023-12-17
CUST_003487,Jason Lopez,Male,39.0,Miami,FL,2023-07-27
CUST_003488,Daniel Wood,Male,26.0,Austin,TX,2023-04-08
CUST_003489,Rachel Martinez,Female,45.0,Miami,FL,2022-11-21
CUST_003490,Denise Williams,Female,36.0,New York,NY,2022-11-28
CUST_003491,Donald Richardson,Male,38.0,Dallas,TX,2022-11-20
CUST_003492,Hannah Thomas,Female,68.0,Los Angeles,CA,2024-01-01
CUST_003493,Christian Rivera,Male,49.0,New York,NY,2023-08-28
CUST_003494,Nicholas Bennett,Male,50.0,Seattle,WA,2023-01-28
CUST_003495,Julie Thompson,Female,73.0,Boston,MA,2024-03-26
CUST_003496,Jonathan Parker,Male,43.0,Denver,CO,2022-07-06
CUST_003497,Kenneth Clark,Male,40.0,Denver,CO,2022-03-26
CUST_003498,Jonathan Rivera,Male,30.0,Atlanta,GA,2022-12-26
CUST_003499,Sarah Green,Female,33.0,San Antonio,TX,2024-03-19
CUST_003500,Douglas Cox,Male,18.0,Houston,TX,2022-01-28
CUST_003501,Teresa Watson,Female,48.0,Boston,MA,2022-03-31
CUST_003502,Timothy Diaz,Male,23.0,Seattle,WA,2022-12-03
CUST_003503,Maria Edwards,Female,50.0,Los Angeles,CA,2024-03-22
CUST_003504,Andrew Brooks,Male,38.0,Philadelphia,PA,2022-12-05
CUST_003505,Christopher Williams,Male,40.0,Los Angeles,CA,2023-08-25
CUST_003506,Adam Thomas,Male,38.0,Boston,MA,2024-01-02
CUST_003507,Nancy Gonzalez,Female,56.0,Chicago,IL,2023-08-20
CUST_003508,Jeremy Wright,Male,54.0,Austin,TX,2022-04-09
CUST_003509,Kevin Nguyen,Male,38.0,Denver,CO,2022-06-08
CUST_003510,Gloria Sanchez,Female,27.0,Charlotte,NC,2022-09-21
CUST_003511,Ryan Hill,Male,50.0,Philadelphia,PA,2023-11-16
CUST_003512,Ryan Morgan,Male,26.0,Minneapolis,MN,2023-11-21
CUST_003513,Walter Young,Male,19.0,Seattle,WA,2022-06-29
CUST_003514,Benjamin Lewis,Male,45.0,New York,NY,2023-01-04
CUST_003515,Steven Collins,Male,54.0,Phoenix,AZ,2022-05-30
CUST_003516,Gerald Lopez,Male,33.0,Phoenix,AZ,2023-03-23
CUST_003517,Jason Clark,Male,44.0,New York,NY,2022-12-23
CUST_003518,Sarah Phillips,Female,33.0,Philadelphia,PA,2024-03-25
CUST_003519,Eric Jones,Male,48.0,New York,NY,2023-01-13
CUST_003520,Frank Bennett,Male,52.0,Miami,FL,2022-02-25
CUST_003521,Dennis Gomez,Male,35.0,Houston,TX,2023-04-29
CUST_003522,Roger Ramos,Male,26.0,Los Angeles,CA,2024-01-30
CUST_003523,Janet Williams,Female,20.0,Austin,TX,2022-12-27
CUST_003524,Michelle Carter,Female,50.0,Miami,FL,2023-12-02
CUST_003525,Dorothy Bennett,Female,24.0,Portland,OR,2023-02-05
CUST_003526,Sarah Kelly,Female,43.0,Minneapolis,MN,2023-06-05
CUST_003527,Judith Evans,female,48.0,Minneapolis,MN,2023-04-15
CUST_003528,Karen Hall,Female,32.0,Houston,TX,2024-01-08
CUST_003529,Dennis Hernandez,Male,,San Antonio,TX,2023-06-05
CUST_003530,Diane Ramos,Female,51.0,Houston,TX,2023-01-04
CUST_003531,Hannah Rodriguez,Female,28.0,Detroit,MI,2023-10-27
CUST_003532,Susan Green,Female,27.0,New York,NY,2022-02-26
CUST_003533,Emily Allen,Female,36.0,Dallas,TX,2022-10-03
CUST_003534,Jean Gray,Female,54.0,Chicago,IL,2022-10-16
CUST_003535,Frank Martinez,Male,59.0,Miami,FL,2023-06-05
CUST_003536,Larry Smith,Male,37.0,Houston,TX,2023-12-13
CUST_003537,Megan Wilson,Female,30.0,Miami,FL,2023-05-25
CUST_003538,Austin Miller,Male,52.0,Detroit,MI,2023-03-11
CUST_003539,Dorothy Lee,FEMALE,18.0,Los Angeles,CA,2022-03-14
CUST_003540,Janice Cox,Female,,Boston,MA,2024-03-11
CUST_003541,Thomas Rodriguez,Male,38.0,Houston,TX,2022-10-24
CUST_003542,Joe Ramos,Male,55.0,Phoenix,AZ,2022-05-20
CUST_003543,Anthony Baker,Male,56.0,Chicago,IL,2023-12-12
CUST_003544,Dorothy Wilson,Female,27.0,Austin,TX,2024-01-19
CUST_003545,Sarah Stewart,Female,41.0,Houston,TX,2022-10-27
CUST_003546,Martha Cruz,Female,31.0,Denver,CO,2023-05-21
CUST_003547,Grace Gonzalez,Female,35.0,Boston,MA,2023-11-08
CUST_003548,George Gray,Male,46.0,Phoenix,AZ,2022-01-25
CUST_003549,Sharon Martinez,Female,34.0,New York,NY,2024-03-22
CUST_003550,Brian Thompson,Male,41.0,New York,NY,2022-11-18
CUST_003551,Matthew Brooks,Male,50.0,Chicago,IL,2023-03-28
CUST_003552,Jeremy Ramirez,Male,57.0,Portland,OR,2022-02-26
CUST_003553,Barbara Garcia,Female,42.0,Phoenix,AZ,2022-02-22
CUST_003554,Bryan Clark,Male,40.0,Denver,CO,2022-05-02
CUST_003555,Abigail Kelly,Female,25.0,Portland,OR,2022-11-16
CUST_003556,Charles Kim,Male,58.0,Houston,TX,2024-02-09
CUST_003557,Carolyn Scott,Female,45.0,Dallas,TX,2023-04-25
CUST_003558,Jordan Anderson,Male,40.0,Miami,FL,2022-11-20
CUST_003559,Gerald Turner,Male,40.0,Austin,TX,2023-03-05
CUST_003560,Zachary Thompson,Male,43.0,New York,NY,2022-09-27
CUST_003561,John Martinez,Male,48.0,Boston,MA,2023-07-17
CUST_003562,Barbara Cruz,Female,50.0,Detroit,MI,2023-04-19
CUST_003563,Harold Harris,Male,59.0,Boston,MA,2023-01-04
CUST_003564,Amy Baker,Female,42.0,Boston,MA,2023-08-31
CUST_003565,Adam Sanchez,Male,60.0,Boston,MA,2023-01-15
CUST_003566,Kyle Wood,Male,52.0,Austin,TX,2023-11-24
CUST_003567,Eric Young,Male,38.0,Chicago,IL,2023-06-28
CUST_003568,Betty Martinez,Female,18.0,Detroit,MI,2022-07-30
CUST_003569,Jacob White,Male,40.0,Los Angeles,CA,2022-06-22
CUST_003570,Frances Mendoza,Female,58.0,Miami,FL,2022-09-18
CUST_003571,Edward Martinez,Male,29.0,Houston,TX,2024-02-07
CUST_003572,Barbara Jones,Female,40.0,Seattle,WA,2023-12-05
CUST_003573,Judy Allen,Female,41.0,Atlanta,GA,2024-03-13
CUST_003574,Kelly Taylor,Female,50.0,Atlanta,GA,2023-10-12
CUST_003575,Carolyn Wright,Female,34.0,Los Angeles,CA,2024-02-04
CUST_003576,Teresa Kim,Female,28.0,Austin,TX,2022-12-15
CUST_003577,Nicholas Reed,Male,46.0,Los Angeles,CA,2023-07-14
CUST_003578,Grace Jones,Female,29.0,New York,NY,2023-01-15
CUST_003579,Gerald Mendoza,Male,18.0,San Diego,CA,2024-01-02
CUST_003580,Melissa Adams,Female,62.0,Charlotte,NC,2024-03-29
CUST_003581,Ryan Thomas,Male,50.0,Charlotte,NC,2023-10-12
CUST_003582,Brian Robinson,Male,62.0,Dallas,TX,2023-11-07
CUST_003583,Victoria Wood,Female,49.0,Boston,MA,2024-01-13
CUST_003584,Aaron Martin,Male,47.0,Chicago,IL,2022-04-15
CUST_003585,Samuel Morales,Male,43.0,Los Angeles,CA,2023-03-30
CUST_003586,Bryan Wood,Male,,Denver,CO,2023-10-03
CUST_003587,Samantha Hill,Female,45.0,Atlanta,GA,2023-07-03
CUST_003588,Hannah Martin,Female,32.0,Denver,CO,2023-05-14
CUST_003589,Jose Brooks,Male,25.0,New York,NY,2023-01-10
CUST_003590,Rachel Moore,Female,34.0,Houston,TX,2022-08-16
CUST_003591,Michael Cooper,Male,55.0,New York,NY,2024-02-09
CUST_003592,Virginia Phillips,Female,23.0,Atlanta,GA,2023-10-04
CUST_003593,Aaron Mitchell,Male,23.0,Houston,TX,2023-07-09
CUST_003594,Lisa Ward,Female,46.0,Philadelphia,PA,2022-04-04
CUST_003595,Jacqueline Gomez,Female,33.0,Dallas,TX,2022-05-02
CUST_003596,Justin Reed,Male,45.0,New York,NY,2023-02-18
CUST_003597,Ronald Mendoza,Male,51.0,Houston,TX,2022-05-16
CUST_003598,Christian Hill,Male,44.0,Denver,CO,2022-06-08
CUST_003599,Jason Hill,Male,31.0,Chicago,IL,2022-03-31
CUST_003600,Julie Carter,Female,55.0,Dallas,TX,2022-10-23
CUST_003601,Julie Bennett,Female,48.0,Charlotte,NC,2022-01-13
CUST_003602,Elizabeth Taylor,Female,39.0,New York,NY,2023-10-03
CUST_003603,Brenda Bennett,Female,38.0,Chicago,IL,2023-06-28
CUST_003604,Donna Moore,Female,43.0,Seattle,WA,2023-04-19
CUST_003605,Donald Martinez,Male,35.0,Austin,TX,2024-03-22
CUST_003606,Virginia Morgan,Female,18.0,Charlotte,NC,2023-03-30
CUST_003607,Mary Evans,Female,48.0,New York,NY,2024-01-05
CUST_003608,Sophia Reyes,Female,47.0,Minneapolis,MN,2022-07-18
CUST_003609,Shirley Brooks,Female,18.0,San Antonio,TX,2022-09-26
CUST_003610,Stephanie Evans,Female,45.0,Chicago,IL,2022-11-22
CUST_003611,Arthur Ward,,60.0,San Antonio,TX,2024-03-24
CUST_003612,Katherine Martin,Female,24.0,Phoenix,AZ,2024-01-31
CUST_003613,Jerry Lee,Male,38.0,Los Angeles,CA,2023-03-03
CUST_003614,Henry Sanchez,Male,36.0,Los Angeles,CA,2023-12-20
CUST_003615,Carl Gray,Male,59.0,Chicago,IL,2022-08-28
CUST_003616,Christopher Taylor,Male,53.0,Dallas,TX,2023-06-23
CUST_003617,Susan Bailey,Female,28.0,New York,NY,2022-06-21
CUST_003618,Denise Scott,Female,43.0,New York,NY,2023-06-10
CUST_003619,Mary Flores,Female,67.0,Houston,TX,2022-08-18
CUST_003620,Douglas Bennett,Male,31.0,Denver,CO,2023-06-18
CUST_003621,Dennis Robinson,Male,38.0,Charlotte,NC,2023-02-15
CUST_003622,Janet Turner,Female,45.0,New York,NY,2023-05-29
CUST_003623,Hannah James,Female,31.0,Charlotte,NC,2022-06-20
CUST_003624,Jordan Thompson,Male,61.0,Seattle,WA,2023-04-18
CUST_003625,Michael James,Male,33.0,Detroit,MI,2022-11-11
CUST_003626,Jerry Clark,Male,21.0,San Diego,CA,2022-06-03
CUST_003627,Zachary Cox,Male,32.0,Philadelphia,PA,2023-04-13
CUST_003628,Timothy Gomez,Male,47.0,Boston,MA,2022-05-29
CUST_003629,Sean Rodriguez,Male,29.0,Dallas,TX,2023-02-14
CUST_003630,Nicole Campbell,Female,42.0,Minneapolis,MN,2022-11-17
CUST_003631,Margaret Gray,Female,46.0,Minneapolis,MN,2023-05-17
CUST_003632,Gerald Thompson,Male,23.0,San Diego,CA,2023-03-31
CUST_003633,Jesse Sanchez,Male,31.0,Dallas,TX,2022-05-25
CUST_003634,Sarah Ramos,Female,43.0,Philadelphia,PA,2022-10-09
CUST_003635,Walter Green,Male,47.0,Seattle,WA,2023-05-27
CUST_003636,Donna Baker,Female,32.0,Seattle,WA,2023-12-12
CUST_003637,James Brown,Male,40.0,San Jose,CA,2022-03-07
CUST_003638,Dorothy Thomas,Female,35.0,New York,NY,2022-04-10
CUST_003639,Gerald Clark,Male,48.0,Charlotte,NC,2023-11-17
CUST_003640,Daniel Hall,Male,45.0,Houston,TX,2022-12-02
CUST_003641,Nancy Davis,Female,34.0,Chicago,IL,2022-09-19
CUST_003642,Judith Ramirez,Female,44.0,Los Angeles,CA,2022-08-25
CUST_003643,Nicholas Jones,Male,33.0,New York,NY,2024-03-12
CUST_003644,Betty Flores,Female,44.0,Philadelphia,PA,2023-04-21
CUST_003645,Michelle Garcia,Female,44.0,New York,NY,2022-06-20
CUST_003646,Harold Wilson,Male,68.0,Los Angeles,CA,2023-01-27
CUST_003647,Julie Watson,Female,34.0,New York,NY,2022-09-23
CUST_003648,Andrea Gutierrez,Female,37.0,Los Angeles,CA,2022-06-28
CUST_003649,Sarah Cox,Female,30.0,Charlotte,NC,2024-03-17
CUST_003650,Larry Mendoza,Male,26.0,San Diego,CA,2023-02-28
CUST_003651,Jacqueline Mitchell,Female,33.0,New York,NY,2023-09-04
CUST_003652,Dorothy Baker,Female,47.0,Dallas,TX,2024-01-25
CUST_003653,Sandra Johnson,Female,48.0,Austin,TX,2022-08-02
CUST_003654,Angela Davis,Female,42.0,San Diego,CA,2022-05-18
CUST_003655,Laura Morgan,FEMALE,35.0,Houston,TX,2022-09-22
CUST_003656,Ashley Evans,Female,32.0,San Jose,CA,2023-09-19
CUST_003657,Judy Phillips,Female,27.0,Los Angeles,CA,2023-01-07
CUST_003658,Katherine Ramirez,Female,32.0,Los Angeles,CA,2023-04-04
CUST_003659,Dennis James,Male,22.0,Charlotte,NC,2022-01-24
CUST_003660,Lisa Scott,Female,55.0,Phoenix,AZ,2022-01-05
CUST_003661,Ruth Chavez,Female,61.0,Los Angeles,CA,2023-01-28
CUST_003662,Patrick Garcia,Male,18.0,Los Angeles,CA,2022-06-10
CUST_003663,Lawrence Bennett,Male,42.0,Denver,CO,2023-11-13
CUST_003664,Nicholas Moore,Male,42.0,New York,NY,2024-02-28
CUST_003665,Hannah Gray,Female,41.0,Houston,TX,2024-02-12
CUST_003666,Stephanie Roberts,Female,31.0,Houston,TX,2023-03-17
CUST_003667,Heather Ortiz,Female,51.0,Chicago,IL,2022-10-16
CUST_003668,Abigail Campbell,Female,44.0,San Antonio,TX,2023-03-31
CUST_003669,Olivia King,Female,51.0,New York,NY,2022-04-24
CUST_003670,Douglas Brown,Male,29.0,Philadelphia,PA,2024-02-23
CUST_003671,Frances Carter,Female,21.0,New York,NY,2023-08-20
CUST_003672,Lawrence Robinson,Male,44.0,Charlotte,NC,2022-10-16
CUST_003673,Emily Gomez,Female,26.0,Austin,TX,2023-10-22
CUST_003674,Kimberly Anderson,,52.0,New York,NY,2022-09-08
CUST_003675,Patrick Clark,Male,18.0,Los Angeles,CA,2023-10-17
CUST_003676,Jordan Kim,Male,33.0,Denver,CO,2023-01-23
CUST_003677,Katherine Reyes,Female,31.0,Denver,CO,2024-01-02
CUST_003678,Edward Turner,Male,34.0,Houston,TX,2024-03-24
CUST_003679,Carolyn Perez,Female,42.0,Los Angeles,CA,2022-11-15
CUST_003680,Barbara Reed,Female,43.0,San Diego,CA,2023-05-23
CUST_003681,Mark Martinez,Male,46.0,Chicago,IL,2022-09-02
CUST_003682,Betty Jackson,Female,48.0,New York,NY,2023-11-19
CUST_003683,Jennifer Lopez,Female,36.0,Houston,TX,2023-04-07
CUST_003684,Evelyn Walker,Female,65.0,Boston,MA,2024-03-20
CUST_003685,Sharon Wilson,Female,56.0,Houston,TX,2024-01-17
CUST_003686,Sandra Bennett,Female,35.0,New York,NY,2022-10-03
CUST_003687,Debra Gray,Female,37.0,New York,NY,2022-05-10
CUST_003688,Ronald Murphy,Male,34.0,Austin,TX,2023-07-14
CUST_003689,Gary Lewis,Male,43.0,San Diego,CA,2022-11-13
CUST_003690,Rebecca Lopez,Female,26.0,Seattle,WA,2022-09-16
CUST_003691,Mary Ward,Female,29.0,Dallas,TX,2023-05-18
CUST_003692,Henry Gomez,Male,18.0,San Antonio,TX,2023-05-13
CUST_003693,Karen Gonzalez,Female,34.0,San Antonio,TX,2023-05-12
CUST_003694,Paul Carter,Male,52.0,Charlotte,NC,2022-10-23
CUST_003695,Donald Gray,Male,37.0,Miami,FL,2022-06-15
CUST_003696,Laura Lopez,Female,37.0,Phoenix,AZ,2022-07-12
CUST_003697,Margaret Robinson,Female,42.0,San Jose,CA,2023-09-24
CUST_003698,Cynthia Collins,Female,26.0,New York,NY,2023-03-19
CUST_003699,Carol Campbell,Female,39.0,New York,NY,2023-03-20
CUST_003700,Barbara Rodriguez,Female,50.0,Houston,TX,2024-03-16
CUST_003701,Carl Jones,Male,42.0,Boston,MA,2024-02-06
CUST_003702,Stephanie White,Female,51.0,Detroit,MI,2022-03-14
CUST_003703,Joseph Gomez,Male,54.0,Seattle,WA,2023-11-18
CUST_003704,Samuel Evans,Male,47.0,Denver,CO,2022-09-11
CUST_003705,Lisa Cooper,Female,30.0,New York,NY,2023-09-26
CUST_003706,Cheryl Johnson,Female,34.0,Portland,OR,2022-07-02
CUST_003707,Barbara Allen,Female,63.0,New York,NY,2022-06-05
CUST_003708,Justin Carter,Male,42.0,Portland,OR,2024-02-20
CUST_003709,Julia Wood,Female,41.0,Los Angeles,CA,2023-05-28
CUST_003710,Matthew Mitchell,Male,28.0,New York,NY,2022-12-10
CUST_003711,Steven Rogers,Male,37.0,Dallas,TX,2024-01-20
CUST_003712,Dennis Kelly,Male,47.0,New York,NY,2022-10-19
CUST_003713,Joe Young,Male,39.0,New York,NY,2022-03-12
CUST_003714,Jacob Rivera,Male,32.0,Seattle,WA,2023-01-18
CUST_003715,Aaron Taylor,,35.0,Denver,CO,2023-09-15
CUST_003716,Matthew White,Male,53.0,Chicago,IL,2023-08-14
CUST_003717,Aaron Hernandez,Male,47.0,San Diego,CA,2023-03-23
CUST_003718,Kenneth Brooks,Male,45.0,Dallas,TX,2023-04-21
CUST_003719,Jerry Martin,Male,44.0,Los Angeles,CA,2023-05-06
CUST_003720,Jessica Gonzalez,Female,24.0,Philadelphia,PA,2023-01-01
CUST_003721,Samuel Cruz,Male,42.0,San Jose,CA,2022-04-02
CUST_003722,Andrew Williams,Male,52.0,Minneapolis,MN,2022-06-17
CUST_003723,Nathan Moore,Male,35.0,Phoenix,AZ,2023-09-27
CUST_003724,Megan Collins,Female,51.0,Seattle,WA,2023-11-26
CUST_003725,Noah Rodriguez,Male,45.0,San Antonio,TX,2023-01-18
CUST_003726,Jordan Jackson,Male,49.0,Denver,CO,2022-11-23
CUST_003727,Larry Kim,Male,39.0,Atlanta,GA,2023-07-05
CUST_003728,Kelly Cooper,Female,50.0,San Diego,CA,2022-01-25
CUST_003729,John Morgan,Male,20.0,New York,NY,2023-06-06
CUST_003730,Austin Davis,Male,39.0,Minneapolis,MN,2023-03-19
CUST_003731,Jerry Morgan,Male,47.0,Austin,TX,2023-02-25
CUST_003732,Eric Ramirez,Male,42.0,Austin,TX,2022-01-02
CUST_003733,Jonathan Wright,Male,52.0,San Antonio,TX,2024-02-23
CUST_003734,Walter Parker,,37.0,Los Angeles,CA,2022-07-02
CUST_003735,Teresa King,female,32.0,San Antonio,TX,2022-05-03
CUST_003736,Keith Davis,Male,18.0,San Diego,CA,2023-01-10
CUST_003737,Debra Reyes,Female,35.0,Phoenix,AZ,2023-11-05
CUST_003738,Ryan King,Male,45.0,Los Angeles,CA,2023-10-26
CUST_003739,Jesse Young,Male,48.0,Boston,MA,2023-04-22
CUST_003740,Olivia Williams,Female,21.0,Philadelphia,PA,2023-05-21
CUST_003741,Janet Mendoza,Female,53.0,Seattle,WA,2023-03-08
CUST_003742,Diane Cruz,Female,26.0,New York,NY,2022-01-29
CUST_003743,Tyler Hall,Male,37.0,San Antonio,TX,2022-10-08
CUST_003744,Zachary Richardson,Male,31.0,New York,NY,2023-01-13
CUST_003745,Catherine Howard,Female,44.0,Denver,CO,2023-05-25
CUST_003746,Terry Morgan,Male,40.0,Dallas,TX,2023-08-11
CUST_003747,Madison Jackson,Female,47.0,Philadelphia,PA,2024-03-23
CUST_003748,Stephen Stewart,Male,62.0,Charlotte,NC,2023-04-19
CUST_003749,Sandra Morgan,Female,43.0,Houston,TX,2023-08-21
CUST_003750,Heather Morris,Female,31.0,Phoenix,AZ,2024-03-05
CUST_003751,Julie Ward,Female,44.0,Denver,CO,2022-10-09
CUST_003752,Samuel Campbell,Male,63.0,San Diego,CA,2023-03-07
CUST_003753,Kathryn Carter,Female,47.0,San Jose,CA,2023-09-25
CUST_003754,Joseph Cooper,Male,50.0,Charlotte,NC,2023-06-03
CUST_003755,Deborah Campbell,Female,19.0,Seattle,WA,2024-01-21
CUST_003756,Madison Anderson,Female,43.0,Los Angeles,CA,2023-06-03
CUST_003757,Alice Ramos,Female,35.0,Los Angeles,CA,2024-02-09
CUST_003758,Pamela Wright,Female,30.0,Minneapolis,MN,2022-06-08
CUST_003759,Donald Morgan,Male,38.0,New York,NY,2023-11-22
CUST_003760,Brenda Jones,Female,40.0,San Antonio,TX,2022-08-10
CUST_003761,Larry Parker,male,31.0,Detroit,MI,2022-02-24
CUST_003762,Rachel Jackson,female,41.0,Boston,MA,2022-05-02
CUST_003763,Melissa Chavez,Female,36.0,New York,NY,2023-06-14
CUST_003764,Rebecca Scott,Female,47.0,Denver,CO,2022-10-20
CUST_003765,Virginia Sanchez,Female,41.0,Phoenix,AZ,2022-06-03
CUST_003766,Jerry Allen,Male,43.0,Detroit,MI,2023-07-21
CUST_003767,Jose Johnson,Male,51.0,Dallas,TX,2023-04-03
CUST_003768,Angela Martinez,Female,45.0,San Diego,CA,2023-01-06
CUST_003769,Edward Kim,Male,38.0,New York,NY,2023-05-11
CUST_003770,Jeffrey Morris,Male,18.0,Chicago,IL,2023-12-31
CUST_003771,Dylan Richardson,Male,45.0,Phoenix,AZ,2023-09-28
CUST_003772,Gary Richardson,Male,27.0,Denver,CO,2023-04-09
CUST_003773,Dennis Ramirez,Male,37.0,San Diego,CA,2023-12-05
CUST_003774,Samuel Bailey,Male,43.0,Miami,FL,2024-01-01
CUST_003775,Terry Cook,Male,55.0,New York,NY,2023-01-02
CUST_003776,Amy Gutierrez,Female,62.0,Houston,TX,2022-06-09
CUST_003777,Jonathan Perez,Male,27.0,Austin,TX,2022-05-05
CUST_003778,Ann Gomez,Female,22.0,San Jose,CA,2023-07-28
CUST_003779,Matthew Clark,Male,43.0,San Antonio,TX,2024-02-18
CUST_003780,Jack Ramirez,Male,42.0,Phoenix,AZ,2022-02-13
CUST_003781,Shirley Lee,Female,23.0,New York,NY,2023-04-11
CUST_003782,Joe Thompson,Male,38.0,Seattle,WA,2022-07-22
CUST_003783,Zachary Rivera,Male,46.0,Detroit,MI,2023-05-08
CUST_003784,Mary Rivera,Female,23.0,Atlanta,GA,2023-12-28
CUST_003785,Noah White,Male,26.0,Seattle,WA,2023-11-10
CUST_003786,Douglas Hall,Male,30.0,San Jose,CA,2024-03-12
CUST_003787,Patrick Ortiz,Male,36.0,Boston,MA,2023-04-01
CUST_003788,Carol Gomez,Female,47.0,Boston,MA,2023-08-15
CUST_003789,Betty Perez,Female,34.0,New York,NY,2024-01-25
CUST_003790,Tyler Clark,Male,39.0,Houston,TX,2023-09-08
CUST_003791,Emma Brooks,female,67.0,Minneapolis,MN,2024-03-08
CUST_003792,Madison Evans,Female,27.0,Miami,FL,2022-09-09
CUST_003793,Dorothy Reyes,Female,30.0,Denver,CO,2022-05-25
CUST_003794,Joyce Harris,Female,47.0,Houston,TX,2022-06-08
CUST_003795,Joshua Sanchez,Male,51.0,Atlanta,GA,2023-12-25
CUST_003796,Tyler Evans,Male,44.0,Chicago,IL,2022-02-28
CUST_003797,Michael Thompson,Male,61.0,Los Angeles,CA,2023-11-26
CUST_003798,Gary Ortiz,Male,42.0,San Diego,CA,2023-03-15
CUST_003799,Sandra Parker,Female,18.0,Dallas,TX,2023-09-04
CUST_003800,Ruth Ramirez,Female,40.0,Houston,TX,2023-10-12
CUST_003801,Rebecca Hernandez,Female,31.0,Austin,TX,2023-02-11
CUST_003802,Cheryl Murphy,Female,56.0,Denver,CO,2022-06-05
CUST_003803,Karen Young,Female,51.0,Los Angeles,CA,2023-07-12
CUST_003804,Catherine Williams,Female,19.0,Chicago,IL,2024-03-03
CUST_003805,Diane Morris,Female,55.0,Seattle,WA,2022-01-29
CUST_003806,Patricia Scott,Female,50.0,Detroit,MI,2022-08-22
CUST_003807,Robert Martin,Male,34.0,Minneapolis,MN,2024-01-09
CUST_003808,Timothy Green,Male,38.0,Los Angeles,CA,2022-03-19
CUST_003809,Dennis Miller,Male,56.0,Dallas,TX,2022-01-12
CUST_003810,Bryan Allen,Male,18.0,Atlanta,GA,2024-01-11
CUST_003811,Joseph Torres,Male,44.0,Chicago,IL,2023-10-28
CUST_003812,Christina Morales,Female,52.0,San Jose,CA,2022-09-16
CUST_003813,Henry Brooks,Male,37.0,Phoenix,AZ,2024-03-09
CUST_003814,Victoria Young,Female,47.0,San Jose,CA,2023-09-19
CUST_003815,Debra Peterson,Female,40.0,New York,NY,2022-05-09
CUST_003816,Sophia Cooper,Female,29.0,Houston,TX,2023-03-13
CUST_003817,Christine Gutierrez,Female,28.0,Houston,TX,2024-01-02
CUST_003818,Ann Baker,Female,47.0,Phoenix,AZ,2023-08-18
CUST_003819,Kevin Kim,Male,31.0,New York,NY,2023-06-18
CUST_003820,Keith Smith,Male,19.0,Philadelphia,PA,2023-02-05
CUST_003821,Jordan Lee,Male,40.0,San Diego,CA,2022-09-11
CUST_003822,Austin Brown,Male,32.0,New York,NY,2023-07-09
CUST_003823,Timothy Reyes,Male,24.0,Chicago,IL,2022-06-13
CUST_003824,Ann Brown,Female,39.0,Los Angeles,CA,2023-11-26
CUST_003825,Joseph Hernandez,Male,48.0,Charlotte,NC,2022-08-06
CUST_003826,Nathan Cooper,Male,39.0,Los Angeles,CA,2022-05-11
CUST_003827,Cynthia Lopez,Female,25.0,Austin,TX,2022-03-21
CUST_003828,Virginia Collins,Female,45.0,Phoenix,AZ,2023-11-29
CUST_003829,Nicholas Young,Male,51.0,Chicago,IL,2023-03-18
CUST_003830,James Davis,Male,66.0,Miami,FL,2023-01-21
CUST_003831,Michelle Bennett,F,57.0,Seattle,WA,2023-04-30
CUST_003832,Michael Brooks,Male,26.0,Austin,TX,2023-06-19
CUST_003833,Pamela Mendoza,Female,49.0,New York,NY,2024-01-13
CUST_003834,Ann Peterson,Female,42.0,Chicago,IL,2022-12-05
CUST_003835,Judith Walker,Female,24.0,Chicago,IL,2022-07-16
CUST_003836,Jacqueline Robinson,Female,42.0,Philadelphia,PA,2024-01-05
CUST_003837,Keith James,Male,62.0,Detroit,MI,2023-03-29
CUST_003838,Amy Cook,Female,53.0,Phoenix,AZ,2023-06-13
CUST_003839,Benjamin Martinez,Male,26.0,Houston,TX,2022-06-17
CUST_003840,Debra Lopez,FEMALE,39.0,New York,NY,2023-12-31
CUST_003841,Charles Kim,Male,45.0,Phoenix,AZ,2024-02-20
CUST_003842,Jack Richardson,Male,18.0,New York,NY,2023-03-02
CUST_003843,Zachary Jones,Male,18.0,Houston,TX,2022-01-23
CUST_003844,Dennis Smith,Male,40.0,Charlotte,NC,2022-01-31
CUST_003845,Kyle Hall,Male,41.0,Dallas,TX,2022-10-30
CUST_003846,Lisa King,Female,18.0,Los Angeles,CA,2023-04-07
CUST_003847,Walter Wright,Male,43.0,Chicago,IL,2023-02-18
CUST_003848,Steven Wood,Male,52.0,Dallas,TX,2023-06-05
CUST_003849,Frances Walker,Female,36.0,New York,NY,2022-09-20
CUST_003850,Carol Ramirez,Female,39.0,Detroit,MI,2022-08-06
CUST_003851,Katherine Kelly,Female,46.0,Dallas,TX,2024-03-14
CUST_003852,Katherine Phillips,Female,44.0,San Antonio,TX,2022-10-11
CUST_003853,Dorothy Turner,Female,18.0,Denver,CO,2024-02-25
CUST_003854,Kathleen Cook,Female,27.0,Los Angeles,CA,2023-06-07
CUST_003855,Mark Campbell,Male,34.0,New York,NY,2022-03-19
CUST_003856,Maria Smith,Female,28.0,Austin,TX,2023-06-25
CUST_003857,Arthur Gonzalez,Male,57.0,Los Angeles,CA,2024-03-21
CUST_003858,Rebecca James,F,46.0,New York,NY,2023-12-16
CUST_003859,Benjamin Sanchez,MALE,25.0,Portland,OR,2022-10-31
CUST_003860,Madison Moore,Female,36.0,Atlanta,GA,2022-04-15
CUST_003861,Nicole Rodriguez,Female,53.0,New York,NY,2023-03-12
CUST_003862,Teresa Taylor,Female,30.0,Minneapolis,MN,2022-04-18
CUST_003863,Stephen Gonzalez,Male,49.0,New York,NY,2022-10-26
CUST_003864,Emma Kelly,Female,56.0,Atlanta,GA,2024-02-07
CUST_003865,Matthew Taylor,Male,54.0,Phoenix,AZ,2023-08-07
CUST_003866,Lisa Turner,Female,41.0,San Diego,CA,2023-11-08
CUST_003867,Dennis Young,Male,54.0,Seattle,WA,2023-05-15
CUST_003868,Teresa King,Female,32.0,New York,NY,2022-06-27
CUST_003869,Christopher Stewart,Male,70.0,Detroit,MI,2022-06-10
CUST_003870,Jean Bailey,Female,42.0,Los Angeles,CA,2023-10-27
CUST_003871,Kathleen Moore,Female,53.0,Portland,OR,2023-02-15
CUST_003872,Pamela Wright,Female,34.0,New York,NY,2023-04-13
CUST_003873,Janice Green,Female,45.0,Los Angeles,CA,2022-07-08
CUST_003874,Janice Edwards,Female,45.0,New York,NY,2022-12-21
CUST_003875,Samuel Walker,Male,,Phoenix,AZ,2022-05-23
CUST_003876,Melissa Martinez,Female,27.0,Dallas,TX,2022-08-01
CUST_003877,Sandra Phillips,Female,36.0,Austin,TX,2024-01-18
CUST_003878,Kevin James,Male,52.0,Miami,FL,2023-09-22
CUST_003879,Hannah Anderson,Female,18.0,San Diego,CA,2023-12-25
CUST_003880,Sharon Davis,Female,34.0,San Antonio,TX,2024-01-08
CUST_003881,Henry Moore,Male,55.0,Houston,TX,2023-06-21
CUST_003882,Donald Howard,Male,23.0,San Jose,CA,2022-11-01
CUST_003883,Scott Torres,Male,54.0,Detroit,MI,2023-04-07
CUST_003884,Cynthia Stewart,Female,24.0,Houston,TX,2022-01-22
CUST_003885,Benjamin Campbell,Male,27.0,Houston,TX,2023-12-01
CUST_003886,Maria Johnson,Female,37.0,Houston,TX,2023-11-21
CUST_003887,Jordan Roberts,Male,62.0,Chicago,IL,2023-04-20
CUST_003888,Sean Hall,Male,30.0,Dallas,TX,2023-01-03
CUST_003889,Henry Walker,Male,18.0,New York,NY,2022-07-02
CUST_003890,Margaret Richardson,Female,21.0,Miami,FL,2022-03-25
CUST_003891,Abigail Roberts,Female,50.0,Los Angeles,CA,2022-11-19
CUST_003892,Sean Carter,Male,22.0,Los Angeles,CA,2024-02-19
CUST_003893,Terry Torres,Male,53.0,New York,NY,2022-03-18
CUST_003894,Scott Parker,Male,39.0,Phoenix,AZ,2024-02-27
CUST_003895,Anthony Jackson,Male,38.0,Boston,MA,2023-05-05
CUST_003896,Walter Sanchez,Male,42.0,Detroit,MI,2023-02-25
CUST_003897,Shirley Adams,Female,28.0,Philadelphia,PA,2022-05-13
CUST_003898,Cynthia Adams,Female,,Chicago,IL,2022-03-20
CUST_003899,Shirley Bailey,Female,24.0,Denver,CO,2023-05-18
CUST_003900,Catherine Adams,Female,55.0,Seattle,WA,2023-06-28
CUST_003901,Laura Cruz,Female,26.0,Seattle,WA,2023-02-19
CUST_003902,Henry Miller,Male,44.0,Philadelphia,PA,2022-10-17
CUST_003903,Aaron Roberts,Male,26.0,Dallas,TX,2022-01-16
CUST_003904,Benjamin Mitchell,Male,32.0,New York,NY,2022-09-28
CUST_003905,Elizabeth Wood,Female,34.0,Chicago,IL,2023-09-21
CUST_003906,Lawrence Rodriguez,Male,76.0,Detroit,MI,2023-07-03
CUST_003907,Nicholas Ward,Male,38.0,New York,NY,2022-06-17
CUST_003908,Stephen Mitchell,Male,28.0,Chicago,IL,2023-11-15
CUST_003909,Larry Mendoza,Male,33.0,Chicago,IL,2022-06-08
CUST_003910,Ryan Gutierrez,male,20.0,Los Angeles,CA,2023-11-16
CUST_003911,Adam King,Male,36.0,Detroit,MI,2023-04-23
CUST_003912,Patricia Scott,Female,62.0,Los Angeles,CA,2023-09-22
CUST_003913,Carl Thomas,Male,43.0,San Antonio,TX,2022-04-02
CUST_003914,Sarah Allen,Female,50.0,Miami,FL,2023-10-09
CUST_003915,Denise Chavez,Female,27.0,New York,NY,2023-09-25
CUST_003916,Olivia Baker,Female,36.0,New York,NY,2022-07-04
CUST_003917,David Gutierrez,Male,41.0,Houston,TX,2022-05-28
CUST_003918,Patrick Clark,Male,29.0,Los Angeles,CA,2023-10-15
CUST_003919,Edward Carter,Male,44.0,Los Angeles,CA,2023-02-04
CUST_003920,Judy Smith,Female,46.0,Dallas,TX,2023-08-03
CUST_003921,Andrea Diaz,Female,45.0,Los Angeles,CA,2022-01-11
CUST_003922,Benjamin Hill,Male,37.0,San Jose,CA,2022-07-12
CUST_003923,Pamela Flores,Female,52.0,Detroit,MI,2023-10-13
CUST_003924,Jordan Reyes,Male,35.0,Chicago,IL,2022-07-27
CUST_003925,Victoria Morgan,Female,34.0,Los Angeles,CA,2022-03-30
CUST_003926,Samuel Johnson,Male,57.0,New York,NY,2022-07-04
CUST_003927,Gary James,Male,25.0,New York,NY,2023-12-11
CUST_003928,Ronald Carter,Male,18.0,Phoenix,AZ,2022-12-08
CUST_003929,Christina Taylor,Female,28.0,San Antonio,TX,2023-05-07
CUST_003930,Jack Ramirez,Male,43.0,Los Angeles,CA,2023-06-12
CUST_003931,Noah Evans,Male,55.0,Houston,TX,2022-12-30
CUST_003932,Patrick Chavez,Male,30.0,Los Angeles,CA,2022-04-13
CUST_003933,Raymond Jones,Male,61.0,Seattle,WA,2022-09-19
CUST_003934,Samantha Cox,Female,39.0,Phoenix,AZ,2022-06-17
CUST_003935,Andrea Roberts,Female,37.0,Denver,CO,2024-02-01
CUST_003936,Brenda Hill,Female,28.0,San Diego,CA,2023-10-09
CUST_003937,Sara Nelson,Female,63.0,Houston,TX,2023-12-05
CUST_003938,Edward Nelson,Male,37.0,Austin,TX,2023-11-28
CUST_003939,Lauren Evans,Female,22.0,New York,NY,2022-01-03
CUST_003940,Kathryn Watson,Female,69.0,Seattle,WA,2023-10-15
CUST_003941,Cheryl Morgan,female,43.0,Houston,TX,2023-03-30
CUST_003942,Cynthia Flores,Female,48.0,San Diego,CA,2023-11-02
CUST_003943,Joan Roberts,Female,60.0,San Diego,CA,2024-03-05
CUST_003944,Steven Rivera,Male,46.0,Dallas,TX,2022-12-17
CUST_003945,Elizabeth Johnson,Female,51.0,Seattle,WA,2023-07-02
CUST_003946,Harold Nguyen,Male,39.0,New York,NY,2022-11-01
CUST_003947,Martha Cooper,Female,48.0,San Antonio,TX,2024-01-21
CUST_003948,Patricia Morales,Female,38.0,New York,NY,2022-09-16
CUST_003949,Jesse Cox,Male,38.0,Chicago,IL,2022-12-12
CUST_003950,Emma Howard,Female,40.0,Los Angeles,CA,2024-01-18
CUST_003951,Janice Jackson,Female,34.0,Austin,TX,2022-04-20
CUST_003952,Harold Taylor,Male,45.0,Austin,TX,2023-04-08
CUST_003953,Austin James,Male,45.0,Miami,FL,2023-06-15
CUST_003954,Roger Rivera,Male,49.0,San Diego,CA,2023-06-13
CUST_003955,Sophia Kelly,Female,46.0,Denver,CO,2022-05-10
CUST_003956,Tyler Young,male,64.0,Minneapolis,MN,2022-02-14
CUST_003957,Andrew Bailey,Male,52.0,Los Angeles,CA,2023-02-05
CUST_003958,Gary Martin,Male,36.0,Denver,CO,2023-03-07
CUST_003959,Megan Young,Female,44.0,Houston,TX,2024-02-23
CUST_003960,Margaret Chavez,Female,56.0,Chicago,IL,2023-10-20
CUST_003961,Alice Lewis,Female,27.0,Charlotte,NC,2023-06-28
CUST_003962,Emily Evans,Female,64.0,Los Angeles,CA,2022-08-07
CUST_003963,Terry Turner,Male,29.0,Detroit,MI,2024-01-27
CUST_003964,Katherine Allen,Female,50.0,Atlanta,GA,2022-07-22
CUST_003965,Ann Turner,Female,39.0,Minneapolis,MN,2024-02-26
CUST_003966,Judy Roberts,Female,38.0,Dallas,TX,2024-02-25
CUST_003967,Brenda Gutierrez,Female,22.0,Dallas,TX,2024-03-16
CUST_003968,Christina Nelson,Female,50.0,Phoenix,AZ,2022-10-13
CUST_003969,Michelle Miller,Female,22.0,Phoenix,AZ,2022-05-28
CUST_003970,Martha Lee,Female,20.0,Miami,FL,2023-07-20
CUST_003971,Christian Reed,Male,53.0,Phoenix,AZ,2023-02-10
CUST_003972,Stephanie Martinez,Female,61.0,San Antonio,TX,2023-01-12
CUST_003973,John Ramirez,Male,30.0,Charlotte,NC,2023-05-27
CUST_003974,Pamela Thompson,Female,51.0,Houston,TX,2023-09-03
CUST_003975,Sandra Cox,Female,48.0,Atlanta,GA,2022-11-25
CUST_003976,Gloria Ramos,Female,37.0,Chicago,IL,2022-11-28
CUST_003977,Dorothy Wilson,Female,55.0,New York,NY,2023-07-07
CUST_003978,Julia Green,Female,36.0,Austin,TX,2022-03-20
CUST_003979,Sophia Cooper,F,45.0,San Antonio,TX,2023-09-10
CUST_003980,Austin Ramirez,Male,23.0,Atlanta,GA,2023-11-19
CUST_003981,Diane James,Female,23.0,New York,NY,2024-01-12
CUST_003982,Dorothy Wilson,Female,53.0,New York,NY,2023-10-18
CUST_003983,Keith Lopez,Male,45.0,Miami,FL,2023-04-18
CUST_003984,Christina Ramirez,Female,37.0,San Antonio,TX,2024-01-08
CUST_003985,Grace White,female,62.0,San Antonio,TX,2023-04-06
CUST_003986,Angela Morgan,Female,62.0,Chicago,IL,2023-11-10
CUST_003987,Elizabeth Adams,Female,44.0,Detroit,MI,2022-03-12
CUST_003988,Denise Gonzalez,Female,20.0,Detroit,MI,2023-09-17
CUST_003989,Noah Bailey,male,37.0,San Diego,CA,2022-04-03
CUST_003990,Paul Cruz,Male,28.0,Los Angeles,CA,2022-02-01
CUST_003991,Peter Martinez,Male,40.0,Charlotte,NC,2023-04-15
CUST_003992,Mary Robinson,Female,27.0,Minneapolis,MN,2022-05-10
CUST_003993,Catherine Johnson,,24.0,San Diego,CA,2022-11-19
CUST_003994,Kathleen Kelly,Female,18.0,Austin,TX,2023-11-01
CUST_003995,Angela Mendoza,Female,41.0,Philadelphia,PA,2023-05-22
CUST_003996,Carol Cook,Female,18.0,Los Angeles,CA,2023-10-04
CUST_003997,Melissa Turner,Female,34.0,Seattle,WA,2023-11-08
CUST_003998,Nicole Morgan,Female,47.0,Seattle,WA,2023-03-28
CUST_003999,Amanda Brown,Female,29.0,San Diego,CA,2024-03-21
CUST_004000,Helen Walker,Female,25.0,Atlanta,GA,2022-07-30
CUST_004001,Raymond White,Male,38.0,Philadelphia,PA,2022-04-04
CUST_004002,Joan James,Female,28.0,Miami,FL,2022-11-13
CUST_004003,Nathan Ramirez,Male,,Los Angeles,CA,2023-10-24
CUST_004004,Carol Bennett,F,26.0,Charlotte,NC,2022-04-16
CUST_004005,Michael Lee,Male,37.0,Los Angeles,CA,2023-03-18
CUST_004006,Teresa Howard,Female,34.0,Los Angeles,CA,2023-06-07
CUST_004007,Frances Torres,Female,38.0,Austin,TX,2023-11-25
CUST_004008,Grace Edwards,Female,59.0,New York,NY,2023-12-20
CUST_004009,Judy Brooks,Female,41.0,Los Angeles,CA,2022-09-03
CUST_004010,Tyler Wright,Male,45.0,Denver,CO,2022-10-05
CUST_004011,Janice Anderson,F,31.0,Houston,TX,2023-08-30
CUST_004012,Nicole Ramirez,Female,41.0,Atlanta,GA,2023-12-30
CUST_004013,Jeremy Evans,Male,35.0,Los Angeles,CA,2022-06-27
CUST_004014,Judy Cook,Female,39.0,Phoenix,AZ,2023-09-26
CUST_004015,Harold Morales,Male,47.0,Phoenix,AZ,2022-09-01
CUST_004016,Eric Gomez,Male,32.0,San Antonio,TX,2022-07-09
CUST_004017,Angela Watson,Female,34.0,Phoenix,AZ,2022-11-30
CUST_004018,Deborah Diaz,Female,32.0,Phoenix,AZ,2023-11-16
CUST_004019,Amy Nelson,Female,32.0,Houston,TX,2023-10-10
CUST_004020,Christian Thompson,Male,41.0,New York,NY,2023-03-27
CUST_004021,Christina Ortiz,Female,34.0,Austin,TX,2023-09-20
CUST_004022,Amanda Davis,Female,57.0,San Antonio,TX,2023-01-27
CUST_004023,Joan Martin,Female,72.0,Houston,TX,2022-08-07
CUST_004024,Jacob Ward,Male,31.0,Los Angeles,CA,2023-12-19
CUST_004025,Patrick Robinson,Male,42.0,Minneapolis,MN,2022-03-02
CUST_004026,Ryan Gray,Male,51.0,Chicago,IL,2024-01-26
CUST_004027,Samuel Harris,M,35.0,Detroit,MI,2023-11-12
CUST_004028,Peter Watson,Male,26.0,Los Angeles,CA,2023-09-27
CUST_004029,Judith Rivera,Female,60.0,Charlotte,NC,2023-06-06
CUST_004030,Walter Johnson,Male,47.0,Phoenix,AZ,2023-11-26
CUST_004031,Gary Rodriguez,Male,42.0,San Diego,CA,2022-02-01
CUST_004032,Lauren Walker,Female,57.0,Chicago,IL,2023-06-22
CUST_004033,Joshua Perez,Male,48.0,Portland,OR,2022-09-23
CUST_004034,Scott Cox,Male,38.0,Chicago,IL,2023-07-28
CUST_004035,Heather Rogers,Female,26.0,Denver,CO,2023-08-23
CUST_004036,Lauren Diaz,Female,32.0,New York,NY,2022-08-11
CUST_004037,Jean Collins,F,54.0,Dallas,TX,2022-06-14
CUST_004038,Timothy Cooper,Male,47.0,Denver,CO,2023-06-19
CUST_004039,Ann Anderson,Female,36.0,San Antonio,TX,2024-02-21
CUST_004040,Timothy Allen,Male,61.0,San Jose,CA,2023-08-15
CUST_004041,Janet Martinez,Female,37.0,Boston,MA,2023-03-31
CUST_004042,Roger Rivera,Male,51.0,San Antonio,TX,2024-02-18
CUST_004043,Evelyn Rogers,Female,,Los Angeles,CA,2023-12-02
CUST_004044,Carl Mitchell,Male,63.0,Phoenix,AZ,2023-10-03
CUST_004045,Gloria Gray,FEMALE,48.0,Denver,CO,2023-02-22
CUST_004046,Melissa Walker,Female,39.0,Chicago,IL,2023-04-06
CUST_004047,Denise Smith,Female,36.0,Austin,TX,2022-09-26
CUST_004048,Alice Cook,Female,38.0,Los Angeles,CA,2023-12-01
CUST_004049,Pamela Cooper,Female,29.0,Portland,OR,2022-10-14
CUST_004050,Michael Gonzalez,Male,21.0,Austin,TX,2023-09-13
CUST_004051,Timothy Cooper,Male,42.0,Philadelphia,PA,2024-01-09
CUST_004052,Roger King,Male,32.0,Atlanta,GA,2023-05-24
CUST_004053,Dylan Nelson,Male,32.0,Atlanta,GA,2022-06-16
CUST_004054,Teresa Carter,Female,37.0,New York,NY,2022-01-29
CUST_004055,Gary Lopez,Male,39.0,Houston,TX,2023-08-22
CUST_004056,William Taylor,Male,39.0,Philadelphia,PA,2022-08-20
CUST_004057,Debra Mendoza,Female,60.0,Houston,TX,2022-02-13
CUST_004058,Jacob Young,Male,47.0,Houston,TX,2022-12-05
CUST_004059,Lisa Perez,Female,65.0,Houston,TX,2023-06-15
CUST_004060,Thomas Watson,Male,33.0,Los Angeles,CA,2023-05-23
CUST_004061,Matthew King,Male,48.0,New York,NY,2022-06-26
CUST_004062,Steven Brooks,Male,34.0,Chicago,IL,2023-07-02
CUST_004063,Andrea Wright,Female,31.0,New York,NY,2023-01-31
CUST_004064,Jacob Gomez,Male,65.0,San Diego,CA,2023-03-26
CUST_004065,Emma Roberts,Female,29.0,Los Angeles,CA,2024-01-09
CUST_004066,Jack Sanchez,Male,18.0,New York,NY,2022-03-28
CUST_004067,Judy Allen,Female,30.0,Miami,FL,2023-05-05
CUST_004068,Walter Green,M,18.0,Dallas,TX,2022-07-03
CUST_004069,Aaron Lee,Male,27.0,Detroit,MI,2022-07-11
CUST_004070,Megan Roberts,Female,,Charlotte,NC,2023-07-07
CUST_004071,Evelyn Green,Female,39.0,Austin,TX,2023-08-19
CUST_004072,Henry Garcia,Male,18.0,Atlanta,GA,2023-07-04
CUST_004073,Christine Gutierrez,Female,53.0,Los Angeles,CA,2024-02-10
CUST_004074,Maria Brown,Female,18.0,Seattle,WA,2023-11-16
CUST_004075,Helen Morgan,Female,37.0,San Diego,CA,2022-07-27
CUST_004076,Shirley Rodriguez,Female,34.0,Seattle,WA,2023-07-26
CUST_004077,Kevin Mendoza,Male,49.0,New York,NY,2023-07-14
CUST_004078,Jeffrey Campbell,Male,43.0,Portland,OR,2023-08-02
CUST_004079,Pamela Morales,Female,53.0,Phoenix,AZ,2023-02-15
CUST_004080,Heather King,Female,34.0,Boston,MA,2024-02-26
CUST_004081,Christine Gomez,Female,33.0,Charlotte,NC,2023-03-15
CUST_004082,Karen Thompson,Female,44.0,Minneapolis,MN,2023-11-12
CUST_004083,Jason Stewart,Male,51.0,Houston,TX,2023-03-29
CUST_004084,Amy Turner,Female,49.0,Phoenix,AZ,2023-11-11
CUST_004085,Douglas Ramos,Male,43.0,San Jose,CA,2023-01-18
CUST_004086,Edward Scott,Male,41.0,San Diego,CA,2022-01-01
CUST_004087,James Rogers,Male,38.0,Phoenix,AZ,2023-04-13
CUST_004088,Richard Garcia,Male,44.0,San Jose,CA,2023-05-20
CUST_004089,Christine Walker,Female,64.0,Detroit,MI,2022-05-06
CUST_004090,Kimberly Sanchez,Female,35.0,Houston,TX,2023-08-16
CUST_004091,Christine Ramirez,Female,34.0,Los Angeles,CA,2023-12-26
CUST_004092,Frank Clark,Male,33.0,Seattle,WA,2024-01-05
CUST_004093,Lawrence King,Male,43.0,Dallas,TX,2023-01-03
CUST_004094,Virginia Mendoza,Female,18.0,Detroit,MI,2023-01-30
CUST_004095,Jennifer Carter,Female,37.0,Denver,CO,2023-12-29
CUST_004096,Angela Diaz,Female,50.0,Phoenix,AZ,2024-03-29
CUST_004097,Harold Sanchez,Male,32.0,San Jose,CA,2022-02-28
CUST_004098,Kenneth Brown,M,41.0,Miami,FL,2022-03-10
CUST_004099,Arthur Morgan,male,65.0,Houston,TX,2022-03-02
CUST_004100,Gregory Rivera,Male,43.0,New York,NY,2023-03-14
CUST_004101,Jessica Bennett,Female,18.0,Austin,TX,2023-11-09
CUST_004102,Joshua Nelson,Male,21.0,New York,NY,2022-04-13
CUST_004103,Austin Adams,Male,35.0,Portland,OR,2023-09-02
CUST_004104,Denise Evans,Female,28.0,Los Angeles,CA,2022-06-30
CUST_004105,Carl Hall,Male,40.0,Houston,TX,2022-02-07
CUST_004106,Sharon Anderson,Female,35.0,Portland,OR,2023-06-26
CUST_004107,Ethan Harris,Male,53.0,New York,NY,2023-06-24
CUST_004108,Paul Rivera,Male,25.0,New York,NY,2022-10-13
CUST_004109,Jacob Thomas,Male,36.0,New York,NY,2022-11-17
CUST_004110,Henry Wilson,Male,41.0,Charlotte,NC,2022-12-14
CUST_004111,Sophia Howard,Female,43.0,Charlotte,NC,2024-02-14
CUST_004112,Stephen Lee,Male,40.0,Phoenix,AZ,2024-01-03
CUST_004113,Brandon Hall,Male,18.0,Denver,CO,2023-05-05
CUST_004114,Donna Flores,Female,40.0,Denver,CO,2024-03-07
CUST_004115,Nicholas Martinez,Male,37.0,New York,NY,2023-06-15
CUST_004116,Barbara Rodriguez,Female,49.0,Chicago,IL,2022-04-21
CUST_004117,Gerald Campbell,Male,48.0,Minneapolis,MN,2023-04-03
CUST_004118,John Mitchell,Male,42.0,Los Angeles,CA,2024-01-22
CUST_004119,Lauren Kelly,Female,42.0,San Diego,CA,2023-08-14
CUST_004120,Melissa Clark,Female,55.0,Chicago,IL,2024-02-29
CUST_004121,Scott Richardson,Male,53.0,Dallas,TX,2023-05-07
CUST_004122,Brian Gonzalez,Male,42.0,Los Angeles,CA,2024-02-02
CUST_004123,Nicholas White,Male,65.0,Los Angeles,CA,2023-10-27
CUST_004124,Janet Walker,Female,31.0,New York,NY,2023-12-05
CUST_004125,Aaron Lewis,Male,24.0,Charlotte,NC,2024-03-25
CUST_004126,Alice Baker,Female,38.0,New York,NY,2022-10-30
CUST_004127,Edward Reed,Male,34.0,Phoenix,AZ,2023-07-20
CUST_004128,Heather Brown,Female,18.0,Phoenix,AZ,2022-09-19
CUST_004129,Austin Robinson,Male,30.0,Chicago,IL,2023-12-26
CUST_004130,George Scott,Male,43.0,Atlanta,GA,2023-06-18
CUST_004131,Carl Robinson,Male,38.0,Houston,TX,2022-07-05
CUST_004132,Dylan Martinez,Male,29.0,Austin,TX,2023-02-09
CUST_004133,Sara Lee,Female,39.0,San Diego,CA,2022-07-10
CUST_004134,Frank Mitchell,Male,40.0,Miami,FL,2023-03-10
CUST_004135,Evelyn Jackson,Female,47.0,Atlanta,GA,2022-03-27
CUST_004136,Samantha Edwards,Female,30.0,Los Angeles,CA,2024-03-08
CUST_004137,Diane Green,Female,49.0,Boston,MA,2023-06-26
CUST_004138,Bryan Adams,Male,25.0,Atlanta,GA,2024-03-25
CUST_004139,Kenneth Brown,Male,32.0,Detroit,MI,2022-07-03
CUST_004140,Harold Howard,Male,,Charlotte,NC,2023-01-09
CUST_004141,Debra Walker,Female,26.0,Denver,CO,2024-02-15
CUST_004142,Mark Williams,Male,30.0,Philadelphia,PA,2023-09-04
CUST_004143,Joyce Wood,Female,23.0,Chicago,IL,2022-03-19
CUST_004144,Jacqueline Brown,Female,28.0,Miami,FL,2024-01-14
CUST_004145,Maria Scott,FEMALE,40.0,Detroit,MI,2022-07-17
CUST_004146,Ann Ramos,Female,47.0,New York,NY,2022-09-24
CUST_004147,Amy Gonzalez,Female,38.0,Dallas,TX,2023-10-03
CUST_004148,Arthur White,Male,34.0,Los Angeles,CA,2023-09-18
CUST_004149,Virginia Morgan,Female,23.0,Chicago,IL,2023-08-13
CUST_004150,Martha Garcia,Female,29.0,Phoenix,AZ,2022-01-07
CUST_004151,Melissa Roberts,Female,19.0,Houston,TX,2022-09-12
CUST_004152,Stephen Hill,Male,48.0,Denver,CO,2022-12-06
CUST_004153,Jean Clark,Female,49.0,New York,NY,2023-01-22
CUST_004154,Elizabeth Watson,Female,38.0,Austin,TX,2022-03-23
CUST_004155,Nicholas Chavez,Male,44.0,Dallas,TX,2023-08-23
CUST_004156,Hannah Peterson,Female,49.0,Atlanta,GA,2024-01-20
CUST_004157,Kyle Evans,Male,40.0,New York,NY,2024-03-24
CUST_004158,Sara Reyes,Female,56.0,Houston,TX,2023-11-18
CUST_004159,Judith Nguyen,Female,26.0,Seattle,WA,2022-07-30
CUST_004160,Julia Gray,Female,34.0,Denver,CO,2023-04-22
CUST_004161,Brandon Wilson,Male,33.0,Philadelphia,PA,2024-02-05
CUST_004162,Olivia Hall,Female,47.0,Philadelphia,PA,2022-03-15
CUST_004163,Noah Cruz,Male,21.0,Charlotte,NC,2022-08-24
CUST_004164,Christina Campbell,Female,57.0,Houston,TX,2022-09-26
CUST_004165,Thomas Richardson,Male,46.0,Los Angeles,CA,2023-07-06
CUST_004166,Amy Cruz,Female,60.0,Portland,OR,2024-02-28
CUST_004167,Janet Richardson,Female,38.0,Atlanta,GA,2023-03-30
CUST_004168,Andrea Turner,Female,32.0,Chicago,IL,2023-06-02
CUST_004169,Alexander Perez,Male,47.0,Miami,FL,2023-07-28
CUST_004170,Hannah Morgan,Female,51.0,Chicago,IL,2023-12-24
CUST_004171,Noah Lee,Male,30.0,Miami,FL,2022-10-16
CUST_004172,Kevin Anderson,Male,18.0,Austin,TX,2023-07-18
CUST_004173,Jerry Ramos,Male,18.0,San Antonio,TX,2024-02-11
CUST_004174,Catherine Mitchell,Female,42.0,Detroit,MI,2024-02-20
CUST_004175,Andrew Bennett,Male,58.0,Atlanta,GA,2023-01-07
CUST_004176,Brandon Clark,Male,22.0,Los Angeles,CA,2022-05-02
CUST_004177,Alexander Howard,Male,35.0,Denver,CO,2024-02-11
CUST_004178,Christian Murphy,Male,34.0,Atlanta,GA,2024-02-08
CUST_004179,Larry Ward,Male,63.0,San Diego,CA,2022-04-17
CUST_004180,Richard Green,Male,67.0,Chicago,IL,2022-03-31
CUST_004181,Scott Davis,Male,,Chicago,IL,2022-07-14
CUST_004182,Ann Rogers,Female,50.0,Charlotte,NC,2023-08-03
CUST_004183,Frank Scott,Male,49.0,Philadelphia,PA,2022-10-30
CUST_004184,Sharon Bailey,Female,22.0,San Diego,CA,2022-09-04
CUST_004185,Arthur Wilson,Male,47.0,Austin,TX,2023-11-19
CUST_004186,Matthew Carter,Male,26.0,New York,NY,2022-09-07
CUST_004187,Sharon Thompson,Female,36.0,New York,NY,2024-03-05
CUST_004188,Emma Moore,Female,53.0,Los Angeles,CA,2023-02-23
CUST_004189,Judith Bailey,Female,40.0,New York,NY,2023-02-10
CUST_004190,Ann Watson,Female,52.0,Detroit,MI,2024-02-23
CUST_004191,Elizabeth Ramirez,Female,55.0,Los Angeles,CA,2022-05-10
CUST_004192,Harold Wilson,Male,18.0,Chicago,IL,2022-05-05
CUST_004193,Zachary Robinson,Male,18.0,San Diego,CA,2023-02-19
CUST_004194,Sean Green,Male,53.0,Minneapolis,MN,2023-06-19
CUST_004195,Janice Hall,Female,54.0,New York,NY,2023-04-19
CUST_004196,Jeremy Thompson,Male,42.0,Los Angeles,CA,2024-03-02
CUST_004197,Kimberly Campbell,Female,43.0,Denver,CO,2024-03-26
CUST_004198,Ronald Lee,Male,50.0,San Diego,CA,2022-02-15
CUST_004199,Alice Wilson,Female,49.0,Austin,TX,2022-06-25
CUST_004200,Diane Jackson,Female,35.0,New York,NY,2023-05-25
CUST_004201,Carolyn Gomez,Female,50.0,Miami,FL,2024-02-27
CUST_004202,Arthur Parker,Male,34.0,Dallas,TX,2022-10-10
CUST_004203,Frances Bennett,Female,42.0,Miami,FL,2022-12-25
CUST_004204,Peter Green,Male,41.0,Charlotte,NC,2022-08-26
CUST_004205,Terry Taylor,Male,28.0,Denver,CO,2024-03-10
CUST_004206,Charles Moore,Male,29.0,New York,NY,2022-06-13
CUST_004207,Andrea Reed,Female,66.0,Denver,CO,2023-06-02
CUST_004208,Sophia Gonzalez,Female,27.0,Dallas,TX,2022-01-27
CUST_004209,Elizabeth Martinez,Female,43.0,New York,NY,2023-06-30
CUST_004210,Donna James,Female,46.0,Chicago,IL,2023-01-16
CUST_004211,Harold Lee,Male,38.0,Los Angeles,CA,2023-06-03
CUST_004212,Rachel Turner,Female,47.0,Detroit,MI,2022-03-30
CUST_004213,Jessica Gray,Female,43.0,Atlanta,GA,2022-04-10
CUST_004214,Dorothy Brooks,Female,28.0,Seattle,WA,2022-04-11
CUST_004215,Ronald Diaz,Male,45.0,Boston,MA,2023-12-13
CUST_004216,Sharon Sanchez,Female,32.0,Austin,TX,2023-09-27
CUST_004217,Terry Roberts,Male,60.0,Miami,FL,2022-05-19
CUST_004218,Victoria Martinez,Female,44.0,Chicago,IL,2022-11-11
CUST_004219,Peter Ramos,Male,30.0,Chicago,IL,2023-02-21
CUST_004220,John Gray,Male,43.0,Dallas,TX,2022-04-18
CUST_004221,Pamela Young,Female,27.0,Atlanta,GA,2023-12-16
CUST_004222,Sharon Mitchell,Female,42.0,Miami,FL,2022-12-22
CUST_004223,Sara Thompson,Female,36.0,Charlotte,NC,2023-08-20
CUST_004224,Judy Lee,Female,28.0,Boston,MA,2023-07-30
CUST_004225,Brenda Brown,Female,28.0,Chicago,IL,2024-02-04
CUST_004226,Bryan Turner,Male,69.0,Chicago,IL,2023-10-10
CUST_004227,John Ortiz,Male,40.0,Philadelphia,PA,2022-02-08
CUST_004228,Sharon Rogers,Female,33.0,San Jose,CA,2022-06-14
CUST_004229,Ethan Ramos,Male,31.0,San Diego,CA,2023-02-28
CUST_004230,Kathleen Taylor,Female,44.0,New York,NY,2022-04-12
CUST_004231,Arthur Reed,Male,31.0,San Antonio,TX,2023-01-15
CUST_004232,Donna Turner,,25.0,Atlanta,GA,2024-03-16
CUST_004233,Harold Wright,Male,38.0,Chicago,IL,2022-08-02
CUST_004234,Steven Evans,Male,38.0,San Jose,CA,2023-09-13
CUST_004235,Kimberly Sanchez,Female,33.0,Chicago,IL,2022-09-22
CUST_004236,Emma Adams,Female,27.0,Dallas,TX,2022-02-08
CUST_004237,Julia Mitchell,Female,34.0,Seattle,WA,2022-04-18
CUST_004238,Raymond Edwards,Male,33.0,Los Angeles,CA,2022-04-24
CUST_004239,Tyler Allen,Male,31.0,Denver,CO,2022-10-27
CUST_004240,James James,Male,42.0,Seattle,WA,2024-03-05
CUST_004241,William Walker,Male,66.0,Houston,TX,2023-07-14
CUST_004242,David Moore,Male,55.0,Minneapolis,MN,2022-05-13
CUST_004243,Gloria Evans,Female,63.0,Boston,MA,2022-03-19
CUST_004244,Carol Chavez,Female,31.0,San Diego,CA,2024-03-12
CUST_004245,Edward Morris,Male,59.0,New York,NY,2022-06-30
CUST_004246,Ruth Ramirez,Female,41.0,Philadelphia,PA,2022-10-01
CUST_004247,Raymond Reyes,Male,51.0,Houston,TX,2023-12-18
CUST_004248,Anna Rodriguez,Female,44.0,Chicago,IL,2023-05-26
CUST_004249,Mary Sanchez,Female,34.0,San Jose,CA,2022-08-22
CUST_004250,Stephen Brown,Male,47.0,Detroit,MI,2023-08-15
CUST_004251,Judith Rodriguez,Female,45.0,Los Angeles,CA,2022-12-29
CUST_004252,Michelle Jones,Female,18.0,Denver,CO,2023-06-15
CUST_004253,Joan Gray,Female,37.0,Austin,TX,2022-04-16
CUST_004254,John Roberts,Male,49.0,Seattle,WA,2024-01-12
CUST_004255,Austin Brown,Male,42.0,Miami,FL,2023-06-25
CUST_004256,Julia Peterson,Female,44.0,Houston,TX,2022-01-05
CUST_004257,Mary Bailey,Female,29.0,Dallas,TX,2023-05-29
CUST_004258,Nicole Peterson,Female,42.0,Chicago,IL,2022-12-21
CUST_004259,Eric Stewart,Male,37.0,Chicago,IL,2024-01-29
CUST_004260,Ann Murphy,Female,36.0,San Diego,CA,2022-05-29
CUST_004261,Alexander Bennett,Male,30.0,New York,NY,2022-11-27
CUST_004262,Dennis Harris,Male,50.0,Chicago,IL,2023-10-26
CUST_004263,Emily Baker,Female,43.0,Los Angeles,CA,2022-08-21
CUST_004264,Richard Murphy,male,42.0,New York,NY,2022-11-09
CUST_004265,Henry Scott,Male,64.0,Phoenix,AZ,2023-10-30
CUST_004266,Jerry Brooks,Male,44.0,New York,NY,2023-09-19
CUST_004267,Teresa Gray,Female,54.0,Los Angeles,CA,2022-12-19
CUST_004268,Noah Lee,Male,42.0,Seattle,WA,2023-03-18
CUST_004269,Tyler Robinson,Male,34.0,San Jose,CA,2023-05-24
CUST_004270,Alexander Moore,Male,25.0,Portland,OR,2024-01-18
CUST_004271,Arthur Reyes,Male,42.0,Detroit,MI,2023-08-13
CUST_004272,Martha Wood,Female,18.0,Minneapolis,MN,2023-06-23
CUST_004273,Terry Roberts,Male,42.0,Seattle,WA,2023-11-27
CUST_004274,Jordan Martinez,,42.0,Chicago,IL,2022-11-01
CUST_004275,Anna Moore,Female,36.0,Los Angeles,CA,2023-02-27
CUST_004276,Joan Richardson,Female,37.0,Portland,OR,2023-09-01
CUST_004277,Lauren Howard,Female,23.0,Charlotte,NC,2023-01-25
CUST_004278,Anthony Evans,Male,56.0,San Antonio,TX,2023-03-27
CUST_004279,Joyce Mendoza,Female,34.0,San Diego,CA,2022-06-20
CUST_004280,Jonathan Collins,Male,26.0,New York,NY,2023-07-06
CUST_004281,Nicole Wood,Female,45.0,Los Angeles,CA,2023-07-29
CUST_004282,Ashley Taylor,Female,40.0,San Diego,CA,2023-12-27
CUST_004283,Kyle Morris,Male,34.0,Los Angeles,CA,2022-04-04
CUST_004284,Christina Jackson,Female,33.0,San Antonio,TX,2024-01-25
CUST_004285,Gregory Mendoza,Male,38.0,Atlanta,GA,2022-04-05
CUST_004286,Margaret Bennett,Female,55.0,Atlanta,GA,2023-10-12
CUST_004287,Patrick Scott,Male,44.0,Miami,FL,2023-06-21
CUST_004288,Sarah Young,Female,38.0,Chicago,IL,2023-01-27
CUST_004289,Jason Green,Male,49.0,Philadelphia,PA,2024-02-10
CUST_004290,Ryan Moore,Male,39.0,Austin,TX,2023-03-09
CUST_004291,Kathryn Torres,Female,44.0,Dallas,TX,2022-01-29
CUST_004292,Brenda Baker,Female,40.0,Charlotte,NC,2023-04-29
CUST_004293,Diane Wright,Female,46.0,Chicago,IL,2023-05-08
CUST_004294,Carl Harris,Male,33.0,New York,NY,2023-10-12
CUST_004295,Jonathan Torres,Male,24.0,Phoenix,AZ,2022-12-18
CUST_004296,Kathryn Garcia,Female,50.0,San Diego,CA,2022-03-23
CUST_004297,Nancy Adams,Female,57.0,Phoenix,AZ,2022-12-10
CUST_004298,Ryan Thomas,Male,25.0,Houston,TX,2023-07-01
CUST_004299,Joseph Morgan,Male,41.0,Chicago,IL,2023-05-18
CUST_004300,Patrick Hernandez,Male,33.0,Phoenix,AZ,2023-12-21
CUST_004301,Judy Baker,Female,50.0,Seattle,WA,2022-10-01
CUST_004302,Jose Gutierrez,Male,42.0,Los Angeles,CA,2023-06-06
CUST_004303,Tyler Robinson,Male,80.0,Miami,FL,2024-03-15
CUST_004304,Melissa Phillips,,35.0,San Jose,CA,2022-11-09
CUST_004305,Alice Allen,Female,58.0,New York,NY,2023-02-21
CUST_004306,Samantha Mitchell,Female,59.0,New York,NY,2024-03-27
CUST_004307,Kevin Peterson,Male,45.0,New York,NY,2022-06-04
CUST_004308,Grace Martin,Female,39.0,New York,NY,2023-06-09
CUST_004309,Eric Peterson,male,40.0,San Jose,CA,2022-12-28
CUST_004310,Ryan Wood,Male,39.0,Portland,OR,2022-02-21
CUST_004311,Robert Reyes,Male,53.0,Los Angeles,CA,2023-10-23
CUST_004312,Mark Morris,Male,28.0,Chicago,IL,2022-07-27
CUST_004313,Martha Perez,Female,36.0,Miami,FL,2024-01-20
CUST_004314,Scott Jackson,Male,35.0,San Antonio,TX,2023-02-06
CUST_004315,Judy Brooks,Female,18.0,Phoenix,AZ,2022-06-04
CUST_004316,Richard Flores,Male,49.0,San Antonio,TX,2022-09-09
CUST_004317,Jerry Sanchez,Male,52.0,New York,NY,2023-12-12
CUST_004318,Zachary Robinson,Male,31.0,Los Angeles,CA,2022-12-31
CUST_004319,Jerry Mendoza,Male,51.0,Charlotte,NC,2022-09-19
CUST_004320,Carolyn Diaz,Female,19.0,San Jose,CA,2022-09-12
CUST_004321,Raymond Taylor,Male,39.0,Chicago,IL,2023-06-16
CUST_004322,Henry Chavez,Male,37.0,Portland,OR,2022-09-19
CUST_004323,Carl Gutierrez,Male,40.0,Phoenix,AZ,2024-02-18
CUST_004324,Laura Wright,Female,40.0,Los Angeles,CA,2022-02-25
CUST_004325,Helen Bennett,Female,38.0,Charlotte,NC,2022-06-15
CUST_004326,Tyler Cook,Male,34.0,Seattle,WA,2023-02-15
CUST_004327,Rebecca Hernandez,Female,37.0,Boston,MA,2022-08-05
CUST_004328,Mark Lewis,Male,56.0,New York,NY,2023-11-04
CUST_004329,Bryan Morgan,Male,31.0,Chicago,IL,2024-02-05
CUST_004330,Donald Bennett,Male,67.0,Portland,OR,2023-06-29
CUST_004331,Michelle Flores,Female,31.0,Los Angeles,CA,2023-12-26
CUST_004332,Jerry Garcia,Male,42.0,Minneapolis,MN,2023-11-20
CUST_004333,Susan Ramos,Female,46.0,Boston,MA,2022-06-18
CUST_004334,Jennifer Cruz,Female,35.0,Phoenix,AZ,2022-03-28
CUST_004335,David Howard,Male,56.0,Minneapolis,MN,2023-07-20
CUST_004336,Lisa Hill,Female,45.0,Detroit,MI,2024-03-19
CUST_004337,Pamela Torres,Female,36.0,Miami,FL,2023-12-11
CUST_004338,Teresa Mitchell,Female,56.0,Phoenix,AZ,2023-07-11
CUST_004339,Jason Mendoza,Male,26.0,Dallas,TX,2022-05-01
CUST_004340,Jonathan Brooks,Male,31.0,Houston,TX,2023-11-05
CUST_004341,Ruth Hernandez,Female,46.0,Los Angeles,CA,2023-08-29
CUST_004342,Stephanie Murphy,Female,49.0,Detroit,MI,2024-02-17
CUST_004343,Jonathan Phillips,Male,43.0,Charlotte,NC,2023-09-17
CUST_004344,Angela Gonzalez,Female,37.0,New York,NY,2022-04-23
CUST_004345,Jason Nguyen,Male,35.0,Seattle,WA,2023-07-06
CUST_004346,Gary Watson,Male,53.0,Portland,OR,2023-01-25
CUST_004347,James Parker,Male,42.0,Austin,TX,2023-02-09
CUST_004348,Terry Ramirez,Male,28.0,New York,NY,2023-07-23
CUST_004349,Joe Ward,Male,27.0,New York,NY,2024-01-25
CUST_004350,Gerald Garcia,Male,57.0,San Antonio,TX,2023-10-22
CUST_004351,Mary White,Female,30.0,Portland,OR,2022-01-26
CUST_004352,Megan Rodriguez,Female,42.0,Chicago,IL,2022-06-06
CUST_004353,Frank Evans,Male,55.0,Houston,TX,2022-12-22
CUST_004354,Sarah Cox,Female,45.0,Atlanta,GA,2023-08-30
CUST_004355,Lawrence Davis,Male,29.0,Atlanta,GA,2023-07-24
CUST_004356,Jeremy Turner,Male,26.0,Portland,OR,2023-04-16
CUST_004357,Daniel Campbell,Male,62.0,Miami,FL,2023-02-16
CUST_004358,Judy Rivera,Female,25.0,Austin,TX,2023-11-12
CUST_004359,Lisa Hernandez,Female,32.0,Portland,OR,2022-04-15
CUST_004360,Larry Walker,Male,43.0,Austin,TX,2023-06-25
CUST_004361,Margaret Parker,Female,36.0,Austin,TX,2023-11-25
CUST_004362,Matthew Chavez,Male,46.0,New York,NY,2022-10-03
CUST_004363,Bryan Moore,Male,20.0,Philadelphia,PA,2022-07-30
CUST_004364,Frank King,Male,36.0,New York,NY,2023-08-22
CUST_004365,Kenneth Hill,Male,47.0,Detroit,MI,2022-07-04
CUST_004366,Cheryl Hall,Female,47.0,New York,NY,2023-04-04
CUST_004367,Frances Johnson,Female,31.0,Houston,TX,2024-02-10
CUST_004368,Arthur Taylor,Male,26.0,Charlotte,NC,2022-03-09
CUST_004369,Alice James,Female,41.0,Atlanta,GA,2024-02-01
CUST_004370,Janice Edwards,Female,22.0,Boston,MA,2022-07-19
CUST_004371,Joyce Ramos,Female,55.0,Denver,CO,2023-03-30
CUST_004372,Cynthia Ward,Female,40.0,New York,NY,2022-05-23
CUST_004373,Lawrence Kelly,Male,30.0,Chicago,IL,2023-09-17
CUST_004374,Lisa Parker,Female,25.0,Atlanta,GA,2024-03-29
CUST_004375,Anthony Jackson,Male,31.0,Minneapolis,MN,2022-10-30
CUST_004376,Pamela Campbell,Female,19.0,Houston,TX,2024-02-11
CUST_004377,Brian Reed,Male,45.0,Chicago,IL,2023-10-01
CUST_004378,Julie Anderson,Female,28.0,Chicago,IL,2024-03-08
CUST_004379,Austin Gonzalez,Male,43.0,San Diego,CA,2023-08-21
CUST_004380,Katherine Davis,Female,45.0,Chicago,IL,2023-08-28
CUST_004381,Patrick Wood,Male,51.0,New York,NY,2024-02-23
CUST_004382,Brenda Bailey,Female,42.0,Phoenix,AZ,2023-09-30
CUST_004383,Joan Gutierrez,Female,53.0,Dallas,TX,2023-12-22
CUST_004384,Sarah Rivera,Female,56.0,San Jose,CA,2022-10-14
CUST_004385,Michael Bennett,Male,42.0,Houston,TX,2022-06-28
CUST_004386,Aaron Young,Male,42.0,Houston,TX,2023-07-29
CUST_004387,Carolyn Ortiz,Female,32.0,Chicago,IL,2022-09-15
CUST_004388,Anna Scott,Female,26.0,Austin,TX,2023-02-16
CUST_004389,Edward Bennett,Male,55.0,Chicago,IL,2023-12-27
CUST_004390,William Ramos,Male,46.0,Detroit,MI,2023-07-22
CUST_004391,Kelly Collins,Female,47.0,Chicago,IL,2024-02-23
CUST_004392,Eric Reyes,Male,31.0,Atlanta,GA,2022-12-15
CUST_004393,Stephen Stewart,Male,59.0,Houston,TX,2022-10-11
CUST_004394,Sean Evans,Male,36.0,San Jose,CA,2022-08-10
CUST_004395,Judith Reyes,Female,28.0,Seattle,WA,2024-03-15
CUST_004396,Donna Bennett,Female,31.0,Los Angeles,CA,2023-02-15
CUST_004397,Virginia Phillips,Female,58.0,Phoenix,AZ,2024-02-08
CUST_004398,Christopher Morris,Male,25.0,Los Angeles,CA,2022-12-06
CUST_004399,Kimberly Gutierrez,,29.0,San Diego,CA,2022-10-17
CUST_004400,Zachary Scott,Male,75.0,Detroit,MI,2023-10-30
CUST_004401,Christopher White,Male,50.0,Austin,TX,2023-07-12
CUST_004402,Brian Reyes,M,29.0,Seattle,WA,2023-05-02
CUST_004403,Janice Reed,Female,25.0,Chicago,IL,2023-02-24
CUST_004404,Judith Walker,Female,18.0,Philadelphia,PA,2023-03-17
CUST_004405,Alice Martin,Female,40.0,Denver,CO,2023-12-13
CUST_004406,Terry Perez,Male,48.0,Los Angeles,CA,2022-06-12
CUST_004407,Ronald Cooper,Male,57.0,New York,NY,2022-02-27
CUST_004408,Olivia Reed,Female,18.0,Los Angeles,CA,2022-01-07
CUST_004409,Jacob Collins,Male,22.0,Chicago,IL,2023-04-09
CUST_004410,Christina Lee,Female,37.0,Charlotte,NC,2023-12-02
CUST_004411,Cynthia Jones,Female,73.0,Los Angeles,CA,2023-08-20
CUST_004412,Mary Gonzalez,Female,50.0,New York,NY,2024-03-24
CUST_004413,Joseph Smith,Male,43.0,Los Angeles,CA,2023-07-06
CUST_004414,Cheryl Chavez,Female,23.0,Los Angeles,CA,2023-04-20
CUST_004415,Jessica Mendoza,Female,18.0,Houston,TX,2023-06-15
CUST_004416,Jack Mendoza,Male,39.0,Los Angeles,CA,2024-01-14
CUST_004417,Gerald Cooper,Male,37.0,New York,NY,2022-01-17
CUST_004418,Judith White,Female,35.0,Los Angeles,CA,2023-03-17
CUST_004419,Brenda Cruz,Female,34.0,Atlanta,GA,2023-01-31
CUST_004420,Steven Baker,Male,29.0,San Diego,CA,2024-02-29
CUST_004421,Abigail Taylor,Female,26.0,Boston,MA,2022-07-16
CUST_004422,Maria Cook,Female,56.0,Los Angeles,CA,2022-01-29
CUST_004423,Nicholas Morris,Male,27.0,Chicago,IL,2023-07-22
CUST_004424,Julia Perez,Female,,Charlotte,NC,2023-07-17
CUST_004425,Paul Mendoza,Male,,New York,NY,2022-11-14
CUST_004426,Emma Peterson,Female,47.0,Philadelphia,PA,2023-05-14
CUST_004427,Karen Morales,Female,28.0,Chicago,IL,2023-06-26
CUST_004428,Lisa Nelson,Female,51.0,New York,NY,2022-12-13
CUST_004429,Shirley Bailey,Female,31.0,Dallas,TX,2023-02-08
CUST_004430,Christina White,Female,36.0,San Diego,CA,2022-06-01
CUST_004431,Laura James,Female,59.0,Houston,TX,2023-10-30
CUST_004432,Henry Murphy,Male,26.0,San Antonio,TX,2023-01-13
CUST_004433,Keith Baker,Male,48.0,Phoenix,AZ,2023-08-02
CUST_004434,Frances Lopez,Female,51.0,Philadelphia,PA,2023-02-13
CUST_004435,Michael Scott,Male,42.0,Miami,FL,2022-06-21
CUST_004436,Ethan Mendoza,Male,37.0,Denver,CO,2023-09-11
CUST_004437,Daniel Bailey,Male,65.0,Chicago,IL,2023-02-05
CUST_004438,Christina Gutierrez,Female,38.0,Chicago,IL,2022-07-14
CUST_004439,Amy Richardson,Female,41.0,Denver,CO,2024-02-17
CUST_004440,Joan Brooks,Female,34.0,Chicago,IL,2024-01-21
CUST_004441,Donna Thompson,Female,40.0,Detroit,MI,2023-09-29
CUST_004442,Joyce Richardson,Female,51.0,Miami,FL,2023-06-11
CUST_004443,Christopher Hernandez,Male,35.0,Chicago,IL,2023-07-18
CUST_004444,Anthony Reed,Male,18.0,Atlanta,GA,2022-12-19
CUST_004445,Julie Martin,Female,45.0,Los Angeles,CA,2022-09-25
CUST_004446,Laura Ramos,Female,25.0,New York,NY,2023-06-23
CUST_004447,Christina Collins,Female,48.0,Charlotte,NC,2023-10-09
CUST_004448,Lauren Evans,Female,38.0,Boston,MA,2023-04-09
CUST_004449,Jerry Lee,Male,50.0,San Antonio,TX,2024-01-23
CUST_004450,Judith Smith,Female,27.0,Miami,FL,2023-01-12
CUST_004451,Harold Cooper,Male,32.0,New York,NY,2023-01-02
CUST_004452,Austin Williams,Male,34.0,Denver,CO,2023-02-12
CUST_004453,Richard Hill,Male,20.0,Portland,OR,2023-09-13
CUST_004454,Frank Mitchell,Male,52.0,Atlanta,GA,2022-02-01
CUST_004455,Kyle Scott,MALE,18.0,Philadelphia,PA,2022-12-14
CUST_004456,Donna Mitchell,F,52.0,Houston,TX,2023-10-11
CUST_004457,Dorothy Diaz,Female,44.0,Minneapolis,MN,2023-05-26
CUST_004458,Kevin Hernandez,Male,36.0,Chicago,IL,2022-11-06
CUST_004459,Maria Richardson,Female,43.0,Portland,OR,2023-08-10
CUST_004460,Ryan Ramirez,Male,42.0,Houston,TX,2024-01-26
CUST_004461,Victoria Ramos,Female,33.0,Los Angeles,CA,2023-04-17
CUST_004462,Ruth Morgan,Female,42.0,Chicago,IL,2023-10-08
CUST_004463,Virginia Mendoza,Female,48.0,San Diego,CA,2022-07-26
CUST_004464,Kenneth Scott,Male,27.0,Los Angeles,CA,2023-03-23
CUST_004465,Cheryl Jones,Female,43.0,Phoenix,AZ,2022-10-20
CUST_004466,Victoria Chavez,Female,18.0,Detroit,MI,2024-03-26
CUST_004467,Nancy Nelson,Female,18.0,New York,NY,2022-08-15
CUST_004468,Steven Cruz,Male,46.0,Austin,TX,2024-02-26
CUST_004469,Timothy Diaz,Male,33.0,Phoenix,AZ,2023-01-29
CUST_004470,Alice Kim,Female,28.0,San Jose,CA,2023-04-12
CUST_004471,Edward Lee,Male,38.0,San Antonio,TX,2023-05-02
CUST_004472,Patricia Brooks,Female,34.0,Minneapolis,MN,2022-09-05
CUST_004473,Daniel Rivera,Male,26.0,Phoenix,AZ,2022-09-03
CUST_004474,Jennifer Hill,Female,18.0,San Antonio,TX,2023-01-02
CUST_004475,Anna Gonzalez,Female,18.0,Los Angeles,CA,2023-10-12
CUST_004476,Harold Garcia,Male,48.0,San Antonio,TX,2023-09-11
CUST_004477,Larry Gomez,Male,33.0,New York,NY,2024-03-29
CUST_004478,Ann Adams,Female,51.0,Dallas,TX,2022-04-07
CUST_004479,Michael Howard,Male,33.0,Phoenix,AZ,2023-10-22
CUST_004480,Justin Stewart,Male,43.0,Boston,MA,2022-07-23
CUST_004481,Hannah Morgan,Female,37.0,Phoenix,AZ,2023-04-22
CUST_004482,Adam Morales,Male,39.0,Austin,TX,2022-07-25
CUST_004483,Gerald Jackson,Male,40.0,New York,NY,2024-02-18
CUST_004484,Melissa Morris,Female,33.0,Denver,CO,2023-04-19
CUST_004485,Benjamin Lee,Male,23.0,Portland,OR,2023-03-20
CUST_004486,Kelly Walker,Female,48.0,Philadelphia,PA,2022-11-04
CUST_004487,Anthony Scott,Male,58.0,New York,NY,2023-03-03
CUST_004488,Gloria Wright,Female,59.0,Austin,TX,2022-05-01
CUST_004489,Rebecca Kelly,Female,32.0,Los Angeles,CA,2023-08-30
CUST_004490,Joseph Peterson,Male,29.0,Philadelphia,PA,2023-06-07
CUST_004491,Ethan Gray,Male,32.0,New York,NY,2022-04-19
CUST_004492,Douglas Brown,Male,36.0,Philadelphia,PA,2022-04-22
CUST_004493,Terry Baker,Male,38.0,Minneapolis,MN,2022-10-22
CUST_004494,Kathryn Perez,female,26.0,Los Angeles,CA,2023-03-23
CUST_004495,Melissa Kim,Female,20.0,San Antonio,TX,2022-08-18
CUST_004496,Joyce Hill,Female,39.0,Chicago,IL,2022-05-22
CUST_004497,Denise Perez,Female,18.0,Chicago,IL,2022-04-16
CUST_004498,Carol Taylor,Female,37.0,San Jose,CA,2022-11-01
CUST_004499,Justin Hall,Male,27.0,Boston,MA,2023-07-21
CUST_004500,Austin Jones,Male,48.0,Minneapolis,MN,2023-08-26
CUST_004501,Sarah Perez,Female,52.0,Chicago,IL,2022-10-13
CUST_004502,Abigail Rivera,Female,52.0,New York,NY,2023-02-24
CUST_004503,Brandon Smith,Male,34.0,Philadelphia,PA,2023-07-20
CUST_004504,Kathryn Watson,Female,24.0,Dallas,TX,2022-12-19
CUST_004505,Julie Thomas,Female,28.0,Denver,CO,2024-03-17
CUST_004506,Kelly Kelly,Female,42.0,Boston,MA,2023-09-05
CUST_004507,Cheryl Edwards,Female,18.0,Miami,FL,2023-06-13
CUST_004508,Barbara Flores,Female,56.0,New York,NY,2023-04-11
CUST_004509,Tyler Cruz,,34.0,Charlotte,NC,2023-04-07
CUST_004510,Abigail Howard,Female,45.0,Charlotte,NC,2022-10-21
CUST_004511,Dylan Robinson,Male,18.0,New York,NY,2022-03-27
CUST_004512,Bryan Smith,Male,27.0,Houston,TX,2023-12-15
CUST_004513,Aaron Gonzalez,Male,18.0,Boston,MA,2024-01-29
CUST_004514,Olivia Stewart,Female,51.0,San Antonio,TX,2024-03-14
CUST_004515,Janet Mendoza,Female,36.0,New York,NY,2023-01-25
CUST_004516,Ruth Lopez,Female,46.0,Houston,TX,2024-02-25
CUST_004517,Julie Sanchez,Female,39.0,Dallas,TX,2023-09-12
CUST_004518,Linda King,Female,44.0,Minneapolis,MN,2023-02-09
CUST_004519,Joseph Cruz,MALE,34.0,Miami,FL,2024-02-07
CUST_004520,Julie Lewis,Female,36.0,Portland,OR,2024-03-10
CUST_004521,Rebecca Cox,Female,37.0,Philadelphia,PA,2023-05-10
CUST_004522,Stephanie Clark,Female,44.0,Atlanta,GA,2023-11-05
CUST_004523,Donald Gomez,Male,44.0,New York,NY,2023-11-03
CUST_004524,Keith Campbell,Male,74.0,San Diego,CA,2023-07-05
CUST_004525,Bryan Davis,Male,60.0,Detroit,MI,2023-02-10
CUST_004526,Tyler Campbell,Male,18.0,Miami,FL,2022-05-25
CUST_004527,Jesse Diaz,Male,37.0,San Jose,CA,2024-03-29
CUST_004528,Terry Collins,Male,33.0,Los Angeles,CA,2022-03-21
CUST_004529,Donna Sanchez,Female,55.0,Los Angeles,CA,2022-05-25
CUST_004530,Matthew Cruz,Male,35.0,Seattle,WA,2023-01-01
CUST_004531,Steven Martinez,Male,44.0,Houston,TX,2023-01-21
CUST_004532,Sarah White,Female,18.0,Houston,TX,2022-09-28
CUST_004533,Raymond Cook,Male,20.0,Miami,FL,2022-03-28
CUST_004534,Deborah Moore,Female,65.0,New York,NY,2024-01-25
CUST_004535,Jean Brooks,Female,39.0,Phoenix,AZ,2023-04-23
CUST_004536,Julie Hernandez,Female,26.0,Chicago,IL,2024-03-11
CUST_004537,Jeffrey Lewis,Male,42.0,New York,NY,2024-01-11
CUST_004538,Joe Evans,Male,25.0,Los Angeles,CA,2023-04-08
CUST_004539,Judy Phillips,Female,35.0,Los Angeles,CA,2023-01-12
CUST_004540,Hannah Reed,Female,20.0,San Antonio,TX,2022-09-17
CUST_004541,Jacqueline Cooper,Female,29.0,Philadelphia,PA,2024-03-26
CUST_004542,Grace Thompson,Female,33.0,San Antonio,TX,2023-07-03
CUST_004543,Dennis Watson,Male,53.0,Minneapolis,MN,2023-12-17
CUST_004544,Frances Morales,Female,44.0,San Antonio,TX,2024-03-21
CUST_004545,Barbara Wilson,Female,46.0,San Jose,CA,2022-08-20
CUST_004546,Catherine Mendoza,Female,38.0,San Jose,CA,2024-02-11
CUST_004547,Benjamin Murphy,Male,49.0,San Diego,CA,2023-11-15
CUST_004548,Linda Rivera,Female,28.0,Chicago,IL,2023-03-08
CUST_004549,Richard Sanchez,Male,29.0,Detroit,MI,2024-02-27
CUST_004550,Patricia Hill,Female,44.0,Philadelphia,PA,2023-06-21
CUST_004551,Deborah Peterson,Female,35.0,Dallas,TX,2023-01-17
CUST_004552,William Rogers,Male,38.0,Dallas,TX,2022-06-19
CUST_004553,Brenda Williams,F,36.0,Miami,FL,2023-09-30
CUST_004554,Christian Cooper,Male,54.0,San Diego,CA,2023-11-01
CUST_004555,Julie Mitchell,Female,55.0,Philadelphia,PA,2022-08-04
CUST_004556,Adam Stewart,Male,31.0,Philadelphia,PA,2022-12-29
CUST_004557,Robert Rogers,Male,18.0,Boston,MA,2022-03-03
CUST_004558,Noah Nguyen,Male,30.0,Houston,TX,2023-05-27
CUST_004559,Betty Hill,Female,27.0,Portland,OR,2023-06-29
CUST_004560,Timothy Collins,Male,49.0,Miami,FL,2023-12-22
CUST_004561,Samuel Hall,Male,50.0,Los Angeles,CA,2022-01-30
CUST_004562,Alice Morris,Female,26.0,Houston,TX,2022-05-10
CUST_004563,Denise Morris,Female,29.0,Detroit,MI,2022-02-05
CUST_004564,Jeremy Johnson,Male,20.0,Chicago,IL,2024-02-24
CUST_004565,Evelyn Torres,Female,40.0,Houston,TX,2023-04-23
CUST_004566,Gregory Davis,Male,38.0,Los Angeles,CA,2022-09-09
CUST_004567,Adam Williams,Male,48.0,New York,NY,2022-01-22
CUST_004568,Betty Martin,Female,45.0,San Antonio,TX,2022-04-16
CUST_004569,Kevin Miller,Male,46.0,Boston,MA,2023-09-24
CUST_004570,Joe James,Male,19.0,San Jose,CA,2023-03-28
CUST_004571,Grace Davis,Female,31.0,New York,NY,2023-10-05
CUST_004572,Ronald Phillips,Male,50.0,San Diego,CA,2022-09-27
CUST_004573,Carol Chavez,Female,32.0,Houston,TX,2023-02-24
CUST_004574,Michelle Thomas,female,18.0,San Jose,CA,2023-07-17
CUST_004575,Scott Gonzalez,Male,49.0,Phoenix,AZ,2022-08-09
CUST_004576,Michelle Gonzalez,Female,31.0,Charlotte,NC,2022-10-17
CUST_004577,Aaron Allen,Male,52.0,Miami,FL,2022-06-01
CUST_004578,Susan Ramos,Female,38.0,Seattle,WA,2023-09-19
CUST_004579,Sarah Parker,Female,35.0,San Diego,CA,2023-06-16
CUST_004580,Melissa Mendoza,Female,56.0,Dallas,TX,2023-02-28
CUST_004581,Jeremy Ramos,Male,22.0,Philadelphia,PA,2023-06-04
CUST_004582,Ronald Lewis,Male,56.0,Atlanta,GA,2022-06-29
CUST_004583,Justin Ramirez,M,31.0,Detroit,MI,2023-11-28
CUST_004584,Jose Hill,Male,41.0,Charlotte,NC,2023-10-19
CUST_004585,Harold Green,Male,41.0,Austin,TX,2022-07-11
CUST_004586,Timothy Adams,Male,33.0,Seattle,WA,2024-01-16
CUST_004587,Judith Lewis,Female,29.0,Phoenix,AZ,2023-01-17
CUST_004588,Brian Gonzalez,Male,34.0,New York,NY,2023-03-15
CUST_004589,Aaron Ramirez,Male,26.0,Seattle,WA,2023-05-07
CUST_004590,Larry Lopez,Male,63.0,Portland,OR,2023-11-14
CUST_004591,Abigail Reyes,Female,32.0,Miami,FL,2022-06-23
CUST_004592,Grace Hill,Female,53.0,Minneapolis,MN,2022-09-27
CUST_004593,Ethan Turner,Male,51.0,Phoenix,AZ,2024-02-19
CUST_004594,Jean Perez,Female,43.0,Denver,CO,2024-02-19
CUST_004595,Nancy Thompson,Female,37.0,San Jose,CA,2023-11-25
CUST_004596,Jose Miller,Male,41.0,San Diego,CA,2022-06-27
CUST_004597,Kimberly Parker,Female,46.0,Los Angeles,CA,2023-06-25
CUST_004598,Melissa Cox,Female,40.0,Dallas,TX,2023-03-01
CUST_004599,Rachel Turner,Female,19.0,Chicago,IL,2022-03-30
CUST_004600,Megan Evans,Female,18.0,Seattle,WA,2022-03-25
CUST_004601,Zachary Brooks,Male,57.0,Portland,OR,2023-12-28
CUST_004602,Carl Richardson,M,18.0,Denver,CO,2022-04-10
CUST_004603,Patrick Young,Male,41.0,Chicago,IL,2022-10-02
CUST_004604,Lawrence Moore,Male,36.0,Philadelphia,PA,2022-06-10
CUST_004605,Sean Bennett,Male,41.0,Dallas,TX,2023-06-10
CUST_004606,Sara Rogers,Female,24.0,Denver,CO,2023-10-23
CUST_004607,Andrew Cooper,Male,43.0,Los Angeles,CA,2022-09-27
CUST_004608,Carolyn White,Female,41.0,San Diego,CA,2023-11-07
CUST_004609,Judith Nguyen,Female,,Miami,FL,2022-07-04
CUST_004610,Joe Cook,Male,40.0,New York,NY,2022-12-16
CUST_004611,James Cooper,Male,55.0,Denver,CO,2022-09-06
CUST_004612,Sharon Robinson,Female,20.0,Minneapolis,MN,2023-03-08
CUST_004613,Jason Parker,Male,51.0,Atlanta,GA,2024-03-18
CUST_004614,Deborah Gray,Female,41.0,Portland,OR,2023-10-06
CUST_004615,Gloria Hill,Female,42.0,Boston,MA,2022-08-02
CUST_004616,Linda Allen,Female,42.0,San Diego,CA,2024-03-09
CUST_004617,Kathleen Robinson,Female,60.0,San Antonio,TX,2023-08-28
CUST_004618,Douglas Turner,Male,42.0,New York,NY,2023-03-07
CUST_004619,Anna Carter,Female,29.0,New York,NY,2024-02-05
CUST_004620,Daniel Hall,Male,31.0,San Jose,CA,2023-10-25
CUST_004621,Ruth Thomas,Female,49.0,Chicago,IL,2023-10-01
CUST_004622,Samuel Kim,Male,44.0,Houston,TX,2022-07-29
CUST_004623,Joe Garcia,Male,19.0,Atlanta,GA,2022-05-18
CUST_004624,Kyle Lewis,Male,45.0,New York,NY,2024-01-03
CUST_004625,Grace Ward,female,25.0,Chicago,IL,2023-08-27
CUST_004626,Mark Hernandez,Male,44.0,Seattle,WA,2023-12-01
CUST_004627,Walter Cruz,Male,28.0,New York,NY,2023-10-27
CUST_004628,Janet Kelly,Female,35.0,San Diego,CA,2024-01-28
CUST_004629,Joan Wilson,Female,32.0,New York,NY,2023-01-01
CUST_004630,Helen Collins,Female,57.0,Boston,MA,2022-12-11
CUST_004631,Donna Cruz,Female,44.0,San Jose,CA,2022-09-01
CUST_004632,Linda Bailey,Female,54.0,Austin,TX,2022-04-25
CUST_004633,Ann Kelly,Female,75.0,Los Angeles,CA,2023-03-30
CUST_004634,Gloria Stewart,Female,39.0,Denver,CO,2023-04-12
CUST_004635,Anthony Watson,Male,57.0,Chicago,IL,2022-05-04
CUST_004636,Joyce Mitchell,Female,30.0,Dallas,TX,2023-07-01
CUST_004637,Judith Chavez,F,54.0,New York,NY,2022-12-22
CUST_004638,Patrick Evans,Male,28.0,New York,NY,2023-03-09
CUST_004639,Rebecca Gonzalez,Female,38.0,Los Angeles,CA,2023-04-21
CUST_004640,Frances Hill,Female,45.0,Los Angeles,CA,2022-11-06
CUST_004641,Joyce Ramos,Female,47.0,Los Angeles,CA,2023-08-30
CUST_004642,Evelyn Martinez,Female,23.0,New York,NY,2023-04-21
CUST_004643,Virginia Green,Female,28.0,Minneapolis,MN,2023-02-25
CUST_004644,Evelyn Hill,Female,46.0,Dallas,TX,2023-01-30
CUST_004645,Betty Martin,Female,34.0,Austin,TX,2022-01-27
CUST_004646,Arthur Martin,Male,21.0,Chicago,IL,2023-10-30
CUST_004647,Brian Miller,Male,38.0,New York,NY,2024-03-09
CUST_004648,Ann Walker,Female,37.0,Charlotte,NC,2022-05-21
CUST_004649,Kathryn Young,Female,41.0,New York,NY,2022-10-19
CUST_004650,Virginia Gray,Female,45.0,Atlanta,GA,2023-12-21
CUST_004651,Jack Walker,Male,44.0,Seattle,WA,2023-09-16
CUST_004652,Thomas Collins,Male,29.0,Phoenix,AZ,2022-11-08
CUST_004653,Emma Kelly,Female,33.0,Boston,MA,2023-08-05
CUST_004654,Ruth Howard,,50.0,Boston,MA,2024-02-06
CUST_004655,Susan Ramos,Female,32.0,Minneapolis,MN,2022-08-16
CUST_004656,Thomas Brown,Male,34.0,San Diego,CA,2023-08-26
CUST_004657,Jordan Kim,Male,20.0,Los Angeles,CA,2023-11-27
CUST_004658,Laura Mendoza,Female,38.0,Dallas,TX,2022-04-15
CUST_004659,Jason White,Male,43.0,New York,NY,2024-02-17
CUST_004660,Amanda Bailey,Female,18.0,Houston,TX,2024-03-04
CUST_004661,Aaron Carter,Male,25.0,Austin,TX,2023-10-04
CUST_004662,Justin Young,Male,21.0,Chicago,IL,2023-04-25
CUST_004663,Jacqueline Collins,Female,48.0,Miami,FL,2023-07-02
CUST_004664,Debra Taylor,Female,18.0,Charlotte,NC,2023-08-04
CUST_004665,John Wilson,Male,38.0,New York,NY,2022-06-13
CUST_004666,Katherine Cruz,Female,47.0,Los Angeles,CA,2022-10-23
CUST_004667,William Thompson,Male,41.0,San Antonio,TX,2022-04-20
CUST_004668,Teresa Wood,Female,33.0,New York,NY,2022-12-28
CUST_004669,Charles Chavez,Male,43.0,New York,NY,2023-10-12
CUST_004670,Donna Johnson,Female,51.0,Detroit,MI,2024-01-16
CUST_004671,Helen Rodriguez,Female,37.0,New York,NY,2022-12-29
CUST_004672,Kimberly Cruz,Female,18.0,Chicago,IL,2023-07-11
CUST_004673,Carolyn Wright,Female,53.0,Phoenix,AZ,2023-06-25
CUST_004674,Helen Ramirez,,44.0,New York,NY,2023-03-22
CUST_004675,Dylan Phillips,Male,38.0,Atlanta,GA,2023-09-06
CUST_004676,Jessica Ramirez,Female,18.0,Miami,FL,2022-06-10
CUST_004677,Heather Kim,Female,35.0,Phoenix,AZ,2022-03-24
CUST_004678,Evelyn Adams,Female,28.0,Los Angeles,CA,2022-12-09
CUST_004679,Lisa Gray,,23.0,Minneapolis,MN,2024-03-11
CUST_004680,Tyler Ramos,Male,37.0,Seattle,WA,2024-02-29
CUST_004681,Carl Phillips,Male,32.0,San Diego,CA,2023-07-23
CUST_004682,Hannah Clark,Female,33.0,Phoenix,AZ,2023-06-13
CUST_004683,Lawrence Gomez,Male,48.0,San Diego,CA,2023-07-24
CUST_004684,Zachary Adams,Male,42.0,Chicago,IL,2023-02-15
CUST_004685,Gary Baker,Male,32.0,Philadelphia,PA,2022-10-18
CUST_004686,Abigail King,Female,31.0,Seattle,WA,2022-01-07
CUST_004687,Michelle Kelly,Female,33.0,Phoenix,AZ,2022-01-22
CUST_004688,Heather Kim,Female,35.0,Seattle,WA,2024-03-13
CUST_004689,Ethan Martinez,Male,46.0,Denver,CO,2023-10-12
CUST_004690,Carl Anderson,Male,25.0,Boston,MA,2023-09-03
CUST_004691,Jean Flores,Female,57.0,Dallas,TX,2023-12-19
CUST_004692,Jessica Nelson,Female,46.0,Los Angeles,CA,2023-07-04
CUST_004693,Peter Ortiz,Male,18.0,Seattle,WA,2023-08-18
CUST_004694,Steven Clark,Male,40.0,Atlanta,GA,2023-11-12
CUST_004695,Hannah Kim,Female,52.0,New York,NY,2022-05-15
CUST_004696,Douglas Clark,Male,43.0,Minneapolis,MN,2022-07-16
CUST_004697,Ashley Perez,Female,33.0,Portland,OR,2023-05-26
CUST_004698,Teresa Collins,Female,38.0,Seattle,WA,2022-04-16
CUST_004699,Larry Watson,Male,41.0,New York,NY,2023-08-12
CUST_004700,Alexander Gonzalez,Male,48.0,San Jose,CA,2023-12-11
CUST_004701,Bryan Reyes,Male,21.0,Houston,TX,2023-12-15
CUST_004702,Virginia Martinez,Female,31.0,Chicago,IL,2022-11-17
CUST_004703,Diane Rivera,Female,59.0,New York,NY,2022-07-31
CUST_004704,Patricia Rodriguez,female,39.0,Denver,CO,2024-03-04
CUST_004705,Kimberly Turner,Female,58.0,Dallas,TX,2024-02-03
CUST_004706,Jennifer Diaz,Female,76.0,Philadelphia,PA,2022-11-09
CUST_004707,Laura Peterson,Female,32.0,Phoenix,AZ,2024-01-22
CUST_004708,Cynthia Flores,Female,24.0,Phoenix,AZ,2024-01-13
CUST_004709,Carolyn Torres,Female,35.0,Philadelphia,PA,2022-11-30
CUST_004710,Lauren Cruz,Female,52.0,San Antonio,TX,2022-12-22
CUST_004711,Mark Mendoza,Male,54.0,New York,NY,2024-02-16
CUST_004712,Ruth Kim,Female,67.0,Phoenix,AZ,2023-10-10
CUST_004713,Arthur Ramirez,Male,38.0,New York,NY,2023-07-12
CUST_004714,Mark Morales,Male,45.0,Boston,MA,2024-02-29
CUST_004715,Jose Thomas,,30.0,San Diego,CA,2024-01-02
CUST_004716,Linda Cook,Female,18.0,Atlanta,GA,2022-03-24
CUST_004717,Carolyn Parker,Female,38.0,Philadelphia,PA,2023-04-12
CUST_004718,Kyle Bennett,Male,24.0,Los Angeles,CA,2024-01-23
CUST_004719,Jennifer Watson,Female,47.0,Chicago,IL,2022-05-01
CUST_004720,Laura Ortiz,Female,18.0,Chicago,IL,2022-03-21
CUST_004721,Frances Carter,Female,29.0,Philadelphia,PA,2023-12-29
CUST_004722,Andrew Kim,Male,,Atlanta,GA,2023-11-04
CUST_004723,Evelyn Perez,Female,43.0,New York,NY,2022-06-26
CUST_004724,Dennis Cox,Male,38.0,Phoenix,AZ,2022-07-10
CUST_004725,Margaret Jones,Female,62.0,New York,NY,2023-12-11
CUST_004726,Megan Rogers,Female,58.0,Phoenix,AZ,2022-08-06
CUST_004727,Gregory Ward,Male,30.0,Dallas,TX,2022-06-03
CUST_004728,Karen Nguyen,Female,59.0,New York,NY,2024-01-31
CUST_004729,Jesse Morgan,Male,61.0,New York,NY,2023-11-23
CUST_004730,Katherine Brown,Female,37.0,Denver,CO,2023-01-25
CUST_004731,Megan Young,Female,39.0,Phoenix,AZ,2023-07-18
CUST_004732,Paul Ortiz,Male,38.0,Houston,TX,2023-02-16
CUST_004733,Nancy Wood,Female,30.0,Seattle,WA,2022-10-05
CUST_004734,Megan Morgan,Female,32.0,New York,NY,2024-03-22
CUST_004735,Adam Anderson,Male,55.0,Miami,FL,2023-05-19
CUST_004736,Kevin White,Male,44.0,Boston,MA,2023-07-27
CUST_004737,Kyle Davis,Male,32.0,Phoenix,AZ,2023-01-29
CUST_004738,Christine Bailey,Female,27.0,Philadelphia,PA,2023-04-14
CUST_004739,Cynthia Morgan,Female,29.0,Phoenix,AZ,2022-10-17
CUST_004740,Jeremy Roberts,Male,36.0,Boston,MA,2023-02-15
CUST_004741,Julie Nguyen,Female,50.0,New York,NY,2023-07-20
CUST_004742,Debra Gonzalez,Female,28.0,Seattle,WA,2023-11-28
CUST_004743,Ethan Howard,Male,50.0,Chicago,IL,2023-11-21
CUST_004744,Janet Clark,Female,41.0,Boston,MA,2022-01-14
CUST_004745,Alice Diaz,Female,40.0,Charlotte,NC,2023-05-10
CUST_004746,Gloria Reed,Female,51.0,Chicago,IL,2022-12-31
CUST_004747,Kathleen Gutierrez,Female,49.0,Philadelphia,PA,2023-07-04
CUST_004748,Justin King,Male,21.0,San Diego,CA,2024-01-13
CUST_004749,Dylan Nguyen,Male,25.0,Dallas,TX,2023-11-02
CUST_004750,Janice Cox,,36.0,Los Angeles,CA,2022-11-24
CUST_004751,Kimberly Turner,Female,43.0,Dallas,TX,2023-10-08
CUST_004752,Kevin Gonzalez,Male,56.0,Denver,CO,2022-04-21
CUST_004753,Kathleen Edwards,Female,39.0,Portland,OR,2022-05-18
CUST_004754,Frances Edwards,Female,60.0,Denver,CO,2022-08-21
CUST_004755,Lawrence Robinson,Male,30.0,Austin,TX,2023-01-22
CUST_004756,Keith Rivera,Male,32.0,Chicago,IL,2023-04-21
CUST_004757,Melissa Garcia,Female,35.0,New York,NY,2023-01-20
CUST_004758,Terry Brooks,MALE,28.0,San Jose,CA,2023-07-20
CUST_004759,Jennifer Gomez,Female,,Austin,TX,2022-05-14
CUST_004760,Eric Garcia,male,18.0,Miami,FL,2023-04-30
CUST_004761,Angela Richardson,FEMALE,32.0,Philadelphia,PA,2022-10-03
CUST_004762,Carolyn Cox,Female,53.0,Los Angeles,CA,2022-12-23
CUST_004763,Patrick Lopez,Male,35.0,Chicago,IL,2023-04-20
CUST_004764,Michelle Allen,Female,52.0,San Antonio,TX,2022-05-23
CUST_004765,Emily Reyes,Female,66.0,Houston,TX,2023-01-12
CUST_004766,Martha Richardson,Female,40.0,Los Angeles,CA,2023-10-23
CUST_004767,Richard Morgan,Male,53.0,New York,NY,2022-10-08
CUST_004768,Brandon James,Male,69.0,Phoenix,AZ,2023-10-26
CUST_004769,Kimberly Cook,Female,44.0,Houston,TX,2022-08-26
CUST_004770,Ronald Ortiz,Male,38.0,Charlotte,NC,2023-10-18
CUST_004771,Brian Morales,Male,50.0,Miami,FL,2022-07-23
CUST_004772,Joan Chavez,Female,53.0,Los Angeles,CA,2024-02-28
CUST_004773,Nicole Flores,Female,38.0,Boston,MA,2022-06-13
CUST_004774,Stephanie Smith,Female,32.0,San Antonio,TX,2024-03-30
CUST_004775,Teresa Cooper,Female,60.0,Detroit,MI,2022-08-24
CUST_004776,Jessica Mendoza,Female,35.0,Austin,TX,2023-09-17
CUST_004777,Cheryl Thompson,Female,53.0,Los Angeles,CA,2022-11-01
CUST_004778,Amanda Young,Female,42.0,Los Angeles,CA,2022-04-01
CUST_004779,Abigail Harris,Female,61.0,Charlotte,NC,2022-01-29
CUST_004780,James Ramos,Male,28.0,Detroit,MI,2022-06-07
CUST_004781,Catherine Kelly,Female,28.0,San Antonio,TX,2023-01-29
CUST_004782,Jerry Howard,Male,49.0,Dallas,TX,2023-06-14
CUST_004783,Raymond Stewart,Male,24.0,San Diego,CA,2023-03-27
CUST_004784,Christian Cook,Male,40.0,Boston,MA,2023-07-22
CUST_004785,Thomas Hall,Male,58.0,San Antonio,TX,2022-04-15
CUST_004786,Eric Rodriguez,Male,18.0,Los Angeles,CA,2023-08-24
CUST_004787,Madison Adams,Female,44.0,Houston,TX,2023-11-09
CUST_004788,Sean Williams,Male,54.0,Dallas,TX,2022-08-26
CUST_004789,Christine Jones,Female,38.0,Houston,TX,2023-11-14
CUST_004790,Patrick Nguyen,Male,27.0,Atlanta,GA,2022-09-13
CUST_004791,Andrea Brown,Female,35.0,Portland,OR,2023-02-27
CUST_004792,Hannah Lopez,,28.0,Chicago,IL,2023-11-23
CUST_004793,Kathryn Roberts,Female,39.0,Minneapolis,MN,2023-09-01
CUST_004794,Noah Gray,Male,35.0,Denver,CO,2023-04-16
CUST_004795,Brenda Flores,Female,32.0,Dallas,TX,2022-12-27
CUST_004796,Virginia Collins,Female,44.0,Los Angeles,CA,2023-06-01
CUST_004797,Katherine Cooper,Female,58.0,Phoenix,AZ,2023-04-28
CUST_004798,Lisa Green,Female,43.0,Charlotte,NC,2024-03-12
CUST_004799,Christian Anderson,Male,55.0,San Jose,CA,2023-12-07
CUST_004800,Dennis Mendoza,Male,58.0,Dallas,TX,2022-05-06
CUST_004801,Elizabeth Walker,Female,31.0,New York,NY,2023-02-01
CUST_004802,Kelly Brown,Female,42.0,Houston,TX,2023-06-19
CUST_004803,Deborah Cruz,Female,33.0,San Antonio,TX,2023-09-14
CUST_004804,Barbara Taylor,Female,20.0,San Jose,CA,2022-07-06
CUST_004805,Dennis Stewart,Male,43.0,Miami,FL,2023-12-10
CUST_004806,Peter Robinson,Male,25.0,Philadelphia,PA,2023-07-21
CUST_004807,Debra Howard,Female,45.0,Chicago,IL,2022-03-16
CUST_004808,James White,Male,19.0,Chicago,IL,2022-03-07
CUST_004809,Heather Cooper,Female,41.0,Los Angeles,CA,2023-08-31
CUST_004810,James Walker,Male,19.0,Los Angeles,CA,2023-10-19
CUST_004811,Lawrence Bailey,Male,47.0,Chicago,IL,2022-11-06
CUST_004812,Kevin Nelson,Male,34.0,Boston,MA,2022-06-21
CUST_004813,Frances Diaz,Female,32.0,Phoenix,AZ,2022-08-16
CUST_004814,James Phillips,Male,53.0,Miami,FL,2023-01-15
CUST_004815,Sarah Moore,Female,34.0,Portland,OR,2023-07-23
CUST_004816,Nicole Torres,Female,40.0,New York,NY,2022-07-16
CUST_004817,Andrea Mitchell,Female,36.0,Denver,CO,2023-11-13
CUST_004818,Julia Martinez,Female,45.0,New York,NY,2022-09-12
CUST_004819,Samuel White,Male,52.0,New York,NY,2023-11-26
CUST_004820,Jeffrey Jackson,Male,49.0,Chicago,IL,2024-02-10
CUST_004821,Michael Kelly,Male,33.0,New York,NY,2022-06-23
CUST_004822,Heather Nelson,Female,54.0,San Jose,CA,2024-02-06
CUST_004823,Jacob Gomez,Male,27.0,Denver,CO,2023-09-14
CUST_004824,Austin King,Male,29.0,San Jose,CA,2024-01-17
CUST_004825,Samantha Perez,Female,37.0,Dallas,TX,2022-12-08
CUST_004826,Cheryl Allen,Female,52.0,Boston,MA,2024-01-01
CUST_004827,Sara Peterson,Female,24.0,Boston,MA,2023-03-26
CUST_004828,Sarah Davis,Female,50.0,Minneapolis,MN,2022-07-18
CUST_004829,Stephen King,Male,38.0,Seattle,WA,2024-03-28
CUST_004830,Sean Garcia,Male,33.0,Houston,TX,2024-02-26
CUST_004831,Eric Ward,Male,52.0,San Diego,CA,2022-05-15
CUST_004832,Maria Ortiz,Female,28.0,San Antonio,TX,2023-03-09
CUST_004833,Carl Edwards,Male,67.0,New York,NY,2024-03-22
CUST_004834,Andrew Rodriguez,Male,36.0,Atlanta,GA,2023-05-21
CUST_004835,Janice Nguyen,Female,40.0,Detroit,MI,2023-04-11
CUST_004836,Gary Evans,Male,58.0,Charlotte,NC,2022-07-24
CUST_004837,Diane Williams,Female,41.0,Chicago,IL,2023-02-07
CUST_004838,Sharon White,Female,53.0,New York,NY,2023-04-12
CUST_004839,Rachel Mendoza,Female,18.0,New York,NY,2023-09-20
CUST_004840,Elizabeth Gonzalez,Female,33.0,Atlanta,GA,2023-03-04
CUST_004841,David Wright,Male,43.0,Austin,TX,2023-07-25
CUST_004842,Brenda Nguyen,Female,52.0,Boston,MA,2022-04-21
CUST_004843,Laura Cox,Female,48.0,Detroit,MI,2023-10-25
CUST_004844,Julie Harris,Female,47.0,Chicago,IL,2022-01-04
CUST_004845,Linda Cruz,Female,52.0,Houston,TX,2023-07-30
CUST_004846,Sandra Davis,Female,44.0,Atlanta,GA,2023-12-07
CUST_004847,Emily Morgan,Female,18.0,Chicago,IL,2023-10-27
CUST_004848,Stephen Mendoza,Male,57.0,San Antonio,TX,2022-06-07
CUST_004849,Carol Chavez,Female,28.0,Philadelphia,PA,2023-12-19
CUST_004850,Daniel Nguyen,Male,42.0,Austin,TX,2022-03-29
CUST_004851,Diane Howard,Female,41.0,Charlotte,NC,2022-03-15
CUST_004852,Kyle Miller,MALE,39.0,New York,NY,2023-12-05
CUST_004853,Nathan Ward,Male,25.0,San Antonio,TX,2022-07-11
CUST_004854,Melissa Bailey,Female,18.0,Portland,OR,2023-03-02
CUST_004855,Sara Hill,Female,26.0,Houston,TX,2024-02-19
CUST_004856,Dennis Turner,Male,49.0,Denver,CO,2022-08-05
CUST_004857,Julie Ortiz,Female,20.0,Portland,OR,2023-11-06
CUST_004858,Paul Lopez,Male,27.0,Chicago,IL,2023-06-17
CUST_004859,Carol Morgan,Female,44.0,New York,NY,2023-01-27
CUST_004860,Samantha Collins,Female,26.0,New York,NY,2023-03-11
CUST_004861,Carol Diaz,Female,32.0,New York,NY,2023-01-31
CUST_004862,Henry Ramirez,Male,40.0,Houston,TX,2023-12-08
CUST_004863,Rebecca Thomas,Female,42.0,Los Angeles,CA,2023-11-29
CUST_004864,Matthew Mendoza,Male,,Phoenix,AZ,2022-12-31
CUST_004865,Matthew Gomez,Male,40.0,Boston,MA,2023-09-08
CUST_004866,Lisa Morales,female,43.0,Chicago,IL,2023-05-08
CUST_004867,Emma Gomez,Female,23.0,San Antonio,TX,2023-10-14
CUST_004868,Mary Stewart,FEMALE,41.0,Los Angeles,CA,2022-02-25
CUST_004869,Janet Rivera,Female,30.0,Seattle,WA,2022-11-29
CUST_004870,George Perez,Male,40.0,Houston,TX,2022-11-28
CUST_004871,Janet Morales,Female,48.0,Los Angeles,CA,2023-06-26
CUST_004872,Alice Gomez,Female,36.0,Portland,OR,2022-08-04
CUST_004873,Carl Scott,Male,50.0,Boston,MA,2023-05-08
CUST_004874,Raymond Bennett,Male,48.0,San Jose,CA,2024-03-18
CUST_004875,Eric Jackson,Male,50.0,Denver,CO,2022-02-18
CUST_004876,Henry Jones,Male,44.0,Phoenix,AZ,2023-04-16
CUST_004877,Abigail Harris,Female,,Chicago,IL,2022-05-29
CUST_004878,Brandon Edwards,Male,43.0,San Antonio,TX,2023-06-16
CUST_004879,Sarah Taylor,Female,18.0,Atlanta,GA,2022-09-04
CUST_004880,Cheryl Reyes,Female,29.0,Charlotte,NC,2024-01-27
CUST_004881,Mary White,Female,36.0,Austin,TX,2022-11-13
CUST_004882,Ethan Lewis,Male,37.0,Houston,TX,2024-03-04
CUST_004883,Richard Phillips,Male,43.0,Denver,CO,2022-01-05
CUST_004884,Karen Hernandez,Female,28.0,Seattle,WA,2023-12-11
CUST_004885,Jeremy Gutierrez,Male,64.0,Chicago,IL,2022-09-23
CUST_004886,Henry Scott,Male,37.0,Philadelphia,PA,2022-07-30
CUST_004887,Catherine Johnson,Female,38.0,Los Angeles,CA,2024-01-15
CUST_004888,Christian White,Male,30.0,Phoenix,AZ,2022-11-01
CUST_004889,Sara Baker,Female,26.0,Boston,MA,2023-06-17
CUST_004890,Larry Roberts,Male,37.0,Houston,TX,2023-10-06
CUST_004891,Denise Wood,Female,39.0,San Jose,CA,2023-02-07
CUST_004892,Kathleen Green,Female,37.0,Houston,TX,2022-04-21
CUST_004893,Sandra Cruz,Female,59.0,Los Angeles,CA,2024-02-09
CUST_004894,Ann King,Female,37.0,Denver,CO,2023-08-03
CUST_004895,Eric Ward,Male,37.0,Dallas,TX,2024-01-21
CUST_004896,Frances Wright,Female,49.0,Atlanta,GA,2023-10-28
CUST_004897,Barbara Moore,Female,36.0,Seattle,WA,2023-11-01
CUST_004898,Karen Miller,Female,45.0,Atlanta,GA,2023-06-21
CUST_004899,Michael Cox,Male,23.0,Los Angeles,CA,2022-01-08
CUST_004900,Dennis Robinson,Male,23.0,Austin,TX,2024-01-14
CUST_004901,Teresa Turner,Female,40.0,Houston,TX,2023-12-10
CUST_004902,Anna Gray,Female,36.0,Boston,MA,2023-09-29
CUST_004903,Jessica Lee,Female,28.0,Dallas,TX,2024-01-11
CUST_004904,Ryan Ward,Male,40.0,New York,NY,2022-07-13
CUST_004905,Jason Richardson,Male,41.0,San Diego,CA,2022-10-12
CUST_004906,Aaron Gutierrez,Male,30.0,Denver,CO,2022-06-16
CUST_004907,Jose Morales,Male,32.0,Chicago,IL,2023-08-02
CUST_004908,Sarah Ramirez,Female,41.0,San Jose,CA,2023-02-23
CUST_004909,Eric Smith,male,26.0,Miami,FL,2022-04-22
CUST_004910,Joyce Ward,Female,31.0,New York,NY,2023-06-10
CUST_004911,Dorothy Reyes,Female,45.0,Dallas,TX,2022-12-01
CUST_004912,Anna Nelson,Female,38.0,Minneapolis,MN,2023-04-05
CUST_004913,Julie Lopez,Female,33.0,Los Angeles,CA,2022-09-23
CUST_004914,Nicholas Young,Male,27.0,Chicago,IL,2022-06-20
CUST_004915,Jennifer Evans,Female,26.0,Austin,TX,2023-03-05
CUST_004916,Paul Chavez,Male,37.0,Dallas,TX,2022-08-22
CUST_004917,Jeremy Reyes,Male,64.0,Atlanta,GA,2023-01-26
CUST_004918,Joshua Wilson,Male,46.0,Austin,TX,2023-01-07
CUST_004919,Christian Torres,Male,22.0,Dallas,TX,2024-02-21
CUST_004920,Helen Parker,Female,47.0,Philadelphia,PA,2022-07-15
CUST_004921,Samantha Howard,Female,29.0,New York,NY,2022-10-16
CUST_004922,Cheryl Cox,Female,38.0,Dallas,TX,2023-11-14
CUST_004923,Angela Thomas,Female,31.0,Los Angeles,CA,2022-10-24
CUST_004924,Joshua Williams,Male,64.0,Charlotte,NC,2023-03-28
CUST_004925,Sarah Johnson,Female,24.0,New York,NY,2023-10-24
CUST_004926,Kelly Smith,Female,42.0,New York,NY,2022-01-06
CUST_004927,Helen Torres,Female,30.0,Atlanta,GA,2024-03-03
CUST_004928,Martha Ortiz,Female,48.0,New York,NY,2023-03-14
CUST_004929,Larry Campbell,Male,42.0,Phoenix,AZ,2023-10-22
CUST_004930,Brenda Edwards,Female,54.0,Detroit,MI,2024-02-08
CUST_004931,George Hill,Male,47.0,Atlanta,GA,2024-01-10
CUST_004932,Donald Taylor,Male,30.0,Chicago,IL,2022-08-16
CUST_004933,Roger Edwards,Male,75.0,Chicago,IL,2023-05-26
CUST_004934,Sarah Nguyen,Female,45.0,Austin,TX,2023-01-31
CUST_004935,Austin Turner,Male,32.0,San Antonio,TX,2023-05-08
CUST_004936,Jennifer Campbell,Female,41.0,New York,NY,2023-11-05
CUST_004937,Rachel Davis,Female,46.0,Los Angeles,CA,2022-12-14
CUST_004938,William Ramos,Male,46.0,Atlanta,GA,2023-03-26
CUST_004939,Jeremy Gutierrez,Male,45.0,Houston,TX,2023-07-05
CUST_004940,Emily Jones,Female,51.0,Atlanta,GA,2022-10-02
CUST_004941,Frank Smith,Male,49.0,Los Angeles,CA,2023-07-04
CUST_004942,Jean Thomas,Female,28.0,Austin,TX,2022-06-08
CUST_004943,Aaron Rodriguez,Male,65.0,San Antonio,TX,2023-07-15
CUST_004944,Mark Cooper,Male,63.0,Houston,TX,2022-06-03
CUST_004945,Harold Thompson,Male,49.0,Austin,TX,2023-11-02
CUST_004946,Stephen Rodriguez,Male,39.0,Los Angeles,CA,2022-07-22
CUST_004947,John Thompson,Male,39.0,Miami,FL,2023-08-02
CUST_004948,Scott Flores,Male,34.0,Denver,CO,2023-06-15
CUST_004949,Keith Walker,Male,36.0,Chicago,IL,2023-02-12
CUST_004950,Jonathan Rodriguez,Male,18.0,Dallas,TX,2023-08-02
CUST_004951,Andrea Thomas,Female,58.0,Detroit,MI,2023-12-21
CUST_004952,Douglas Carter,Male,53.0,Phoenix,AZ,2022-05-10
CUST_004953,Nicole Martinez,Female,18.0,Houston,TX,2023-08-24
CUST_004954,Ronald Jones,Male,50.0,Atlanta,GA,2023-01-30
CUST_004955,Evelyn Wood,Female,38.0,New York,NY,2023-08-22
CUST_004956,Amy Miller,Female,36.0,Seattle,WA,2024-01-09
CUST_004957,Anthony Kim,Male,45.0,Los Angeles,CA,2023-08-07
CUST_004958,Sharon Gutierrez,Female,18.0,Seattle,WA,2022-06-19
CUST_004959,Frances Adams,Female,38.0,Philadelphia,PA,2023-02-04
CUST_004960,Brian Reyes,Male,39.0,New York,NY,2023-05-21
CUST_004961,Michelle Smith,Female,40.0,Minneapolis,MN,2022-05-17
CUST_004962,Nancy Torres,Female,21.0,San Diego,CA,2023-07-31
CUST_004963,Elizabeth Cox,Female,44.0,Houston,TX,2023-09-20
CUST_004964,Grace Mitchell,Female,52.0,Seattle,WA,2023-10-24
CUST_004965,Carolyn Robinson,female,44.0,San Antonio,TX,2022-05-10
CUST_004966,Judith Miller,Female,36.0,New York,NY,2023-09-14
CUST_004967,Cheryl Gray,Female,72.0,San Jose,CA,2022-12-24
CUST_004968,Cynthia Wilson,Female,27.0,Charlotte,NC,2022-08-08
CUST_004969,Jacqueline Murphy,Female,48.0,Los Angeles,CA,2023-05-02
CUST_004970,Dylan Scott,Male,42.0,Miami,FL,2023-06-08
CUST_004971,Kyle Moore,Male,64.0,Austin,TX,2023-03-10
CUST_004972,Joan Baker,Female,43.0,New York,NY,2023-12-17
CUST_004973,Pamela Evans,Female,46.0,Denver,CO,2022-06-15
CUST_004974,Noah Bailey,Male,45.0,Philadelphia,PA,2023-01-28
CUST_004975,Joseph Bailey,Male,25.0,Atlanta,GA,2022-09-28
CUST_004976,Megan Nguyen,Female,28.0,San Jose,CA,2022-02-24
CUST_004977,Kathleen Kim,Female,35.0,New York,NY,2022-12-01
CUST_004978,Maria Rogers,Female,50.0,Los Angeles,CA,2023-09-23
CUST_004979,Sean Martin,Male,41.0,Houston,TX,2023-05-01
CUST_004980,Dennis Flores,Male,36.0,San Antonio,TX,2023-02-06
CUST_004981,Robert Sanchez,Male,56.0,Portland,OR,2023-03-24
CUST_004982,Evelyn Flores,Female,18.0,Atlanta,GA,2022-11-08
CUST_004983,Abigail Lewis,Female,22.0,Atlanta,GA,2022-05-12
CUST_004984,Joyce Gutierrez,Female,18.0,San Diego,CA,2023-06-22
CUST_004985,Madison Peterson,Female,54.0,New York,NY,2023-11-30
CUST_004986,Teresa Murphy,Female,37.0,Boston,MA,2023-11-12
CUST_004987,Gerald Morales,Male,51.0,New York,NY,2022-08-28
CUST_004988,Cynthia Martinez,Female,37.0,New York,NY,2023-02-19
CUST_004989,Justin Ward,Male,51.0,Chicago,IL,2023-05-24
CUST_004990,Sara Johnson,Female,37.0,Detroit,MI,2023-11-21
CUST_004991,Jean Edwards,Female,44.0,Boston,MA,2022-07-25
CUST_004992,Daniel Johnson,Male,42.0,New York,NY,2022-05-23
CUST_004993,Mark Hall,M,43.0,Detroit,MI,2024-02-15
CUST_004994,Cynthia Rivera,Female,60.0,Boston,MA,2022-06-05
CUST_004995,Ethan Jackson,Male,18.0,Austin,TX,2024-03-24
CUST_004996,Frances Brown,Female,38.0,Los Angeles,CA,2023-06-28
CUST_004997,Heather Wilson,Female,41.0,Houston,TX,2023-04-12
CUST_004998,Karen Mendoza,Female,39.0,Chicago,IL,2022-07-17
CUST_004999,Stephanie Brooks,Female,34.0,San Jose,CA,2023-12-30
CUST_005000,Gerald Rogers,Male,32.0,Dallas,TX,2022-07-01
CUST_005001,Cynthia Lee,Female,58.0,Chicago,IL,2023-01-23
CUST_005002,Thomas Ramos,Male,38.0,Houston,TX,2022-02-23
CUST_005003,Timothy Martinez,Male,69.0,San Diego,CA,2022-01-26
CUST_005004,Martha Turner,Female,45.0,Miami,FL,2023-10-01
CUST_005005,Katherine Roberts,Female,35.0,Los Angeles,CA,2022-08-04
CUST_005006,Sandra Kim,Female,45.0,Denver,CO,2023-06-29
CUST_005007,Ronald Richardson,Male,40.0,Charlotte,NC,2023-09-27
CUST_005008,Dylan Harris,Male,55.0,Boston,MA,2023-04-07
CUST_005009,Jonathan Cruz,Male,24.0,Philadelphia,PA,2023-08-10
CUST_005010,Emma Robinson,Female,18.0,Denver,CO,2022-09-05
CUST_005011,Margaret Cooper,Female,43.0,Miami,FL,2023-12-01
CUST_005012,Timothy Thomas,Male,49.0,Boston,MA,2022-08-03
CUST_005013,Gloria Nelson,F,42.0,New York,NY,2023-06-22
CUST_005014,Jeremy Jackson,Male,47.0,Los Angeles,CA,2023-12-14
CUST_005015,Emma Richardson,Female,45.0,New York,NY,2023-11-15
CUST_005016,Kathryn James,Female,20.0,New York,NY,2022-02-27
CUST_005017,Angela Peterson,Female,,Denver,CO,2022-12-25
CUST_005018,Madison Clark,Female,55.0,Chicago,IL,2023-12-25
CUST_005019,Robert Hill,Male,41.0,Denver,CO,2023-12-24
CUST_005020,Cynthia Murphy,Female,22.0,Seattle,WA,2023-07-26
CUST_005021,Gerald Chavez,Male,34.0,San Diego,CA,2022-04-28
CUST_005022,Austin Martinez,Male,45.0,New York,NY,2023-01-26
CUST_005023,Walter Wood,Male,61.0,Chicago,IL,2024-03-06
CUST_005024,Adam Harris,Male,18.0,New York,NY,2022-04-26
CUST_005025,Christian Kim,Male,43.0,Detroit,MI,2023-11-20
CUST_005026,Douglas Nguyen,Male,27.0,Houston,TX,2023-02-06
CUST_005027,Amanda King,,45.0,New York,NY,2023-10-12
CUST_005028,Helen Reyes,Female,46.0,New York,NY,2022-03-02
CUST_005029,Jose Martin,male,36.0,Austin,TX,2022-01-12
CUST_005030,Heather Lewis,Female,46.0,Austin,TX,2022-10-29
CUST_005031,Kathryn Young,Female,53.0,Charlotte,NC,2024-01-06
CUST_005032,Justin Howard,Male,36.0,Chicago,IL,2023-08-27
CUST_005033,Ashley Morales,Female,22.0,New York,NY,2023-07-08
CUST_005034,Paul Mendoza,Male,56.0,Boston,MA,2024-03-29
CUST_005035,Noah Kim,Male,49.0,Chicago,IL,2022-12-08
CUST_005036,Mary Thomas,Female,46.0,Houston,TX,2023-12-23
CUST_005037,Carl Cook,Male,30.0,Detroit,MI,2022-04-30
CUST_005038,Elizabeth Murphy,Female,51.0,Dallas,TX,2022-06-30
CUST_005039,Gary Cruz,Male,64.0,Phoenix,AZ,2023-03-27
CUST_005040,Keith Watson,Male,37.0,Portland,OR,2024-03-04
CUST_005041,Anna Peterson,Female,40.0,Chicago,IL,2023-09-13
CUST_005042,Gloria Lewis,Female,25.0,New York,NY,2022-05-02
CUST_005043,Sarah Hernandez,Female,30.0,Chicago,IL,2024-03-02
CUST_005044,Debra Garcia,Female,25.0,New York,NY,2023-10-27
CUST_005045,Heather Miller,Female,40.0,Phoenix,AZ,2023-10-06
CUST_005046,Sean Anderson,Male,34.0,Miami,FL,2023-05-23
CUST_005047,Jessica Hill,Female,43.0,Charlotte,NC,2023-01-17
CUST_005048,Jason Morris,Male,27.0,Seattle,WA,2022-04-30
CUST_005049,Victoria White,Female,36.0,Detroit,MI,2023-07-14
CUST_005050,Joe James,Male,27.0,Phoenix,AZ,2022-05-18
CUST_005051,Sara Hill,Female,41.0,Chicago,IL,2023-06-21
CUST_005052,Ann Jackson,Female,18.0,Los Angeles,CA,2023-05-14
CUST_005053,Samuel Chavez,Male,40.0,San Antonio,TX,2023-06-26
CUST_005054,Catherine Campbell,Female,35.0,Houston,TX,2023-12-08
CUST_005055,Gerald Miller,Male,41.0,New York,NY,2023-01-31
CUST_005056,Madison Cook,Female,18.0,Portland,OR,2023-02-21
CUST_005057,Keith Hernandez,Male,47.0,Los Angeles,CA,2022-03-08
CUST_005058,Christian Young,Male,35.0,Denver,CO,2022-10-17
CUST_005059,Terry Mendoza,Male,41.0,New York,NY,2022-03-31
CUST_005060,Karen Watson,Female,18.0,San Diego,CA,2022-06-01
CUST_005061,Deborah Lewis,Female,23.0,Seattle,WA,2023-02-13
CUST_005062,Sophia Rivera,Female,34.0,Chicago,IL,2023-01-28
CUST_005063,Janet Stewart,Female,56.0,New York,NY,2024-02-18
CUST_005064,Sandra Peterson,Female,45.0,Austin,TX,2022-05-09
CUST_005065,Benjamin Collins,Male,40.0,Austin,TX,2022-06-09
CUST_005066,Aaron Moore,Male,27.0,Houston,TX,2023-10-16
CUST_005067,Roger Kelly,Male,25.0,Houston,TX,2022-01-26
CUST_005068,Gloria Howard,Female,42.0,New York,NY,2023-08-06
CUST_005069,Elizabeth Adams,Female,47.0,Chicago,IL,2023-10-14
CUST_005070,Nicole James,Female,41.0,Minneapolis,MN,2023-07-20
CUST_005071,Patricia Parker,Female,60.0,Los Angeles,CA,2022-10-17
CUST_005072,Kathryn Ward,Female,30.0,Philadelphia,PA,2022-04-23
CUST_005073,Sandra Brooks,Female,41.0,Seattle,WA,2024-03-27
CUST_005074,Olivia Howard,Female,18.0,Atlanta,GA,2023-12-30
CUST_005075,Frank Gonzalez,Male,41.0,New York,NY,2023-10-02
CUST_005076,Olivia Adams,Female,57.0,Dallas,TX,2022-07-16
CUST_005077,Catherine Davis,Female,25.0,Austin,TX,2023-02-16
CUST_005078,Joan Reyes,,49.0,Los Angeles,CA,2023-09-17
CUST_005079,Olivia Ortiz,Female,57.0,New York,NY,2022-04-21
CUST_005080,Joseph Morris,Male,30.0,Miami,FL,2024-03-03
CUST_005081,Amy Peterson,Female,44.0,Philadelphia,PA,2024-03-02
CUST_005082,Alexander Carter,Male,58.0,New York,NY,2022-06-10
CUST_005083,Sharon Bennett,Female,41.0,Dallas,TX,2022-07-25
CUST_005084,Andrea King,FEMALE,48.0,Houston,TX,2022-12-23
CUST_005085,Ronald Parker,Male,18.0,New York,NY,2023-03-05
CUST_005086,Teresa Walker,Female,46.0,Chicago,IL,2023-02-25
CUST_005087,Daniel Kelly,Male,45.0,Houston,TX,2023-09-02
CUST_005088,Cheryl Scott,F,22.0,Dallas,TX,2023-03-20
CUST_005089,Mark Hernandez,Male,26.0,Phoenix,AZ,2022-07-13
CUST_005090,Rachel Wilson,Female,46.0,New York,NY,2022-09-23
CUST_005091,Sharon Flores,Female,35.0,San Jose,CA,2023-01-31
CUST_005092,Tyler Lopez,Male,52.0,Denver,CO,2023-04-28
CUST_005093,Donna Bailey,Female,42.0,San Antonio,TX,2024-02-10
CUST_005094,Jacqueline Collins,Female,39.0,New York,NY,2022-04-16
CUST_005095,Frank Roberts,Male,36.0,New York,NY,2023-11-22
CUST_005096,Dylan Anderson,Male,42.0,Portland,OR,2022-11-07
CUST_005097,Douglas James,Male,49.0,Los Angeles,CA,2023-09-29
CUST_005098,Dennis Richardson,Male,45.0,Houston,TX,2022-09-20
CUST_005099,Roger Collins,Male,33.0,Seattle,WA,2023-01-10
CUST_005100,Paul Brown,Male,54.0,Atlanta,GA,2023-02-27
CUST_005101,Tyler Moore,Male,47.0,Detroit,MI,2023-10-16
CUST_005102,Shirley Perez,Female,43.0,Phoenix,AZ,2022-06-25
CUST_005103,Megan Baker,Female,40.0,Charlotte,NC,2022-12-08
CUST_005104,John Rivera,MALE,45.0,New York,NY,2023-05-05
CUST_005105,Jonathan Stewart,Male,18.0,Miami,FL,2023-08-10
CUST_005106,Virginia Martinez,Female,42.0,Chicago,IL,2022-03-25
CUST_005107,Helen White,Female,59.0,Portland,OR,2022-04-14
CUST_005108,Carol Bennett,Female,41.0,Minneapolis,MN,2023-09-23
CUST_005109,Helen Cox,Female,40.0,Boston,MA,2022-12-24
CUST_005110,Noah Chavez,Male,31.0,Austin,TX,2022-06-25
CUST_005111,Emily Kelly,Female,45.0,Los Angeles,CA,2022-09-25
CUST_005112,Ryan Cooper,Male,36.0,Philadelphia,PA,2023-06-28
CUST_005113,Jordan Watson,Male,55.0,New York,NY,2024-02-29
CUST_005114,Arthur Turner,Male,28.0,Denver,CO,2023-10-03
CUST_005115,Jennifer Campbell,Female,33.0,New York,NY,2023-11-17
CUST_005116,Gregory Kim,Male,31.0,Chicago,IL,2023-07-05
CUST_005117,David Brown,Male,61.0,Chicago,IL,2022-12-29
CUST_005118,Arthur Murphy,Male,36.0,Atlanta,GA,2024-03-06
CUST_005119,Emma Morris,Female,32.0,Phoenix,AZ,2022-03-31
CUST_005120,Brenda Ramirez,Female,18.0,San Diego,CA,2023-11-25
CUST_005121,Kevin Lewis,Male,27.0,Los Angeles,CA,2022-09-20
CUST_005122,Maria Lopez,Female,45.0,Houston,TX,2023-07-05
CUST_005123,Betty Martin,Female,45.0,San Diego,CA,2024-03-19
CUST_005124,Harold Harris,male,30.0,Los Angeles,CA,2023-12-18
CUST_005125,Brandon Gomez,Male,31.0,Seattle,WA,2023-12-23
CUST_005126,Maria Evans,Female,62.0,Philadelphia,PA,2023-12-05
CUST_005127,Ann Baker,Female,72.0,Charlotte,NC,2023-03-07
CUST_005128,Ashley Cook,Female,53.0,Chicago,IL,2023-01-16
CUST_005129,Mark Bailey,Male,,Phoenix,AZ,2023-04-28
CUST_005130,Eric Miller,Male,61.0,Detroit,MI,2022-10-15
CUST_005131,Hannah Wright,FEMALE,66.0,Minneapolis,MN,2023-03-27
CUST_005132,Elizabeth Morris,Female,35.0,San Antonio,TX,2022-05-17
CUST_005133,Jacqueline Baker,Female,28.0,Los Angeles,CA,2024-01-21
CUST_005134,Christine Cook,Female,61.0,Phoenix,AZ,2023-10-05
CUST_005135,Patrick Diaz,male,26.0,Dallas,TX,2022-03-10
CUST_005136,Catherine Lee,Female,26.0,Chicago,IL,2023-08-12
CUST_005137,Elizabeth Reyes,Female,26.0,Los Angeles,CA,2023-10-22
CUST_005138,Amanda Morris,Female,37.0,San Diego,CA,2023-12-31
CUST_005139,Andrea Smith,Female,18.0,Los Angeles,CA,2022-11-23
CUST_005140,Nicholas Wright,Male,21.0,Minneapolis,MN,2023-07-22
CUST_005141,Patrick Diaz,Male,31.0,New York,NY,2022-10-07
CUST_005142,Jesse Diaz,Male,24.0,Charlotte,NC,2023-12-22
CUST_005143,Linda Edwards,Female,52.0,San Diego,CA,2024-01-09
CUST_005144,Stephen Martin,Male,39.0,Charlotte,NC,2022-03-26
CUST_005145,Kathleen Adams,Female,46.0,Boston,MA,2022-10-15
CUST_005146,Thomas Taylor,Male,44.0,Los Angeles,CA,2022-04-22
CUST_005147,Dylan Gonzalez,Male,36.0,Chicago,IL,2023-01-21
CUST_005148,Judy Wright,Female,51.0,New York,NY,2022-01-06
CUST_005149,Timothy Robinson,Male,44.0,Denver,CO,2023-11-07
CUST_005150,Julia Baker,Female,35.0,Los Angeles,CA,2023-02-17
CUST_005151,Robert Roberts,Male,18.0,Denver,CO,2023-05-10
CUST_005152,Grace White,Female,45.0,Miami,FL,2023-10-10
CUST_005153,Ann Wilson,Female,23.0,Phoenix,AZ,2023-09-19
CUST_005154,Donna Brooks,Female,43.0,San Jose,CA,2022-11-10
CUST_005155,Diane Roberts,Female,39.0,Minneapolis,MN,2023-11-07
CUST_005156,Jacqueline Cooper,Female,21.0,Boston,MA,2023-07-29
CUST_005157,Sharon Garcia,Female,42.0,Los Angeles,CA,2022-08-14
CUST_005158,Jeffrey Chavez,Male,41.0,Chicago,IL,2022-02-03
CUST_005159,Olivia Perez,Female,41.0,San Diego,CA,2023-10-20
CUST_005160,Betty Moore,Female,40.0,Chicago,IL,2022-06-25
CUST_005161,Charles Peterson,Male,30.0,San Antonio,TX,2022-05-03
CUST_005162,Joshua Ward,Male,46.0,Portland,OR,2023-02-08
CUST_005163,Megan Martinez,Female,30.0,Philadelphia,PA,2024-02-09
CUST_005164,Amy Thomas,Female,25.0,Chicago,IL,2023-09-23
CUST_005165,Benjamin Walker,Male,47.0,Los Angeles,CA,2023-11-18
CUST_005166,Donald Adams,Male,50.0,Detroit,MI,2022-10-01
CUST_005167,Kimberly Lee,Female,46.0,Chicago,IL,2023-12-13
CUST_005168,Jose Jones,Male,36.0,Los Angeles,CA,2023-02-04
CUST_005169,Karen Adams,Female,18.0,Dallas,TX,2024-03-17
CUST_005170,Victoria Robinson,Female,57.0,Philadelphia,PA,2023-06-06
CUST_005171,Nicholas Sanchez,Male,18.0,Phoenix,AZ,2023-07-04
CUST_005172,Adam Rogers,Male,46.0,Dallas,TX,2024-02-05
CUST_005173,Jacob Morris,Male,65.0,Dallas,TX,2024-02-26
CUST_005174,Ann Nelson,Female,40.0,New York,NY,2022-01-21
CUST_005175,Elizabeth Kim,Female,42.0,Phoenix,AZ,2022-08-28
CUST_005176,Kathryn Kelly,Female,43.0,Denver,CO,2023-07-09
CUST_005177,Dorothy Chavez,Female,41.0,Phoenix,AZ,2022-01-05
CUST_005178,Linda Hall,Female,68.0,Charlotte,NC,2022-11-12
CUST_005179,Catherine Martinez,Female,28.0,Chicago,IL,2022-07-24
CUST_005180,Paul Jackson,Male,26.0,San Antonio,TX,2023-05-01
CUST_005181,Larry Clark,Male,34.0,Seattle,WA,2023-06-27
CUST_005182,Martha Wilson,Female,60.0,San Diego,CA,2022-07-17
CUST_005183,Jacqueline Collins,Female,31.0,New York,NY,2023-05-11
CUST_005184,Dennis Brooks,Male,44.0,San Diego,CA,2023-01-19
CUST_005185,Grace Young,Female,52.0,Charlotte,NC,2024-03-25
CUST_005186,Justin Roberts,Male,48.0,Phoenix,AZ,2022-03-14
CUST_005187,Linda Torres,Female,51.0,New York,NY,2023-12-17
CUST_005188,Christian James,male,56.0,New York,NY,2024-03-30
CUST_005189,Paul Morris,Male,42.0,Phoenix,AZ,2023-05-15
CUST_005190,Mark Brooks,Male,33.0,Los Angeles,CA,2023-08-27
CUST_005191,David Perez,Male,40.0,Miami,FL,2022-05-18
CUST_005192,Edward Sanchez,Male,34.0,Portland,OR,2022-12-11
CUST_005193,Sharon Cooper,Female,70.0,Portland,OR,2022-07-10
CUST_005194,Timothy James,Male,32.0,Houston,TX,2023-06-16
CUST_005195,Jack Campbell,Male,45.0,Philadelphia,PA,2024-02-22
CUST_005196,Walter Reed,Male,20.0,Houston,TX,2022-02-03
CUST_005197,Alice Kim,Female,40.0,Los Angeles,CA,2023-04-09
CUST_005198,Jessica Hernandez,Female,35.0,Dallas,TX,2023-09-27
CUST_005199,Matthew Flores,Male,47.0,Los Angeles,CA,2023-02-16
CUST_005200,Jack Baker,Male,47.0,New York,NY,2023-05-13
CUST_005201,Sarah Harris,Female,56.0,Miami,FL,2023-03-06
CUST_005202,Amy James,Female,55.0,Atlanta,GA,2023-06-27
CUST_005203,Olivia Kelly,Female,38.0,Detroit,MI,2022-03-17
CUST_005204,Hannah Collins,Female,27.0,Houston,TX,2023-05-19
CUST_005205,Donna White,,28.0,Minneapolis,MN,2023-04-22
CUST_005206,Victoria Mendoza,Female,42.0,Phoenix,AZ,2022-07-11
CUST_005207,Joyce Sanchez,Female,40.0,New York,NY,2023-05-10
CUST_005208,Gerald Wright,Male,42.0,Philadelphia,PA,2023-03-15
CUST_005209,Rebecca Hall,Female,32.0,Dallas,TX,2023-06-24
CUST_005210,Megan Stewart,Female,56.0,Philadelphia,PA,2023-06-01
CUST_005211,Megan Allen,Female,20.0,Boston,MA,2023-01-26
CUST_005212,Carol Lee,Female,31.0,Houston,TX,2023-11-06
CUST_005213,Jerry Reed,Male,25.0,Detroit,MI,2022-12-17
CUST_005214,Nathan Brown,Male,36.0,New York,NY,2023-03-24
CUST_005215,Melissa Clark,Female,54.0,Denver,CO,2023-02-13
CUST_005216,Nicole Nguyen,Female,35.0,Portland,OR,2023-04-02
CUST_005217,Emma Ward,Female,40.0,Dallas,TX,2023-11-19
CUST_005218,Cheryl Clark,Female,47.0,Minneapolis,MN,2023-09-17
CUST_005219,Mary Mitchell,Female,34.0,Seattle,WA,2022-02-17
CUST_005220,Christine Parker,Female,43.0,New York,NY,2023-04-09
CUST_005221,Ashley Gomez,Female,42.0,Seattle,WA,2022-05-15
CUST_005222,Aaron Nelson,Male,24.0,San Jose,CA,2023-10-01
CUST_005223,Kelly Reyes,Female,33.0,New York,NY,2024-03-22
CUST_005224,Christine Mendoza,Female,43.0,Phoenix,AZ,2023-07-13
CUST_005225,Janet Nguyen,Female,55.0,New York,NY,2023-01-05
CUST_005226,Rebecca Lewis,Female,55.0,Chicago,IL,2022-03-21
CUST_005227,Rebecca Stewart,Female,65.0,Charlotte,NC,2022-11-26
CUST_005228,Megan Rogers,Female,45.0,Portland,OR,2023-05-03
CUST_005229,Nancy Wood,Female,33.0,Seattle,WA,2024-01-13
CUST_005230,Cheryl Young,Female,38.0,Houston,TX,2023-04-23
CUST_005231,Jose Nguyen,Male,37.0,Phoenix,AZ,2024-03-21
CUST_005232,Terry Cook,Male,33.0,New York,NY,2022-12-27
CUST_005233,Dorothy Martin,Female,43.0,Houston,TX,2022-01-01
CUST_005234,Debra Adams,Female,44.0,Boston,MA,2023-07-20
CUST_005235,Michael Richardson,Male,24.0,San Diego,CA,2022-08-15
CUST_005236,Arthur Perez,Male,52.0,San Antonio,TX,2022-09-07
CUST_005237,Kelly Diaz,Female,18.0,New York,NY,2022-01-20
CUST_005238,Julie Perez,Female,36.0,Detroit,MI,2023-05-08
CUST_005239,Judith Allen,Female,53.0,Chicago,IL,2022-09-11
CUST_005240,Brian Davis,Male,46.0,Phoenix,AZ,2024-03-27
CUST_005241,Ruth Cruz,Female,34.0,Houston,TX,2023-12-14
CUST_005242,Martha Kelly,Female,63.0,Houston,TX,2023-09-25
CUST_005243,Jessica Johnson,Female,33.0,Austin,TX,2022-12-14
CUST_005244,Judy Young,Female,18.0,Austin,TX,2022-03-21
CUST_005245,Kathryn Adams,Female,44.0,Austin,TX,2023-08-19
CUST_005246,Bryan Garcia,M,18.0,New York,NY,2022-01-26
CUST_005247,Martha Garcia,Female,28.0,Charlotte,NC,2023-02-25
CUST_005248,Stephanie Cox,Female,46.0,Denver,CO,2022-02-28
CUST_005249,Heather Clark,Female,33.0,Minneapolis,MN,2023-05-29
CUST_005250,Charles Murphy,Male,46.0,Los Angeles,CA,2023-05-29
CUST_005251,Andrea Lee,Female,24.0,Portland,OR,2023-05-07
CUST_005252,Margaret Bailey,Female,49.0,Denver,CO,2023-09-21
CUST_005253,Madison Ward,Female,18.0,San Antonio,TX,2022-08-24
CUST_005254,Joshua Kim,Male,55.0,New York,NY,2022-09-06
CUST_005255,Matthew Collins,male,33.0,Chicago,IL,2023-02-04
CUST_005256,David Moore,Male,58.0,Miami,FL,2023-09-12
CUST_005257,Douglas Baker,Male,28.0,Phoenix,AZ,2022-05-07
CUST_005258,Ashley Moore,Female,63.0,Seattle,WA,2024-01-16
CUST_005259,Kimberly Harris,Female,27.0,Denver,CO,2022-09-15
CUST_005260,Sandra Kelly,Female,18.0,Boston,MA,2022-05-18
CUST_005261,Timothy Harris,Male,39.0,Phoenix,AZ,2023-06-28
CUST_005262,Jesse Moore,Male,54.0,Detroit,MI,2022-10-06
CUST_005263,Katherine Jackson,Female,48.0,Chicago,IL,2023-01-29
CUST_005264,Kenneth Roberts,Male,,Miami,FL,2022-03-09
CUST_005265,Sandra Adams,Female,49.0,Phoenix,AZ,2023-03-16
CUST_005266,Patricia Nelson,Female,28.0,Chicago,IL,2022-10-31
CUST_005267,Amy Hill,Female,48.0,Houston,TX,2022-06-29
CUST_005268,Thomas Walker,Male,40.0,Atlanta,GA,2023-01-10
CUST_005269,Robert Mendoza,Male,30.0,Austin,TX,2023-10-30
CUST_005270,Sarah Gonzalez,Female,41.0,Los Angeles,CA,2023-10-25
CUST_005271,Ronald Gray,Male,38.0,Los Angeles,CA,2022-12-20
CUST_005272,Walter Nguyen,Male,56.0,Seattle,WA,2024-03-14
CUST_005273,David Jones,Male,32.0,Chicago,IL,2022-05-16
CUST_005274,Nathan Taylor,Male,31.0,Los Angeles,CA,2023-12-26
CUST_005275,Julie Gray,Female,30.0,Boston,MA,2024-03-17
CUST_005276,Terry Kim,Male,62.0,Houston,TX,2023-06-08
CUST_005277,Mark Harris,Male,30.0,New York,NY,2022-03-08
CUST_005278,Harold Anderson,Male,55.0,Phoenix,AZ,2024-02-08
CUST_005279,Madison Collins,Female,26.0,Dallas,TX,2023-02-21
CUST_005280,Joe Hall,Male,45.0,Austin,TX,2022-07-01
CUST_005281,Keith Ward,Male,42.0,New York,NY,2024-01-20
CUST_005282,Lisa Peterson,Female,54.0,Philadelphia,PA,2023-02-13
CUST_005283,Jesse Rogers,Male,52.0,Houston,TX,2023-04-13
CUST_005284,Gloria Sanchez,Female,,Philadelphia,PA,2023-06-07
CUST_005285,Donna Walker,Female,32.0,New York,NY,2024-01-30
CUST_005286,Sandra Cook,Female,59.0,Chicago,IL,2023-04-16
CUST_005287,Lawrence Nelson,Male,31.0,San Jose,CA,2024-01-18
CUST_005288,Matthew Wilson,Male,18.0,Los Angeles,CA,2022-06-29
CUST_005289,Hannah Chavez,Female,18.0,Charlotte,NC,2023-07-11
CUST_005290,Nicholas Green,Male,18.0,Charlotte,NC,2023-05-03
CUST_005291,Evelyn James,Female,46.0,Houston,TX,2022-11-19
CUST_005292,Jessica Richardson,Female,66.0,Seattle,WA,2022-08-09
CUST_005293,Peter Campbell,,18.0,San Jose,CA,2022-03-19
CUST_005294,Benjamin Brown,Male,29.0,Los Angeles,CA,2022-09-24
CUST_005295,Austin Jones,Male,40.0,Phoenix,AZ,2023-08-27
CUST_005296,Donald Reyes,Male,58.0,Charlotte,NC,2022-10-08
CUST_005297,Thomas Rivera,Male,29.0,Los Angeles,CA,2023-09-30
CUST_005298,Kimberly Peterson,Female,46.0,Dallas,TX,2024-01-09
CUST_005299,Susan Turner,Female,35.0,Austin,TX,2023-09-06
CUST_005300,Grace Wilson,Female,71.0,Los Angeles,CA,2023-11-23
CUST_005301,Charles King,Male,40.0,San Diego,CA,2023-06-09
CUST_005302,Steven Morris,Male,43.0,Detroit,MI,2024-02-25
CUST_005303,Keith Phillips,Male,40.0,New York,NY,2023-10-25
CUST_005304,Carol Stewart,Female,33.0,Los Angeles,CA,2022-11-17
CUST_005305,Donna Lee,Female,50.0,Chicago,IL,2023-09-27
CUST_005306,Adam Parker,Male,24.0,Boston,MA,2023-08-21
CUST_005307,Gary Rivera,Male,18.0,Dallas,TX,2023-10-17
CUST_005308,Ann Garcia,Female,37.0,San Antonio,TX,2022-11-14
CUST_005309,Joyce Collins,Female,49.0,Atlanta,GA,2023-04-21
CUST_005310,Deborah Martinez,Female,31.0,Charlotte,NC,2024-01-13
CUST_005311,Diane Clark,Female,41.0,Los Angeles,CA,2024-03-15
CUST_005312,Madison Cooper,Female,23.0,Atlanta,GA,2022-12-19
CUST_005313,Kathleen Rivera,Female,52.0,Houston,TX,2023-04-02
CUST_005314,Peter Scott,Male,47.0,Los Angeles,CA,2022-11-24
CUST_005315,Brenda Ramirez,Female,39.0,Chicago,IL,2023-09-23
CUST_005316,Janet Cooper,Female,41.0,Phoenix,AZ,2022-02-13
CUST_005317,Judith Adams,Female,21.0,Detroit,MI,2024-03-01
CUST_005318,William Sanchez,Male,22.0,San Antonio,TX,2023-05-21
CUST_005319,Nicole Cooper,Female,37.0,Austin,TX,2022-10-02
CUST_005320,Sarah Lewis,Female,45.0,New York,NY,2022-02-11
CUST_005321,Evelyn Brooks,Female,46.0,New York,NY,2023-05-30
CUST_005322,Dennis Harris,Male,34.0,Portland,OR,2023-06-18
CUST_005323,Edward Green,Male,48.0,Miami,FL,2023-09-07
CUST_005324,Susan Ramirez,Female,56.0,San Antonio,TX,2023-05-03
CUST_005325,Abigail Bennett,Female,37.0,Los Angeles,CA,2023-04-25
CUST_005326,Rebecca Kim,Female,42.0,New York,NY,2022-11-01
CUST_005327,Brian Mendoza,Male,36.0,Charlotte,NC,2022-07-22
CUST_005328,Thomas Reed,Male,37.0,New York,NY,2022-09-14
CUST_005329,Heather Ramirez,Female,41.0,Chicago,IL,2023-01-01
CUST_005330,Dorothy Bennett,Female,60.0,Seattle,WA,2023-11-01
CUST_005331,Noah Hill,Male,50.0,Portland,OR,2022-05-08
CUST_005332,Nathan Adams,Male,49.0,New York,NY,2023-07-31
CUST_005333,Mary Torres,Female,33.0,Boston,MA,2022-02-12
CUST_005334,Maria Harris,Female,27.0,Houston,TX,2022-02-18
CUST_005335,Michelle Johnson,Female,43.0,Seattle,WA,2022-10-04
CUST_005336,John Wood,Male,54.0,New York,NY,2022-12-17
CUST_005337,Jerry Perez,Male,60.0,Miami,FL,2022-07-18
CUST_005338,Steven Roberts,Male,18.0,Denver,CO,2024-01-16
CUST_005339,Sean Garcia,MALE,69.0,Portland,OR,2022-11-01
CUST_005340,Maria Carter,Female,44.0,San Antonio,TX,2023-03-19
CUST_005341,Emily Garcia,Female,50.0,Minneapolis,MN,2024-03-27
CUST_005342,Grace Miller,Female,18.0,San Diego,CA,2022-09-16
CUST_005343,Alexander Ortiz,Male,36.0,San Diego,CA,2023-07-13
CUST_005344,Anthony Reyes,Male,49.0,New York,NY,2023-10-13
CUST_005345,Debra Gray,Female,24.0,Atlanta,GA,2022-10-02
CUST_005346,Judy Rivera,Female,18.0,Phoenix,AZ,2022-03-06
CUST_005347,Eric Rodriguez,Male,43.0,Austin,TX,2023-11-13
CUST_005348,Jonathan Davis,Male,38.0,San Jose,CA,2022-10-18
CUST_005349,Larry White,Male,57.0,Boston,MA,2022-11-16
CUST_005350,Melissa Morris,Female,37.0,Dallas,TX,2023-02-03
CUST_005351,Matthew Jones,Male,37.0,Austin,TX,2022-02-13
CUST_005352,Raymond Morales,Male,47.0,San Diego,CA,2023-12-24
CUST_005353,Sean Gray,Male,51.0,Austin,TX,2024-01-01
CUST_005354,Peter Anderson,Male,30.0,Philadelphia,PA,2024-01-07
CUST_005355,Joseph Davis,Male,50.0,Boston,MA,2022-07-11
CUST_005356,Nicholas Cooper,Male,32.0,Atlanta,GA,2024-03-15
CUST_005357,James Mendoza,Male,39.0,San Diego,CA,2023-08-13
CUST_005358,Rebecca Hall,Female,47.0,Los Angeles,CA,2023-06-24
CUST_005359,Victoria Gray,Female,49.0,Houston,TX,2023-09-26
CUST_005360,George Ortiz,Male,42.0,Miami,FL,2023-10-20
CUST_005361,Noah Ward,Male,25.0,Detroit,MI,2023-02-04
CUST_005362,Samantha Morgan,Female,18.0,Chicago,IL,2023-06-17
CUST_005363,Victoria Brooks,Female,36.0,Portland,OR,2023-06-18
CUST_005364,Terry Garcia,Male,51.0,Chicago,IL,2022-01-09
CUST_005365,Nathan Johnson,Male,44.0,Detroit,MI,2022-01-12
CUST_005366,Sean Perez,Male,42.0,Portland,OR,2023-03-21
CUST_005367,Martha Cook,Female,38.0,San Antonio,TX,2023-05-28
CUST_005368,Frank Morris,Male,42.0,Portland,OR,2023-09-15
CUST_005369,George Kim,Male,26.0,San Diego,CA,2023-10-17
CUST_005370,Stephanie Campbell,Female,48.0,Phoenix,AZ,2023-06-18
CUST_005371,Frances Hernandez,Female,49.0,Atlanta,GA,2022-10-14
CUST_005372,William Baker,Male,34.0,New York,NY,2023-07-13
CUST_005373,Julia Reed,Female,44.0,Los Angeles,CA,2022-09-22
CUST_005374,Edward Collins,Male,18.0,Los Angeles,CA,2023-12-01
CUST_005375,Kyle Ramos,Male,41.0,Austin,TX,2023-02-10
CUST_005376,Edward Sanchez,Male,37.0,Denver,CO,2024-01-22
CUST_005377,Judy Gray,Female,54.0,Miami,FL,2022-05-18
CUST_005378,Robert Reyes,Male,36.0,Detroit,MI,2023-09-14
CUST_005379,Kathleen Lee,Female,49.0,Minneapolis,MN,2023-02-15
CUST_005380,Carl Mitchell,Male,34.0,Seattle,WA,2022-05-18
CUST_005381,Melissa Howard,Female,18.0,Detroit,MI,2023-05-29
CUST_005382,Brian Martinez,Male,36.0,Chicago,IL,2022-08-08
CUST_005383,Sean Lee,Male,41.0,Denver,CO,2022-10-21
CUST_005384,Teresa Johnson,Female,40.0,New York,NY,2023-03-09
CUST_005385,Sarah Edwards,Female,41.0,Los Angeles,CA,2022-12-23
CUST_005386,Raymond Stewart,Male,32.0,Chicago,IL,2023-01-13
CUST_005387,Donna Smith,Female,34.0,New York,NY,2023-01-19
CUST_005388,Donna Walker,Female,24.0,Charlotte,NC,2022-01-20
CUST_005389,Julie Gomez,Female,18.0,Philadelphia,PA,2022-12-25
CUST_005390,Charles Anderson,Male,37.0,Detroit,MI,2023-01-17
CUST_005391,Justin Edwards,Male,29.0,San Antonio,TX,2023-06-23
CUST_005392,Amanda White,,52.0,Seattle,WA,2023-03-29
CUST_005393,Gerald Brown,Male,18.0,Houston,TX,2022-07-01
CUST_005394,Catherine Howard,Female,42.0,Portland,OR,2023-06-20
CUST_005395,Donna Walker,Female,65.0,New York,NY,2022-02-09
CUST_005396,Abigail Ramirez,Female,36.0,Seattle,WA,2022-11-26
CUST_005397,Gloria Davis,Female,38.0,Portland,OR,2023-07-14
CUST_005398,Dorothy Clark,Female,44.0,Atlanta,GA,2023-07-17
CUST_005399,Dylan Bailey,MALE,45.0,Miami,FL,2022-07-09
CUST_005400,Dorothy Mendoza,Female,33.0,Chicago,IL,2022-12-01
CUST_005401,George Evans,Male,26.0,Philadelphia,PA,2023-03-10
CUST_005402,Angela Moore,Female,47.0,Los Angeles,CA,2023-01-31
CUST_005403,Sandra Garcia,Female,18.0,Houston,TX,2023-08-31
CUST_005404,Lauren Evans,Female,49.0,New York,NY,2023-10-09
CUST_005405,Patrick White,Male,34.0,Boston,MA,2022-02-15
CUST_005406,Sean Ortiz,Male,39.0,Portland,OR,2023-10-12
CUST_005407,Carol Gomez,Female,32.0,Seattle,WA,2024-01-11
CUST_005408,Sandra Morales,Female,56.0,Atlanta,GA,2024-02-04
CUST_005409,Kathleen Gonzalez,Female,42.0,San Diego,CA,2022-03-04
CUST_005410,Daniel Lewis,Male,34.0,Los Angeles,CA,2024-01-15
CUST_005411,Julia Jones,Female,34.0,Denver,CO,2022-06-23
CUST_005412,Zachary Reyes,Male,37.0,Chicago,IL,2022-12-01
CUST_005413,Jacqueline Garcia,Female,68.0,Philadelphia,PA,2023-01-07
CUST_005414,Megan Allen,Female,22.0,Detroit,MI,2022-10-27
CUST_005415,Joshua Baker,Male,52.0,Houston,TX,2022-10-23
CUST_005416,Nancy White,Female,46.0,Chicago,IL,2022-06-28
CUST_005417,Pamela Kelly,Female,58.0,New York,NY,2023-08-11
CUST_005418,Roger Morgan,Male,46.0,Seattle,WA,2023-06-14
CUST_005419,Laura Anderson,Female,39.0,Los Angeles,CA,2023-07-09
CUST_005420,Mary Hernandez,Female,51.0,San Jose,CA,2023-04-30
CUST_005421,Victoria Gray,Female,41.0,Houston,TX,2022-08-17
CUST_005422,Emily Flores,Female,48.0,Atlanta,GA,2023-06-19
CUST_005423,Alexander Evans,Male,56.0,Minneapolis,MN,2023-08-08
CUST_005424,Patricia Martin,Female,40.0,Chicago,IL,2022-02-27
CUST_005425,Benjamin Adams,Male,33.0,Atlanta,GA,2024-03-23
CUST_005426,Gary Peterson,Male,30.0,Los Angeles,CA,2023-06-14
CUST_005427,Terry Rodriguez,Male,44.0,Los Angeles,CA,2023-07-27
CUST_005428,Zachary Torres,Male,28.0,Phoenix,AZ,2023-06-06
CUST_005429,Robert Brown,Male,34.0,Houston,TX,2023-09-03
CUST_005430,Harold Williams,Male,26.0,Charlotte,NC,2023-08-10
CUST_005431,Jacqueline Perez,Female,45.0,Atlanta,GA,2023-11-19
CUST_005432,Victoria Wood,Female,29.0,Minneapolis,MN,2022-06-21
CUST_005433,Lawrence Gray,Male,22.0,Los Angeles,CA,2022-06-23
CUST_005434,Martha Murphy,Female,25.0,Denver,CO,2022-08-16
CUST_005435,Paul Turner,Male,31.0,Austin,TX,2024-03-07
CUST_005436,Angela Martinez,Female,32.0,New York,NY,2022-12-17
CUST_005437,Jason Adams,Male,42.0,Atlanta,GA,2022-11-11
CUST_005438,Christine Rodriguez,Female,36.0,Miami,FL,2022-08-25
CUST_005439,Dylan Baker,Male,43.0,Detroit,MI,2023-03-29
CUST_005440,Julie Wood,Female,44.0,Portland,OR,2024-01-29
CUST_005441,Rebecca Howard,Female,48.0,New York,NY,2023-08-23
CUST_005442,Jesse Bennett,Male,18.0,Minneapolis,MN,2022-07-16
CUST_005443,Douglas Lopez,Male,24.0,Portland,OR,2023-12-15
CUST_005444,Kevin Green,Male,45.0,Seattle,WA,2024-02-24
CUST_005445,Austin Torres,Male,41.0,Los Angeles,CA,2023-09-19
CUST_005446,Cynthia Brooks,Female,51.0,Phoenix,AZ,2023-06-24
CUST_005447,Samuel Green,Male,19.0,New York,NY,2023-08-21
CUST_005448,Samantha Cook,Female,33.0,New York,NY,2023-10-06
CUST_005449,Arthur Wright,Male,35.0,Detroit,MI,2023-12-30
CUST_005450,Dorothy Allen,Female,41.0,Charlotte,NC,2023-08-11
CUST_005451,Laura Lewis,Female,39.0,Detroit,MI,2023-05-08
CUST_005452,Jose Carter,Male,44.0,Chicago,IL,2022-07-11
CUST_005453,Terry Lopez,Male,37.0,Austin,TX,2022-12-31
CUST_005454,Karen Thompson,Female,56.0,San Antonio,TX,2022-04-03
CUST_005455,Steven Collins,Male,60.0,San Antonio,TX,2023-09-30
CUST_005456,Jesse Gutierrez,Male,25.0,Phoenix,AZ,2024-03-26
CUST_005457,Hannah Stewart,Female,39.0,Portland,OR,2022-04-15
CUST_005458,Jason Baker,Male,48.0,Atlanta,GA,2023-02-24
CUST_005459,Kathleen Turner,Female,46.0,Miami,FL,2023-09-10
CUST_005460,Helen Cox,Female,33.0,New York,NY,2022-02-03
CUST_005461,Adam Baker,MALE,42.0,Phoenix,AZ,2023-02-24
CUST_005462,Catherine Taylor,Female,19.0,Austin,TX,2023-11-16
CUST_005463,Cheryl Gutierrez,Female,38.0,San Jose,CA,2022-10-22
CUST_005464,William Martin,Male,20.0,Minneapolis,MN,2023-08-12
CUST_005465,Gloria Moore,Female,45.0,Los Angeles,CA,2023-07-04
CUST_005466,William White,Male,25.0,New York,NY,2023-09-10
CUST_005467,Terry Evans,Male,41.0,Minneapolis,MN,2022-09-04
CUST_005468,Linda Martin,Female,42.0,San Antonio,TX,2022-06-27
CUST_005469,Christopher Gonzalez,Male,39.0,San Diego,CA,2022-01-20
CUST_005470,Ashley Moore,Female,31.0,Minneapolis,MN,2023-03-28
CUST_005471,Paul Cruz,Male,36.0,Boston,MA,2022-07-15
CUST_005472,Anna Carter,Female,53.0,Denver,CO,2023-08-06
CUST_005473,Jose Edwards,Male,33.0,Los Angeles,CA,2023-05-21
CUST_005474,Kathryn Evans,Female,39.0,Austin,TX,2023-12-12
CUST_005475,Samuel Moore,Male,32.0,Philadelphia,PA,2023-11-21
CUST_005476,Carolyn Wright,Female,51.0,Austin,TX,2022-12-20
CUST_005477,Sharon Gonzalez,Female,39.0,Dallas,TX,2022-10-25
CUST_005478,Martha Chavez,Female,29.0,New York,NY,2022-04-01
CUST_005479,Thomas Nguyen,Male,39.0,Houston,TX,2023-10-20
CUST_005480,Timothy Edwards,Male,35.0,Philadelphia,PA,2023-04-10
CUST_005481,Sarah Lewis,Female,56.0,San Antonio,TX,2022-11-29
CUST_005482,Donna Sanchez,Female,38.0,New York,NY,2023-09-13
CUST_005483,Heather Williams,Female,21.0,Detroit,MI,2022-10-05
CUST_005484,Lisa Bennett,Female,45.0,Houston,TX,2023-03-27
CUST_005485,Thomas Jones,Male,61.0,San Antonio,TX,2023-02-21
CUST_005486,Roger Carter,Male,53.0,Seattle,WA,2022-10-01
CUST_005487,Charles Ramirez,Male,25.0,Denver,CO,2023-11-13
CUST_005488,Ruth Rodriguez,Female,35.0,Phoenix,AZ,2023-09-15
CUST_005489,Cynthia Young,Female,38.0,Los Angeles,CA,2023-04-28
CUST_005490,Sean Lee,Male,38.0,Los Angeles,CA,2023-09-04
CUST_005491,Joan Allen,Female,43.0,Los Angeles,CA,2022-04-08
CUST_005492,William Rogers,Male,34.0,Chicago,IL,2023-02-16
CUST_005493,Janice Perez,Female,27.0,Austin,TX,2023-06-29
CUST_005494,Brenda Cox,Female,50.0,San Diego,CA,2023-01-17
CUST_005495,George Wilson,Male,24.0,Los Angeles,CA,2023-09-20
CUST_005496,Kelly Wood,Female,28.0,Seattle,WA,2023-04-30
CUST_005497,Zachary Miller,Male,24.0,New York,NY,2023-01-08
CUST_005498,Stephanie Gonzalez,Female,46.0,Detroit,MI,2023-02-04
CUST_005499,Cynthia Nelson,Female,40.0,Dallas,TX,2023-09-22
CUST_005500,Margaret Morris,Female,50.0,Dallas,TX,2022-03-14
CUST_005501,Diane Cox,Female,29.0,Chicago,IL,2023-12-15
CUST_005502,Judy Clark,Female,23.0,San Diego,CA,2022-03-05
CUST_005503,Brenda Nelson,Female,33.0,Phoenix,AZ,2022-05-23
CUST_005504,Jordan Johnson,Male,36.0,Portland,OR,2023-11-26
CUST_005505,Mark Howard,Male,41.0,New York,NY,2022-12-31
CUST_005506,Jacqueline Wood,Female,18.0,Philadelphia,PA,2023-03-12
CUST_005507,Abigail Nguyen,Female,44.0,Atlanta,GA,2022-12-30
CUST_005508,Lauren Roberts,Female,27.0,San Diego,CA,2022-04-12
CUST_005509,Thomas Taylor,Male,30.0,Dallas,TX,2023-07-05
CUST_005510,Edward Campbell,Male,53.0,Detroit,MI,2023-09-02
CUST_005511,Jessica Gray,,18.0,Houston,TX,2022-07-18
CUST_005512,Dennis Ortiz,Male,43.0,New York,NY,2023-10-17
CUST_005513,Denise Cox,Female,42.0,Detroit,MI,2022-04-19
CUST_005514,Amy Kim,Female,28.0,New York,NY,2023-11-02
CUST_005515,Margaret Morris,Female,33.0,Atlanta,GA,2023-09-11
CUST_005516,Kevin Nelson,Male,54.0,Los Angeles,CA,2024-02-03
CUST_005517,Maria Thompson,Female,63.0,New York,NY,2023-11-28
CUST_005518,Maria Lopez,Female,52.0,Houston,TX,2023-12-20
CUST_005519,Michelle Scott,Female,62.0,Miami,FL,2024-03-03
CUST_005520,Walter Roberts,Male,30.0,New York,NY,2023-12-19
CUST_005521,Jessica Turner,Female,19.0,Chicago,IL,2023-11-17
CUST_005522,Julie Roberts,Female,38.0,Chicago,IL,2022-07-24
CUST_005523,Pamela Stewart,Female,49.0,New York,NY,2023-10-19
CUST_005524,Christopher Rodriguez,Male,18.0,New York,NY,2023-07-23
CUST_005525,Olivia Robinson,Female,27.0,Detroit,MI,2024-03-06
CUST_005526,Adam Rogers,Male,28.0,Seattle,WA,2023-09-24
CUST_005527,Emma Ramirez,Female,43.0,Houston,TX,2022-09-22
CUST_005528,Jacqueline Jones,Female,41.0,Chicago,IL,2022-06-23
CUST_005529,Benjamin Young,Male,29.0,New York,NY,2022-10-11
CUST_005530,Brian Flores,Male,41.0,Houston,TX,2023-03-28
CUST_005531,Judy Anderson,Female,24.0,Chicago,IL,2023-08-07
CUST_005532,Jesse Hernandez,Male,33.0,Detroit,MI,2022-08-11
CUST_005533,Joseph Martinez,Male,23.0,Los Angeles,CA,2022-08-28
CUST_005534,Julia Richardson,Female,37.0,Phoenix,AZ,2022-10-30
CUST_005535,Jeremy Ward,Male,28.0,Seattle,WA,2023-11-24
CUST_005536,Thomas Baker,Male,47.0,Houston,TX,2022-12-24
CUST_005537,Rachel Evans,Female,38.0,Boston,MA,2022-03-28
CUST_005538,Robert Cook,Male,36.0,Denver,CO,2023-05-18
CUST_005539,Diane Miller,Female,,New York,NY,2022-01-07
CUST_005540,Alice Ramos,Female,43.0,Miami,FL,2023-08-22
CUST_005541,Ryan Gomez,Male,34.0,Houston,TX,2023-12-18
CUST_005542,Benjamin Adams,Male,31.0,New York,NY,2022-06-25
CUST_005543,Andrew Diaz,Male,24.0,Seattle,WA,2023-12-20
CUST_005544,Alexander Wright,Male,38.0,Boston,MA,2023-08-26
CUST_005545,Keith Howard,Male,42.0,New York,NY,2022-04-18
CUST_005546,Donna Gutierrez,Female,18.0,Houston,TX,2022-08-23
CUST_005547,Patrick Scott,Male,21.0,Minneapolis,MN,2022-08-23
CUST_005548,Jeffrey Bennett,Male,32.0,Seattle,WA,2022-08-02
CUST_005549,Kyle Watson,Male,25.0,San Diego,CA,2022-11-27
CUST_005550,Christina Parker,Female,39.0,San Antonio,TX,2024-01-31
CUST_005551,Christina Cooper,Female,41.0,Austin,TX,2022-08-20
CUST_005552,Angela Reyes,Female,37.0,San Jose,CA,2024-02-12
CUST_005553,Diane Nguyen,Female,45.0,New York,NY,2023-05-22
CUST_005554,Virginia Howard,Female,31.0,Houston,TX,2023-04-26
CUST_005555,Nathan Gray,Male,38.0,San Diego,CA,2023-08-22
CUST_005556,Raymond Scott,Male,,Denver,CO,2023-11-23
CUST_005557,Madison Diaz,Female,42.0,Denver,CO,2024-03-03
CUST_005558,Amanda Thompson,female,39.0,Austin,TX,2022-01-04
CUST_005559,William Moore,Male,24.0,Dallas,TX,2023-01-20
CUST_005560,Judy Reyes,Female,37.0,Houston,TX,2022-07-08
CUST_005561,William Diaz,Male,38.0,Miami,FL,2022-06-11
CUST_005562,Janice Allen,Female,42.0,Detroit,MI,2022-06-06
CUST_005563,Julie Jones,Female,42.0,Miami,FL,2023-09-17
CUST_005564,Abigail Hill,Female,29.0,Minneapolis,MN,2022-02-27
CUST_005565,Frank Rivera,Male,48.0,Detroit,MI,2023-12-14
CUST_005566,Gloria Murphy,Female,45.0,Los Angeles,CA,2023-10-17
CUST_005567,Zachary Rivera,Male,29.0,San Diego,CA,2023-01-30
CUST_005568,Rachel Peterson,Female,24.0,San Diego,CA,2023-02-12
CUST_005569,Kathleen Murphy,Female,30.0,San Antonio,TX,2023-08-26
CUST_005570,James Young,Male,20.0,Miami,FL,2022-01-13
CUST_005571,Amanda Collins,Female,41.0,Houston,TX,2023-01-11
CUST_005572,Julia Bailey,FEMALE,53.0,Los Angeles,CA,2022-07-09
CUST_005573,Melissa Cox,Female,56.0,Chicago,IL,2022-07-09
CUST_005574,Walter Edwards,Male,25.0,Los Angeles,CA,2023-05-22
CUST_005575,Debra Hall,Female,48.0,Phoenix,AZ,2022-09-09
CUST_005576,Rebecca Hill,Female,40.0,New York,NY,2023-01-01
CUST_005577,Jordan Gomez,Male,18.0,New York,NY,2023-09-22
CUST_005578,Michael Martin,Male,34.0,Philadelphia,PA,2023-07-14
CUST_005579,Raymond Jones,Male,33.0,Austin,TX,2022-11-23
CUST_005580,Larry White,Male,54.0,Austin,TX,2022-02-25
CUST_005581,Richard Wood,Male,28.0,New York,NY,2022-01-31
CUST_005582,Donna Thomas,Female,,Charlotte,NC,2023-04-03
CUST_005583,Christina Green,Female,37.0,New York,NY,2023-02-09
CUST_005584,Thomas Taylor,Male,20.0,San Jose,CA,2023-11-17
CUST_005585,Keith Davis,Male,32.0,Minneapolis,MN,2022-04-01
CUST_005586,Tyler Williams,Male,58.0,Minneapolis,MN,2023-12-23
CUST_005587,Thomas Gomez,Male,36.0,San Diego,CA,2022-08-09
CUST_005588,Deborah Carter,Female,50.0,Chicago,IL,2022-12-11
CUST_005589,Nancy Rivera,Female,49.0,Miami,FL,2023-12-30
CUST_005590,Harold Collins,Male,33.0,Austin,TX,2023-12-15
CUST_005591,Carolyn Smith,Female,22.0,Atlanta,GA,2023-04-25
CUST_005592,James Cruz,Male,24.0,Phoenix,AZ,2022-03-31
CUST_005593,Alexander Murphy,Male,57.0,Detroit,MI,2023-06-22
CUST_005594,Katherine Clark,Female,40.0,Portland,OR,2023-10-24
CUST_005595,Aaron Stewart,Male,18.0,Denver,CO,2022-09-24
CUST_005596,Robert Morgan,Male,49.0,Portland,OR,2022-07-12
CUST_005597,Robert Cooper,Male,18.0,Philadelphia,PA,2023-04-11
CUST_005598,Cynthia Edwards,Female,28.0,Los Angeles,CA,2023-10-15
CUST_005599,Henry Garcia,Male,40.0,San Jose,CA,2023-04-17
CUST_005600,Victoria Carter,Female,70.0,San Jose,CA,2022-09-03
CUST_005601,Brian King,Male,49.0,San Antonio,TX,2024-01-05
CUST_005602,Donna Diaz,Female,32.0,Chicago,IL,2024-01-07
CUST_005603,Nathan Bailey,Male,39.0,Austin,TX,2023-08-11
CUST_005604,Robert Mendoza,Male,50.0,Los Angeles,CA,2022-03-24
CUST_005605,Patrick Phillips,Male,56.0,Boston,MA,2022-08-27
CUST_005606,Eric Ramos,Male,35.0,Detroit,MI,2023-07-13
CUST_005607,Carol Chavez,Female,36.0,Los Angeles,CA,2023-11-06
CUST_005608,Samuel Ramos,Male,28.0,Atlanta,GA,2023-03-24
CUST_005609,Donna Wood,Female,47.0,Los Angeles,CA,2022-11-01
CUST_005610,Frank Thompson,Male,51.0,San Antonio,TX,2024-01-15
CUST_005611,Betty Carter,Female,18.0,Portland,OR,2023-01-06
CUST_005612,Nicholas Edwards,Male,34.0,New York,NY,2024-02-05
CUST_005613,Debra Wilson,Female,23.0,New York,NY,2023-05-08
CUST_005614,Robert Morris,Male,40.0,Portland,OR,2023-07-10
CUST_005615,Dennis Watson,Male,23.0,Los Angeles,CA,2022-05-15
CUST_005616,Megan Thompson,FEMALE,22.0,Houston,TX,2022-09-29
CUST_005617,Judy Howard,Female,53.0,Philadelphia,PA,2024-03-14
CUST_005618,Steven Cooper,Male,36.0,New York,NY,2023-09-23
CUST_005619,Steven Anderson,Male,38.0,Los Angeles,CA,2023-03-26
CUST_005620,Stephanie Cox,Female,44.0,Miami,FL,2023-04-30
CUST_005621,Kathryn Robinson,Female,51.0,San Diego,CA,2022-04-07
CUST_005622,Anna Moore,Female,33.0,Phoenix,AZ,2023-11-08
CUST_005623,Timothy Clark,Male,34.0,Seattle,WA,2022-03-20
CUST_005624,Kyle Evans,Male,34.0,Houston,TX,2023-01-11
CUST_005625,Linda White,Female,52.0,Philadelphia,PA,2023-01-31
CUST_005626,Alexander Cruz,Male,38.0,Charlotte,NC,2023-07-01
CUST_005627,Larry Edwards,Male,35.0,Boston,MA,2023-02-04
CUST_005628,Jerry Morgan,Male,43.0,Dallas,TX,2024-03-05
CUST_005629,Judith Gutierrez,Female,61.0,San Diego,CA,2023-11-18
CUST_005630,Sharon Baker,Female,39.0,Miami,FL,2024-03-04
CUST_005631,Joyce Phillips,Female,35.0,Austin,TX,2023-04-28
CUST_005632,Rachel Gomez,Female,63.0,Houston,TX,2022-10-30
CUST_005633,Nancy Walker,Female,55.0,Phoenix,AZ,2024-03-19
CUST_005634,Frances Nguyen,Female,53.0,Los Angeles,CA,2022-03-31
CUST_005635,Andrea Murphy,Female,32.0,Charlotte,NC,2024-02-12
CUST_005636,Arthur Cook,Male,31.0,San Jose,CA,2022-04-15
CUST_005637,Evelyn Martin,Female,18.0,Phoenix,AZ,2023-11-24
CUST_005638,Joshua Miller,Male,51.0,Houston,TX,2023-11-05
CUST_005639,Pamela Williams,Female,39.0,Detroit,MI,2023-08-12
CUST_005640,Jacob Gonzalez,MALE,18.0,Houston,TX,2023-11-07
CUST_005641,Linda Lopez,Female,54.0,Boston,MA,2022-04-07
CUST_005642,Nicholas Nelson,Male,34.0,Miami,FL,2022-12-31
CUST_005643,Jason Torres,Male,36.0,Detroit,MI,2022-11-29
CUST_005644,Mary Torres,Female,20.0,Houston,TX,2024-03-19
CUST_005645,Noah Nelson,Male,45.0,Boston,MA,2023-03-22
CUST_005646,Betty Gonzalez,Female,45.0,Houston,TX,2022-02-25
CUST_005647,Benjamin Morgan,Male,38.0,Portland,OR,2022-09-21
CUST_005648,Hannah Thompson,Female,33.0,New York,NY,2023-12-19
CUST_005649,Ruth Lewis,Female,71.0,Dallas,TX,2024-01-20
CUST_005650,Sandra Carter,Female,23.0,San Antonio,TX,2024-02-13
CUST_005651,Jerry Gutierrez,Male,29.0,Minneapolis,MN,2022-06-03
CUST_005652,Andrea Jackson,Female,47.0,Los Angeles,CA,2023-09-02
CUST_005653,Gerald Diaz,Male,26.0,New York,NY,2023-01-24
CUST_005654,Sharon Reed,Female,25.0,Miami,FL,2023-10-05
CUST_005655,Jennifer Chavez,Female,,Houston,TX,2023-12-06
CUST_005656,Ruth Robinson,Female,46.0,Houston,TX,2022-09-23
CUST_005657,Andrew Mitchell,Male,45.0,New York,NY,2023-04-13
CUST_005658,Jeremy Moore,Male,41.0,Detroit,MI,2022-11-21
CUST_005659,Kelly Cox,Female,30.0,San Jose,CA,2023-03-09
CUST_005660,Ethan Campbell,Male,35.0,Seattle,WA,2022-10-20
CUST_005661,Sophia Perez,Female,38.0,Minneapolis,MN,2022-12-02
CUST_005662,Heather Hernandez,Female,49.0,Miami,FL,2022-10-03
CUST_005663,Austin Walker,Male,44.0,Philadelphia,PA,2022-10-27
CUST_005664,Joyce Perez,Female,27.0,Los Angeles,CA,2023-06-12
CUST_005665,Ashley Wilson,Female,48.0,Seattle,WA,2023-06-29
CUST_005666,Harold Torres,Male,18.0,San Jose,CA,2024-02-08
CUST_005667,Lauren Harris,Female,34.0,New York,NY,2023-01-14
CUST_005668,Joe Gomez,Male,24.0,Detroit,MI,2023-08-10
CUST_005669,Joshua Clark,Male,28.0,Houston,TX,2024-03-08
CUST_005670,Edward Richardson,Male,63.0,Philadelphia,PA,2023-03-17
CUST_005671,Christian Jackson,Male,20.0,San Diego,CA,2023-11-05
CUST_005672,David Bailey,Male,28.0,Detroit,MI,2024-03-11
CUST_005673,Olivia Ramos,Female,45.0,Los Angeles,CA,2023-11-12
CUST_005674,Gregory Harris,Male,33.0,Houston,TX,2022-03-30
CUST_005675,Anthony Perez,Male,40.0,San Antonio,TX,2022-07-21
CUST_005676,Anthony Lopez,Male,56.0,Charlotte,NC,2022-10-23
CUST_005677,Martha Phillips,Female,47.0,Philadelphia,PA,2023-08-31
CUST_005678,John Nelson,Male,33.0,Phoenix,AZ,2023-08-21
CUST_005679,Kyle Nguyen,Male,37.0,Portland,OR,2022-05-27
CUST_005680,Judith Kelly,Female,45.0,San Jose,CA,2023-03-04
CUST_005681,Aaron Allen,Male,46.0,Los Angeles,CA,2023-02-09
CUST_005682,Anna Miller,Female,39.0,Los Angeles,CA,2023-09-03
CUST_005683,Jennifer Mitchell,Female,43.0,San Jose,CA,2022-09-23
CUST_005684,Keith Johnson,Male,43.0,Philadelphia,PA,2022-09-02
CUST_005685,Lisa Martin,Female,37.0,New York,NY,2023-06-26
CUST_005686,Melissa Evans,Female,31.0,Philadelphia,PA,2022-04-02
CUST_005687,Julia Gray,Female,48.0,Portland,OR,2023-08-19
CUST_005688,Stephanie Reed,Female,42.0,Boston,MA,2023-02-23
CUST_005689,Kenneth Cox,Male,18.0,Dallas,TX,2023-05-11
CUST_005690,Bryan Perez,Male,28.0,Los Angeles,CA,2023-11-21
CUST_005691,Richard Reyes,Male,32.0,Houston,TX,2022-07-10
CUST_005692,Margaret Ward,Female,36.0,Charlotte,NC,2022-08-06
CUST_005693,Stephen Reyes,Male,54.0,San Jose,CA,2024-01-26
CUST_005694,Harold Johnson,Male,79.0,Chicago,IL,2023-10-09
CUST_005695,Terry Stewart,Male,18.0,Denver,CO,2022-09-24
CUST_005696,Andrea Turner,Female,42.0,New York,NY,2023-09-25
CUST_005697,Sophia Richardson,Female,39.0,Houston,TX,2023-03-10
CUST_005698,John Roberts,Male,36.0,Chicago,IL,2023-07-12
CUST_005699,Jerry Walker,Male,45.0,Minneapolis,MN,2023-11-10
CUST_005700,Karen Martinez,Female,40.0,Denver,CO,2022-02-20
CUST_005701,Austin Wright,Male,34.0,San Antonio,TX,2023-07-07
CUST_005702,Alice Lewis,Female,39.0,Phoenix,AZ,2022-12-01
CUST_005703,Stephanie Peterson,Female,45.0,Miami,FL,2023-04-26
CUST_005704,Roger Lee,Male,44.0,Los Angeles,CA,2022-12-22
CUST_005705,Tyler Gutierrez,Male,41.0,New York,NY,2024-02-22
CUST_005706,Sarah Gray,Female,31.0,Miami,FL,2023-06-27
CUST_005707,Dennis King,Male,74.0,Miami,FL,2023-12-21
CUST_005708,Joe Miller,Male,43.0,Chicago,IL,2022-09-19
CUST_005709,Rebecca Gomez,Female,48.0,Los Angeles,CA,2022-12-23
CUST_005710,James Perez,Male,32.0,Denver,CO,2023-11-10
CUST_005711,Joe Evans,Male,41.0,Los Angeles,CA,2022-08-29
CUST_005712,Eric Brown,Male,41.0,Austin,TX,2024-03-30
CUST_005713,Jonathan Collins,Male,18.0,Seattle,WA,2023-08-12
CUST_005714,Zachary Edwards,Male,30.0,Austin,TX,2024-01-23
CUST_005715,Ruth James,Female,29.0,Phoenix,AZ,2022-04-24
CUST_005716,Stephanie Morales,Female,31.0,Atlanta,GA,2023-02-02
CUST_005717,Joseph Wilson,male,25.0,Portland,OR,2022-11-28
CUST_005718,Roger Martinez,Male,39.0,Denver,CO,2024-03-12
CUST_005719,Katherine Brown,Female,56.0,Phoenix,AZ,2022-06-04
CUST_005720,Kelly Turner,Female,40.0,Charlotte,NC,2023-10-14
CUST_005721,Gerald Garcia,Male,24.0,Philadelphia,PA,2023-07-22
CUST_005722,Patricia Hill,Female,26.0,New York,NY,2023-12-24
CUST_005723,Madison Lopez,Female,34.0,Los Angeles,CA,2024-03-16
CUST_005724,Walter Chavez,Male,21.0,Houston,TX,2023-11-23
CUST_005725,Jesse Robinson,Male,42.0,Los Angeles,CA,2022-09-15
CUST_005726,Andrew Harris,Male,55.0,Boston,MA,2023-12-13
CUST_005727,Ronald Ortiz,Male,31.0,New York,NY,2023-05-04
CUST_005728,Victoria Rivera,Female,39.0,Phoenix,AZ,2023-08-07
CUST_005729,Lawrence Anderson,Male,33.0,Minneapolis,MN,2022-10-10
CUST_005730,Denise Anderson,Female,31.0,New York,NY,2023-11-30
CUST_005731,Brenda Harris,Female,41.0,Dallas,TX,2023-02-28
CUST_005732,Alexander Thompson,Male,30.0,Portland,OR,2023-11-25
CUST_005733,Anthony Smith,Male,28.0,New York,NY,2023-02-13
CUST_005734,Henry Rivera,Male,18.0,Houston,TX,2023-07-11
CUST_005735,Ann James,Female,39.0,New York,NY,2022-04-23
CUST_005736,Harold Brooks,Male,52.0,Seattle,WA,2022-04-12
CUST_005737,Jason Morgan,Male,47.0,Phoenix,AZ,2024-02-29
CUST_005738,Bryan Richardson,Male,57.0,Portland,OR,2023-09-29
CUST_005739,Charles Rivera,Male,30.0,Seattle,WA,2022-07-02
CUST_005740,Katherine Brown,Female,49.0,Austin,TX,2023-06-27
CUST_005741,Patrick Parker,Male,25.0,Detroit,MI,2023-11-06
CUST_005742,Gregory Ward,Male,47.0,Los Angeles,CA,2023-06-28
CUST_005743,Walter Collins,Male,59.0,Boston,MA,2023-03-03
CUST_005744,Dennis Ward,Male,45.0,Denver,CO,2023-12-13
CUST_005745,Richard Roberts,Male,59.0,Seattle,WA,2022-02-26
CUST_005746,Ashley Cruz,Female,31.0,San Jose,CA,2023-07-24
CUST_005747,Carolyn Allen,Female,37.0,Los Angeles,CA,2023-03-23
CUST_005748,Henry Davis,Male,27.0,Atlanta,GA,2023-08-04
CUST_005749,Samuel Harris,M,39.0,San Jose,CA,2022-10-19
CUST_005750,Jeffrey Walker,Male,42.0,Boston,MA,2022-06-22
CUST_005751,Elizabeth Wright,F,39.0,Minneapolis,MN,2024-03-14
CUST_005752,Hannah Moore,Female,33.0,San Diego,CA,2024-01-02
CUST_005753,Brandon Hernandez,Male,32.0,Portland,OR,2024-01-31
CUST_005754,Alexander Gonzalez,Male,43.0,New York,NY,2023-10-29
CUST_005755,Helen Cruz,Female,37.0,New York,NY,2022-03-14
CUST_005756,Kevin Ortiz,Male,24.0,Houston,TX,2023-07-20
CUST_005757,Melissa Roberts,FEMALE,18.0,Los Angeles,CA,2023-01-06
CUST_005758,Barbara Hall,Female,31.0,Dallas,TX,2022-11-27
CUST_005759,Joan White,Female,21.0,Chicago,IL,2022-09-12
CUST_005760,Melissa Morgan,Female,28.0,Seattle,WA,2022-07-09
CUST_005761,Stephanie Thompson,Female,33.0,Portland,OR,2022-05-30
CUST_005762,Jordan Harris,Male,37.0,Boston,MA,2022-05-11
CUST_005763,Jacob Edwards,Male,30.0,Phoenix,AZ,2023-09-18
CUST_005764,Benjamin Green,Male,66.0,Charlotte,NC,2024-02-15
CUST_005765,Angela Carter,Female,23.0,Boston,MA,2023-01-05
CUST_005766,Deborah Bennett,Female,54.0,Atlanta,GA,2022-04-26
CUST_005767,Mary Nguyen,Female,36.0,Los Angeles,CA,2022-08-17
CUST_005768,Gerald Baker,Male,30.0,Seattle,WA,2023-10-13
CUST_005769,Samantha Mendoza,Female,46.0,New York,NY,2022-12-09
CUST_005770,Zachary Gonzalez,Male,33.0,Chicago,IL,2023-08-14
CUST_005771,Dylan Cruz,Male,28.0,New York,NY,2022-08-02
CUST_005772,James Hall,Male,61.0,Denver,CO,2023-10-20
CUST_005773,Kelly Richardson,Female,18.0,New York,NY,2023-08-09
CUST_005774,Charles Peterson,Male,35.0,Philadelphia,PA,2022-08-18
CUST_005775,Nicole Green,Female,41.0,San Jose,CA,2024-02-16
CUST_005776,Ann White,Female,56.0,Chicago,IL,2023-05-01
CUST_005777,David Taylor,Male,34.0,Houston,TX,2022-08-16
CUST_005778,Jordan Lee,Male,72.0,Minneapolis,MN,2023-06-04
CUST_005779,Raymond Martinez,Male,48.0,Detroit,MI,2023-02-04
CUST_005780,Shirley Taylor,Female,18.0,Miami,FL,2024-02-06
CUST_005781,John Carter,MALE,20.0,Boston,MA,2022-11-06
CUST_005782,Raymond Perez,MALE,41.0,Chicago,IL,2024-01-17
CUST_005783,Christine Johnson,Female,24.0,New York,NY,2023-10-10
CUST_005784,Paul Turner,Male,45.0,San Antonio,TX,2023-08-27
CUST_005785,Katherine Anderson,Female,33.0,Detroit,MI,2022-07-12
CUST_005786,John Murphy,Male,24.0,Los Angeles,CA,2022-04-05
CUST_005787,Jordan Robinson,Male,26.0,Los Angeles,CA,2024-01-02
CUST_005788,Edward Robinson,Male,49.0,Boston,MA,2023-06-07
CUST_005789,Scott Cook,Male,18.0,Austin,TX,2024-03-08
CUST_005790,Hannah Wright,Female,,Phoenix,AZ,2023-04-26
CUST_005791,Zachary Williams,Male,52.0,Miami,FL,2023-06-22
CUST_005792,Sean King,Male,34.0,Dallas,TX,2024-03-29
CUST_005793,Julia Murphy,Female,21.0,Detroit,MI,2023-09-21
CUST_005794,Kimberly Lopez,Female,45.0,Houston,TX,2022-12-19
CUST_005795,Gary Richardson,Male,32.0,Philadelphia,PA,2023-12-08
CUST_005796,Nathan Bailey,Male,20.0,New York,NY,2022-10-24
CUST_005797,Michael Baker,Male,62.0,Houston,TX,2023-05-03
CUST_005798,Zachary Miller,Male,27.0,Los Angeles,CA,2022-09-02
CUST_005799,James Rodriguez,Male,20.0,New York,NY,2024-03-27
CUST_005800,Jean Martin,Female,42.0,Chicago,IL,2024-02-17
CUST_005801,Evelyn Parker,Female,38.0,San Antonio,TX,2024-01-08
CUST_005802,Frank Edwards,Male,57.0,Chicago,IL,2023-01-23
CUST_005803,Jonathan Thompson,Male,34.0,New York,NY,2023-09-30
CUST_005804,Jordan Mitchell,Male,34.0,Philadelphia,PA,2022-09-23
CUST_005805,Judith Richardson,Female,43.0,Los Angeles,CA,2023-01-14
CUST_005806,Keith Bailey,Male,41.0,New York,NY,2023-11-22
CUST_005807,Roger Collins,Male,41.0,Charlotte,NC,2022-03-04
CUST_005808,John Miller,Male,42.0,San Antonio,TX,2022-02-25
CUST_005809,Elizabeth Flores,Female,41.0,Atlanta,GA,2023-08-13
CUST_005810,Donald Robinson,Male,33.0,Los Angeles,CA,2023-11-02
CUST_005811,Jose James,Male,49.0,Philadelphia,PA,2023-01-08
CUST_005812,Olivia Brown,Female,34.0,New York,NY,2023-08-23
CUST_005813,Edward Cook,Male,49.0,Phoenix,AZ,2024-01-28
CUST_005814,Bryan Cox,Male,56.0,Atlanta,GA,2022-04-20
CUST_005815,Joseph Gray,Male,30.0,Minneapolis,MN,2023-12-10
CUST_005816,Jeremy Flores,Male,69.0,San Diego,CA,2023-06-15
CUST_005817,Samantha Hill,Female,30.0,Chicago,IL,2023-02-09
CUST_005818,Brenda Lewis,Female,30.0,Denver,CO,2022-02-27
CUST_005819,Jennifer Morris,Female,45.0,San Jose,CA,2023-01-09
CUST_005820,Evelyn Peterson,Female,44.0,San Antonio,TX,2023-11-15
CUST_005821,Ethan Gonzalez,Male,39.0,San Antonio,TX,2023-05-16
CUST_005822,Ronald Rivera,Male,49.0,San Antonio,TX,2022-07-05
CUST_005823,Samuel Green,Male,42.0,Houston,TX,2022-08-27
CUST_005824,Ruth Jackson,Female,64.0,San Diego,CA,2023-12-22
CUST_005825,Amy Parker,Female,38.0,New York,NY,2023-02-18
CUST_005826,Julie Green,Female,28.0,Dallas,TX,2022-04-15
CUST_005827,Jonathan Hall,Male,32.0,San Antonio,TX,2024-03-13
CUST_005828,Frances James,,44.0,Phoenix,AZ,2022-09-16
CUST_005829,Zachary King,Male,45.0,Houston,TX,2023-11-17
CUST_005830,Thomas Bailey,Male,41.0,Austin,TX,2022-01-15
CUST_005831,Harold Evans,Male,28.0,San Antonio,TX,2022-09-19
CUST_005832,Laura Garcia,Female,52.0,New York,NY,2022-11-30
CUST_005833,Alice Peterson,Female,63.0,Houston,TX,2023-12-30
CUST_005834,Dennis Mendoza,Male,39.0,New York,NY,2023-10-14
CUST_005835,Robert Brown,Male,61.0,Phoenix,AZ,2022-11-04
CUST_005836,Judith Bailey,Female,49.0,San Diego,CA,2023-11-11
CUST_005837,Christopher Moore,Male,66.0,Phoenix,AZ,2023-11-26
CUST_005838,Terry Gonzalez,Male,44.0,Houston,TX,2023-04-22
CUST_005839,Julia Ortiz,Female,40.0,Chicago,IL,2023-04-19
CUST_005840,Christina Martinez,Female,49.0,Phoenix,AZ,2023-04-20
CUST_005841,Carolyn Brooks,Female,33.0,New York,NY,2022-06-26
CUST_005842,Ruth Morgan,,44.0,Charlotte,NC,2023-11-28
CUST_005843,Pamela Smith,Female,55.0,Dallas,TX,2023-09-21
CUST_005844,Richard Thompson,Male,49.0,San Jose,CA,2023-12-23
CUST_005845,Abigail Evans,Female,38.0,Los Angeles,CA,2023-11-30
CUST_005846,Edward Jones,,41.0,Detroit,MI,2023-11-09
CUST_005847,Ronald Collins,Male,48.0,Dallas,TX,2023-11-06
CUST_005848,Kimberly Hernandez,Female,48.0,Phoenix,AZ,2024-02-24
CUST_005849,Denise Williams,Female,48.0,Denver,CO,2023-07-03
CUST_005850,Jesse Baker,Male,43.0,Chicago,IL,2023-12-08
CUST_005851,Jason Stewart,Male,,Portland,OR,2023-11-20
CUST_005852,Kenneth Chavez,Male,30.0,Los Angeles,CA,2022-10-01
CUST_005853,Martha Thomas,Female,44.0,Miami,FL,2023-06-03
CUST_005854,Brenda Carter,female,49.0,Charlotte,NC,2023-10-01
CUST_005855,Sophia Phillips,Female,47.0,San Antonio,TX,2022-04-23
CUST_005856,Austin Harris,Male,30.0,Minneapolis,MN,2023-05-07
CUST_005857,Walter Watson,Male,37.0,New York,NY,2022-01-04
CUST_005858,Joseph Wilson,Male,24.0,Austin,TX,2022-09-04
CUST_005859,Douglas Hernandez,Male,21.0,Houston,TX,2023-04-02
CUST_005860,Grace Scott,Female,40.0,Houston,TX,2022-11-03
CUST_005861,Ryan Smith,Male,55.0,Philadelphia,PA,2023-10-30
CUST_005862,Frances White,Female,40.0,Austin,TX,2023-07-27
CUST_005863,Nicholas Hernandez,Male,62.0,Austin,TX,2022-09-29
CUST_005864,Bryan Kim,Male,36.0,Chicago,IL,2022-01-20
CUST_005865,Jose Watson,Male,39.0,Phoenix,AZ,2022-09-17
CUST_005866,Sarah Anderson,Female,26.0,Chicago,IL,2023-04-28
CUST_005867,Scott Torres,Male,34.0,Austin,TX,2023-10-24
CUST_005868,Michael Rivera,Male,24.0,New York,NY,2023-07-01
CUST_005869,Shirley Reyes,Female,19.0,Phoenix,AZ,2022-03-04
CUST_005870,Jean Martinez,Female,24.0,Charlotte,NC,2023-03-17
CUST_005871,Andrew Young,Male,40.0,Charlotte,NC,2024-03-05
CUST_005872,Julia Baker,,29.0,San Diego,CA,2024-01-28
CUST_005873,Sarah Reed,Female,32.0,Chicago,IL,2023-10-10
CUST_005874,Victoria Stewart,Female,44.0,Dallas,TX,2022-10-14
CUST_005875,Sophia Cox,Female,19.0,San Antonio,TX,2022-01-26
CUST_005876,Virginia Rogers,Female,40.0,New York,NY,2023-03-09
CUST_005877,Sean Young,Male,49.0,Charlotte,NC,2022-12-31
CUST_005878,Denise Chavez,Female,50.0,Houston,TX,2023-08-24
CUST_005879,Aaron James,Male,45.0,Phoenix,AZ,2022-03-20
CUST_005880,Hannah James,Female,38.0,San Diego,CA,2024-02-10
CUST_005881,Jennifer Perez,Female,31.0,Minneapolis,MN,2023-10-06
CUST_005882,Pamela Gray,Female,37.0,Atlanta,GA,2024-03-12
CUST_005883,George Kim,Male,59.0,Los Angeles,CA,2024-01-03
CUST_005884,Christian Young,Male,42.0,Denver,CO,2023-02-16
CUST_005885,Kelly Campbell,FEMALE,37.0,Minneapolis,MN,2023-08-14
CUST_005886,Julie Lewis,Female,46.0,Denver,CO,2023-12-20
CUST_005887,Alice Nelson,Female,39.0,Los Angeles,CA,2022-08-01
CUST_005888,Jessica Baker,Female,41.0,San Diego,CA,2022-01-12
CUST_005889,Dylan Cook,Male,35.0,Miami,FL,2022-11-04
CUST_005890,Sarah Cox,Female,33.0,Los Angeles,CA,2023-02-22
CUST_005891,Jason Mendoza,Male,51.0,San Diego,CA,2023-07-17
CUST_005892,Tyler Kelly,Male,18.0,Seattle,WA,2022-09-25
CUST_005893,Jason Bennett,Male,44.0,San Jose,CA,2023-02-26
CUST_005894,Nathan Turner,Male,33.0,New York,NY,2023-08-04
CUST_005895,Cheryl Wilson,Female,18.0,Chicago,IL,2023-12-06
CUST_005896,Roger Gonzalez,Male,26.0,Dallas,TX,2022-08-22
CUST_005897,Ashley Lopez,Female,38.0,Los Angeles,CA,2023-11-19
CUST_005898,Mark Baker,Male,40.0,Houston,TX,2024-02-20
CUST_005899,William Miller,Male,48.0,Phoenix,AZ,2023-01-30
CUST_005900,Katherine Sanchez,Female,49.0,New York,NY,2023-05-23
CUST_005901,Daniel Brown,Male,19.0,San Diego,CA,2022-01-12
CUST_005902,Sharon Turner,FEMALE,43.0,Charlotte,NC,2023-09-17
CUST_005903,Ann Gutierrez,Female,48.0,Phoenix,AZ,2024-01-07
CUST_005904,Jesse Williams,Male,41.0,Chicago,IL,2022-01-23
CUST_005905,Gloria Stewart,Female,45.0,Chicago,IL,2023-12-19
CUST_005906,James Nelson,Male,18.0,San Diego,CA,2022-06-08
CUST_005907,Frank Cox,Male,26.0,Philadelphia,PA,2023-12-18
CUST_005908,Anthony Brown,Male,56.0,Miami,FL,2023-05-16
CUST_005909,Amy Jackson,Female,35.0,San Jose,CA,2022-12-28
CUST_005910,Pamela Hill,Female,66.0,Phoenix,AZ,2024-02-22
CUST_005911,Jesse Kim,Male,23.0,Phoenix,AZ,2023-07-08
CUST_005912,Olivia Reyes,Female,58.0,San Diego,CA,2022-02-13
CUST_005913,Kevin Kim,Male,31.0,Chicago,IL,2023-10-27
CUST_005914,Joyce Roberts,female,49.0,Phoenix,AZ,2022-07-11
CUST_005915,Julia Sanchez,Female,35.0,Chicago,IL,2024-02-10
CUST_005916,William Lee,Male,40.0,San Diego,CA,2022-06-26
CUST_005917,Christian Lewis,Male,46.0,San Diego,CA,2023-04-03
CUST_005918,Paul Allen,Male,31.0,Miami,FL,2023-05-01
CUST_005919,Matthew Kim,Male,49.0,Chicago,IL,2023-06-01
CUST_005920,Janice Wilson,Female,35.0,Detroit,MI,2023-05-09
CUST_005921,Mary Lewis,Female,41.0,San Diego,CA,2023-02-23
CUST_005922,Judith Hill,Female,18.0,Denver,CO,2023-09-19
CUST_005923,Richard Gutierrez,Male,34.0,Austin,TX,2022-06-15
CUST_005924,Julie Harris,Female,54.0,Miami,FL,2023-11-10
CUST_005925,Jerry Collins,Male,47.0,San Jose,CA,2022-02-12
CUST_005926,Madison Robinson,Female,50.0,New York,NY,2023-12-18
CUST_005927,Christian Miller,Male,39.0,Phoenix,AZ,2023-10-15
CUST_005928,Nathan Chavez,Male,59.0,Portland,OR,2023-11-16
CUST_005929,Jacob Nguyen,Male,42.0,Philadelphia,PA,2022-10-25
CUST_005930,Sandra Hill,Female,30.0,Miami,FL,2023-12-23
CUST_005931,Tyler Martin,Male,49.0,Minneapolis,MN,2023-09-04
CUST_005932,Christine Carter,Female,50.0,Houston,TX,2024-03-10
CUST_005933,Susan Adams,Female,46.0,Miami,FL,2022-01-23
CUST_005934,Judy Kim,Female,33.0,Houston,TX,2023-11-13
CUST_005935,Rebecca Perez,Female,42.0,New York,NY,2023-07-16
CUST_005936,James Parker,Male,56.0,Seattle,WA,2024-03-23
CUST_005937,Janice Rodriguez,FEMALE,44.0,Atlanta,GA,2023-02-26
CUST_005938,Heather Thomas,Female,20.0,Philadelphia,PA,2022-10-10
CUST_005939,Peter Cox,Male,31.0,Los Angeles,CA,2024-01-12
CUST_005940,Matthew White,Male,30.0,Austin,TX,2022-11-20
CUST_005941,Nicholas Murphy,Male,29.0,Denver,CO,2023-09-12
CUST_005942,Aaron Bennett,Male,18.0,San Jose,CA,2022-11-25
CUST_005943,Amanda Smith,Female,62.0,Houston,TX,2024-02-25
CUST_005944,Douglas Rogers,Male,28.0,Houston,TX,2023-05-03
CUST_005945,Michelle Rogers,Female,28.0,San Diego,CA,2022-11-14
CUST_005946,Emily Perez,Female,18.0,Los Angeles,CA,2023-12-05
CUST_005947,Mary Morris,Female,49.0,Miami,FL,2022-03-11
CUST_005948,Brian Bailey,Male,37.0,New York,NY,2022-04-13
CUST_005949,Carol Nelson,Female,34.0,San Antonio,TX,2023-12-14
CUST_005950,Ethan Nguyen,Male,35.0,Miami,FL,2022-11-18
CUST_005951,Maria Moore,Female,46.0,San Diego,CA,2022-07-05
CUST_005952,Ashley Garcia,Female,,Boston,MA,2023-06-19
CUST_005953,Maria Stewart,Female,18.0,Chicago,IL,2022-09-17
CUST_005954,Michelle Turner,Female,22.0,Philadelphia,PA,2024-03-22
CUST_005955,Pamela Jackson,Female,22.0,Denver,CO,2023-12-03
CUST_005956,Sean Lopez,Male,42.0,Minneapolis,MN,2024-01-18
CUST_005957,Zachary White,Male,50.0,San Jose,CA,2023-12-12
CUST_005958,Virginia Wilson,Female,57.0,Chicago,IL,2024-01-16
CUST_005959,Brian Moore,Male,,Los Angeles,CA,2022-11-30
CUST_005960,Lisa Torres,Female,46.0,Miami,FL,2023-08-22
CUST_005961,Andrea Hernandez,Female,31.0,Dallas,TX,2024-01-30
CUST_005962,Maria Walker,Female,75.0,Los Angeles,CA,2023-08-31
CUST_005963,Julie Cruz,Female,56.0,San Antonio,TX,2024-03-29
CUST_005964,Sophia Parker,Female,60.0,Los Angeles,CA,2024-01-03
CUST_005965,Jason Parker,Male,49.0,New York,NY,2022-03-20
CUST_005966,Martha Sanchez,Female,43.0,Detroit,MI,2023-04-14
CUST_005967,Patrick Nguyen,Male,33.0,San Diego,CA,2022-10-06
CUST_005968,Michelle Bailey,Female,31.0,Chicago,IL,2024-01-09
CUST_005969,William Martin,Male,28.0,Minneapolis,MN,2024-02-19
CUST_005970,Jerry Miller,Male,46.0,Charlotte,NC,2023-06-04
CUST_005971,Stephanie Hall,Female,58.0,Minneapolis,MN,2022-03-06
CUST_005972,Christina Jackson,Female,34.0,Boston,MA,2022-12-08
CUST_005973,Douglas Davis,Male,29.0,Charlotte,NC,2022-07-17
CUST_005974,Larry Richardson,Male,20.0,Los Angeles,CA,2023-05-06
CUST_005975,Gregory Baker,Male,42.0,Minneapolis,MN,2024-03-21
CUST_005976,Olivia Rodriguez,Female,54.0,Houston,TX,2022-12-05
CUST_005977,Justin Allen,Male,54.0,New York,NY,2023-10-04
CUST_005978,Frances Williams,Female,56.0,New York,NY,2023-12-10
CUST_005979,Susan Robinson,FEMALE,44.0,Los Angeles,CA,2023-12-10
CUST_005980,Joe Morgan,Male,40.0,Boston,MA,2022-06-09
CUST_005981,Jennifer Rivera,Female,55.0,Minneapolis,MN,2022-09-01
CUST_005982,Steven Mendoza,Male,25.0,Los Angeles,CA,2022-08-19
CUST_005983,Douglas Perez,Male,33.0,Miami,FL,2022-10-26
CUST_005984,Jessica Robinson,Female,60.0,Boston,MA,2022-02-22
CUST_005985,Kenneth Stewart,Male,25.0,New York,NY,2023-05-14
CUST_005986,Margaret Ramos,Female,38.0,Denver,CO,2023-10-09
CUST_005987,Evelyn Richardson,female,46.0,New York,NY,2022-09-23
CUST_005988,Heather Perez,Female,40.0,Chicago,IL,2023-07-28
CUST_005989,David Chavez,Male,53.0,San Diego,CA,2023-05-19
CUST_005990,Helen Reed,Female,58.0,Detroit,MI,2022-04-19
CUST_005991,Emily Wood,Female,44.0,New York,NY,2022-09-03
CUST_005992,Bryan Murphy,Male,56.0,Houston,TX,2022-09-05
CUST_005993,Thomas Walker,Male,27.0,Dallas,TX,2023-04-04
CUST_005994,Jack Wright,Male,37.0,Denver,CO,2023-07-20
CUST_005995,Scott Parker,Male,69.0,Detroit,MI,2022-10-29
CUST_005996,Heather Chavez,Female,63.0,Philadelphia,PA,2022-05-17
CUST_005997,Dylan Cruz,Male,23.0,Miami,FL,2022-09-30
CUST_005998,Jason Chavez,Male,38.0,Austin,TX,2022-02-15
CUST_005999,Kyle Sanchez,Male,40.0,Los Angeles,CA,2023-10-15
CUST_006000,Stephen Campbell,Male,44.0,Dallas,TX,2023-09-10
CUST_006001,Victoria Morris,Female,54.0,Houston,TX,2023-08-20
CUST_006002,Amy Watson,Female,61.0,Seattle,WA,2023-07-12
CUST_006003,Andrew Gutierrez,Male,39.0,Chicago,IL,2022-10-26
CUST_006004,Jessica Chavez,Female,53.0,Chicago,IL,2022-05-06
CUST_006005,Sarah Gutierrez,FEMALE,47.0,Portland,OR,2023-06-28
CUST_006006,Judy Cox,Female,38.0,Detroit,MI,2023-10-03
CUST_006007,Harold Bailey,Male,18.0,Philadelphia,PA,2023-11-27
CUST_006008,Joshua Nelson,Male,51.0,Boston,MA,2023-09-29
CUST_006009,Gregory Gray,Male,46.0,Charlotte,NC,2023-08-11
CUST_006010,Zachary Bailey,Male,43.0,New York,NY,2023-12-06
CUST_006011,Jeffrey Morris,Male,26.0,Austin,TX,2023-10-24
CUST_006012,Stephen Nguyen,Male,63.0,Chicago,IL,2024-02-24
CUST_006013,Evelyn Turner,Female,40.0,Atlanta,GA,2022-01-07
CUST_006014,Andrew Moore,Male,24.0,New York,NY,2022-06-06
CUST_006015,Rachel Jones,Female,22.0,Atlanta,GA,2023-06-14
CUST_006016,Emily Collins,Female,47.0,Los Angeles,CA,2023-01-23
CUST_006017,Mary Morales,Female,47.0,Philadelphia,PA,2022-12-02
CUST_006018,Henry Kim,Male,33.0,Atlanta,GA,2023-10-13
CUST_006019,Douglas Stewart,Male,44.0,New York,NY,2023-05-11
CUST_006020,Jordan Young,Male,47.0,Detroit,MI,2023-05-04
CUST_006021,Mark Rogers,Male,40.0,Los Angeles,CA,2022-02-25
CUST_006022,Kyle Brooks,Male,30.0,San Antonio,TX,2023-03-13
CUST_006023,Julia Ramirez,Female,51.0,Denver,CO,2023-07-05
CUST_006024,Aaron Perez,Male,49.0,Los Angeles,CA,2022-10-10
CUST_006025,Bryan Collins,Male,46.0,Austin,TX,2022-09-03
CUST_006026,Jordan Gomez,Male,28.0,San Diego,CA,2023-05-22
CUST_006027,Martha Sanchez,Female,22.0,Dallas,TX,2024-02-02
CUST_006028,Denise Perez,Female,39.0,San Jose,CA,2022-05-06
CUST_006029,Tyler Ortiz,Male,50.0,Phoenix,AZ,2022-11-05
CUST_006030,Christine Garcia,Female,52.0,Chicago,IL,2022-03-06
CUST_006031,Jean Gonzalez,Female,46.0,Los Angeles,CA,2022-11-19
CUST_006032,Teresa King,Female,33.0,Portland,OR,2023-09-06
CUST_006033,Karen Richardson,Female,28.0,Phoenix,AZ,2022-11-13
CUST_006034,Stephanie Gutierrez,Female,38.0,Chicago,IL,2023-01-21
CUST_006035,Kenneth Martinez,Male,38.0,New York,NY,2024-02-18
CUST_006036,Gerald Carter,Male,52.0,Boston,MA,2022-12-08
CUST_006037,Andrew Stewart,Male,33.0,San Diego,CA,2023-05-14
CUST_006038,Stephanie Clark,Female,34.0,Los Angeles,CA,2024-02-17
CUST_006039,Rachel Cook,Female,64.0,Minneapolis,MN,2023-04-20
CUST_006040,Susan Williams,Female,58.0,Portland,OR,2022-06-29
CUST_006041,Judy Miller,Female,,Minneapolis,MN,2022-06-02
CUST_006042,Katherine Hall,Female,57.0,Dallas,TX,2024-01-25
CUST_006043,Donald Gutierrez,Male,24.0,Houston,TX,2024-01-16
CUST_006044,Kevin Williams,Male,33.0,Los Angeles,CA,2022-09-14
CUST_006045,Harold Jackson,Male,34.0,Houston,TX,2023-07-16
CUST_006046,Olivia Reed,Female,38.0,Austin,TX,2022-06-26
CUST_006047,Helen Watson,Female,46.0,Chicago,IL,2022-08-27
CUST_006048,Laura Perez,Female,40.0,Philadelphia,PA,2024-02-08
CUST_006049,Janice Gonzalez,Female,46.0,Dallas,TX,2023-01-23
CUST_006050,Cheryl Turner,Female,33.0,Denver,CO,2022-08-05
CUST_006051,Evelyn Harris,Female,43.0,New York,NY,2023-05-02
CUST_006052,Stephen Robinson,Male,39.0,Miami,FL,2023-12-24
CUST_006053,Joe Edwards,,21.0,Philadelphia,PA,2023-12-12
CUST_006054,Joan Roberts,Female,45.0,Dallas,TX,2023-08-14
CUST_006055,Pamela Evans,Female,40.0,Portland,OR,2023-11-28
CUST_006056,Judy Chavez,Female,30.0,Los Angeles,CA,2023-11-05
CUST_006057,Janice Ramirez,Female,33.0,Minneapolis,MN,2024-03-07
CUST_006058,Kyle Flores,Male,33.0,Atlanta,GA,2023-08-09
CUST_006059,Ethan Rivera,Male,35.0,Charlotte,NC,2023-06-27
CUST_006060,Eric Kim,Male,60.0,Phoenix,AZ,2024-01-29
CUST_006061,Benjamin Morris,Male,65.0,Los Angeles,CA,2022-12-21
CUST_006062,Kimberly Peterson,Female,18.0,New York,NY,2023-04-07
CUST_006063,Diane Cook,Female,45.0,Atlanta,GA,2023-12-29
CUST_006064,Amy Flores,Female,50.0,Los Angeles,CA,2024-03-17
CUST_006065,Cynthia Morris,Female,36.0,Chicago,IL,2023-02-09
CUST_006066,Jesse Williams,Male,50.0,Charlotte,NC,2023-06-21
CUST_006067,Sandra Flores,Female,59.0,Philadelphia,PA,2023-12-15
CUST_006068,Teresa Martin,Female,21.0,Chicago,IL,2023-04-28
CUST_006069,Melissa Robinson,Female,40.0,Boston,MA,2023-01-26
CUST_006070,Jennifer Nelson,Female,63.0,Chicago,IL,2022-03-13
CUST_006071,Michael Roberts,Male,23.0,San Diego,CA,2022-08-08
CUST_006072,Pamela Kelly,Female,37.0,Los Angeles,CA,2022-11-25
CUST_006073,Nicole Martin,Female,33.0,Philadelphia,PA,2023-01-23
CUST_006074,Sharon Thomas,Female,52.0,New York,NY,2023-11-03
CUST_006075,Adam Lopez,Male,53.0,Boston,MA,2022-06-26
CUST_006076,Scott Bennett,Male,41.0,Houston,TX,2022-03-22
CUST_006077,David Rodriguez,Male,,Houston,TX,2023-06-20
CUST_006078,Cynthia Kelly,Female,18.0,Charlotte,NC,2022-01-10
CUST_006079,Sarah Clark,Female,56.0,Miami,FL,2024-02-15
CUST_006080,David Collins,Male,34.0,Dallas,TX,2022-09-18
CUST_006081,Emily Richardson,Female,37.0,Portland,OR,2023-12-12
CUST_006082,Christina Miller,Female,51.0,Los Angeles,CA,2023-01-05
CUST_006083,Henry Young,Male,41.0,Dallas,TX,2024-03-30
CUST_006084,Madison Brown,Female,51.0,Portland,OR,2023-04-14
CUST_006085,Andrea Ramirez,Female,46.0,Dallas,TX,2024-03-07
CUST_006086,Gregory Chavez,Male,41.0,Houston,TX,2023-03-19
CUST_006087,Rebecca Robinson,Female,42.0,Atlanta,GA,2023-09-20
CUST_006088,Mary Stewart,Female,24.0,Los Angeles,CA,2022-03-12
CUST_006089,Virginia Gonzalez,Female,37.0,Los Angeles,CA,2023-02-28
CUST_006090,George Williams,,52.0,Denver,CO,2022-10-02
CUST_006091,Amanda Cruz,Female,27.0,New York,NY,2023-11-15
CUST_006092,Sophia Brooks,Female,30.0,New York,NY,2023-05-08
CUST_006093,Anthony Williams,Male,28.0,Phoenix,AZ,2023-07-29
CUST_006094,Robert Richardson,Male,40.0,Phoenix,AZ,2022-09-16
CUST_006095,Jesse Nelson,Male,56.0,San Antonio,TX,2022-05-07
CUST_006096,Rebecca Phillips,Female,45.0,Denver,CO,2023-08-27
CUST_006097,Shirley Smith,Female,18.0,Dallas,TX,2023-02-26
CUST_006098,Richard Mitchell,Male,47.0,Denver,CO,2023-02-05
CUST_006099,Nicholas Campbell,Male,33.0,New York,NY,2024-03-07
CUST_006100,Sophia Lewis,Female,45.0,Houston,TX,2022-05-08
CUST_006101,Henry Ward,Male,37.0,Charlotte,NC,2023-07-31
CUST_006102,Samantha Phillips,Female,28.0,Phoenix,AZ,2022-03-09
CUST_006103,Timothy Miller,M,,Los Angeles,CA,2023-08-30
CUST_006104,Ryan Smith,Male,,Charlotte,NC,2023-05-29
CUST_006105,Ruth Adams,Female,42.0,Phoenix,AZ,2023-09-29
CUST_006106,Kenneth Young,Male,27.0,San Antonio,TX,2023-10-16
CUST_006107,Matthew Morales,Male,24.0,Los Angeles,CA,2022-05-22
CUST_006108,Christina Lopez,Female,48.0,San Jose,CA,2022-10-05
CUST_006109,Madison Phillips,Female,52.0,Los Angeles,CA,2022-09-15
CUST_006110,Austin Rogers,Male,46.0,Austin,TX,2023-07-05
CUST_006111,Ann Collins,Female,30.0,Boston,MA,2022-09-20
CUST_006112,Carolyn Anderson,Female,29.0,San Jose,CA,2023-04-25
CUST_006113,Jacqueline Wood,Female,30.0,New York,NY,2023-02-26
CUST_006114,Lawrence Scott,Male,50.0,New York,NY,2023-06-18
CUST_006115,Patricia Ramirez,Female,28.0,Miami,FL,2022-12-12
CUST_006116,Nicholas Peterson,,50.0,Detroit,MI,2024-02-11
CUST_006117,Emily Brown,Female,46.0,Los Angeles,CA,2024-03-08
CUST_006118,Denise Miller,Female,54.0,Houston,TX,2022-12-11
CUST_006119,Lawrence Howard,male,52.0,San Jose,CA,2024-02-04
CUST_006120,Martha Taylor,Female,45.0,Miami,FL,2023-11-14
CUST_006121,Stephanie Roberts,Female,20.0,Detroit,MI,2022-08-22
CUST_006122,Julia Collins,Female,46.0,Seattle,WA,2023-06-01
CUST_006123,Robert Green,Male,40.0,Los Angeles,CA,2023-01-03
CUST_006124,Ashley Howard,Female,34.0,Boston,MA,2023-11-20
CUST_006125,Julie Taylor,Female,56.0,Miami,FL,2024-01-22
CUST_006126,Jacqueline Peterson,Female,37.0,Houston,TX,2023-07-16
CUST_006127,Kathryn Kim,Female,32.0,San Antonio,TX,2023-07-21
CUST_006128,Stephanie Lopez,Female,53.0,Los Angeles,CA,2023-09-25
CUST_006129,Gary Murphy,Male,33.0,Chicago,IL,2023-04-09
CUST_006130,Nicole Murphy,,31.0,Minneapolis,MN,2023-03-21
CUST_006131,Jennifer Flores,Female,24.0,New York,NY,2023-06-01
CUST_006132,Carl Turner,Male,,Boston,MA,2023-12-02
CUST_006133,Jason Reed,Male,29.0,New York,NY,2023-08-03
CUST_006134,Kimberly Reyes,Female,46.0,Chicago,IL,2022-06-03
CUST_006135,Anna Parker,Female,26.0,Dallas,TX,2022-05-31
CUST_006136,Joan Brooks,Female,18.0,New York,NY,2023-02-04
CUST_006137,Carl Miller,Male,42.0,Seattle,WA,2023-08-12
CUST_006138,Donna Murphy,Female,,Houston,TX,2023-01-15
CUST_006139,Sandra Harris,Female,38.0,Boston,MA,2023-01-07
CUST_006140,Julia Ramirez,Female,55.0,Charlotte,NC,2024-01-23
CUST_006141,Janet Richardson,Female,39.0,Phoenix,AZ,2024-01-04
CUST_006142,Amy Young,Female,57.0,New York,NY,2023-03-25
CUST_006143,Kimberly James,Female,38.0,Miami,FL,2023-09-23
CUST_006144,Jordan Gutierrez,Male,51.0,Chicago,IL,2023-03-06
CUST_006145,Zachary Ramos,Male,32.0,Los Angeles,CA,2023-07-01
CUST_006146,Paul Richardson,Male,40.0,Minneapolis,MN,2022-10-05
CUST_006147,Joseph Gray,Male,27.0,Chicago,IL,2023-04-11
CUST_006148,Kimberly Johnson,Female,28.0,Austin,TX,2023-07-30
CUST_006149,Joshua Turner,Male,36.0,Chicago,IL,2023-02-25
CUST_006150,Thomas Parker,Male,22.0,Denver,CO,2023-10-22
CUST_006151,Andrew Morris,Male,40.0,San Jose,CA,2022-09-29
CUST_006152,Charles Campbell,Male,35.0,San Antonio,TX,2022-01-15
CUST_006153,Angela Bennett,Female,41.0,Dallas,TX,2024-02-04
CUST_006154,Katherine Turner,Female,22.0,Chicago,IL,2022-12-20
CUST_006155,Nicole Evans,Female,,New York,NY,2022-09-15
CUST_006156,Teresa Miller,Female,60.0,Atlanta,GA,2023-03-25
CUST_006157,Amanda Cruz,Female,57.0,Minneapolis,MN,2022-09-12
CUST_006158,Kathryn Davis,Female,62.0,Boston,MA,2023-10-04
CUST_006159,Jean Robinson,Female,39.0,Denver,CO,2022-11-03
CUST_006160,Dylan Ortiz,Male,34.0,San Antonio,TX,2024-03-25
CUST_006161,Mark Collins,,45.0,Dallas,TX,2022-10-07
CUST_006162,Joshua Brown,,36.0,Seattle,WA,2022-12-21
CUST_006163,Olivia Hill,Female,18.0,New York,NY,2023-05-13
CUST_006164,Daniel Ward,Male,49.0,Phoenix,AZ,2022-01-04
CUST_006165,Richard Parker,Male,36.0,Chicago,IL,2022-01-05
CUST_006166,David Nelson,Male,20.0,Houston,TX,2022-08-29
CUST_006167,Dennis Allen,Male,32.0,Boston,MA,2022-03-31
CUST_006168,Martha Rogers,Female,36.0,Houston,TX,2023-10-23
CUST_006169,Dorothy Campbell,Female,39.0,Denver,CO,2024-01-07
CUST_006170,Lawrence Watson,Male,39.0,Charlotte,NC,2023-02-02
CUST_006171,Harold Bennett,Male,56.0,Detroit,MI,2023-04-26
CUST_006172,Susan Morgan,Female,22.0,Miami,FL,2023-07-08
CUST_006173,Anna Gomez,female,37.0,Miami,FL,2022-04-14
CUST_006174,Barbara Thompson,Female,28.0,Phoenix,AZ,2023-03-20
CUST_006175,Jean Jackson,Female,54.0,Denver,CO,2024-03-04
CUST_006176,Kyle Richardson,Male,31.0,Seattle,WA,2022-08-04
CUST_006177,Nathan Rodriguez,Male,34.0,Charlotte,NC,2022-04-03
CUST_006178,Lauren Lopez,Female,52.0,Dallas,TX,2022-10-11
CUST_006179,Deborah Williams,Female,55.0,Philadelphia,PA,2023-05-20
CUST_006180,Alice Hernandez,Female,57.0,Miami,FL,2024-01-05
CUST_006181,Abigail Gomez,Female,18.0,Boston,MA,2022-12-15
CUST_006182,Kyle Johnson,Male,45.0,Los Angeles,CA,2022-12-06
CUST_006183,Justin Nelson,Male,42.0,Austin,TX,2022-12-05
CUST_006184,Michael Kim,Male,38.0,Austin,TX,2023-12-17
CUST_006185,Jennifer Wood,Female,39.0,Austin,TX,2023-03-20
CUST_006186,Daniel Young,Male,55.0,Portland,OR,2022-11-25
CUST_006187,Jack Campbell,Male,51.0,Austin,TX,2022-07-06
CUST_006188,Jacqueline Cruz,F,50.0,Minneapolis,MN,2022-05-16
CUST_006189,Jesse Gutierrez,Male,41.0,Houston,TX,2024-03-14
CUST_006190,Mark Flores,Male,67.0,New York,NY,2023-04-02
CUST_006191,Brian Wilson,Male,33.0,Houston,TX,2022-03-21
CUST_006192,Elizabeth Turner,Female,18.0,San Diego,CA,2024-01-30
CUST_006193,Denise James,Female,35.0,Miami,FL,2024-03-01
CUST_006194,Hannah Anderson,Female,39.0,Austin,TX,2022-09-01
CUST_006195,Samantha Evans,Female,55.0,Philadelphia,PA,2022-11-11
CUST_006196,Maria Cook,Female,32.0,Philadelphia,PA,2024-03-05
CUST_006197,Patrick Lewis,Male,45.0,Charlotte,NC,2022-01-18
CUST_006198,Amanda Lopez,Female,20.0,Los Angeles,CA,2022-11-18
CUST_006199,Ashley Bennett,Female,52.0,Los Angeles,CA,2023-02-16
CUST_006200,George Evans,MALE,39.0,Austin,TX,2023-10-30
CUST_006201,Amanda Green,Female,35.0,Seattle,WA,2022-12-26
CUST_006202,Catherine Gomez,Female,65.0,Phoenix,AZ,2022-12-01
CUST_006203,Timothy Diaz,Male,52.0,New York,NY,2023-10-01
CUST_006204,Evelyn Gomez,Female,26.0,San Diego,CA,2023-12-23
CUST_006205,Maria Murphy,Female,37.0,Los Angeles,CA,2022-04-13
CUST_006206,Gregory Clark,Male,73.0,New York,NY,2022-06-02
CUST_006207,Julia Mitchell,Female,63.0,Houston,TX,2023-08-12
CUST_006208,Sharon King,Female,50.0,Los Angeles,CA,2022-11-10
CUST_006209,Olivia Rogers,Female,18.0,Philadelphia,PA,2023-08-18
CUST_006210,James Nguyen,Male,55.0,Boston,MA,2022-07-03
CUST_006211,Judith Morales,Female,31.0,New York,NY,2023-11-22
CUST_006212,Benjamin Brooks,Male,55.0,San Antonio,TX,2022-11-16
CUST_006213,Emily Rivera,Female,29.0,San Antonio,TX,2022-11-28
CUST_006214,James Green,Male,45.0,New York,NY,2022-07-08
CUST_006215,Joan Hall,FEMALE,30.0,Denver,CO,2022-08-08
CUST_006216,Victoria Cooper,Female,34.0,New York,NY,2023-06-28
CUST_006217,Adam Peterson,Male,46.0,Portland,OR,2023-06-15
CUST_006218,Jonathan Morgan,Male,22.0,San Jose,CA,2023-12-06
CUST_006219,Joyce Evans,Female,68.0,Chicago,IL,2023-07-21
CUST_006220,Maria Gomez,Female,26.0,Detroit,MI,2023-02-14
CUST_006221,Carol Morgan,Female,25.0,Phoenix,AZ,2023-11-22
CUST_006222,Rachel Ramirez,Female,46.0,Chicago,IL,2022-01-19
CUST_006223,Samuel Cruz,Male,55.0,Phoenix,AZ,2023-09-11
CUST_006224,Teresa Moore,Female,34.0,Austin,TX,2023-05-17
CUST_006225,Pamela Carter,Female,25.0,Denver,CO,2022-08-17
CUST_006226,Emma Cox,Female,27.0,San Jose,CA,2023-07-27
CUST_006227,Grace Anderson,Female,26.0,Detroit,MI,2024-03-22
CUST_006228,Janice King,Female,42.0,Portland,OR,2022-12-08
CUST_006229,Carol Rivera,Female,38.0,Los Angeles,CA,2023-07-27
CUST_006230,Jean King,Female,44.0,Detroit,MI,2023-02-23
CUST_006231,Daniel Wood,Male,43.0,New York,NY,2023-01-16
CUST_006232,Sara Gray,Female,49.0,Portland,OR,2022-11-03
CUST_006233,Mark Cruz,Male,33.0,Chicago,IL,2022-08-24
CUST_006234,Pamela Phillips,Female,29.0,Chicago,IL,2022-08-30
CUST_006235,Grace Hernandez,Female,40.0,Phoenix,AZ,2023-11-01
CUST_006236,Sarah Turner,Female,38.0,Los Angeles,CA,2022-11-18
CUST_006237,Ann Walker,Female,42.0,Miami,FL,2023-05-06
CUST_006238,Brandon Hill,Male,30.0,Los Angeles,CA,2022-08-10
CUST_006239,Thomas Gonzalez,Male,47.0,Philadelphia,PA,2022-08-09
CUST_006240,Dylan Gray,Male,24.0,Detroit,MI,2023-06-19
CUST_006241,Alexander Rodriguez,Male,33.0,San Jose,CA,2023-06-16
CUST_006242,Frances Reyes,Female,53.0,Austin,TX,2023-04-17
CUST_006243,Madison Roberts,Female,24.0,Charlotte,NC,2023-09-05
CUST_006244,John Hernandez,Male,52.0,New York,NY,2023-07-26
CUST_006245,Dorothy Green,Female,21.0,Houston,TX,2022-07-28
CUST_006246,Laura Gutierrez,Female,19.0,Los Angeles,CA,2022-03-03
CUST_006247,Gregory Scott,Male,20.0,Los Angeles,CA,2022-10-01
CUST_006248,David James,Male,40.0,Los Angeles,CA,2023-02-17
CUST_006249,Gary Carter,Male,48.0,Austin,TX,2022-08-05
CUST_006250,Gloria Brown,Female,55.0,Chicago,IL,2023-03-30
CUST_006251,Anthony Watson,Male,54.0,Seattle,WA,2022-02-11
CUST_006252,Christina Gutierrez,Female,49.0,Denver,CO,2023-03-26
CUST_006253,Helen Morales,Female,28.0,Phoenix,AZ,2022-12-12
CUST_006254,Susan Lewis,Female,28.0,San Diego,CA,2024-03-04
CUST_006255,Mark Brown,Male,48.0,Los Angeles,CA,2024-01-10
CUST_006256,Daniel Campbell,male,56.0,Boston,MA,2024-02-28
CUST_006257,Jerry Stewart,Male,26.0,Phoenix,AZ,2023-08-11
CUST_006258,Jessica Walker,Female,55.0,Miami,FL,2024-03-13
CUST_006259,Gloria Rivera,Female,18.0,San Diego,CA,2022-07-18
CUST_006260,Martha Wright,Female,43.0,Seattle,WA,2023-05-08
CUST_006261,Richard Sanchez,Male,37.0,Houston,TX,2023-10-11
CUST_006262,Kathryn Edwards,Female,36.0,Houston,TX,2023-03-30
CUST_006263,Judy Cox,Female,39.0,Philadelphia,PA,2022-08-10
CUST_006264,Michael Martinez,Male,28.0,San Jose,CA,2023-08-08
CUST_006265,Julia Gomez,Female,44.0,San Antonio,TX,2024-03-12
CUST_006266,Brian Mendoza,Male,39.0,Atlanta,GA,2023-05-01
CUST_006267,Victoria King,Female,50.0,New York,NY,2022-09-11
CUST_006268,Anthony Watson,Male,58.0,Detroit,MI,2022-02-15
CUST_006269,Gloria Bennett,Female,40.0,Detroit,MI,2022-04-24
CUST_006270,Ann Garcia,Female,28.0,Chicago,IL,2023-11-04
CUST_006271,Grace Cruz,Female,24.0,New York,NY,2023-04-01
CUST_006272,Denise Jackson,Female,60.0,Dallas,TX,2022-08-05
CUST_006273,Richard Jones,Male,58.0,New York,NY,2023-12-30
CUST_006274,Virginia Flores,Female,50.0,Chicago,IL,2023-02-21
CUST_006275,Melissa Anderson,Female,39.0,San Antonio,TX,2023-11-16
CUST_006276,Christopher Wright,Male,49.0,Austin,TX,2023-11-27
CUST_006277,Betty Thomas,Female,55.0,Los Angeles,CA,2023-09-23
CUST_006278,Lawrence Wood,Male,31.0,Portland,OR,2024-03-13
CUST_006279,Nathan Parker,Male,39.0,Los Angeles,CA,2024-01-24
CUST_006280,Elizabeth Gonzalez,Female,25.0,Los Angeles,CA,2022-05-16
CUST_006281,Joe King,Male,37.0,Los Angeles,CA,2022-12-05
CUST_006282,Martha Nelson,Female,58.0,Portland,OR,2024-03-01
CUST_006283,Rebecca Allen,Female,52.0,Minneapolis,MN,2023-08-09
CUST_006284,Samantha Bailey,Female,40.0,New York,NY,2023-02-27
CUST_006285,Peter Cook,Male,18.0,Denver,CO,2023-12-31
CUST_006286,Nathan Murphy,Male,30.0,New York,NY,2023-07-28
CUST_006287,Helen Bailey,Female,40.0,New York,NY,2022-12-28
CUST_006288,Benjamin Clark,Male,36.0,New York,NY,2022-10-02
CUST_006289,Linda Lewis,Female,39.0,Miami,FL,2023-12-24
CUST_006290,Benjamin Young,Male,42.0,Phoenix,AZ,2023-12-21
CUST_006291,Jason Rivera,Male,32.0,Dallas,TX,2024-02-07
CUST_006292,Brian Murphy,Male,38.0,New York,NY,2023-11-09
CUST_006293,Kevin Cruz,Male,37.0,Detroit,MI,2022-07-13
CUST_006294,Aaron Gray,Male,30.0,Charlotte,NC,2023-01-12
CUST_006295,Pamela Roberts,Female,62.0,Chicago,IL,2022-11-22
CUST_006296,Jonathan Gutierrez,Male,33.0,San Jose,CA,2022-09-20
CUST_006297,Matthew Peterson,Male,18.0,Seattle,WA,2023-11-16
CUST_006298,Dylan Reed,Male,61.0,Charlotte,NC,2022-05-15
CUST_006299,Michelle Perez,Female,28.0,San Antonio,TX,2023-03-28
CUST_006300,Nicholas James,Male,50.0,Chicago,IL,2024-01-03
CUST_006301,Kimberly Morris,Female,30.0,Houston,TX,2023-11-12
CUST_006302,Christina Nguyen,Female,46.0,San Jose,CA,2022-09-29
CUST_006303,Jonathan Ward,Male,38.0,San Antonio,TX,2022-02-10
CUST_006304,Brenda Miller,Female,51.0,New York,NY,2023-02-02
CUST_006305,Terry Cruz,Male,36.0,Atlanta,GA,2023-06-24
CUST_006306,Andrea Kelly,Female,30.0,Miami,FL,2023-12-26
CUST_006307,Samuel Anderson,Male,42.0,San Antonio,TX,2023-05-05
CUST_006308,Justin Gomez,Male,34.0,San Diego,CA,2022-09-27
CUST_006309,Judy Brooks,Female,18.0,San Antonio,TX,2023-09-03
CUST_006310,Dylan Jackson,Male,31.0,San Diego,CA,2023-01-23
CUST_006311,Christina Howard,Female,74.0,New York,NY,2023-12-06
CUST_006312,Walter King,Male,18.0,Philadelphia,PA,2022-01-27
CUST_006313,Sean Phillips,Male,42.0,Philadelphia,PA,2023-02-07
CUST_006314,Judy Morales,Female,35.0,Charlotte,NC,2023-02-09
CUST_006315,Richard Torres,Male,61.0,New York,NY,2023-06-19
CUST_006316,Denise Baker,Female,25.0,Houston,TX,2022-12-18
CUST_006317,Douglas Edwards,Male,40.0,San Antonio,TX,2023-01-24
CUST_006318,Jack Parker,Male,47.0,Miami,FL,2023-10-05
CUST_006319,Brenda Garcia,Female,36.0,Philadelphia,PA,2022-06-30
CUST_006320,Edward Davis,Male,29.0,Chicago,IL,2022-09-02
CUST_006321,Martha Murphy,Female,38.0,San Diego,CA,2022-04-22
CUST_006322,Virginia Martin,Female,35.0,Chicago,IL,2022-09-20
CUST_006323,Steven Martin,Male,35.0,San Diego,CA,2023-04-17
CUST_006324,Ruth James,Female,50.0,Seattle,WA,2022-07-18
CUST_006325,Daniel Moore,Male,44.0,San Diego,CA,2022-03-23
CUST_006326,Christine Jones,Female,45.0,Austin,TX,2024-03-28
CUST_006327,Raymond Rodriguez,Male,43.0,New York,NY,2023-03-08
CUST_006328,Tyler Hill,Male,50.0,San Jose,CA,2023-12-11
CUST_006329,Betty Jackson,Female,55.0,Charlotte,NC,2023-10-08
CUST_006330,Sarah Rodriguez,Female,35.0,San Antonio,TX,2022-06-25
CUST_006331,Amanda Miller,Female,49.0,Atlanta,GA,2023-04-23
CUST_006332,Dennis Peterson,male,22.0,San Diego,CA,2023-06-05
CUST_006333,Alice Thompson,Female,18.0,Seattle,WA,2022-06-17
CUST_006334,Hannah Gutierrez,,61.0,Houston,TX,2022-05-02
CUST_006335,Kyle Richardson,Male,34.0,Charlotte,NC,2022-09-25
CUST_006336,Laura James,Female,42.0,Los Angeles,CA,2022-09-23
CUST_006337,Karen Ramos,Female,23.0,Los Angeles,CA,2022-10-08
CUST_006338,Kathryn Clark,Female,23.0,New York,NY,2022-09-15
CUST_006339,Christine Lopez,Female,30.0,San Diego,CA,2023-05-19
CUST_006340,Thomas Robinson,Male,47.0,Austin,TX,2022-10-23
CUST_006341,Gregory Lee,Male,32.0,San Jose,CA,2023-10-31
CUST_006342,Nathan Parker,Male,34.0,Los Angeles,CA,2022-02-28
CUST_006343,Ronald Lopez,Male,29.0,San Jose,CA,2023-07-15
CUST_006344,Mary Martinez,Female,53.0,Los Angeles,CA,2023-10-31
CUST_006345,Julie Wright,Female,49.0,Boston,MA,2023-02-22
CUST_006346,Michael Allen,Male,32.0,Chicago,IL,2022-11-14
CUST_006347,Jonathan Martin,Male,47.0,Phoenix,AZ,2022-10-31
CUST_006348,Christian Young,Male,35.0,Houston,TX,2022-11-21
CUST_006349,Denise Evans,Female,34.0,Houston,TX,2022-05-07
CUST_006350,Ryan Thomas,Male,38.0,Denver,CO,2023-06-15
CUST_006351,John Davis,Male,47.0,Charlotte,NC,2023-07-16
CUST_006352,Brandon Brooks,Male,27.0,San Diego,CA,2023-01-13
CUST_006353,Brian Collins,Male,45.0,Phoenix,AZ,2024-03-02
CUST_006354,Kathryn Jones,Female,70.0,Chicago,IL,2024-02-02
CUST_006355,Joan Edwards,Female,41.0,Austin,TX,2022-10-26
CUST_006356,Anna Campbell,female,39.0,Philadelphia,PA,2023-10-03
CUST_006357,Andrea Nguyen,Female,37.0,Boston,MA,2022-05-06
CUST_006358,Jason Martin,Male,44.0,Austin,TX,2023-10-21
CUST_006359,Rachel Ramirez,Female,18.0,Phoenix,AZ,2023-10-06
CUST_006360,Abigail Bennett,Female,60.0,Portland,OR,2022-12-16
CUST_006361,Emily Mitchell,Female,51.0,New York,NY,2023-01-11
CUST_006362,Ronald Chavez,Male,30.0,Seattle,WA,2023-06-18
CUST_006363,Terry Young,Male,39.0,Phoenix,AZ,2022-10-10
CUST_006364,Helen White,Female,32.0,New York,NY,2023-06-08
CUST_006365,Ronald Watson,Male,42.0,New York,NY,2024-01-17
CUST_006366,Linda Diaz,Female,39.0,San Jose,CA,2023-02-28
CUST_006367,Brenda Mendoza,Female,41.0,Los Angeles,CA,2022-08-01
CUST_006368,Christine Collins,Female,26.0,Miami,FL,2023-05-28
CUST_006369,Nicholas Hill,Male,32.0,Houston,TX,2023-08-07
CUST_006370,Brian Johnson,Male,53.0,Houston,TX,2023-05-03
CUST_006371,Ryan King,Male,32.0,San Jose,CA,2022-01-27
CUST_006372,Joyce Harris,Female,18.0,Los Angeles,CA,2023-08-19
CUST_006373,Sean Reed,Male,37.0,New York,NY,2022-02-11
CUST_006374,Aaron Bennett,Male,69.0,Philadelphia,PA,2023-02-05
CUST_006375,Joyce Torres,Female,49.0,San Diego,CA,2023-02-03
CUST_006376,Gloria Lopez,Female,31.0,Philadelphia,PA,2023-12-21
CUST_006377,Sandra Mitchell,,38.0,Philadelphia,PA,2024-01-01
CUST_006378,Timothy Nguyen,Male,47.0,Seattle,WA,2023-11-02
CUST_006379,Elizabeth Walker,Female,18.0,Miami,FL,2023-12-03
CUST_006380,Cynthia Johnson,Female,28.0,Houston,TX,2022-08-15
CUST_006381,Jordan Clark,Male,43.0,Atlanta,GA,2023-09-22
CUST_006382,Edward White,Male,58.0,New York,NY,2023-10-15
CUST_006383,Gerald Watson,Male,33.0,San Antonio,TX,2023-11-04
CUST_006384,Richard Garcia,Male,58.0,Houston,TX,2023-11-16
CUST_006385,Helen Rodriguez,Female,29.0,Philadelphia,PA,2022-06-22
CUST_006386,Jeffrey Gomez,Male,18.0,New York,NY,2022-09-19
CUST_006387,Emily Johnson,Female,48.0,Los Angeles,CA,2023-11-08
CUST_006388,Amy Diaz,Female,45.0,Chicago,IL,2022-06-07
CUST_006389,Jose Hernandez,Male,48.0,Chicago,IL,2022-05-14
CUST_006390,Katherine Turner,Female,47.0,Phoenix,AZ,2024-03-16
CUST_006391,Ann Chavez,Female,41.0,Philadelphia,PA,2024-03-10
CUST_006392,Austin Brown,Male,35.0,Los Angeles,CA,2022-11-29
CUST_006393,Samantha Jones,Female,36.0,Austin,TX,2022-01-10
CUST_006394,Grace Richardson,Female,33.0,Houston,TX,2023-01-20
CUST_006395,David Johnson,Male,33.0,New York,NY,2022-01-30
CUST_006396,Brian Perez,Male,18.0,Chicago,IL,2022-06-03
CUST_006397,Eric Harris,Male,23.0,Dallas,TX,2022-08-20
CUST_006398,Heather Lewis,Female,36.0,Austin,TX,2023-12-16
CUST_006399,Alexander Ramos,Male,18.0,Atlanta,GA,2023-01-01
CUST_006400,Frank Robinson,Male,18.0,Chicago,IL,2022-01-10
CUST_006401,Janice Diaz,Female,34.0,Dallas,TX,2023-07-26
CUST_006402,Melissa Wood,Female,37.0,San Antonio,TX,2022-03-20
CUST_006403,Gloria Watson,Female,35.0,Miami,FL,2024-01-22
CUST_006404,Patrick Lopez,Male,18.0,Denver,CO,2022-09-09
CUST_006405,Katherine Wilson,Female,58.0,Los Angeles,CA,2022-09-01
CUST_006406,George Brown,Male,21.0,Portland,OR,2023-01-19
CUST_006407,Timothy Phillips,Male,28.0,Houston,TX,2022-04-27
CUST_006408,Shirley Smith,Female,,Portland,OR,2022-01-27
CUST_006409,Ethan Mitchell,Male,55.0,Chicago,IL,2024-02-04
CUST_006410,Samantha Gonzalez,Female,44.0,Philadelphia,PA,2024-01-01
CUST_006411,Margaret Moore,Female,33.0,San Diego,CA,2024-02-05
CUST_006412,Walter Hernandez,Male,,New York,NY,2023-08-24
CUST_006413,Victoria Watson,Female,41.0,Denver,CO,2022-01-15
CUST_006414,Jesse King,Male,23.0,New York,NY,2024-03-13
CUST_006415,Gregory Baker,Male,43.0,Los Angeles,CA,2023-09-16
CUST_006416,Virginia Parker,Female,32.0,Chicago,IL,2023-02-04
CUST_006417,Samantha Baker,Female,45.0,Charlotte,NC,2023-10-03
CUST_006418,Kelly Ramirez,F,45.0,Charlotte,NC,2023-06-04
CUST_006419,Jonathan Reyes,Male,31.0,San Antonio,TX,2023-08-21
CUST_006420,Daniel Morales,Male,,San Diego,CA,2023-12-06
CUST_006421,Grace Torres,Female,35.0,Los Angeles,CA,2024-02-18
CUST_006422,Zachary Cook,Male,20.0,Phoenix,AZ,2023-11-17
CUST_006423,Dennis Ramos,Male,39.0,Charlotte,NC,2024-01-23
CUST_006424,Scott Collins,Male,35.0,Atlanta,GA,2023-06-04
CUST_006425,Joan Reed,Female,31.0,Seattle,WA,2022-12-01
CUST_006426,Lisa Campbell,Female,22.0,Chicago,IL,2023-08-19
CUST_006427,Sharon Peterson,Female,53.0,Boston,MA,2023-05-27
CUST_006428,Lisa Young,Female,33.0,Charlotte,NC,2022-03-04
CUST_006429,Lisa Martin,Female,68.0,Charlotte,NC,2023-06-11
CUST_006430,Patricia Rodriguez,Female,39.0,Austin,TX,2023-02-05
CUST_006431,Andrea Sanchez,Female,43.0,Los Angeles,CA,2022-12-27
CUST_006432,Michelle Kim,Female,39.0,Charlotte,NC,2023-09-28
CUST_006433,Teresa Nguyen,female,43.0,San Diego,CA,2024-01-16
CUST_006434,Austin Morales,Male,52.0,New York,NY,2022-07-25
CUST_006435,Anthony Nguyen,Male,52.0,New York,NY,2023-11-16
CUST_006436,Joan Gonzalez,Female,18.0,Dallas,TX,2022-06-29
CUST_006437,Helen Williams,Female,49.0,Miami,FL,2023-06-11
CUST_006438,Abigail Young,Female,45.0,Portland,OR,2023-12-22
CUST_006439,Scott Mendoza,Male,39.0,Portland,OR,2024-01-29
CUST_006440,Jacob Phillips,M,60.0,Dallas,TX,2022-11-04
CUST_006441,Stephanie Morgan,Female,60.0,Charlotte,NC,2023-12-02
CUST_006442,Austin Rogers,Male,50.0,Los Angeles,CA,2024-01-12
CUST_006443,Andrew Thomas,Male,32.0,New York,NY,2022-07-02
CUST_006444,Roger King,Male,24.0,New York,NY,2023-01-09
CUST_006445,Kimberly Cruz,Female,48.0,Boston,MA,2023-11-03
CUST_006446,Joyce Allen,Female,55.0,Detroit,MI,2022-01-17
CUST_006447,Larry James,Male,18.0,Miami,FL,2023-07-18
CUST_006448,Sarah Miller,Female,52.0,Portland,OR,2023-02-03
CUST_006449,Christopher Williams,Male,35.0,San Diego,CA,2023-04-27
CUST_006450,Brian Torres,Male,18.0,Boston,MA,2023-02-06
CUST_006451,Cheryl Clark,Female,44.0,Houston,TX,2022-07-24
CUST_006452,Evelyn Adams,Female,50.0,Boston,MA,2022-12-09
CUST_006453,Emily Mitchell,Female,34.0,Boston,MA,2023-12-31
CUST_006454,Samantha Wood,Female,25.0,Philadelphia,PA,2023-07-07
CUST_006455,Joseph Kelly,Male,60.0,New York,NY,2023-03-26
CUST_006456,Zachary Howard,Male,30.0,Chicago,IL,2023-09-14
CUST_006457,Jacqueline Perez,Female,53.0,Minneapolis,MN,2022-07-12
CUST_006458,Sean Rogers,Male,20.0,Dallas,TX,2022-04-02
CUST_006459,Terry Jackson,Male,44.0,Phoenix,AZ,2023-05-21
CUST_006460,Jason Ortiz,Male,43.0,Portland,OR,2022-01-14
CUST_006461,Amanda Walker,Female,49.0,Houston,TX,2022-06-08
CUST_006462,Sean Adams,Male,57.0,Houston,TX,2023-09-22
CUST_006463,Daniel Kelly,Male,28.0,Boston,MA,2024-01-27
CUST_006464,Barbara Lopez,Female,45.0,Houston,TX,2022-10-15
CUST_006465,Ronald Diaz,Male,21.0,Philadelphia,PA,2023-01-07
CUST_006466,Walter Gutierrez,Male,21.0,Denver,CO,2023-08-27
CUST_006467,Christina Moore,Female,31.0,Philadelphia,PA,2023-11-23
CUST_006468,Joe Ortiz,Male,44.0,Houston,TX,2022-09-22
CUST_006469,Jeffrey Murphy,Male,59.0,New York,NY,2023-12-07
CUST_006470,Brian Mendoza,Male,62.0,Miami,FL,2024-03-13
CUST_006471,Angela Peterson,Female,34.0,San Diego,CA,2022-04-07
CUST_006472,Jeremy Chavez,Male,42.0,Miami,FL,2022-08-20
CUST_006473,Paul Evans,Male,50.0,Austin,TX,2023-09-29
CUST_006474,Jesse Taylor,,48.0,Los Angeles,CA,2022-02-11
CUST_006475,Debra Peterson,Female,36.0,Houston,TX,2022-10-14
CUST_006476,Hannah Cox,Female,39.0,Phoenix,AZ,2023-12-20
CUST_006477,Roger Wright,Male,37.0,Denver,CO,2023-08-28
CUST_006478,Samantha Peterson,Female,36.0,San Diego,CA,2023-07-29
CUST_006479,Megan Johnson,Female,34.0,San Jose,CA,2023-07-08
CUST_006480,Kathleen Robinson,Female,37.0,Boston,MA,2023-04-14
CUST_006481,Keith Morales,Male,33.0,Chicago,IL,2023-10-27
CUST_006482,Teresa Davis,Female,24.0,Minneapolis,MN,2024-01-03
CUST_006483,Frank Sanchez,Male,49.0,Philadelphia,PA,2023-11-16
CUST_006484,Paul Kim,Male,45.0,San Jose,CA,2023-03-30
CUST_006485,Bryan Martin,Male,62.0,Los Angeles,CA,2023-11-04
CUST_006486,Jesse Allen,Male,43.0,Chicago,IL,2023-10-19
CUST_006487,Julie Young,Female,33.0,Denver,CO,2023-03-09
CUST_006488,Joe Hall,Male,31.0,Houston,TX,2022-11-27
CUST_006489,Christine Carter,Female,39.0,Minneapolis,MN,2023-01-30
CUST_006490,Jacob Adams,Male,45.0,Seattle,WA,2023-04-08
CUST_006491,Helen Hill,Female,35.0,Seattle,WA,2022-06-06
CUST_006492,Michael Ortiz,male,20.0,Phoenix,AZ,2022-08-14
CUST_006493,Alexander Hall,,29.0,Detroit,MI,2022-04-21
CUST_006494,Victoria Gutierrez,Female,39.0,Portland,OR,2022-03-21
CUST_006495,Thomas Hill,Male,48.0,Chicago,IL,2023-06-03
CUST_006496,Amanda Allen,Female,20.0,San Diego,CA,2023-09-09
CUST_006497,Evelyn Moore,Female,42.0,Detroit,MI,2023-07-09
CUST_006498,Jacqueline Nelson,Female,41.0,New York,NY,2023-09-29
CUST_006499,Grace Gonzalez,Female,33.0,Chicago,IL,2023-01-27
CUST_006500,Kenneth Adams,Male,31.0,Portland,OR,2023-11-19
CUST_006501,Noah Young,Male,29.0,San Antonio,TX,2023-10-14
CUST_006502,Sandra Morales,Female,40.0,Portland,OR,2023-09-18
CUST_006503,Christopher Mendoza,Male,53.0,Phoenix,AZ,2023-10-27
CUST_006504,Peter Harris,Male,53.0,San Diego,CA,2022-08-27
CUST_006505,Stephen Campbell,Male,24.0,Philadelphia,PA,2023-06-06
CUST_006506,Jacqueline Brooks,Female,36.0,Philadelphia,PA,2023-11-02
CUST_006507,Brian James,Male,18.0,Detroit,MI,2022-04-18
CUST_006508,Donna Howard,Female,40.0,Seattle,WA,2022-09-10
CUST_006509,Alexander Peterson,Male,46.0,Portland,OR,2023-04-06
CUST_006510,Charles Evans,Male,58.0,Houston,TX,2023-02-03
CUST_006511,Brian Cox,Male,18.0,Charlotte,NC,2024-02-04
CUST_006512,Sandra Evans,Female,25.0,Denver,CO,2023-10-16
CUST_006513,Sharon Brooks,Female,40.0,Los Angeles,CA,2022-02-15
CUST_006514,Ethan Ortiz,Male,18.0,Phoenix,AZ,2023-03-16
CUST_006515,Lisa Carter,Female,41.0,Chicago,IL,2023-10-24
CUST_006516,Julie Harris,Female,46.0,Chicago,IL,2023-08-19
CUST_006517,Raymond Mitchell,Male,22.0,Portland,OR,2023-05-12
CUST_006518,Alexander Perez,Male,40.0,Charlotte,NC,2022-04-04
CUST_006519,Katherine Davis,Female,23.0,New York,NY,2024-02-05
CUST_006520,Victoria Rodriguez,Female,56.0,Los Angeles,CA,2023-02-03
CUST_006521,Gerald Roberts,Male,41.0,Chicago,IL,2022-06-04
CUST_006522,Margaret Green,Female,30.0,Miami,FL,2022-04-03
CUST_006523,Gloria Lee,Female,23.0,Austin,TX,2023-11-09
CUST_006524,Barbara James,Female,43.0,Dallas,TX,2023-07-08
CUST_006525,Samantha Reyes,Female,55.0,Austin,TX,2022-09-14
CUST_006526,Benjamin Thompson,Male,29.0,Portland,OR,2023-05-09
CUST_006527,Kimberly Chavez,Female,33.0,Chicago,IL,2024-02-25
CUST_006528,Jessica Kelly,Female,29.0,Los Angeles,CA,2023-04-08
CUST_006529,David Murphy,Male,58.0,Austin,TX,2023-01-14
CUST_006530,Linda Garcia,Female,18.0,Charlotte,NC,2022-11-04
CUST_006531,Maria Peterson,Female,55.0,Denver,CO,2022-07-11
CUST_006532,Matthew Stewart,Male,34.0,Minneapolis,MN,2024-02-01
CUST_006533,Keith Brooks,Male,38.0,Minneapolis,MN,2022-07-01
CUST_006534,Janice Nelson,Female,34.0,Los Angeles,CA,2022-03-02
CUST_006535,Deborah Gonzalez,Female,41.0,Seattle,WA,2022-06-02
CUST_006536,Margaret Jones,Female,29.0,Miami,FL,2022-07-11
CUST_006537,Anna Howard,Female,52.0,New York,NY,2023-02-11
CUST_006538,Terry Cruz,Male,52.0,San Jose,CA,2024-02-01
CUST_006539,Shirley Ortiz,Female,26.0,Chicago,IL,2022-05-25
CUST_006540,Thomas Walker,Male,47.0,Atlanta,GA,2022-06-05
CUST_006541,Joe Kelly,Male,34.0,Los Angeles,CA,2023-02-22
CUST_006542,Christine Hall,Female,39.0,Houston,TX,2024-01-28
CUST_006543,Jason Howard,Male,58.0,Seattle,WA,2024-02-12
CUST_006544,Sean Scott,Male,30.0,Dallas,TX,2024-02-28
CUST_006545,Abigail King,Female,50.0,New York,NY,2022-05-17
CUST_006546,Brandon Anderson,Male,44.0,Chicago,IL,2023-09-14
CUST_006547,Rebecca Baker,Female,36.0,Minneapolis,MN,2023-08-03
CUST_006548,Scott James,Male,43.0,Charlotte,NC,2022-02-04
CUST_006549,Paul Cox,Male,42.0,Seattle,WA,2023-08-21
CUST_006550,Samantha Walker,Female,24.0,New York,NY,2023-09-08
CUST_006551,Andrew Roberts,Male,31.0,Denver,CO,2023-08-10
CUST_006552,Julie Ramirez,Female,25.0,San Jose,CA,2022-08-12
CUST_006553,Walter Harris,Male,35.0,Phoenix,AZ,2022-11-25
CUST_006554,Sophia Adams,Female,55.0,Chicago,IL,2023-05-25
CUST_006555,Ann Lee,Female,46.0,Los Angeles,CA,2022-05-29
CUST_006556,Jessica Baker,Female,21.0,New York,NY,2022-06-18
CUST_006557,Steven Morales,Male,35.0,San Jose,CA,2023-09-09
CUST_006558,Carolyn Gonzalez,Female,41.0,Houston,TX,2022-06-25
CUST_006559,Kenneth Cooper,Male,48.0,San Diego,CA,2022-01-19
CUST_006560,Patricia Diaz,Female,30.0,San Diego,CA,2022-07-14
CUST_006561,Andrea Taylor,Female,23.0,Austin,TX,2022-03-25
CUST_006562,Kathleen Johnson,Female,38.0,Austin,TX,2022-10-12
CUST_006563,Barbara Hall,Female,46.0,San Diego,CA,2023-10-23
CUST_006564,Benjamin Gray,Male,41.0,Los Angeles,CA,2023-11-10
CUST_006565,Grace Robinson,Female,27.0,New York,NY,2022-03-20
CUST_006566,Nathan Roberts,Male,60.0,Dallas,TX,2023-06-06
CUST_006567,Matthew Davis,Male,37.0,Phoenix,AZ,2022-04-07
CUST_006568,Debra Brown,Female,41.0,Phoenix,AZ,2022-07-16
CUST_006569,Austin Kelly,Male,30.0,Philadelphia,PA,2023-11-08
CUST_006570,William Gomez,Male,52.0,New York,NY,2024-03-13
CUST_006571,Aaron Parker,Male,46.0,Los Angeles,CA,2022-10-03
CUST_006572,Zachary Evans,Male,42.0,San Jose,CA,2023-11-03
CUST_006573,Douglas Roberts,M,24.0,San Diego,CA,2022-12-04
CUST_006574,Matthew Nelson,Male,52.0,Austin,TX,2023-11-09
CUST_006575,Jean Davis,Female,48.0,Los Angeles,CA,2023-06-06
CUST_006576,Ronald Hill,Male,51.0,Atlanta,GA,2023-05-19
CUST_006577,Elizabeth Sanchez,Female,39.0,Houston,TX,2023-11-25
CUST_006578,Richard Wood,Male,38.0,Austin,TX,2023-09-07
CUST_006579,Larry Martin,Male,36.0,Philadelphia,PA,2024-03-12
CUST_006580,Michael Young,Male,67.0,Philadelphia,PA,2022-12-21
CUST_006581,Jeremy Lewis,Male,32.0,Boston,MA,2024-03-02
CUST_006582,Carl Thompson,Male,24.0,New York,NY,2023-12-08
CUST_006583,John Young,Male,34.0,New York,NY,2023-04-08
CUST_006584,Martha Martinez,Female,32.0,New York,NY,2023-04-14
CUST_006585,Grace Scott,Female,54.0,Charlotte,NC,2024-01-27
CUST_006586,Jennifer Cooper,Female,22.0,Detroit,MI,2023-06-19
CUST_006587,Evelyn Ramirez,Female,31.0,Seattle,WA,2022-11-30
CUST_006588,Jordan Garcia,Male,41.0,Philadelphia,PA,2022-02-16
CUST_006589,Harold Anderson,Male,54.0,New York,NY,2022-10-28
CUST_006590,Benjamin Kelly,Male,47.0,Atlanta,GA,2022-08-13
CUST_006591,Kathryn Peterson,F,59.0,Los Angeles,CA,2022-05-19
CUST_006592,Douglas Cook,Male,43.0,Chicago,IL,2023-08-21
CUST_006593,Deborah Wright,Female,36.0,Miami,FL,2023-01-18
CUST_006594,Paul Kim,Male,49.0,Chicago,IL,2022-04-14
CUST_006595,Samuel Torres,Male,21.0,Miami,FL,2022-11-21
CUST_006596,Amy Wright,Female,18.0,Atlanta,GA,2022-05-31
CUST_006597,Laura Evans,Female,51.0,Miami,FL,2023-06-28
CUST_006598,Ashley Mendoza,Female,41.0,Seattle,WA,2023-02-13
CUST_006599,Ann Wright,Female,51.0,Houston,TX,2024-02-17
CUST_006600,Christina Adams,Female,28.0,San Jose,CA,2023-07-05
CUST_006601,Laura Cruz,Female,55.0,Miami,FL,2023-10-26
CUST_006602,Carol Rogers,Female,47.0,Boston,MA,2022-11-28
CUST_006603,Lisa Rogers,Female,38.0,Miami,FL,2023-10-19
CUST_006604,Karen Morris,Female,41.0,Charlotte,NC,2023-10-05
CUST_006605,Tyler Kim,Male,43.0,Seattle,WA,2024-03-25
CUST_006606,Karen Brown,Female,28.0,Detroit,MI,2023-08-13
CUST_006607,Dylan Taylor,Male,34.0,Chicago,IL,2024-02-05
CUST_006608,Melissa Phillips,Female,43.0,Charlotte,NC,2024-01-04
CUST_006609,Jennifer Harris,Female,,Detroit,MI,2024-02-07
CUST_006610,Sara Moore,Female,20.0,New York,NY,2023-06-09
CUST_006611,Ryan Evans,Male,42.0,Dallas,TX,2022-08-20
CUST_006612,Cynthia Johnson,Female,49.0,San Antonio,TX,2023-06-18
CUST_006613,Lisa King,Female,52.0,Atlanta,GA,2024-02-09
CUST_006614,Victoria Turner,Female,45.0,Los Angeles,CA,2024-03-13
CUST_006615,Jeffrey Mendoza,Male,49.0,San Diego,CA,2024-02-25
CUST_006616,Gloria Harris,Female,51.0,San Antonio,TX,2023-02-25
CUST_006617,Olivia Walker,Female,39.0,Phoenix,AZ,2023-11-22
CUST_006618,Terry Cook,Male,18.0,Charlotte,NC,2023-04-04
CUST_006619,Julie Lewis,Female,53.0,San Diego,CA,2023-09-04
CUST_006620,Hannah Lopez,Female,27.0,Phoenix,AZ,2023-02-17
CUST_006621,Henry Brown,Male,24.0,Miami,FL,2022-10-30
CUST_006622,Helen Jackson,Female,25.0,Los Angeles,CA,2023-02-25
CUST_006623,Lauren Miller,Female,70.0,Chicago,IL,2022-11-03
CUST_006624,Victoria Nelson,Female,44.0,Chicago,IL,2023-02-10
CUST_006625,Mary Walker,Female,25.0,Portland,OR,2023-08-25
CUST_006626,Henry Phillips,Male,30.0,Minneapolis,MN,2022-07-29
CUST_006627,Kenneth Collins,Male,38.0,Austin,TX,2023-08-24
CUST_006628,Alexander Murphy,Male,45.0,Houston,TX,2022-03-23
CUST_006629,Karen Jackson,Female,42.0,Philadelphia,PA,2022-01-02
CUST_006630,John Lewis,MALE,27.0,Dallas,TX,2022-08-28
CUST_006631,John Murphy,Male,42.0,San Diego,CA,2022-07-30
CUST_006632,Margaret Jones,Female,31.0,Chicago,IL,2023-12-12
CUST_006633,John Lewis,Male,52.0,Los Angeles,CA,2023-10-20
CUST_006634,Christopher Parker,Male,39.0,Detroit,MI,2023-08-17
CUST_006635,Patrick Peterson,Male,29.0,San Jose,CA,2023-09-15
CUST_006636,Anna Davis,Female,47.0,Los Angeles,CA,2023-08-14
CUST_006637,Grace Gonzalez,,43.0,Charlotte,NC,2023-12-07
CUST_006638,Keith Evans,Male,33.0,Phoenix,AZ,2023-05-09
CUST_006639,Daniel Allen,Male,48.0,Denver,CO,2022-01-21
CUST_006640,Brenda Lee,Female,46.0,Los Angeles,CA,2024-01-01
CUST_006641,Pamela Ortiz,Female,54.0,Portland,OR,2023-03-20
CUST_006642,Jeffrey Brooks,Male,47.0,New York,NY,2024-02-13
CUST_006643,Christine Lee,Female,36.0,Portland,OR,2024-01-21
CUST_006644,Victoria Martinez,Female,18.0,Denver,CO,2023-01-21
CUST_006645,Aaron Rodriguez,Male,41.0,Chicago,IL,2024-02-16
CUST_006646,Kathleen King,Female,43.0,Los Angeles,CA,2022-03-07
CUST_006647,Christina Turner,Female,39.0,Miami,FL,2023-08-14
CUST_006648,Deborah Brooks,Female,18.0,New York,NY,2023-08-28
CUST_006649,Roger Bailey,Male,47.0,New York,NY,2023-12-17
CUST_006650,Judy Mendoza,Female,27.0,Seattle,WA,2023-03-21
CUST_006651,George Cooper,Male,47.0,New York,NY,2022-09-04
CUST_006652,Jeremy Morris,Male,60.0,San Diego,CA,2022-02-19
CUST_006653,Christian Sanchez,Male,35.0,Dallas,TX,2023-03-18
CUST_006654,Brandon Morris,Male,44.0,New York,NY,2023-03-07
CUST_006655,Joseph Ramos,Male,39.0,Houston,TX,2022-12-16
CUST_006656,Hannah Stewart,Female,45.0,New York,NY,2023-07-26
CUST_006657,Nicholas Brown,Male,40.0,Charlotte,NC,2023-05-08
CUST_006658,Steven Rivera,Male,32.0,Los Angeles,CA,2022-05-06
CUST_006659,Tyler Cox,Male,27.0,Seattle,WA,2022-02-23
CUST_006660,Emma Harris,Female,58.0,Seattle,WA,2024-01-19
CUST_006661,Jessica Martinez,Female,44.0,Boston,MA,2023-10-10
CUST_006662,Joe Rogers,Male,49.0,Houston,TX,2023-03-15
CUST_006663,Carol Harris,Female,43.0,Los Angeles,CA,2023-04-10
CUST_006664,Benjamin Stewart,Male,51.0,San Diego,CA,2022-05-04
CUST_006665,Victoria Gonzalez,Female,27.0,Seattle,WA,2022-09-25
CUST_006666,Charles Jackson,Male,,Boston,MA,2023-12-06
CUST_006667,Kyle Green,Male,45.0,New York,NY,2022-05-17
CUST_006668,Virginia Rivera,Female,55.0,Boston,MA,2022-04-24
CUST_006669,Katherine Lee,Female,72.0,New York,NY,2023-05-28
CUST_006670,Gregory Morales,male,44.0,San Diego,CA,2023-12-17
CUST_006671,Judy Perez,Female,30.0,Dallas,TX,2023-01-04
CUST_006672,Jean Garcia,Female,24.0,Los Angeles,CA,2023-08-02
CUST_006673,Thomas Murphy,Male,27.0,Charlotte,NC,2024-01-27
CUST_006674,Amy Thompson,FEMALE,29.0,San Jose,CA,2024-01-20
CUST_006675,Samuel James,Male,18.0,Los Angeles,CA,2023-03-18
CUST_006676,Abigail Thompson,Female,30.0,New York,NY,2022-10-24
CUST_006677,Gloria Hernandez,Female,,Boston,MA,2023-06-09
CUST_006678,Jacob Kelly,Male,39.0,Miami,FL,2024-02-11
CUST_006679,Kathryn Brown,Female,35.0,New York,NY,2023-08-27
CUST_006680,Angela Bennett,Female,18.0,Chicago,IL,2024-03-02
CUST_006681,Kevin Taylor,Male,52.0,San Jose,CA,2023-06-13
CUST_006682,Dennis Gonzalez,Male,45.0,Phoenix,AZ,2022-01-25
CUST_006683,Jeffrey Rivera,Male,38.0,Houston,TX,2023-03-02
CUST_006684,Jerry Edwards,Male,18.0,Phoenix,AZ,2024-01-28
CUST_006685,Anna Smith,Female,32.0,San Antonio,TX,2022-02-08
CUST_006686,Jacqueline Ramos,Female,44.0,Los Angeles,CA,2023-07-12
CUST_006687,Dylan Ramos,Male,38.0,Phoenix,AZ,2023-01-03
CUST_006688,Kevin Garcia,Male,41.0,New York,NY,2023-01-25
CUST_006689,Benjamin Green,Male,47.0,New York,NY,2023-06-04
CUST_006690,Evelyn Cooper,Female,40.0,Charlotte,NC,2023-02-01
CUST_006691,Margaret Morales,Female,47.0,New York,NY,2024-02-08
CUST_006692,Jacqueline Reyes,Female,28.0,New York,NY,2022-10-31
CUST_006693,Raymond Gutierrez,Male,23.0,Minneapolis,MN,2023-10-22
CUST_006694,Daniel Davis,Male,44.0,Charlotte,NC,2022-04-11
CUST_006695,Madison Rogers,Female,47.0,Miami,FL,2022-11-26
CUST_006696,Pamela Reed,FEMALE,45.0,Los Angeles,CA,2022-06-17
CUST_006697,Ashley Phillips,Female,40.0,San Jose,CA,2022-08-16
CUST_006698,Kimberly Evans,Female,34.0,Seattle,WA,2023-06-02
CUST_006699,Jeremy Cooper,Male,41.0,Boston,MA,2022-12-04
CUST_006700,Lawrence Jones,Male,43.0,New York,NY,2022-02-24
CUST_006701,Angela Peterson,,44.0,Phoenix,AZ,2024-01-01
CUST_006702,Richard Flores,Male,71.0,Chicago,IL,2023-08-23
CUST_006703,Thomas Chavez,Male,27.0,San Jose,CA,2024-03-02
CUST_006704,Virginia Brooks,Female,79.0,Houston,TX,2023-11-20
CUST_006705,Amy Watson,Female,23.0,San Antonio,TX,2023-05-29
CUST_006706,Pamela Ward,Female,43.0,Austin,TX,2023-03-12
CUST_006707,Laura Walker,Female,24.0,Miami,FL,2024-02-25
CUST_006708,Justin Wood,Male,42.0,Detroit,MI,2023-02-11
CUST_006709,Aaron Nelson,Male,51.0,Seattle,WA,2023-05-18
CUST_006710,Carolyn Carter,Female,39.0,Los Angeles,CA,2022-11-27
CUST_006711,Margaret King,Female,51.0,Minneapolis,MN,2022-10-11
CUST_006712,Brandon Mendoza,Male,33.0,Los Angeles,CA,2023-12-20
CUST_006713,Helen Bennett,Female,18.0,New York,NY,2022-09-10
CUST_006714,Alexander Evans,Male,46.0,Philadelphia,PA,2022-06-03
CUST_006715,Thomas James,Male,39.0,Seattle,WA,2023-09-30
CUST_006716,Matthew Rivera,Male,33.0,Los Angeles,CA,2023-12-17
CUST_006717,Gregory Kim,Male,33.0,Chicago,IL,2024-02-13
CUST_006718,Brian Brooks,Male,44.0,New York,NY,2023-08-17
CUST_006719,Tyler Anderson,Male,28.0,Austin,TX,2022-12-09
CUST_006720,Amy Gonzalez,Female,43.0,Denver,CO,2023-04-21
CUST_006721,Donna Ramirez,Female,53.0,San Diego,CA,2022-07-15
CUST_006722,Virginia Lopez,Female,64.0,Philadelphia,PA,2022-08-08
CUST_006723,Shirley Gutierrez,Female,56.0,Miami,FL,2024-01-23
CUST_006724,Margaret Harris,Female,41.0,Phoenix,AZ,2023-12-22
CUST_006725,Martha Reyes,Female,42.0,Philadelphia,PA,2022-10-09
CUST_006726,Pamela Carter,Female,33.0,Dallas,TX,2023-01-06
CUST_006727,Jean Edwards,Female,33.0,Seattle,WA,2024-03-04
CUST_006728,Kimberly Mendoza,Female,49.0,Boston,MA,2023-01-15
CUST_006729,Terry Adams,Male,35.0,New York,NY,2022-11-21
CUST_006730,Christian Parker,Male,43.0,Miami,FL,2022-07-29
CUST_006731,Thomas Mendoza,Male,26.0,Philadelphia,PA,2023-01-28
CUST_006732,Gregory Turner,Male,56.0,Detroit,MI,2022-12-22
CUST_006733,Jose Sanchez,Male,34.0,San Diego,CA,2023-10-05
CUST_006734,Brandon Martinez,Male,52.0,San Antonio,TX,2022-12-08
CUST_006735,Shirley Torres,FEMALE,30.0,Los Angeles,CA,2023-03-11
CUST_006736,Jesse Diaz,Male,29.0,San Antonio,TX,2022-11-16
CUST_006737,Christina Wood,Female,55.0,San Antonio,TX,2022-11-14
CUST_006738,Bryan Robinson,Male,31.0,Minneapolis,MN,2022-09-14
CUST_006739,Noah Mendoza,Male,19.0,Minneapolis,MN,2023-04-12
CUST_006740,Gloria Kim,Female,26.0,San Antonio,TX,2023-02-15
CUST_006741,Peter Gutierrez,Male,49.0,Minneapolis,MN,2022-03-06
CUST_006742,Joyce Cruz,Female,48.0,Miami,FL,2024-02-15
CUST_006743,Kathryn Wright,Female,29.0,Portland,OR,2022-12-10
CUST_006744,Julie Parker,Female,31.0,Houston,TX,2023-10-21
CUST_006745,Susan Rogers,Female,,Los Angeles,CA,2024-01-30
CUST_006746,Heather Watson,Female,55.0,Portland,OR,2022-01-14
CUST_006747,Thomas Wood,Male,38.0,Dallas,TX,2022-05-13
CUST_006748,Jesse Lee,Male,45.0,Philadelphia,PA,2022-07-19
CUST_006749,Joyce Stewart,,49.0,Phoenix,AZ,2024-01-16
CUST_006750,Patrick Scott,Male,65.0,New York,NY,2023-05-19
CUST_006751,Kimberly Carter,Female,24.0,Los Angeles,CA,2022-11-07
CUST_006752,Debra Roberts,Female,30.0,Chicago,IL,2022-02-19
CUST_006753,Jason Ramirez,Male,32.0,Dallas,TX,2022-02-09
CUST_006754,Nathan Ortiz,Male,49.0,San Diego,CA,2023-06-12
CUST_006755,Ruth Adams,Female,35.0,San Diego,CA,2023-09-12
CUST_006756,Christine Perez,Female,42.0,New York,NY,2023-01-10
CUST_006757,Kenneth Roberts,Male,40.0,New York,NY,2022-10-17
CUST_006758,Gregory Anderson,Male,39.0,Philadelphia,PA,2023-11-24
CUST_006759,Helen Chavez,Female,40.0,Los Angeles,CA,2024-01-03
CUST_006760,Sara Richardson,Female,51.0,Minneapolis,MN,2023-01-08
CUST_006761,Janice Rogers,Female,26.0,Philadelphia,PA,2023-10-14
CUST_006762,Walter Torres,Male,37.0,Houston,TX,2024-01-05
CUST_006763,Ronald Gonzalez,Male,23.0,San Diego,CA,2023-01-06
CUST_006764,Michael Roberts,Male,41.0,Austin,TX,2022-06-20
CUST_006765,Abigail Ortiz,Female,36.0,New York,NY,2022-12-26
CUST_006766,Jordan Martinez,Male,52.0,Denver,CO,2022-03-11
CUST_006767,Christopher Davis,Male,38.0,Los Angeles,CA,2022-02-10
CUST_006768,Lauren Ortiz,Female,33.0,Phoenix,AZ,2023-12-06
CUST_006769,Jonathan Chavez,Male,35.0,Houston,TX,2023-12-25
CUST_006770,Betty Gomez,female,60.0,Dallas,TX,2023-08-03
CUST_006771,Denise Stewart,Female,19.0,Seattle,WA,2023-12-28
CUST_006772,Lawrence Evans,Male,31.0,Atlanta,GA,2024-02-18
CUST_006773,Grace Wright,Female,39.0,San Diego,CA,2023-08-31
CUST_006774,Daniel Mitchell,Male,31.0,Los Angeles,CA,2024-02-02
CUST_006775,Brandon Young,Male,45.0,Seattle,WA,2024-02-07
CUST_006776,Janice Garcia,Female,38.0,San Antonio,TX,2022-10-05
CUST_006777,Kelly Perez,Female,42.0,Dallas,TX,2024-02-27
CUST_006778,Jonathan Watson,Male,40.0,Philadelphia,PA,2024-03-20
CUST_006779,Debra Turner,Female,37.0,Phoenix,AZ,2022-10-10
CUST_006780,Michael Ortiz,Male,22.0,Seattle,WA,2023-07-19
CUST_006781,Ruth Young,Female,41.0,San Diego,CA,2022-08-16
CUST_006782,Madison Rodriguez,Female,18.0,Minneapolis,MN,2023-01-17
CUST_006783,James Parker,Male,30.0,Denver,CO,2023-07-17
CUST_006784,Margaret Johnson,Female,45.0,San Antonio,TX,2022-02-12
CUST_006785,Samuel Collins,Male,53.0,Los Angeles,CA,2023-08-02
CUST_006786,Catherine Nelson,Female,68.0,New York,NY,2023-04-02
CUST_006787,Cynthia Baker,Female,33.0,Los Angeles,CA,2022-05-14
CUST_006788,Robert Smith,Male,,Chicago,IL,2023-08-30
CUST_006789,Kyle Stewart,Male,45.0,New York,NY,2024-02-22
CUST_006790,Joshua Perez,Male,62.0,Seattle,WA,2022-01-03
CUST_006791,Joyce Scott,Female,58.0,Houston,TX,2023-02-22
CUST_006792,Catherine Evans,Female,26.0,New York,NY,2022-05-16
CUST_006793,Jonathan Brown,Male,37.0,Philadelphia,PA,2022-08-04
CUST_006794,Jack Gutierrez,Male,49.0,Boston,MA,2023-04-06
CUST_006795,Henry Bailey,M,50.0,Houston,TX,2022-10-20
CUST_006796,Frank Richardson,Male,46.0,Detroit,MI,2023-08-04
CUST_006797,Patrick Gomez,Male,33.0,Miami,FL,2022-09-26
CUST_006798,Emma White,Female,46.0,Minneapolis,MN,2023-11-03
CUST_006799,Jonathan Anderson,Male,50.0,Seattle,WA,2022-07-12
CUST_006800,Katherine Wilson,Female,27.0,Atlanta,GA,2024-01-30
CUST_006801,Nicole Wood,Female,55.0,Phoenix,AZ,2023-01-22
CUST_006802,Stephen Cook,Male,51.0,Seattle,WA,2022-03-03
CUST_006803,Emily Richardson,Female,29.0,Los Angeles,CA,2022-04-19
CUST_006804,Evelyn Kelly,Female,50.0,Los Angeles,CA,2023-05-09
CUST_006805,Christopher Ward,Male,49.0,Portland,OR,2024-02-02
CUST_006806,Austin Ward,Male,49.0,San Diego,CA,2023-04-25
CUST_006807,Jerry Clark,Male,58.0,New York,NY,2023-03-04
CUST_006808,Michael Phillips,Male,38.0,Los Angeles,CA,2023-10-31
CUST_006809,Victoria Campbell,Female,43.0,Philadelphia,PA,2022-08-22
CUST_006810,Jeffrey Jackson,Male,18.0,Miami,FL,2023-08-24
CUST_006811,Alice Phillips,Female,52.0,Minneapolis,MN,2022-08-14
CUST_006812,Alice Garcia,Female,51.0,New York,NY,2023-12-20
CUST_006813,Ann Bailey,Female,55.0,New York,NY,2024-01-13
CUST_006814,Maria Jones,Female,27.0,New York,NY,2022-07-23
CUST_006815,Abigail Allen,Female,51.0,Seattle,WA,2022-06-03
CUST_006816,Virginia Rogers,Female,51.0,San Diego,CA,2023-09-27
CUST_006817,Terry Williams,Male,,Denver,CO,2023-08-07
CUST_006818,Margaret Baker,Female,52.0,Austin,TX,2023-07-15
CUST_006819,Janice Kim,Female,44.0,New York,NY,2023-04-20
CUST_006820,Jose Baker,Male,18.0,Chicago,IL,2022-05-19
CUST_006821,Timothy Turner,Male,46.0,Houston,TX,2023-09-24
CUST_006822,Jordan Rogers,Male,29.0,Denver,CO,2022-06-21
CUST_006823,Lauren Chavez,Female,18.0,Austin,TX,2023-05-16
CUST_006824,Jean Young,Female,43.0,Portland,OR,2022-12-08
CUST_006825,James Brooks,Male,38.0,Los Angeles,CA,2022-11-25
CUST_006826,Patrick Robinson,Male,56.0,Portland,OR,2023-12-11
CUST_006827,Joan Gomez,Female,41.0,Los Angeles,CA,2023-03-09
CUST_006828,John Rivera,Male,48.0,Houston,TX,2023-04-08
CUST_006829,Ethan Anderson,Male,45.0,New York,NY,2024-01-23
CUST_006830,Jose Morris,Male,51.0,Chicago,IL,2023-05-28
CUST_006831,Melissa Hill,Female,27.0,Los Angeles,CA,2023-11-20
CUST_006832,Henry Ramirez,Male,41.0,Los Angeles,CA,2024-01-01
CUST_006833,Nancy Hall,Female,37.0,Dallas,TX,2023-09-07
CUST_006834,Christian Scott,Male,47.0,Boston,MA,2022-06-03
CUST_006835,Madison Evans,Female,42.0,Boston,MA,2022-05-09
CUST_006836,Katherine Hall,Female,31.0,Miami,FL,2023-02-19
CUST_006837,Debra Wood,Female,34.0,Denver,CO,2022-03-12
CUST_006838,Nicholas Lopez,Male,59.0,Charlotte,NC,2022-10-29
CUST_006839,Jason Cruz,Male,18.0,New York,NY,2022-08-05
CUST_006840,Carl Torres,Male,47.0,Charlotte,NC,2022-02-13
CUST_006841,Timothy Hill,Male,54.0,Phoenix,AZ,2023-01-21
CUST_006842,Nicholas Martinez,Male,46.0,San Antonio,TX,2022-09-12
CUST_006843,George Ortiz,Male,63.0,Dallas,TX,2022-04-22
CUST_006844,Virginia Adams,Female,50.0,New York,NY,2023-10-02
CUST_006845,Christian Brooks,Male,43.0,Los Angeles,CA,2024-02-03
CUST_006846,Margaret Sanchez,Female,33.0,Philadelphia,PA,2023-07-14
CUST_006847,Amanda Reyes,Female,44.0,Boston,MA,2024-02-14
CUST_006848,Sarah Wright,Female,47.0,Minneapolis,MN,2022-06-26
CUST_006849,Margaret Morgan,female,39.0,Los Angeles,CA,2023-10-28
CUST_006850,Nicholas King,Male,29.0,Chicago,IL,2023-01-29
CUST_006851,Jeremy Brown,Male,23.0,Austin,TX,2023-04-05
CUST_006852,Janet Diaz,Female,41.0,Houston,TX,2023-08-15
CUST_006853,William Thomas,Male,20.0,Chicago,IL,2023-11-08
CUST_006854,Olivia Jones,Female,33.0,Phoenix,AZ,2022-03-08
CUST_006855,Jacqueline Rogers,Female,18.0,Seattle,WA,2023-01-12
CUST_006856,Shirley Peterson,,49.0,Los Angeles,CA,2023-10-26
CUST_006857,Carol Smith,Female,,New York,NY,2023-05-10
CUST_006858,Andrea Cooper,Female,39.0,New York,NY,2022-12-03
CUST_006859,Jennifer Hall,Female,61.0,San Diego,CA,2022-02-15
CUST_006860,Gloria Morgan,Female,,Chicago,IL,2022-01-09
CUST_006861,Martha Martin,Female,44.0,Dallas,TX,2023-02-12
CUST_006862,Sean Cruz,Male,37.0,Minneapolis,MN,2023-03-31
CUST_006863,Jessica Parker,Female,34.0,Chicago,IL,2022-08-25
CUST_006864,Karen Cruz,Female,46.0,Los Angeles,CA,2023-11-19
CUST_006865,Carl Thompson,Male,37.0,New York,NY,2023-09-27
CUST_006866,Samantha Bennett,Female,45.0,Charlotte,NC,2022-07-17
CUST_006867,Gary Sanchez,Male,46.0,San Diego,CA,2022-07-16
CUST_006868,Maria Perez,Female,36.0,Atlanta,GA,2024-01-02
CUST_006869,William Nguyen,Male,52.0,Miami,FL,2024-02-07
CUST_006870,Aaron Turner,male,36.0,Charlotte,NC,2024-03-21
CUST_006871,Jesse Collins,Male,39.0,Miami,FL,2023-08-31
CUST_006872,Nathan Morris,Male,26.0,Chicago,IL,2024-02-14
CUST_006873,Helen Jackson,Female,35.0,Dallas,TX,2022-06-08
CUST_006874,Judy Hill,Female,65.0,Charlotte,NC,2022-06-15
CUST_006875,Lauren Adams,Female,27.0,San Jose,CA,2022-02-16
CUST_006876,Elizabeth Mitchell,Female,44.0,Boston,MA,2023-05-13
CUST_006877,Victoria Chavez,Female,33.0,Detroit,MI,2022-08-17
CUST_006878,Barbara Lee,Female,18.0,Austin,TX,2023-06-05
CUST_006879,Timothy Chavez,Male,45.0,Seattle,WA,2022-01-09
CUST_006880,Julie Johnson,Female,32.0,Dallas,TX,2023-05-06
CUST_006881,Donna Johnson,Female,42.0,Houston,TX,2024-01-18
CUST_006882,Michael Ward,Male,51.0,Chicago,IL,2023-09-29
CUST_006883,Julie Gutierrez,Female,41.0,San Jose,CA,2022-12-25
CUST_006884,Brian Clark,Male,43.0,Charlotte,NC,2022-03-17
CUST_006885,Gregory Adams,M,28.0,Detroit,MI,2022-09-08
CUST_006886,Kenneth Ward,Male,47.0,Los Angeles,CA,2023-04-16
CUST_006887,Lauren Phillips,Female,36.0,Miami,FL,2022-09-20
CUST_006888,Janice Johnson,Female,18.0,New York,NY,2023-11-03
CUST_006889,Richard Mendoza,Male,49.0,Dallas,TX,2024-02-18
CUST_006890,Jeremy White,Male,53.0,Portland,OR,2022-07-05
CUST_006891,Matthew Bailey,Male,57.0,Charlotte,NC,2022-01-07
CUST_006892,Sharon Watson,Female,66.0,Austin,TX,2022-04-03
CUST_006893,Kathleen Sanchez,female,48.0,Austin,TX,2023-11-21
CUST_006894,Emily Reyes,Female,45.0,Phoenix,AZ,2022-03-01
CUST_006895,Susan Mitchell,Female,52.0,Denver,CO,2023-10-13
CUST_006896,Cheryl Gonzalez,Female,27.0,Chicago,IL,2023-01-26
CUST_006897,Harold King,Male,18.0,New York,NY,2023-02-13
CUST_006898,Denise Cook,Female,33.0,Miami,FL,2023-10-02
CUST_006899,Lawrence Gonzalez,Male,54.0,New York,NY,2022-11-15
CUST_006900,Jonathan Ward,Male,30.0,Seattle,WA,2023-11-26
CUST_006901,Nancy Lopez,Female,44.0,Philadelphia,PA,2022-04-14
CUST_006902,James Hall,Male,46.0,New York,NY,2023-09-23
CUST_006903,Gregory Rodriguez,Male,42.0,Los Angeles,CA,2024-01-28
CUST_006904,Madison Roberts,Female,23.0,New York,NY,2022-06-23
CUST_006905,Dorothy Bennett,Female,43.0,Los Angeles,CA,2023-05-26
CUST_006906,Donald Robinson,Male,33.0,San Jose,CA,2023-07-29
CUST_006907,Stephen Martin,Male,60.0,Dallas,TX,2022-05-23
CUST_006908,Sean Mendoza,Male,53.0,Philadelphia,PA,2023-05-17
CUST_006909,Larry Watson,Male,34.0,Miami,FL,2022-09-15
CUST_006910,Evelyn Edwards,Female,61.0,Boston,MA,2023-10-18
CUST_006911,Justin Perez,Male,43.0,Seattle,WA,2023-06-05
CUST_006912,Ryan Carter,Male,18.0,Austin,TX,2023-01-31
CUST_006913,Stephen Adams,M,38.0,Seattle,WA,2023-10-10
CUST_006914,Ethan Garcia,Male,59.0,Chicago,IL,2023-10-03
CUST_006915,Walter Richardson,,28.0,Chicago,IL,2022-08-07
CUST_006916,Jonathan Chavez,Male,38.0,Chicago,IL,2022-01-30
CUST_006917,Dorothy Jones,Female,22.0,Denver,CO,2022-09-11
CUST_006918,Daniel Ramos,Male,23.0,Philadelphia,PA,2024-01-14
CUST_006919,Mary Carter,Female,28.0,Charlotte,NC,2023-01-19
CUST_006920,Charles Lewis,Male,,New York,NY,2022-07-29
CUST_006921,Anthony Martinez,Male,31.0,Phoenix,AZ,2022-12-27
CUST_006922,Henry Mitchell,Male,60.0,Los Angeles,CA,2023-01-08
CUST_006923,Gloria Sanchez,Female,38.0,Atlanta,GA,2023-03-07
CUST_006924,Judith Wright,Female,48.0,San Antonio,TX,2023-03-04
CUST_006925,Evelyn Campbell,Female,52.0,Austin,TX,2022-10-26
CUST_006926,Denise Gray,Female,25.0,Austin,TX,2022-10-27
CUST_006927,Judy Phillips,Female,28.0,New York,NY,2023-11-19
CUST_006928,Kevin Morris,Male,48.0,Boston,MA,2023-08-14
CUST_006929,Betty Chavez,Female,31.0,Atlanta,GA,2023-08-26
CUST_006930,Matthew Adams,Male,47.0,Austin,TX,2022-07-19
CUST_006931,Janice Cooper,Female,59.0,Chicago,IL,2024-03-25
CUST_006932,Thomas Reed,Male,20.0,Denver,CO,2022-04-06
CUST_006933,Jason White,Male,34.0,Seattle,WA,2023-08-29
CUST_006934,Gregory Hernandez,Male,36.0,Detroit,MI,2023-10-11
CUST_006935,Jerry Williams,Male,32.0,New York,NY,2022-09-28
CUST_006936,Jack Gomez,Male,31.0,Detroit,MI,2022-03-27
CUST_006937,Jeremy Watson,Male,32.0,Minneapolis,MN,2023-10-07
CUST_006938,Frank Thompson,Male,38.0,Chicago,IL,2023-06-03
CUST_006939,Sara Peterson,Female,41.0,Denver,CO,2024-03-08
CUST_006940,Jessica Cruz,Female,50.0,Chicago,IL,2023-09-30
CUST_006941,Gerald Hill,MALE,38.0,Chicago,IL,2024-02-14
CUST_006942,Diane Miller,Female,52.0,San Jose,CA,2023-07-24
CUST_006943,Paul Mitchell,Male,31.0,New York,NY,2023-04-11
CUST_006944,Joe Walker,Male,23.0,New York,NY,2024-02-24
CUST_006945,Alice Evans,Female,35.0,San Jose,CA,2023-12-02
CUST_006946,Noah Adams,Male,44.0,Portland,OR,2022-02-09
CUST_006947,Austin Diaz,Male,49.0,New York,NY,2023-06-16
CUST_006948,Jacob Lewis,Male,57.0,New York,NY,2022-06-09
CUST_006949,Andrew Brown,Male,42.0,New York,NY,2024-02-26
CUST_006950,Mark Gonzalez,Male,48.0,New York,NY,2023-08-24
CUST_006951,Carl Ramirez,Male,56.0,Detroit,MI,2023-03-05
CUST_006952,Roger King,Male,29.0,San Antonio,TX,2024-03-05
CUST_006953,Grace Bailey,Female,36.0,Seattle,WA,2022-11-29
CUST_006954,Noah Hall,Male,73.0,Phoenix,AZ,2023-02-27
CUST_006955,Tyler Torres,Male,49.0,Charlotte,NC,2023-01-21
CUST_006956,Betty Bailey,Female,45.0,San Antonio,TX,2022-05-22
CUST_006957,Sandra Garcia,Female,50.0,Portland,OR,2022-06-09
CUST_006958,Justin Murphy,Male,22.0,San Jose,CA,2023-06-22
CUST_006959,Cheryl Harris,Female,30.0,Portland,OR,2022-03-18
CUST_006960,Anthony Johnson,Male,26.0,San Antonio,TX,2024-02-15
CUST_006961,Jean Adams,Female,44.0,Minneapolis,MN,2022-11-21
CUST_006962,Lauren Rogers,Female,34.0,Houston,TX,2022-11-15
CUST_006963,Timothy Morales,Male,40.0,San Jose,CA,2022-05-30
CUST_006964,Kathryn Flores,Female,35.0,Austin,TX,2022-12-11
CUST_006965,Diane Cook,Female,18.0,San Antonio,TX,2023-09-04
CUST_006966,Peter Davis,Male,50.0,San Antonio,TX,2024-03-03
CUST_006967,Jacob Allen,Male,18.0,Los Angeles,CA,2022-07-21
CUST_006968,Shirley Reyes,Female,29.0,Detroit,MI,2022-07-06
CUST_006969,John Gomez,Male,22.0,Philadelphia,PA,2022-05-29
CUST_006970,Alexander Taylor,Male,28.0,Los Angeles,CA,2023-06-09
CUST_006971,Walter James,Male,41.0,Denver,CO,2022-05-07
CUST_006972,Sophia Torres,Female,54.0,Denver,CO,2022-04-07
CUST_006973,Kathryn Harris,Female,19.0,New York,NY,2023-10-11
CUST_006974,Richard Scott,Male,32.0,Houston,TX,2023-11-15
CUST_006975,Joe Smith,Male,18.0,Dallas,TX,2022-11-10
CUST_006976,Betty Cruz,Female,31.0,Atlanta,GA,2023-06-15
CUST_006977,Michael Mendoza,Male,39.0,Houston,TX,2023-10-10
CUST_006978,Megan Robinson,Female,48.0,Chicago,IL,2022-02-24
CUST_006979,Austin Jones,Male,18.0,Denver,CO,2023-07-25
CUST_006980,Jesse Reyes,Male,45.0,Los Angeles,CA,2022-10-16
CUST_006981,Christian Kelly,Male,26.0,Minneapolis,MN,2023-01-30
CUST_006982,Steven Lee,Male,23.0,Atlanta,GA,2022-12-16
CUST_006983,Margaret Perez,Female,39.0,Minneapolis,MN,2023-09-23
CUST_006984,William Collins,Male,46.0,Houston,TX,2023-03-19
CUST_006985,Heather Nguyen,Female,37.0,Los Angeles,CA,2023-10-23
CUST_006986,Scott Mitchell,Male,25.0,Dallas,TX,2022-11-10
CUST_006987,Thomas Martin,Male,37.0,Los Angeles,CA,2023-05-15
CUST_006988,Helen Gray,Female,29.0,Chicago,IL,2024-01-30
CUST_006989,Maria Evans,Female,46.0,Phoenix,AZ,2023-02-22
CUST_006990,Evelyn Allen,female,52.0,Philadelphia,PA,2023-06-11
CUST_006991,Brenda King,Female,51.0,Houston,TX,2023-08-20
CUST_006992,Sharon Peterson,Female,38.0,Chicago,IL,2024-02-03
CUST_006993,Adam Morris,Male,53.0,Chicago,IL,2023-07-26
CUST_006994,Nathan Williams,Male,26.0,Seattle,WA,2023-07-08
CUST_006995,Kevin Peterson,Male,61.0,Chicago,IL,2023-12-12
CUST_006996,John Watson,Male,26.0,Seattle,WA,2024-03-25
CUST_006997,Jesse Thomas,Male,18.0,Denver,CO,2024-01-25
CUST_006998,Andrea Ramos,,56.0,Denver,CO,2022-05-15
CUST_006999,Steven Turner,Male,30.0,Detroit,MI,2023-08-24
CUST_007000,Frank Baker,Male,40.0,Portland,OR,2022-11-22
CUST_007001,Jack Davis,Male,26.0,Los Angeles,CA,2023-02-03
CUST_007002,Christopher Davis,Male,68.0,Houston,TX,2023-08-01
CUST_007003,Donald Anderson,Male,61.0,Atlanta,GA,2022-06-04
CUST_007004,Dylan Davis,Male,58.0,Boston,MA,2023-09-05
CUST_007005,Benjamin Peterson,Male,40.0,New York,NY,2022-10-22
CUST_007006,Kimberly Allen,Female,51.0,Charlotte,NC,2023-12-02
CUST_007007,Harold Wood,Male,38.0,Miami,FL,2022-12-29
CUST_007008,Helen Gutierrez,Female,53.0,Detroit,MI,2022-02-25
CUST_007009,Joyce Williams,Female,33.0,Los Angeles,CA,2023-06-28
CUST_007010,George Nelson,Male,58.0,San Antonio,TX,2023-10-15
CUST_007011,Elizabeth Ramirez,Female,33.0,Philadelphia,PA,2023-07-11
CUST_007012,Anthony Kim,Male,34.0,Houston,TX,2023-11-05
CUST_007013,Sophia Bailey,Female,33.0,Chicago,IL,2023-11-22
CUST_007014,Jerry Jones,Male,41.0,Los Angeles,CA,2022-02-17
CUST_007015,Teresa Garcia,Female,34.0,Minneapolis,MN,2022-01-03
CUST_007016,John Hall,Male,45.0,San Diego,CA,2022-08-20
CUST_007017,Cheryl Ortiz,Female,32.0,Austin,TX,2022-08-20
CUST_007018,Katherine Brooks,Female,48.0,Chicago,IL,2023-06-01
CUST_007019,Victoria Chavez,Female,57.0,Portland,OR,2022-08-24
CUST_007020,Jeffrey Campbell,Male,39.0,Portland,OR,2022-12-23
CUST_007021,Jerry Sanchez,Male,66.0,Seattle,WA,2023-03-07
CUST_007022,Robert Rogers,Male,53.0,Houston,TX,2023-06-29
CUST_007023,Linda Torres,Female,65.0,Chicago,IL,2024-03-28
CUST_007024,Jacqueline Wright,Female,38.0,Austin,TX,2023-09-02
CUST_007025,Lisa Stewart,Female,18.0,Miami,FL,2022-09-27
CUST_007026,John Murphy,Male,30.0,Charlotte,NC,2022-12-11
CUST_007027,Austin Johnson,Male,31.0,New York,NY,2022-02-18
CUST_007028,Dorothy Williams,Female,27.0,Houston,TX,2023-02-07
CUST_007029,Raymond Lopez,Male,18.0,Phoenix,AZ,2023-06-21
CUST_007030,Noah Rivera,Male,51.0,Houston,TX,2024-02-27
CUST_007031,Megan Gray,Female,18.0,Seattle,WA,2022-09-29
CUST_007032,Linda Adams,Female,50.0,San Diego,CA,2022-09-07
CUST_007033,Catherine Brooks,Female,66.0,Minneapolis,MN,2022-01-20
CUST_007034,Janet Martin,Female,29.0,Los Angeles,CA,2023-06-10
CUST_007035,Cynthia Wright,Female,43.0,Phoenix,AZ,2024-03-28
CUST_007036,Walter Flores,Male,34.0,San Diego,CA,2022-12-29
CUST_007037,Judy Anderson,Female,49.0,Atlanta,GA,2023-04-11
CUST_007038,Daniel Garcia,Male,24.0,Atlanta,GA,2022-03-06
CUST_007039,Daniel Reyes,Male,37.0,Miami,FL,2023-06-07
CUST_007040,Peter Morgan,Male,53.0,San Diego,CA,2022-08-07
CUST_007041,Larry Nguyen,Male,38.0,Chicago,IL,2022-01-18
CUST_007042,Jacqueline Mendoza,Female,18.0,Denver,CO,2023-08-29
CUST_007043,Nancy Parker,Female,54.0,Portland,OR,2022-06-07
CUST_007044,Linda Phillips,Female,22.0,Chicago,IL,2022-04-21
CUST_007045,Henry Thompson,Male,39.0,Los Angeles,CA,2022-08-24
CUST_007046,Jordan Scott,male,,New York,NY,2022-05-28
CUST_007047,Sarah Chavez,F,40.0,Seattle,WA,2023-07-16
CUST_007048,Madison Cox,Female,70.0,San Diego,CA,2022-09-28
CUST_007049,Jacob Martinez,Male,48.0,Los Angeles,CA,2023-08-20
CUST_007050,Patricia Wood,Female,36.0,Los Angeles,CA,2023-05-19
CUST_007051,Benjamin Garcia,Male,46.0,San Jose,CA,2022-12-14
CUST_007052,Melissa Wood,Female,41.0,Philadelphia,PA,2022-07-22
CUST_007053,Lauren Morgan,Female,39.0,Chicago,IL,2023-08-21
CUST_007054,Deborah Gonzalez,Female,42.0,Austin,TX,2023-05-02
CUST_007055,Samantha Diaz,Female,33.0,New York,NY,2023-09-25
CUST_007056,Emily Lee,Female,41.0,New York,NY,2023-04-18
CUST_007057,Roger Roberts,Male,32.0,Chicago,IL,2023-11-21
CUST_007058,Abigail Torres,Female,,Chicago,IL,2023-05-22
CUST_007059,Nicholas Collins,Male,,New York,NY,2023-11-28
CUST_007060,Nicole Morales,Female,31.0,New York,NY,2023-05-22
CUST_007061,Grace Gutierrez,Female,40.0,Los Angeles,CA,2024-03-06
CUST_007062,Betty Cooper,Female,29.0,Denver,CO,2023-12-25
CUST_007063,Martha Miller,Female,29.0,Atlanta,GA,2022-09-17
CUST_007064,Maria Howard,Female,26.0,Los Angeles,CA,2023-09-30
CUST_007065,Frances Perez,Female,50.0,San Jose,CA,2022-05-22
CUST_007066,George Flores,Male,53.0,Chicago,IL,2024-02-02
CUST_007067,George Allen,Male,39.0,Minneapolis,MN,2022-12-07
CUST_007068,Edward Harris,Male,32.0,Chicago,IL,2023-03-26
CUST_007069,Patricia Reyes,Female,18.0,Los Angeles,CA,2022-01-24
CUST_007070,Anthony Young,Male,48.0,Philadelphia,PA,2024-01-04
CUST_007071,Jordan Edwards,Male,30.0,Los Angeles,CA,2024-02-26
CUST_007072,Amanda Cooper,Female,25.0,Los Angeles,CA,2023-03-21
CUST_007073,Patricia Rivera,Female,39.0,Houston,TX,2022-07-16
CUST_007074,Brian Torres,Male,,San Jose,CA,2023-09-06
CUST_007075,Nicholas Hall,,20.0,New York,NY,2022-10-25
CUST_007076,Janet Stewart,Female,21.0,Chicago,IL,2024-03-05
CUST_007077,Barbara Chavez,Female,43.0,Miami,FL,2022-11-07
CUST_007078,Harold Wood,Male,30.0,Chicago,IL,2023-06-11
CUST_007079,Teresa Morales,Female,45.0,Los Angeles,CA,2022-02-25
CUST_007080,Paul Jones,Male,40.0,San Diego,CA,2024-03-24
CUST_007081,Harold Smith,Male,52.0,New York,NY,2023-06-11
CUST_007082,Jeffrey Young,Male,28.0,Atlanta,GA,2024-03-15
CUST_007083,Eric Turner,Male,41.0,Los Angeles,CA,2022-10-29
CUST_007084,Alice Cruz,Female,46.0,Los Angeles,CA,2023-05-04
CUST_007085,Sean Robinson,Male,31.0,Atlanta,GA,2022-01-21
CUST_007086,Jacob Campbell,Male,53.0,Miami,FL,2023-10-30
CUST_007087,Brandon Watson,Male,18.0,Denver,CO,2022-06-26
CUST_007088,Deborah Lopez,Female,28.0,Chicago,IL,2023-02-12
CUST_007089,Debra Howard,Female,18.0,San Diego,CA,2023-08-20
CUST_007090,Kelly Roberts,Female,29.0,Charlotte,NC,2022-04-01
CUST_007091,Jessica Moore,Female,37.0,San Antonio,TX,2023-11-08
CUST_007092,Arthur Hill,Male,49.0,Portland,OR,2023-11-23
CUST_007093,Zachary Lopez,Male,37.0,Seattle,WA,2023-05-07
CUST_007094,Joseph Gray,Male,31.0,Miami,FL,2023-07-03
CUST_007095,Carl Lopez,Male,19.0,Los Angeles,CA,2022-04-14
CUST_007096,Megan Martinez,Female,23.0,Detroit,MI,2023-03-03
CUST_007097,Rebecca Peterson,Female,42.0,Miami,FL,2023-12-17
CUST_007098,Rachel Sanchez,Female,50.0,Boston,MA,2022-04-08
CUST_007099,Madison Hall,FEMALE,33.0,Portland,OR,2024-03-23
CUST_007100,Sophia Evans,Female,54.0,Atlanta,GA,2023-04-02
CUST_007101,Melissa Perez,Female,27.0,Dallas,TX,2022-01-15
CUST_007102,Virginia Perez,Female,34.0,San Jose,CA,2022-12-02
CUST_007103,Gerald Williams,Male,35.0,Atlanta,GA,2023-04-13
CUST_007104,Grace Ortiz,female,,Boston,MA,2024-03-04
CUST_007105,Susan James,Female,,Dallas,TX,2023-09-14
CUST_007106,Christine Rogers,Female,18.0,Austin,TX,2023-06-15
CUST_007107,Carl Cook,,50.0,Minneapolis,MN,2024-03-09
CUST_007108,James Phillips,Male,62.0,New York,NY,2022-10-23
CUST_007109,Emma Kim,Female,35.0,Denver,CO,2023-01-05
CUST_007110,Heather Green,,27.0,Dallas,TX,2023-10-28
CUST_007111,Gregory Watson,Male,49.0,Miami,FL,2023-06-25
CUST_007112,Peter Jackson,Male,63.0,Los Angeles,CA,2022-08-15
CUST_007113,David Parker,M,49.0,San Diego,CA,2023-10-16
CUST_007114,Jeremy Campbell,Male,18.0,Los Angeles,CA,2022-09-29
CUST_007115,Brian Cox,Male,48.0,San Jose,CA,2023-05-29
CUST_007116,Christian Rivera,Male,44.0,Boston,MA,2023-12-27
CUST_007117,Brenda Phillips,Female,27.0,Austin,TX,2022-10-06
CUST_007118,Michael Taylor,Male,55.0,Dallas,TX,2023-10-23
CUST_007119,Judy Stewart,Female,44.0,Houston,TX,2023-12-31
CUST_007120,Jeremy Evans,Male,55.0,San Jose,CA,2022-11-12
CUST_007121,Cynthia Reyes,Female,25.0,Detroit,MI,2022-07-25
CUST_007122,Dorothy Campbell,Female,43.0,Denver,CO,2024-01-03
CUST_007123,Jack Martin,Male,27.0,New York,NY,2023-03-17
CUST_007124,Joe Cruz,Male,42.0,San Antonio,TX,2022-11-07
CUST_007125,Deborah Lee,Female,57.0,Denver,CO,2022-01-12
CUST_007126,Jesse Anderson,Male,21.0,San Antonio,TX,2022-07-22
CUST_007127,Laura Morgan,Female,21.0,Dallas,TX,2023-04-23
CUST_007128,Christina Bennett,Female,50.0,Detroit,MI,2023-12-09
CUST_007129,Jacob Adams,Male,38.0,Minneapolis,MN,2023-04-15
CUST_007130,Jessica Gomez,Female,53.0,New York,NY,2022-10-07
CUST_007131,Alice Thomas,Female,28.0,San Diego,CA,2024-02-14
CUST_007132,Anthony Jackson,Male,39.0,Austin,TX,2022-12-27
CUST_007133,Julia Ramos,Female,47.0,Miami,FL,2022-06-22
CUST_007134,Sarah Bailey,Female,41.0,Chicago,IL,2024-02-24
CUST_007135,Dorothy Kelly,Female,18.0,Los Angeles,CA,2023-01-19
CUST_007136,Arthur Smith,Male,74.0,Austin,TX,2023-03-30
CUST_007137,Virginia White,Female,41.0,Philadelphia,PA,2023-12-10
CUST_007138,Kimberly Miller,Female,,Chicago,IL,2022-10-17
CUST_007139,Jack Cox,Male,42.0,Portland,OR,2023-05-05
CUST_007140,Ashley Mendoza,Female,44.0,Houston,TX,2024-01-03
CUST_007141,Frances Ward,Female,51.0,New York,NY,2022-09-18
CUST_007142,Michael Brooks,Male,50.0,New York,NY,2024-01-22
CUST_007143,Gregory Martinez,Male,36.0,Los Angeles,CA,2022-07-20
CUST_007144,Barbara Hernandez,Female,18.0,New York,NY,2023-12-26
CUST_007145,Henry Bailey,Male,44.0,Phoenix,AZ,2023-01-16
CUST_007146,Lawrence Howard,Male,18.0,New York,NY,2023-05-20
CUST_007147,Teresa Gonzalez,Female,54.0,Dallas,TX,2023-05-23
CUST_007148,Ryan Brown,Male,29.0,Phoenix,AZ,2022-08-02
CUST_007149,Andrew Clark,Male,46.0,Austin,TX,2022-07-02
CUST_007150,Charles Murphy,Male,30.0,Charlotte,NC,2023-09-18
CUST_007151,Carl Bailey,Male,32.0,Charlotte,NC,2023-12-07
CUST_007152,Richard Collins,Male,28.0,Phoenix,AZ,2022-05-27
CUST_007153,Tyler Evans,Male,47.0,Houston,TX,2023-10-17
CUST_007154,Ryan Allen,Male,31.0,Seattle,WA,2022-11-21
CUST_007155,Jordan Adams,Male,48.0,Houston,TX,2023-06-25
CUST_007156,Benjamin Smith,Male,31.0,Boston,MA,2023-05-10
CUST_007157,Alexander Ramirez,Male,36.0,Austin,TX,2023-10-11
CUST_007158,Arthur Smith,Male,39.0,Los Angeles,CA,2023-05-16
CUST_007159,Sophia Green,Female,40.0,Phoenix,AZ,2022-04-13
CUST_007160,Heather Wilson,Female,27.0,Miami,FL,2022-10-09
CUST_007161,Harold Reyes,Male,47.0,Dallas,TX,2023-01-20
CUST_007162,Olivia Smith,Female,35.0,Denver,CO,2023-06-08
CUST_007163,Jonathan Wilson,Male,45.0,Denver,CO,2022-06-29
CUST_007164,William Jones,Male,38.0,San Antonio,TX,2022-11-30
CUST_007165,Zachary Ortiz,Male,46.0,Chicago,IL,2022-03-12
CUST_007166,Christina Ward,Female,33.0,Austin,TX,2022-11-17
CUST_007167,Charles Evans,Male,29.0,New York,NY,2023-04-23
CUST_007168,Michelle Ortiz,Female,44.0,Austin,TX,2024-02-19
CUST_007169,Peter Martinez,Male,32.0,New York,NY,2022-07-07
CUST_007170,Betty Phillips,Female,57.0,Detroit,MI,2022-02-01
CUST_007171,Lauren Carter,Female,39.0,Denver,CO,2023-01-03
CUST_007172,Zachary Baker,Male,21.0,Los Angeles,CA,2023-07-05
CUST_007173,Jeffrey Hall,Male,31.0,Boston,MA,2023-07-05
CUST_007174,Kenneth Martin,Male,26.0,Denver,CO,2022-12-07
CUST_007175,Amy Bailey,Female,52.0,Denver,CO,2022-02-12
CUST_007176,Kathleen Murphy,Female,48.0,Houston,TX,2024-02-07
CUST_007177,Ruth Campbell,Female,38.0,San Diego,CA,2023-04-14
CUST_007178,Kyle Nelson,Male,42.0,Dallas,TX,2023-11-03
CUST_007179,Gerald Brooks,Male,37.0,Houston,TX,2023-01-19
CUST_007180,Jennifer Brooks,Female,49.0,Dallas,TX,2023-12-11
CUST_007181,Evelyn Gutierrez,Female,45.0,Chicago,IL,2023-11-09
CUST_007182,Rebecca Torres,Female,47.0,Minneapolis,MN,2022-04-15
CUST_007183,Noah Jones,Male,36.0,Charlotte,NC,2022-02-27
CUST_007184,Susan Kelly,Female,31.0,Houston,TX,2022-06-09
CUST_007185,Janet Phillips,Female,47.0,Houston,TX,2023-12-05
CUST_007186,Janet Thomas,Female,58.0,Los Angeles,CA,2022-10-01
CUST_007187,Sharon Bailey,Female,52.0,Miami,FL,2023-01-18
CUST_007188,Sophia Murphy,Female,58.0,Los Angeles,CA,2023-06-13
CUST_007189,Karen Green,Female,41.0,Atlanta,GA,2023-08-06
CUST_007190,Christopher Clark,Male,26.0,Miami,FL,2023-02-13
CUST_007191,Aaron Young,Male,27.0,Houston,TX,2023-03-03
CUST_007192,Debra Moore,Female,56.0,Boston,MA,2022-11-22
CUST_007193,Kevin Mendoza,Male,18.0,Philadelphia,PA,2022-04-13
CUST_007194,Stephanie Cox,Female,,Houston,TX,2022-06-08
CUST_007195,Matthew Diaz,Male,29.0,Minneapolis,MN,2024-01-19
CUST_007196,Carl White,Male,63.0,Philadelphia,PA,2024-03-14
CUST_007197,Maria Phillips,Female,38.0,New York,NY,2023-12-07
CUST_007198,Joshua Hall,Male,48.0,San Jose,CA,2022-11-02
CUST_007199,Gary Brooks,Male,68.0,San Jose,CA,2022-07-07
CUST_007200,Austin Johnson,Male,34.0,San Jose,CA,2023-04-20
CUST_007201,Kathryn Jones,,34.0,Houston,TX,2022-04-14
CUST_007202,Barbara White,Female,30.0,Seattle,WA,2024-02-04
CUST_007203,Virginia Martin,Female,26.0,Chicago,IL,2023-10-28
CUST_007204,Matthew Carter,Male,34.0,Philadelphia,PA,2024-03-14
CUST_007205,Steven Clark,Male,32.0,Los Angeles,CA,2023-12-27
CUST_007206,Madison Edwards,Female,23.0,Austin,TX,2023-01-29
CUST_007207,Sean Thompson,Male,36.0,Atlanta,GA,2022-11-10
CUST_007208,Jessica Scott,Female,44.0,New York,NY,2023-12-13
CUST_007209,Frances Lewis,FEMALE,27.0,New York,NY,2023-06-20
CUST_007210,Peter Bailey,Male,36.0,Boston,MA,2024-01-11
CUST_007211,Jeremy Scott,Male,56.0,Houston,TX,2022-11-19
CUST_007212,Harold Morales,Male,21.0,Houston,TX,2023-05-19
CUST_007213,Benjamin Roberts,Male,63.0,Dallas,TX,2023-03-14
CUST_007214,Jesse Bennett,Male,30.0,San Antonio,TX,2022-07-12
CUST_007215,Steven Mitchell,M,41.0,New York,NY,2023-05-15
CUST_007216,Christine Scott,FEMALE,54.0,Boston,MA,2022-04-02
CUST_007217,Ronald Reyes,Male,58.0,Los Angeles,CA,2023-01-01
CUST_007218,Christian Brown,Male,44.0,Atlanta,GA,2023-05-09
CUST_007219,Jessica Wood,Female,30.0,Boston,MA,2022-06-05
CUST_007220,Pamela Lewis,Female,29.0,Los Angeles,CA,2023-10-18
CUST_007221,Cheryl Gutierrez,Female,31.0,Boston,MA,2022-07-19
CUST_007222,Rebecca Walker,Female,62.0,San Jose,CA,2023-09-30
CUST_007223,Joshua Scott,Male,34.0,Charlotte,NC,2022-01-28
CUST_007224,Dorothy Hill,Female,43.0,Denver,CO,2023-09-02
CUST_007225,Zachary Garcia,Male,25.0,Phoenix,AZ,2023-01-22
CUST_007226,Deborah Cooper,Female,24.0,Austin,TX,2023-11-12
CUST_007227,Anna Scott,Female,39.0,San Jose,CA,2023-05-31
CUST_007228,Janet Johnson,Female,34.0,Boston,MA,2023-01-05
CUST_007229,Alice Green,Female,35.0,Philadelphia,PA,2023-08-15
CUST_007230,Harold Allen,Male,20.0,Miami,FL,2023-01-12
CUST_007231,Ashley Wright,Female,38.0,Chicago,IL,2022-12-16
CUST_007232,Kathryn Walker,Female,58.0,Charlotte,NC,2023-02-12
CUST_007233,Ann Thompson,Female,28.0,Houston,TX,2023-09-18
CUST_007234,Megan Collins,Female,50.0,New York,NY,2023-07-10
CUST_007235,Samuel Gutierrez,Male,18.0,Los Angeles,CA,2024-02-05
CUST_007236,David Evans,Male,28.0,Detroit,MI,2022-01-01
CUST_007237,Joan Morris,Female,18.0,Atlanta,GA,2022-06-20
CUST_007238,Samuel Martinez,Male,54.0,Philadelphia,PA,2023-04-08
CUST_007239,Rebecca Hall,Female,49.0,Detroit,MI,2023-08-19
CUST_007240,James Garcia,male,26.0,Chicago,IL,2022-04-09
CUST_007241,Andrew Jackson,Male,42.0,Chicago,IL,2022-10-23
CUST_007242,Ruth Jackson,Female,54.0,Los Angeles,CA,2024-03-23
CUST_007243,Thomas Nguyen,Male,55.0,Philadelphia,PA,2022-11-21
CUST_007244,Jose Davis,Male,33.0,San Diego,CA,2023-01-05
CUST_007245,Gloria Chavez,Female,18.0,Los Angeles,CA,2022-09-02
CUST_007246,Ronald Gutierrez,Male,27.0,New York,NY,2022-01-20
CUST_007247,Richard Morris,Male,48.0,Phoenix,AZ,2022-10-15
CUST_007248,Nancy Thomas,Female,65.0,Chicago,IL,2022-06-20
CUST_007249,Jeffrey Taylor,Male,38.0,Dallas,TX,2023-01-06
CUST_007250,Christian Brown,Male,31.0,San Diego,CA,2022-08-28
CUST_007251,Tyler Morales,Male,68.0,Los Angeles,CA,2023-01-25
CUST_007252,Carl Thomas,Male,44.0,New York,NY,2022-10-01
CUST_007253,Jordan Smith,Male,23.0,San Jose,CA,2024-02-05
CUST_007254,Steven Murphy,Male,37.0,Boston,MA,2022-10-20
CUST_007255,Henry Moore,Male,51.0,San Antonio,TX,2022-07-17
CUST_007256,Helen Bailey,Female,38.0,Dallas,TX,2023-10-24
CUST_007257,Katherine Garcia,Female,48.0,Charlotte,NC,2023-11-27
CUST_007258,Edward Nelson,Male,18.0,Boston,MA,2023-06-01
CUST_007259,Jason Richardson,Male,21.0,Houston,TX,2022-12-06
CUST_007260,Kelly Perez,Female,29.0,Miami,FL,2023-12-13
CUST_007261,Jerry Diaz,Male,35.0,San Diego,CA,2023-08-19
CUST_007262,Ronald Hall,Male,43.0,San Diego,CA,2023-01-06
CUST_007263,Charles Thompson,male,46.0,Seattle,WA,2023-01-15
CUST_007264,Heather Taylor,Female,69.0,Philadelphia,PA,2022-01-03
CUST_007265,Kyle Scott,Male,29.0,Minneapolis,MN,2022-03-06
CUST_007266,Catherine Peterson,Female,35.0,Los Angeles,CA,2022-05-25
CUST_007267,Mary Martinez,Female,30.0,Phoenix,AZ,2022-09-10
CUST_007268,Brian Lee,Male,52.0,New York,NY,2024-02-12
CUST_007269,Jeremy Miller,Male,53.0,Denver,CO,2023-12-04
CUST_007270,Megan Allen,Female,33.0,Chicago,IL,2022-02-15
CUST_007271,James Jackson,Male,64.0,Phoenix,AZ,2022-01-17
CUST_007272,Justin Gonzalez,Male,30.0,Minneapolis,MN,2023-06-18
CUST_007273,Emma Nelson,Female,51.0,Los Angeles,CA,2023-01-02
CUST_007274,Virginia James,Female,57.0,New York,NY,2023-11-20
CUST_007275,Charles Cook,Male,21.0,Dallas,TX,2024-03-13
CUST_007276,Jerry Green,Male,46.0,Philadelphia,PA,2023-04-08
CUST_007277,Julia Phillips,Female,18.0,New York,NY,2022-07-06
CUST_007278,Ryan Adams,Male,49.0,Chicago,IL,2024-01-21
CUST_007279,Edward Wood,Male,25.0,Chicago,IL,2023-02-09
CUST_007280,Robert Gomez,Male,46.0,Chicago,IL,2023-02-05
CUST_007281,William Anderson,Male,48.0,Atlanta,GA,2023-09-13
CUST_007282,Alice Torres,Female,53.0,Chicago,IL,2022-12-28
CUST_007283,Sophia Miller,Female,50.0,San Antonio,TX,2022-08-30
CUST_007284,Mary Kim,Female,39.0,Chicago,IL,2023-10-10
CUST_007285,Austin Johnson,Male,34.0,Portland,OR,2022-07-14
CUST_007286,Anthony Phillips,Male,38.0,Boston,MA,2022-02-14
CUST_007287,Patrick Wood,Male,25.0,Phoenix,AZ,2023-04-11
CUST_007288,Kelly Parker,Female,36.0,Denver,CO,2022-02-08
CUST_007289,Jeffrey Moore,Male,35.0,Houston,TX,2023-11-13
CUST_007290,Rachel Lopez,Female,29.0,New York,NY,2024-03-16
CUST_007291,Olivia Gray,Female,18.0,Philadelphia,PA,2024-02-26
CUST_007292,Kimberly Stewart,Female,23.0,Dallas,TX,2022-06-08
CUST_007293,Jordan Mitchell,Male,18.0,Houston,TX,2024-02-16
CUST_007294,Emily Davis,Female,35.0,Phoenix,AZ,2022-05-02
CUST_007295,James Murphy,Male,43.0,Denver,CO,2022-12-14
CUST_007296,Jesse Jackson,Male,18.0,Minneapolis,MN,2022-04-03
CUST_007297,Jonathan Johnson,Male,41.0,Minneapolis,MN,2023-12-05
CUST_007298,Shirley Robinson,Female,37.0,Dallas,TX,2022-08-19
CUST_007299,Brian Thompson,Male,24.0,Austin,TX,2023-08-16
CUST_007300,Robert Gutierrez,M,33.0,San Diego,CA,2023-10-24
CUST_007301,Dorothy Lopez,Female,52.0,Houston,TX,2023-01-06
CUST_007302,Gary Reed,Male,26.0,Denver,CO,2023-11-12
CUST_007303,Samuel Brown,Male,39.0,New York,NY,2022-11-19
CUST_007304,Nicole Parker,Female,43.0,Minneapolis,MN,2022-06-08
CUST_007305,Terry Davis,Male,28.0,Chicago,IL,2023-03-12
CUST_007306,Jean Ramos,Female,51.0,Los Angeles,CA,2023-09-17
CUST_007307,Rebecca James,Female,44.0,Chicago,IL,2022-02-14
CUST_007308,Dylan Nguyen,Male,35.0,Atlanta,GA,2023-11-24
CUST_007309,Madison Flores,F,68.0,Chicago,IL,2022-09-18
CUST_007310,Abigail Cruz,Female,51.0,Austin,TX,2023-08-28
CUST_007311,Joan Smith,Female,18.0,Houston,TX,2022-05-04
CUST_007312,Kimberly Peterson,Female,34.0,San Jose,CA,2023-01-13
CUST_007313,Kimberly Cook,Female,69.0,Dallas,TX,2023-03-16
CUST_007314,Austin Richardson,Male,26.0,Charlotte,NC,2023-03-19
CUST_007315,Debra Smith,Female,39.0,Houston,TX,2022-10-04
CUST_007316,Kathryn King,Female,54.0,Houston,TX,2023-05-06
CUST_007317,Zachary Lewis,Male,47.0,Los Angeles,CA,2022-10-08
CUST_007318,Paul Hernandez,Male,48.0,Philadelphia,PA,2022-06-26
CUST_007319,Angela Gray,Female,48.0,Miami,FL,2022-05-24
CUST_007320,Sophia Ortiz,Female,39.0,Los Angeles,CA,2024-01-22
CUST_007321,Patricia James,Female,29.0,Charlotte,NC,2022-05-21
CUST_007322,Joan Lee,Female,44.0,New York,NY,2023-01-18
CUST_007323,Grace Brooks,Female,33.0,Atlanta,GA,2022-09-15
CUST_007324,Thomas Murphy,Male,32.0,Seattle,WA,2023-07-11
CUST_007325,Kevin Rogers,Male,57.0,Detroit,MI,2022-12-07
CUST_007326,Janet Bailey,Female,34.0,San Diego,CA,2022-10-16
CUST_007327,Noah Taylor,Male,60.0,Seattle,WA,2024-03-11
CUST_007328,Debra Mendoza,Female,42.0,New York,NY,2024-03-28
CUST_007329,Barbara Bailey,Female,37.0,Phoenix,AZ,2022-05-23
CUST_007330,Lisa White,Female,18.0,Boston,MA,2023-09-05
CUST_007331,Amy Harris,Female,65.0,New York,NY,2024-01-19
CUST_007332,Ronald Nguyen,Male,38.0,Boston,MA,2024-03-12
CUST_007333,Donna Mitchell,Female,18.0,Houston,TX,2022-10-26
CUST_007334,Noah Walker,Male,51.0,Houston,TX,2023-11-09
CUST_007335,Jennifer Roberts,Female,38.0,San Jose,CA,2022-11-21
CUST_007336,Roger Lewis,Male,27.0,New York,NY,2023-07-15
CUST_007337,Arthur Thomas,Male,50.0,Austin,TX,2023-04-23
CUST_007338,Olivia Clark,Female,18.0,Detroit,MI,2023-09-15
CUST_007339,Olivia Adams,Female,,New York,NY,2024-02-03
CUST_007340,Daniel Peterson,Male,35.0,Chicago,IL,2022-05-03
CUST_007341,Frank Walker,M,49.0,New York,NY,2022-08-19
CUST_007342,Amy Thompson,Female,67.0,San Diego,CA,2023-06-18
CUST_007343,Andrew Cox,Male,35.0,Denver,CO,2022-12-17
CUST_007344,Heather Taylor,Female,44.0,Detroit,MI,2023-05-28
CUST_007345,Mary Rodriguez,Female,73.0,Houston,TX,2023-11-07
CUST_007346,Brian Kim,Male,39.0,Los Angeles,CA,2023-09-10
CUST_007347,Virginia Hernandez,Female,44.0,New York,NY,2023-10-27
CUST_007348,Nicole Nelson,Female,23.0,Houston,TX,2022-06-20
CUST_007349,Betty Hill,Female,63.0,San Diego,CA,2022-02-04
CUST_007350,Mary Ramos,Female,30.0,Detroit,MI,2024-01-07
CUST_007351,Dorothy Nelson,Female,42.0,Los Angeles,CA,2023-03-05
CUST_007352,Janet Cruz,Female,42.0,Boston,MA,2023-07-25
CUST_007353,Gregory King,Male,40.0,San Antonio,TX,2022-03-22
CUST_007354,Christopher Martin,Male,33.0,Minneapolis,MN,2023-09-16
CUST_007355,Julie Richardson,Female,42.0,Miami,FL,2022-04-21
CUST_007356,Denise Edwards,Female,60.0,Miami,FL,2023-11-11
CUST_007357,Raymond Richardson,Male,67.0,Phoenix,AZ,2022-03-09
CUST_007358,Rachel Cooper,Female,36.0,Houston,TX,2022-04-02
CUST_007359,Julie Lee,Female,33.0,Los Angeles,CA,2022-12-05
CUST_007360,Terry Watson,Male,28.0,Chicago,IL,2022-08-08
CUST_007361,Julia Hall,Female,72.0,Austin,TX,2024-03-21
CUST_007362,Michael Moore,Male,40.0,Charlotte,NC,2023-03-05
CUST_007363,Steven Scott,Male,52.0,Austin,TX,2023-03-19
CUST_007364,Charles James,Male,47.0,Phoenix,AZ,2022-02-22
CUST_007365,Cheryl Mitchell,Female,66.0,Chicago,IL,2023-04-06
CUST_007366,Linda Martinez,Female,35.0,San Jose,CA,2022-03-12
CUST_007367,Janice Carter,Female,25.0,Los Angeles,CA,2023-07-20
CUST_007368,John Johnson,Male,62.0,New York,NY,2024-03-19
CUST_007369,Dennis Brooks,Male,50.0,New York,NY,2022-11-23
CUST_007370,Brian Morris,Male,44.0,Miami,FL,2023-11-25
CUST_007371,Helen Ramirez,Female,58.0,Phoenix,AZ,2024-03-08
CUST_007372,Stephen Jackson,Male,45.0,Portland,OR,2024-03-10
CUST_007373,Kyle Wood,Male,58.0,San Antonio,TX,2023-10-13
CUST_007374,Brandon Kim,Male,42.0,Seattle,WA,2024-01-06
CUST_007375,Eric Cooper,Male,50.0,Miami,FL,2022-12-12
CUST_007376,Judith Diaz,Female,45.0,Minneapolis,MN,2023-06-17
CUST_007377,Abigail Reed,Female,34.0,Los Angeles,CA,2023-08-14
CUST_007378,Harold Martinez,Male,36.0,Los Angeles,CA,2022-08-13
CUST_007379,Judith Morales,Female,34.0,Los Angeles,CA,2022-11-09
CUST_007380,Katherine Johnson,Female,42.0,Philadelphia,PA,2022-12-20
CUST_007381,Janice James,Female,33.0,Los Angeles,CA,2022-03-14
CUST_007382,Katherine Lee,Female,44.0,San Jose,CA,2023-03-09
CUST_007383,Lawrence Kim,Male,44.0,Houston,TX,2023-11-08
CUST_007384,Martha Robinson,Female,41.0,Charlotte,NC,2023-08-05
CUST_007385,Betty Kelly,Female,41.0,Atlanta,GA,2023-07-18
CUST_007386,Michael Williams,Male,31.0,Denver,CO,2023-07-03
CUST_007387,Kyle Gonzalez,Male,35.0,Seattle,WA,2022-01-26
CUST_007388,Lauren Wright,Female,18.0,New York,NY,2022-01-04
CUST_007389,Ruth Davis,Female,37.0,New York,NY,2022-06-28
CUST_007390,Sophia Rogers,Female,26.0,Philadelphia,PA,2024-02-03
CUST_007391,Janet Lewis,Female,40.0,Detroit,MI,2023-12-28
CUST_007392,Cynthia Nelson,Female,30.0,New York,NY,2023-06-11
CUST_007393,Maria Cruz,Female,18.0,Phoenix,AZ,2023-01-10
CUST_007394,Robert Kelly,Male,67.0,Atlanta,GA,2024-03-07
CUST_007395,Raymond Martin,Male,,Houston,TX,2022-03-15
CUST_007396,Austin Gomez,Male,57.0,Portland,OR,2022-04-17
CUST_007397,Mary Reyes,Female,32.0,Portland,OR,2023-07-15
CUST_007398,Ann Baker,Female,60.0,New York,NY,2023-05-20
CUST_007399,Keith Kim,Male,24.0,Austin,TX,2024-03-19
CUST_007400,Thomas Nelson,Male,41.0,Los Angeles,CA,2023-11-21
CUST_007401,Noah Jackson,Male,25.0,Philadelphia,PA,2024-02-20
CUST_007402,Andrea Robinson,Female,71.0,Minneapolis,MN,2023-09-26
CUST_007403,Katherine Brown,Female,35.0,New York,NY,2024-02-12
CUST_007404,Joshua Wood,Male,49.0,Portland,OR,2023-09-01
CUST_007405,George Williams,Male,44.0,Charlotte,NC,2023-05-03
CUST_007406,Julie Garcia,Female,38.0,Seattle,WA,2023-06-14
CUST_007407,Joshua Taylor,,45.0,Houston,TX,2024-01-26
CUST_007408,Edward Phillips,Male,55.0,Chicago,IL,2022-04-24
CUST_007409,Lawrence Edwards,Male,47.0,Philadelphia,PA,2023-06-03
CUST_007410,Evelyn Brooks,Female,41.0,Los Angeles,CA,2023-01-15
CUST_007411,Peter Bennett,Male,45.0,New York,NY,2023-08-14
CUST_007412,Dylan Garcia,Male,62.0,New York,NY,2023-07-02
CUST_007413,Mary Roberts,Female,33.0,Seattle,WA,2023-01-22
CUST_007414,Joshua Diaz,Male,18.0,New York,NY,2023-09-02
CUST_007415,Jose Mitchell,Male,25.0,Chicago,IL,2023-05-11
CUST_007416,Stephen Williams,Male,26.0,Seattle,WA,2022-07-16
CUST_007417,Karen Jones,Female,27.0,Los Angeles,CA,2023-07-27
CUST_007418,Jeremy Jackson,Male,28.0,Houston,TX,2022-01-31
CUST_007419,Elizabeth Torres,Female,38.0,New York,NY,2023-12-05
CUST_007420,Janet Rogers,Female,42.0,New York,NY,2024-01-30
CUST_007421,Catherine Gonzalez,Female,41.0,Chicago,IL,2022-03-27
CUST_007422,Joyce Perez,Female,29.0,Los Angeles,CA,2022-09-19
CUST_007423,Rebecca Wood,Female,51.0,San Antonio,TX,2022-05-17
CUST_007424,Jennifer Rogers,Female,45.0,Los Angeles,CA,2023-10-31
CUST_007425,Sean Scott,Male,58.0,Chicago,IL,2022-03-20
CUST_007426,Abigail Miller,Female,49.0,Denver,CO,2023-05-15
CUST_007427,Scott Rodriguez,Male,34.0,San Jose,CA,2023-01-12
CUST_007428,Patricia Thomas,Female,55.0,Phoenix,AZ,2023-10-16
CUST_007429,Raymond Walker,Male,42.0,Portland,OR,2023-07-28
CUST_007430,Ronald Murphy,Male,48.0,Atlanta,GA,2023-05-17
CUST_007431,Mark Baker,Male,48.0,Austin,TX,2023-04-16
CUST_007432,Anthony Cook,Male,37.0,Philadelphia,PA,2023-11-02
CUST_007433,Mark Ramos,M,40.0,New York,NY,2023-03-26
CUST_007434,Laura Collins,Female,37.0,Phoenix,AZ,2023-02-07
CUST_007435,Melissa Mendoza,Female,28.0,San Diego,CA,2022-01-29
CUST_007436,Ann Wood,Female,18.0,Charlotte,NC,2022-09-30
CUST_007437,Christine Adams,Female,30.0,Portland,OR,2022-12-28
CUST_007438,Pamela Young,Female,41.0,New York,NY,2023-06-13
CUST_007439,Betty Adams,Female,52.0,Charlotte,NC,2023-08-22
CUST_007440,Terry Lewis,Male,48.0,Boston,MA,2024-03-07
CUST_007441,William Gray,Male,35.0,Seattle,WA,2022-10-07
CUST_007442,Joshua Cook,Male,30.0,Detroit,MI,2023-05-18
CUST_007443,Jerry Edwards,Male,36.0,Houston,TX,2023-10-20
CUST_007444,Christina Cox,FEMALE,,Phoenix,AZ,2022-11-06
CUST_007445,Martha Reed,Female,18.0,Minneapolis,MN,2023-05-21
CUST_007446,Nicholas Cruz,Male,19.0,New York,NY,2023-02-06
CUST_007447,Jason Robinson,Male,56.0,Denver,CO,2023-01-20
CUST_007448,Deborah Young,Female,62.0,Atlanta,GA,2022-03-11
CUST_007449,Maria Ramirez,Female,48.0,Minneapolis,MN,2022-01-28
CUST_007450,Cynthia White,Female,38.0,Los Angeles,CA,2022-10-24
CUST_007451,Sharon Morales,Female,21.0,Seattle,WA,2024-02-03
CUST_007452,Patricia Martinez,Female,36.0,New York,NY,2022-07-21
CUST_007453,Julia Ortiz,Female,46.0,Miami,FL,2022-03-11
CUST_007454,William Stewart,Male,49.0,San Antonio,TX,2023-07-14
CUST_007455,Kevin Roberts,Male,47.0,Austin,TX,2024-03-04
CUST_007456,Arthur Lewis,Male,54.0,Miami,FL,2022-03-05
CUST_007457,Peter Reed,Male,63.0,San Antonio,TX,2023-10-12
CUST_007458,Raymond Hall,Male,33.0,San Antonio,TX,2022-04-28
CUST_007459,Victoria Watson,Female,74.0,Philadelphia,PA,2022-05-26
CUST_007460,Joseph Gomez,Male,18.0,Austin,TX,2024-02-18
CUST_007461,Martha Mendoza,Female,29.0,Denver,CO,2023-09-11
CUST_007462,Kenneth Allen,Male,,Atlanta,GA,2023-05-29
CUST_007463,Judy Bennett,Female,45.0,New York,NY,2022-06-24
CUST_007464,Andrew Torres,male,36.0,Houston,TX,2023-05-29
CUST_007465,Tyler Peterson,Male,32.0,Philadelphia,PA,2022-03-11
CUST_007466,Janet Richardson,Female,66.0,New York,NY,2023-01-17
CUST_007467,Betty Carter,Female,32.0,Boston,MA,2023-09-13
CUST_007468,Kathleen Turner,Female,26.0,San Diego,CA,2023-06-05
CUST_007469,Jeremy Jackson,Male,60.0,New York,NY,2023-08-23
CUST_007470,Paul Walker,Male,49.0,Austin,TX,2022-05-06
CUST_007471,Judy James,Female,52.0,Houston,TX,2023-10-22
CUST_007472,George Baker,Male,41.0,Denver,CO,2024-03-02
CUST_007473,Olivia Anderson,Female,21.0,Los Angeles,CA,2024-01-31
CUST_007474,Julie Turner,Female,40.0,New York,NY,2022-04-07
CUST_007475,Samantha Ortiz,Female,20.0,New York,NY,2022-04-18
CUST_007476,Jose Stewart,Male,42.0,Philadelphia,PA,2023-04-23
CUST_007477,Megan Peterson,Female,47.0,Boston,MA,2023-05-02
CUST_007478,Julie Brown,Female,52.0,Austin,TX,2023-12-28
CUST_007479,Catherine Bennett,Female,37.0,New York,NY,2022-12-27
CUST_007480,Dennis Campbell,Male,48.0,Dallas,TX,2023-04-24
CUST_007481,Anna Roberts,Female,27.0,San Antonio,TX,2022-07-31
CUST_007482,David Mendoza,Male,51.0,Atlanta,GA,2024-02-25
CUST_007483,Matthew Bailey,Male,47.0,Chicago,IL,2022-05-11
CUST_007484,Dennis Jackson,Male,28.0,Denver,CO,2024-01-28
CUST_007485,Abigail Cruz,FEMALE,45.0,Austin,TX,2024-01-19
CUST_007486,Robert Sanchez,Male,52.0,Austin,TX,2022-02-26
CUST_007487,Janet Thompson,Female,39.0,Phoenix,AZ,2023-11-02
CUST_007488,Amanda Young,Female,28.0,New York,NY,2022-11-30
CUST_007489,Catherine Watson,Female,41.0,Los Angeles,CA,2022-08-20
CUST_007490,Megan Reyes,Female,45.0,Miami,FL,2023-01-24
CUST_007491,Peter Torres,Male,28.0,Austin,TX,2024-02-10
CUST_007492,Zachary James,Male,26.0,Dallas,TX,2023-01-21
CUST_007493,Jeremy Clark,Male,45.0,San Diego,CA,2022-09-06
CUST_007494,Susan Lee,Female,49.0,New York,NY,2023-05-02
CUST_007495,Benjamin Flores,Male,65.0,Houston,TX,2023-01-30
CUST_007496,Kenneth Adams,Male,47.0,Austin,TX,2022-01-22
CUST_007497,Abigail Harris,Female,23.0,Los Angeles,CA,2022-07-15
CUST_007498,Hannah Sanchez,Female,64.0,Detroit,MI,2022-01-20
CUST_007499,Thomas Thompson,Male,52.0,New York,NY,2023-04-30
CUST_007500,Carol Garcia,Female,18.0,Seattle,WA,2023-07-30
CUST_007501,Nicole Howard,Female,26.0,Chicago,IL,2023-09-23
CUST_007502,Bryan Morris,Male,32.0,Miami,FL,2022-08-04
CUST_007503,Karen Jones,Female,49.0,Miami,FL,2023-11-23
CUST_007504,Maria Watson,Female,18.0,Houston,TX,2023-01-31
CUST_007505,Jason Diaz,Male,37.0,Philadelphia,PA,2022-02-25
CUST_007506,Aaron Reed,,48.0,Portland,OR,2024-02-13
CUST_007507,Aaron Thompson,Male,18.0,Austin,TX,2023-09-05
CUST_007508,Joshua Smith,Male,48.0,New York,NY,2023-06-01
CUST_007509,Jeremy Moore,Male,49.0,Boston,MA,2022-02-15
CUST_007510,Joseph Cook,Male,28.0,Houston,TX,2022-01-16
CUST_007511,Christian Richardson,Male,24.0,Chicago,IL,2023-06-02
CUST_007512,Steven Hill,Male,28.0,Miami,FL,2024-01-12
CUST_007513,Diane Torres,Female,18.0,Charlotte,NC,2023-08-03
CUST_007514,Jason Parker,Male,34.0,New York,NY,2022-01-07
CUST_007515,Dennis Rodriguez,Male,41.0,Phoenix,AZ,2023-07-27
CUST_007516,Kevin Morales,Male,23.0,Chicago,IL,2022-12-09
CUST_007517,Frank Cruz,Male,51.0,Minneapolis,MN,2022-05-12
CUST_007518,James Hall,Male,40.0,Minneapolis,MN,2023-11-27
CUST_007519,Amy Ramirez,Female,42.0,Detroit,MI,2023-06-11
CUST_007520,Teresa Kelly,Female,33.0,New York,NY,2023-09-27
CUST_007521,Helen Kim,Female,48.0,New York,NY,2022-06-24
CUST_007522,Christine Lewis,Female,55.0,Dallas,TX,2022-05-06
CUST_007523,Julie Cooper,Female,33.0,Los Angeles,CA,2023-04-24
CUST_007524,Pamela Evans,Female,48.0,New York,NY,2023-05-05
CUST_007525,Madison Morris,Female,48.0,Chicago,IL,2023-06-15
CUST_007526,Anna Collins,Female,44.0,Denver,CO,2023-10-11
CUST_007527,Jesse Kelly,Male,59.0,Seattle,WA,2023-08-15
CUST_007528,Terry Peterson,Male,29.0,Boston,MA,2023-08-24
CUST_007529,Brenda White,Female,33.0,New York,NY,2022-07-04
CUST_007530,Amy Perez,female,29.0,Boston,MA,2023-02-06
CUST_007531,Kelly Cook,Female,48.0,San Antonio,TX,2023-06-29
CUST_007532,Andrea Smith,Female,35.0,Houston,TX,2023-04-28
CUST_007533,Ashley Taylor,Female,30.0,Austin,TX,2022-11-01
CUST_007534,Carol Mitchell,Female,59.0,Atlanta,GA,2024-02-24
CUST_007535,Betty James,Female,61.0,New York,NY,2022-05-31
CUST_007536,Walter Wilson,Male,34.0,Atlanta,GA,2024-03-14
CUST_007537,Joan Sanchez,Female,21.0,Dallas,TX,2023-11-07
CUST_007538,Donald Reyes,Male,62.0,Austin,TX,2023-06-26
CUST_007539,Carolyn Phillips,Female,44.0,Minneapolis,MN,2022-05-18
CUST_007540,Andrea Rodriguez,Female,44.0,Denver,CO,2023-06-02
CUST_007541,Jesse Ramos,Male,40.0,Dallas,TX,2022-04-07
CUST_007542,Ashley Davis,Female,28.0,Houston,TX,2024-02-16
CUST_007543,Timothy Reed,Male,33.0,San Diego,CA,2022-10-15
CUST_007544,Jason Parker,Male,47.0,Miami,FL,2023-01-22
CUST_007545,Jerry Martin,Male,33.0,Charlotte,NC,2023-07-26
CUST_007546,Nancy Jackson,Female,44.0,Boston,MA,2022-01-22
CUST_007547,Donald Campbell,Male,39.0,Atlanta,GA,2023-05-16
CUST_007548,Hannah Taylor,Female,25.0,Seattle,WA,2023-09-21
CUST_007549,Janet Campbell,,59.0,Boston,MA,2022-08-04
CUST_007550,Margaret Gonzalez,Female,46.0,Chicago,IL,2022-06-13
CUST_007551,Gary Wright,M,43.0,Phoenix,AZ,2023-04-03
CUST_007552,Christopher Flores,Male,45.0,Dallas,TX,2023-05-12
CUST_007553,Kathleen Richardson,Female,18.0,San Diego,CA,2023-02-23
CUST_007554,Anna Bailey,F,32.0,Austin,TX,2022-10-24
CUST_007555,Thomas Adams,Male,19.0,Charlotte,NC,2023-01-30
CUST_007556,William Reyes,Male,40.0,Miami,FL,2022-11-08
CUST_007557,Frances Rogers,Female,43.0,Miami,FL,2022-09-12
CUST_007558,Kathryn Young,Female,40.0,Miami,FL,2023-03-22
CUST_007559,James Morris,Male,53.0,Atlanta,GA,2023-01-18
CUST_007560,Aaron Moore,Male,20.0,Seattle,WA,2023-02-20
CUST_007561,Joseph Morris,M,29.0,Chicago,IL,2022-01-01
CUST_007562,Martha Stewart,Female,44.0,Miami,FL,2023-09-05
CUST_007563,Frances Rodriguez,Female,42.0,Chicago,IL,2022-02-22
CUST_007564,Julie Campbell,Female,22.0,Denver,CO,2022-08-03
CUST_007565,Julie Jones,Female,53.0,New York,NY,2023-11-22
CUST_007566,Ryan Flores,male,58.0,San Diego,CA,2024-03-20
CUST_007567,Amanda Morgan,Female,44.0,Houston,TX,2024-03-25
CUST_007568,Brandon Garcia,Male,20.0,Denver,CO,2023-06-23
CUST_007569,Christopher Rogers,M,40.0,Miami,FL,2022-09-21
CUST_007570,Adam Gray,Male,43.0,New York,NY,2023-12-13
CUST_007571,Justin Chavez,Male,35.0,New York,NY,2023-08-05
CUST_007572,Mark Hernandez,Male,55.0,Detroit,MI,2024-03-22
CUST_007573,Diane Hall,Female,37.0,Chicago,IL,2023-05-21
CUST_007574,Jacqueline Cook,F,65.0,Denver,CO,2023-05-03
CUST_007575,Diane Ortiz,Female,48.0,Atlanta,GA,2022-02-19
CUST_007576,Gregory Johnson,Male,42.0,Denver,CO,2022-07-23
CUST_007577,Noah Reed,Male,,New York,NY,2023-08-17
CUST_007578,Mary Kelly,,58.0,Denver,CO,2024-03-27
CUST_007579,Julie Hill,Female,50.0,Charlotte,NC,2023-03-25
CUST_007580,Anna Perez,Female,38.0,Houston,TX,2022-02-02
CUST_007581,Kimberly Rodriguez,Female,30.0,Denver,CO,2023-01-22
CUST_007582,Joe Smith,Male,24.0,Chicago,IL,2022-05-17
CUST_007583,Anna Ramos,Female,18.0,Charlotte,NC,2024-03-05
CUST_007584,Edward Smith,Male,41.0,Los Angeles,CA,2022-06-01
CUST_007585,Anthony Hill,MALE,34.0,Chicago,IL,2022-05-08
CUST_007586,Denise Collins,Female,34.0,Los Angeles,CA,2023-03-10
CUST_007587,Sara Howard,Female,51.0,Portland,OR,2023-05-16
CUST_007588,David Kelly,Male,37.0,Dallas,TX,2023-09-22
CUST_007589,Frank Carter,Male,62.0,Chicago,IL,2022-12-26
CUST_007590,Betty Rodriguez,FEMALE,31.0,Los Angeles,CA,2024-01-24
CUST_007591,Joan Roberts,Female,26.0,Minneapolis,MN,2023-06-28
CUST_007592,Scott Jackson,Male,23.0,New York,NY,2022-02-22
CUST_007593,Thomas Miller,Male,48.0,San Jose,CA,2022-02-08
CUST_007594,Patrick Phillips,Male,53.0,Austin,TX,2023-03-19
CUST_007595,Austin Gutierrez,Male,31.0,Boston,MA,2023-02-23
CUST_007596,Jason Taylor,Male,25.0,Seattle,WA,2023-03-06
CUST_007597,Elizabeth Ramos,Female,58.0,Miami,FL,2022-03-05
CUST_007598,Jesse Reed,Male,20.0,New York,NY,2022-03-01
CUST_007599,Betty Rodriguez,Female,51.0,Philadelphia,PA,2022-03-09
CUST_007600,Scott Stewart,Male,31.0,New York,NY,2023-10-04
CUST_007601,Alexander Gray,Male,43.0,Phoenix,AZ,2023-06-30
CUST_007602,Andrew Edwards,Male,52.0,Dallas,TX,2022-05-27
CUST_007603,Mark Lewis,Male,44.0,Austin,TX,2023-02-17
CUST_007604,Charles Gonzalez,Male,35.0,Detroit,MI,2024-02-23
CUST_007605,David Ward,Male,56.0,Detroit,MI,2022-03-18
CUST_007606,Benjamin Rivera,Male,42.0,Houston,TX,2022-07-18
CUST_007607,Noah Jones,Male,80.0,Seattle,WA,2023-01-13
CUST_007608,Lisa Hall,Female,18.0,Denver,CO,2022-08-31
CUST_007609,Christina Lopez,Female,18.0,Portland,OR,2022-06-18
CUST_007610,Eric Diaz,Male,51.0,New York,NY,2024-03-13
CUST_007611,Robert Scott,Male,38.0,Austin,TX,2023-10-27
CUST_007612,Gregory Williams,Male,48.0,Phoenix,AZ,2023-10-01
CUST_007613,Kenneth Allen,Male,25.0,Houston,TX,2024-02-16
CUST_007614,Ruth King,Female,39.0,Austin,TX,2022-07-16
CUST_007615,Cynthia Sanchez,Female,44.0,Chicago,IL,2024-01-19
CUST_007616,Adam Harris,Male,32.0,New York,NY,2024-03-19
CUST_007617,Abigail Jones,Female,41.0,Boston,MA,2023-06-19
CUST_007618,Joshua Carter,Male,21.0,New York,NY,2024-01-28
CUST_007619,Jesse Gutierrez,Male,43.0,Houston,TX,2023-11-30
CUST_007620,Steven Garcia,Male,57.0,Austin,TX,2022-11-13
CUST_007621,Susan Gonzalez,Female,23.0,Austin,TX,2022-11-25
CUST_007622,Donald Rogers,Male,22.0,Seattle,WA,2023-08-24
CUST_007623,Gloria King,Female,53.0,Charlotte,NC,2023-05-24
CUST_007624,Kelly Turner,Female,22.0,Phoenix,AZ,2023-01-09
CUST_007625,Sophia Rodriguez,Female,49.0,Los Angeles,CA,2022-02-22
CUST_007626,Joan Davis,Female,39.0,Los Angeles,CA,2022-01-27
CUST_007627,Eric Cruz,Male,33.0,San Diego,CA,2022-04-17
CUST_007628,Sean Kelly,Male,57.0,Phoenix,AZ,2023-01-25
CUST_007629,Judy Miller,F,50.0,Detroit,MI,2022-02-01
CUST_007630,Harold Perez,Male,42.0,San Diego,CA,2022-06-07
CUST_007631,Catherine Reed,Female,18.0,Philadelphia,PA,2024-03-10
CUST_007632,Roger Ramos,Male,47.0,Miami,FL,2023-03-05
CUST_007633,Mark Rivera,Male,25.0,Atlanta,GA,2024-02-16
CUST_007634,Austin Hill,Male,36.0,Denver,CO,2022-07-18
CUST_007635,Denise Moore,Female,39.0,San Diego,CA,2022-12-18
CUST_007636,Victoria Thomas,Female,62.0,Chicago,IL,2023-08-20
CUST_007637,Kimberly Cruz,Female,35.0,Dallas,TX,2024-03-24
CUST_007638,Daniel Adams,MALE,21.0,New York,NY,2023-09-10
CUST_007639,Dylan Allen,Male,57.0,San Diego,CA,2024-01-27
CUST_007640,Frances Jones,Female,48.0,Miami,FL,2022-02-24
CUST_007641,Megan Reyes,Female,48.0,San Diego,CA,2022-10-31
CUST_007642,Jesse Harris,Male,57.0,New York,NY,2024-01-14
CUST_007643,Christine Thompson,Female,60.0,New York,NY,2023-05-01
CUST_007644,Sean Brown,Male,27.0,Miami,FL,2022-06-29
CUST_007645,Anthony Morris,Male,21.0,Los Angeles,CA,2022-06-29
CUST_007646,Ashley Collins,Female,49.0,San Diego,CA,2023-10-22
CUST_007647,Debra Flores,FEMALE,35.0,Boston,MA,2022-06-17
CUST_007648,Laura Brooks,Female,36.0,Chicago,IL,2023-04-11
CUST_007649,Pamela Johnson,Female,24.0,Denver,CO,2022-07-10
CUST_007650,Harold Brooks,Male,46.0,New York,NY,2022-08-05
CUST_007651,William Garcia,Male,44.0,Boston,MA,2023-01-20
CUST_007652,Evelyn Gutierrez,Female,37.0,New York,NY,2022-05-08
CUST_007653,Joseph Roberts,Male,21.0,Chicago,IL,2023-08-12
CUST_007654,Sara Harris,Female,54.0,Chicago,IL,2022-06-25
CUST_007655,Emily Gonzalez,Female,42.0,Minneapolis,MN,2023-10-17
CUST_007656,Peter Flores,Male,52.0,San Diego,CA,2023-04-30
CUST_007657,Jack Reed,Male,18.0,Miami,FL,2022-12-08
CUST_007658,Jacob Baker,Male,39.0,Dallas,TX,2023-07-09
CUST_007659,Dorothy Brown,Female,30.0,Atlanta,GA,2023-01-28
CUST_007660,William Jackson,Male,39.0,Dallas,TX,2022-04-01
CUST_007661,Kathleen Rogers,Female,50.0,Philadelphia,PA,2022-11-05
CUST_007662,Steven Hall,Male,43.0,San Jose,CA,2023-05-02
CUST_007663,Christopher Evans,Male,,Chicago,IL,2022-04-24
CUST_007664,Kyle Reyes,Male,39.0,Detroit,MI,2023-10-03
CUST_007665,Donna Ramirez,Female,19.0,Detroit,MI,2022-12-16
CUST_007666,Donna Morgan,Female,27.0,New York,NY,2022-08-02
CUST_007667,Jason Thomas,Male,53.0,Detroit,MI,2022-01-10
CUST_007668,Helen Bennett,Female,32.0,Los Angeles,CA,2022-04-04
CUST_007669,Samuel White,Male,53.0,Seattle,WA,2022-09-01
CUST_007670,Adam Walker,Male,49.0,Atlanta,GA,2022-12-25
CUST_007671,Jack Hill,MALE,49.0,Chicago,IL,2022-06-13
CUST_007672,Samantha Hill,Female,43.0,New York,NY,2023-05-18
CUST_007673,Gary Flores,Male,33.0,Boston,MA,2022-07-23
CUST_007674,Dorothy James,Female,37.0,Philadelphia,PA,2024-03-01
CUST_007675,Joan Peterson,Female,47.0,San Antonio,TX,2023-06-02
CUST_007676,Ronald Campbell,Male,18.0,Boston,MA,2023-11-17
CUST_007677,Sara Nelson,Female,54.0,Chicago,IL,2023-02-09
CUST_007678,Raymond Taylor,male,32.0,New York,NY,2022-08-02
CUST_007679,Tyler Ortiz,Male,37.0,Portland,OR,2023-03-04
CUST_007680,Benjamin Gonzalez,Male,38.0,Seattle,WA,2023-02-01
CUST_007681,Lawrence Taylor,Male,38.0,San Jose,CA,2023-07-16
CUST_007682,Eric Walker,Male,22.0,Houston,TX,2024-02-02
CUST_007683,Pamela Ramos,Female,40.0,Charlotte,NC,2022-09-01
CUST_007684,Sean Moore,Male,46.0,Los Angeles,CA,2022-04-16
CUST_007685,Ruth Edwards,Female,18.0,Los Angeles,CA,2023-09-21
CUST_007686,Stephen Miller,Male,22.0,Houston,TX,2022-01-01
CUST_007687,Dorothy Green,Female,50.0,Denver,CO,2023-11-16
CUST_007688,Joshua Roberts,Male,47.0,Chicago,IL,2023-09-30
CUST_007689,Martha Adams,Female,42.0,Houston,TX,2023-12-07
CUST_007690,Melissa Cook,Female,30.0,San Diego,CA,2022-04-10
CUST_007691,Mary Jackson,Female,47.0,San Jose,CA,2022-08-01
CUST_007692,Patricia Walker,Female,23.0,Los Angeles,CA,2023-05-23
CUST_007693,Grace Lopez,Female,37.0,San Jose,CA,2022-11-21
CUST_007694,Catherine Ramos,FEMALE,22.0,Phoenix,AZ,2023-12-20
CUST_007695,Katherine Morgan,Female,36.0,Houston,TX,2023-03-11
CUST_007696,Arthur Evans,MALE,26.0,New York,NY,2023-02-15
CUST_007697,Cynthia Miller,Female,48.0,Charlotte,NC,2022-07-13
CUST_007698,Harold Hernandez,Male,44.0,Seattle,WA,2023-05-31
CUST_007699,Evelyn Reed,Female,31.0,New York,NY,2022-12-07
CUST_007700,Scott Turner,Male,52.0,Houston,TX,2023-03-04
CUST_007701,Cheryl Williams,Female,27.0,New York,NY,2022-10-02
CUST_007702,Bryan Ward,Male,38.0,San Diego,CA,2023-07-05
CUST_007703,Steven Walker,Male,31.0,Seattle,WA,2023-12-15
CUST_007704,John Edwards,Male,48.0,New York,NY,2022-01-24
CUST_007705,Gloria Garcia,Female,47.0,Detroit,MI,2022-08-26
CUST_007706,Anna James,Female,55.0,Houston,TX,2023-08-25
CUST_007707,Janet Hall,Female,40.0,Chicago,IL,2023-09-15
CUST_007708,Donna Gonzalez,Female,18.0,Los Angeles,CA,2022-10-23
CUST_007709,Ann Clark,Female,33.0,Los Angeles,CA,2022-10-16
CUST_007710,Zachary Hill,Male,58.0,Miami,FL,2023-10-13
CUST_007711,Judy Moore,Female,34.0,San Antonio,TX,2023-05-28
CUST_007712,Scott Cox,Male,18.0,Atlanta,GA,2023-01-13
CUST_007713,Grace Martin,Female,44.0,Chicago,IL,2022-03-03
CUST_007714,Debra Bailey,Female,,Houston,TX,2023-08-07
CUST_007715,Julie White,Female,29.0,Phoenix,AZ,2022-10-22
CUST_007716,Kelly Allen,Female,35.0,Philadelphia,PA,2023-06-12
CUST_007717,Brandon Kelly,Male,28.0,New York,NY,2023-09-26
CUST_007718,Frank Jones,male,45.0,New York,NY,2023-03-15
CUST_007719,Paul Ramos,Male,39.0,Charlotte,NC,2022-09-16
CUST_007720,Kathleen James,Female,24.0,Seattle,WA,2022-08-10
CUST_007721,Christina Stewart,Female,38.0,New York,NY,2023-09-14
CUST_007722,Michael Taylor,Male,29.0,Boston,MA,2024-01-20
CUST_007723,Christina Wood,Female,57.0,Houston,TX,2024-03-18
CUST_007724,Stephanie Parker,Female,50.0,Atlanta,GA,2023-11-21
CUST_007725,Kevin Martinez,Male,37.0,Portland,OR,2023-07-01
CUST_007726,Lauren Carter,Female,40.0,New York,NY,2024-01-02
CUST_007727,Donna Lewis,Female,51.0,Charlotte,NC,2023-01-13
CUST_007728,Judy Perez,Female,36.0,Los Angeles,CA,2024-01-14
CUST_007729,Jordan Parker,Male,48.0,Chicago,IL,2023-02-16
CUST_007730,Nicole Smith,Female,57.0,Austin,TX,2023-06-25
CUST_007731,Nicholas Green,Male,32.0,Denver,CO,2022-06-29
CUST_007732,Susan Wright,Female,59.0,Los Angeles,CA,2023-04-11
CUST_007733,Hannah Williams,Female,55.0,Los Angeles,CA,2022-12-03
CUST_007734,Margaret Hill,Female,42.0,Chicago,IL,2022-12-25
CUST_007735,Lawrence Walker,Male,33.0,Houston,TX,2023-06-27
CUST_007736,Denise Adams,Female,41.0,Houston,TX,2024-01-14
CUST_007737,Charles Anderson,Male,35.0,Los Angeles,CA,2023-12-07
CUST_007738,Lauren Roberts,Female,29.0,Charlotte,NC,2022-12-10
CUST_007739,Helen Gray,Female,45.0,Atlanta,GA,2023-10-04
CUST_007740,Carolyn Moore,Female,26.0,Charlotte,NC,2023-05-20
CUST_007741,Ashley Ramirez,Female,34.0,New York,NY,2022-12-09
CUST_007742,Evelyn Davis,Female,34.0,New York,NY,2024-01-31
CUST_007743,Anthony Cruz,Male,21.0,San Diego,CA,2022-06-20
CUST_007744,Terry Roberts,Male,47.0,Austin,TX,2023-11-23
CUST_007745,Larry Bailey,Male,36.0,San Jose,CA,2022-08-09
CUST_007746,Tyler Garcia,Male,55.0,New York,NY,2024-01-21
CUST_007747,Arthur Rivera,Male,35.0,Miami,FL,2023-09-25
CUST_007748,Kyle Carter,M,33.0,San Antonio,TX,2023-03-16
CUST_007749,Carolyn Campbell,Female,27.0,Houston,TX,2022-03-27
CUST_007750,Nicholas Ramirez,Male,39.0,San Antonio,TX,2022-07-09
CUST_007751,Larry Clark,Male,39.0,New York,NY,2022-06-24
CUST_007752,Cynthia Wood,,48.0,Los Angeles,CA,2023-10-24
CUST_007753,Jesse Green,Male,39.0,Charlotte,NC,2023-07-15
CUST_007754,Kenneth Wilson,Male,65.0,Dallas,TX,2022-08-14
CUST_007755,Anna Baker,Female,44.0,New York,NY,2022-12-26
CUST_007756,Jeremy Walker,Male,26.0,Chicago,IL,2022-11-05
CUST_007757,Kathleen Baker,Female,25.0,Los Angeles,CA,2023-08-07
CUST_007758,Kathryn Nelson,Female,45.0,Detroit,MI,2022-11-24
CUST_007759,Carol Gray,female,26.0,Atlanta,GA,2023-10-29
CUST_007760,Robert Brown,Male,46.0,San Diego,CA,2023-09-06
CUST_007761,Olivia Flores,Female,50.0,Portland,OR,2022-09-06
CUST_007762,Benjamin Jones,Male,50.0,Houston,TX,2022-11-18
CUST_007763,Alice Scott,Female,28.0,Miami,FL,2023-05-21
CUST_007764,Brenda Turner,female,50.0,Philadelphia,PA,2024-01-31
CUST_007765,Christopher Phillips,Male,43.0,Miami,FL,2022-05-01
CUST_007766,Laura Adams,Female,,Detroit,MI,2022-12-18
CUST_007767,Gary Thomas,Male,37.0,Philadelphia,PA,2023-06-28
CUST_007768,Heather Cruz,Female,44.0,Los Angeles,CA,2022-11-19
CUST_007769,Kevin James,Male,30.0,Los Angeles,CA,2022-10-19
CUST_007770,Patrick Morris,Male,42.0,Chicago,IL,2023-02-17
CUST_007771,Jean Kim,Female,57.0,Los Angeles,CA,2022-07-21
CUST_007772,Pamela Morales,Female,51.0,Phoenix,AZ,2023-07-01
CUST_007773,Virginia Campbell,Female,40.0,San Antonio,TX,2024-01-11
CUST_007774,Andrew Peterson,Male,41.0,New York,NY,2024-02-02
CUST_007775,Keith Kim,Male,32.0,Detroit,MI,2023-03-21
CUST_007776,Dorothy Davis,Female,32.0,New York,NY,2022-10-22
CUST_007777,Heather Lee,Female,19.0,Los Angeles,CA,2023-01-07
CUST_007778,Timothy Jackson,Male,42.0,New York,NY,2022-08-24
CUST_007779,Barbara Taylor,Female,47.0,Charlotte,NC,2023-06-28
CUST_007780,Ronald Green,Male,38.0,Phoenix,AZ,2022-05-25
CUST_007781,Steven Hall,Male,28.0,Los Angeles,CA,2022-11-13
CUST_007782,Kathryn Sanchez,Female,39.0,New York,NY,2022-06-30
CUST_007783,Dorothy Peterson,Female,55.0,Houston,TX,2022-08-02
CUST_007784,Sophia Anderson,Female,50.0,Charlotte,NC,2023-08-21
CUST_007785,Katherine Reyes,Female,38.0,San Diego,CA,2024-03-26
CUST_007786,Paul Morris,Male,,Houston,TX,2023-08-23
CUST_007787,Gary Nguyen,Male,72.0,Houston,TX,2022-09-07
CUST_007788,Mark Murphy,Male,32.0,New York,NY,2023-01-28
CUST_007789,Roger Baker,Male,35.0,San Diego,CA,2023-07-20
CUST_007790,Lisa Moore,Female,47.0,Phoenix,AZ,2024-01-04
CUST_007791,Carl Reed,Male,27.0,Denver,CO,2023-09-20
CUST_007792,Linda Nguyen,Female,49.0,Los Angeles,CA,2022-06-05
CUST_007793,Stephanie Mitchell,Female,40.0,Los Angeles,CA,2023-07-02
CUST_007794,Nancy Phillips,Female,43.0,Dallas,TX,2022-07-25
CUST_007795,Nathan Peterson,Male,31.0,Denver,CO,2022-12-31
CUST_007796,Benjamin Cruz,Male,29.0,San Antonio,TX,2024-03-08
CUST_007797,Alice Martin,Female,18.0,Atlanta,GA,2024-01-20
CUST_007798,Ryan White,Male,57.0,Miami,FL,2022-09-19
CUST_007799,Linda Brooks,Female,50.0,Detroit,MI,2023-09-30
CUST_007800,Andrea Lopez,Female,47.0,Phoenix,AZ,2022-11-23
CUST_007801,Heather Allen,Female,43.0,Detroit,MI,2022-01-09
CUST_007802,Roger Phillips,Male,18.0,Denver,CO,2023-12-23
CUST_007803,Pamela Diaz,Female,29.0,Austin,TX,2023-12-05
CUST_007804,Judith Carter,Female,35.0,Dallas,TX,2022-10-23
CUST_007805,Sandra King,Female,25.0,New York,NY,2023-10-31
CUST_007806,Jordan Nelson,Male,18.0,Dallas,TX,2022-02-05
CUST_007807,Anthony Martinez,Male,26.0,Boston,MA,2023-05-14
CUST_007808,Teresa Mendoza,Female,39.0,Charlotte,NC,2024-03-19
CUST_007809,Steven Hernandez,Male,39.0,Philadelphia,PA,2023-11-11
CUST_007810,Hannah Stewart,Female,50.0,Charlotte,NC,2023-06-10
CUST_007811,Madison Cook,Female,64.0,Los Angeles,CA,2022-12-24
CUST_007812,Terry Hall,Male,47.0,Portland,OR,2023-10-05
CUST_007813,Scott Evans,Male,36.0,Dallas,TX,2024-03-15
CUST_007814,Pamela Cruz,Female,61.0,San Jose,CA,2022-07-20
CUST_007815,Roger Turner,Male,19.0,Dallas,TX,2022-02-25
CUST_007816,Heather James,Female,18.0,Charlotte,NC,2023-01-03
CUST_007817,Jerry Smith,Male,27.0,New York,NY,2023-04-26
CUST_007818,Andrew Thompson,Male,49.0,Phoenix,AZ,2022-09-08
CUST_007819,Stephen Cox,Male,41.0,Minneapolis,MN,2023-07-11
CUST_007820,Amy Cooper,Female,,Los Angeles,CA,2022-11-02
CUST_007821,Adam Turner,Male,29.0,Dallas,TX,2024-03-19
CUST_007822,Donald Ward,Male,23.0,San Diego,CA,2022-09-27
CUST_007823,Anna Roberts,Female,23.0,Atlanta,GA,2023-11-21
CUST_007824,Sara Green,Female,58.0,Detroit,MI,2024-03-08
CUST_007825,Alexander Lopez,Male,37.0,Chicago,IL,2023-04-13
CUST_007826,Janice Wright,Female,61.0,Seattle,WA,2022-07-27
CUST_007827,Andrew Martin,Male,27.0,San Diego,CA,2024-01-19
CUST_007828,Emma Davis,Female,45.0,San Jose,CA,2023-01-24
CUST_007829,Benjamin Smith,Male,41.0,Los Angeles,CA,2023-05-17
CUST_007830,Anna Martin,Female,49.0,Chicago,IL,2022-02-24
CUST_007831,Nathan Turner,Male,42.0,San Diego,CA,2022-12-09
CUST_007832,Daniel Garcia,Male,51.0,New York,NY,2023-05-26
CUST_007833,Rachel Ramirez,Female,45.0,Denver,CO,2023-09-05
CUST_007834,Daniel Cox,Male,25.0,Los Angeles,CA,2024-02-28
CUST_007835,Tyler Garcia,Male,48.0,Portland,OR,2023-06-16
CUST_007836,Teresa Gray,Female,37.0,Miami,FL,2022-10-02
CUST_007837,Patricia Roberts,Female,29.0,Austin,TX,2023-05-27
CUST_007838,Larry Gomez,Male,47.0,Minneapolis,MN,2022-03-20
CUST_007839,Brandon Flores,Male,50.0,Charlotte,NC,2022-06-07
CUST_007840,Evelyn Roberts,Female,32.0,Boston,MA,2022-12-12
CUST_007841,David Taylor,Male,34.0,Austin,TX,2022-01-26
CUST_007842,Anna Jones,Female,21.0,Philadelphia,PA,2022-03-25
CUST_007843,Hannah Hall,Female,18.0,Atlanta,GA,2022-01-09
CUST_007844,Gregory Hill,Male,35.0,Denver,CO,2022-07-10
CUST_007845,Megan Bennett,female,48.0,San Antonio,TX,2023-12-07
CUST_007846,Kathleen Stewart,Female,31.0,San Antonio,TX,2022-12-12
CUST_007847,Abigail Wilson,Female,56.0,Chicago,IL,2024-01-27
CUST_007848,Susan Carter,Female,36.0,Atlanta,GA,2024-01-16
CUST_007849,Jessica Nelson,Female,36.0,Minneapolis,MN,2024-01-01
CUST_007850,Gregory Gray,Male,35.0,New York,NY,2022-08-08
CUST_007851,Justin Cooper,Male,51.0,New York,NY,2022-12-04
CUST_007852,Aaron Johnson,Male,27.0,Charlotte,NC,2023-03-19
CUST_007853,Andrew Edwards,Male,37.0,Los Angeles,CA,2023-02-17
CUST_007854,Michelle Murphy,Female,32.0,Denver,CO,2022-03-29
CUST_007855,Megan Stewart,Female,31.0,San Antonio,TX,2022-09-03
CUST_007856,George Gonzalez,Male,39.0,San Diego,CA,2023-07-14
CUST_007857,Evelyn Anderson,Female,37.0,New York,NY,2023-08-24
CUST_007858,Joyce Lee,Female,52.0,Los Angeles,CA,2022-12-23
CUST_007859,Richard Torres,male,38.0,Dallas,TX,2022-10-25
CUST_007860,Douglas Cox,Male,45.0,Phoenix,AZ,2023-06-18
CUST_007861,Terry White,Male,41.0,Atlanta,GA,2023-08-15
CUST_007862,Gloria Morales,Female,56.0,Charlotte,NC,2023-09-18
CUST_007863,Mary Thomas,Female,35.0,Atlanta,GA,2023-11-27
CUST_007864,Carolyn Garcia,Female,35.0,Phoenix,AZ,2023-06-17
CUST_007865,Arthur Cooper,Male,48.0,San Antonio,TX,2023-01-04
CUST_007866,Diane James,Female,35.0,Los Angeles,CA,2022-12-09
CUST_007867,Deborah Parker,Female,45.0,Seattle,WA,2022-02-08
CUST_007868,Kimberly Smith,Female,68.0,Philadelphia,PA,2023-02-05
CUST_007869,Nathan Jones,Male,26.0,Miami,FL,2024-01-05
CUST_007870,Ethan Hall,Male,58.0,San Jose,CA,2023-07-19
CUST_007871,Jean Wilson,Female,32.0,Los Angeles,CA,2023-06-24
CUST_007872,Janice Murphy,Female,55.0,Phoenix,AZ,2022-08-19
CUST_007873,Laura Edwards,Female,47.0,Seattle,WA,2023-06-26
CUST_007874,Ruth Parker,Female,46.0,Miami,FL,2022-07-09
CUST_007875,Thomas Thomas,Male,37.0,Houston,TX,2022-12-03
CUST_007876,Sarah Edwards,Female,35.0,Seattle,WA,2023-06-17
CUST_007877,David Rodriguez,Male,29.0,Los Angeles,CA,2022-02-20
CUST_007878,Lawrence Diaz,MALE,39.0,Detroit,MI,2022-11-07
CUST_007879,Matthew Baker,Male,36.0,Dallas,TX,2022-04-08
CUST_007880,Scott Rivera,Male,41.0,Boston,MA,2022-06-23
CUST_007881,Pamela Evans,Female,21.0,Phoenix,AZ,2022-12-12
CUST_007882,Sharon Campbell,Female,39.0,Portland,OR,2023-09-05
CUST_007883,Carolyn Richardson,Female,54.0,Denver,CO,2022-09-29
CUST_007884,James Ramirez,Male,50.0,Los Angeles,CA,2022-01-23
CUST_007885,Angela Reyes,Female,39.0,San Diego,CA,2023-01-21
CUST_007886,Samantha Perez,Female,71.0,Chicago,IL,2022-08-17
CUST_007887,Martha Nelson,Female,31.0,Miami,FL,2023-11-04
CUST_007888,Christina Mitchell,Female,37.0,Boston,MA,2023-12-04
CUST_007889,Noah Cruz,Male,20.0,San Antonio,TX,2023-08-20
CUST_007890,Jacob Smith,Male,33.0,Chicago,IL,2023-07-09
CUST_007891,Daniel Morales,Male,61.0,Miami,FL,2023-10-02
CUST_007892,Nicholas Hill,Male,34.0,Miami,FL,2023-01-02
CUST_007893,Judy Peterson,Female,19.0,San Antonio,TX,2023-08-06
CUST_007894,Donna Martinez,Female,49.0,Denver,CO,2023-02-07
CUST_007895,Sandra Morgan,Female,43.0,Chicago,IL,2023-02-16
CUST_007896,Jesse Baker,Male,49.0,Houston,TX,2023-11-11
CUST_007897,Jesse Bennett,Male,35.0,Portland,OR,2023-11-13
CUST_007898,Betty Lopez,Female,26.0,Denver,CO,2023-01-22
CUST_007899,Ethan Thomas,Male,36.0,New York,NY,2024-02-19
CUST_007900,Pamela Thomas,Female,45.0,Philadelphia,PA,2023-05-15
CUST_007901,Katherine Reed,Female,38.0,Phoenix,AZ,2023-04-03
CUST_007902,Brandon Chavez,Male,43.0,Chicago,IL,2023-04-14
CUST_007903,Bryan King,Male,32.0,Charlotte,NC,2023-11-05
CUST_007904,Mark Carter,Male,44.0,Los Angeles,CA,2024-03-10
CUST_007905,Ethan Parker,Male,38.0,Houston,TX,2023-09-03
CUST_007906,Mary Kelly,Female,30.0,Miami,FL,2022-12-03
CUST_007907,Tyler Martinez,Male,40.0,Los Angeles,CA,2023-04-26
CUST_007908,Jose Rogers,Male,34.0,Houston,TX,2022-11-03
CUST_007909,Andrea King,Female,46.0,San Jose,CA,2023-08-08
CUST_007910,Abigail Gomez,Female,49.0,Houston,TX,2024-03-30
CUST_007911,Walter Allen,MALE,45.0,Phoenix,AZ,2024-01-02
CUST_007912,Judith Gonzalez,Female,18.0,San Diego,CA,2023-03-22
CUST_007913,Amanda Cook,Female,26.0,Portland,OR,2022-12-04
CUST_007914,Jordan Garcia,Male,31.0,Minneapolis,MN,2023-03-06
CUST_007915,Justin Miller,Male,29.0,New York,NY,2022-11-11
CUST_007916,Eric Smith,Male,32.0,Dallas,TX,2024-03-25
CUST_007917,Benjamin Reed,male,50.0,San Jose,CA,2022-07-30
CUST_007918,Shirley Perez,Female,47.0,Houston,TX,2023-11-26
CUST_007919,Jack Rodriguez,Male,33.0,Chicago,IL,2023-02-03
CUST_007920,Cynthia Smith,Female,46.0,Austin,TX,2023-08-06
CUST_007921,Joshua Garcia,Male,43.0,Phoenix,AZ,2024-02-10
CUST_007922,Abigail Garcia,Female,38.0,Detroit,MI,2023-06-23
CUST_007923,Lawrence Ortiz,Male,53.0,Los Angeles,CA,2023-07-11
CUST_007924,Brandon Stewart,Male,30.0,New York,NY,2022-02-10
CUST_007925,Dylan Thomas,Male,39.0,Detroit,MI,2022-05-19
CUST_007926,Brenda Watson,Female,25.0,Minneapolis,MN,2023-05-15
CUST_007927,Angela Martin,Female,26.0,Phoenix,AZ,2022-12-28
CUST_007928,Jean Wright,Female,21.0,Boston,MA,2023-07-06
CUST_007929,Olivia Garcia,Female,26.0,Miami,FL,2023-01-09
CUST_007930,Ethan Ortiz,Male,40.0,Chicago,IL,2022-07-04
CUST_007931,Brenda Moore,Female,35.0,San Jose,CA,2023-11-17
CUST_007932,Nicholas Walker,Male,35.0,Denver,CO,2023-12-20
CUST_007933,Jessica Davis,Female,35.0,Houston,TX,2024-03-10
CUST_007934,Sophia Williams,Female,61.0,Portland,OR,2022-07-29
CUST_007935,Andrew Torres,Male,24.0,Charlotte,NC,2022-11-07
CUST_007936,Christine Peterson,Female,23.0,San Antonio,TX,2022-10-11
CUST_007937,Karen Allen,Female,28.0,New York,NY,2024-02-14
CUST_007938,Joyce King,Female,38.0,Detroit,MI,2023-06-27
CUST_007939,Shirley Diaz,Female,45.0,San Diego,CA,2024-02-09
CUST_007940,Ethan Turner,Male,46.0,Los Angeles,CA,2024-01-19
CUST_007941,Rachel Brooks,Female,50.0,Denver,CO,2022-09-08
CUST_007942,Nancy Lee,Female,37.0,Seattle,WA,2023-02-14
CUST_007943,James Wilson,Male,34.0,Los Angeles,CA,2023-02-02
CUST_007944,Steven Roberts,Male,59.0,Chicago,IL,2023-04-03
CUST_007945,Zachary Martin,Male,18.0,Miami,FL,2024-03-29
CUST_007946,Teresa Lewis,Female,39.0,Charlotte,NC,2022-07-03
CUST_007947,Jason Gonzalez,Male,44.0,Phoenix,AZ,2023-10-31
CUST_007948,Carolyn Jones,Female,62.0,Los Angeles,CA,2022-08-23
CUST_007949,Carol Hernandez,Female,18.0,Houston,TX,2023-10-08
CUST_007950,Terry Cook,Male,33.0,San Antonio,TX,2022-07-31
CUST_007951,Bryan Mitchell,Male,22.0,Chicago,IL,2023-05-04
CUST_007952,Walter Gutierrez,Male,18.0,Austin,TX,2023-08-18
CUST_007953,Joseph Mendoza,Male,36.0,New York,NY,2023-02-17
CUST_007954,Emma Lee,Female,49.0,Atlanta,GA,2024-03-09
CUST_007955,Jordan Diaz,Male,54.0,Miami,FL,2023-09-14
CUST_007956,Andrew Rodriguez,Male,32.0,Boston,MA,2022-06-17
CUST_007957,Victoria Clark,Female,47.0,Chicago,IL,2022-12-30
CUST_007958,Alice Wood,Female,36.0,Austin,TX,2022-11-09
CUST_007959,Cheryl Rogers,Female,45.0,Houston,TX,2022-10-24
CUST_007960,Dennis Torres,Male,53.0,Phoenix,AZ,2022-08-08
CUST_007961,Debra Thomas,Female,36.0,Denver,CO,2022-07-14
CUST_007962,Abigail Sanchez,Female,52.0,Miami,FL,2024-01-06
CUST_007963,Gary Allen,Male,23.0,Miami,FL,2024-03-24
CUST_007964,Austin Scott,Male,47.0,Chicago,IL,2022-06-19
CUST_007965,Pamela Chavez,Female,51.0,San Jose,CA,2023-11-13
CUST_007966,Walter Mendoza,Male,50.0,Chicago,IL,2022-08-23
CUST_007967,Arthur Howard,Male,24.0,Austin,TX,2023-04-30
CUST_007968,Patrick Robinson,Male,36.0,Houston,TX,2022-07-25
CUST_007969,Rebecca Sanchez,Female,42.0,Atlanta,GA,2022-10-02
CUST_007970,Elizabeth Green,Female,44.0,Portland,OR,2023-01-31
CUST_007971,Keith Jackson,Male,40.0,Chicago,IL,2023-09-14
CUST_007972,Julie Anderson,Female,56.0,Minneapolis,MN,2023-03-23
CUST_007973,Kevin Ortiz,Male,22.0,Denver,CO,2023-11-26
CUST_007974,Frances Green,Female,35.0,Dallas,TX,2022-04-16
CUST_007975,Arthur Kelly,Male,18.0,San Diego,CA,2023-06-08
CUST_007976,Terry Parker,Male,46.0,Houston,TX,2022-04-26
CUST_007977,Dennis Scott,Male,45.0,Los Angeles,CA,2022-05-08
CUST_007978,Joe Collins,Male,80.0,New York,NY,2022-11-05
CUST_007979,Carl Allen,Male,51.0,Denver,CO,2022-04-25
CUST_007980,Sarah Hall,Female,43.0,Los Angeles,CA,2023-11-02
CUST_007981,Grace Edwards,Female,42.0,San Antonio,TX,2023-04-19
CUST_007982,Alexander Flores,Male,35.0,Minneapolis,MN,2023-08-01
CUST_007983,Arthur Brooks,Male,,Seattle,WA,2022-03-04
CUST_007984,Walter Scott,Male,42.0,Los Angeles,CA,2022-08-20
CUST_007985,Aaron Parker,Male,18.0,Denver,CO,2023-05-01
CUST_007986,Sharon Murphy,Female,41.0,Los Angeles,CA,2022-04-01
CUST_007987,Robert Clark,Male,40.0,Boston,MA,2022-06-20
CUST_007988,Brian Ramos,Male,60.0,New York,NY,2022-01-25
CUST_007989,Nathan Reyes,Male,37.0,Los Angeles,CA,2024-02-02
CUST_007990,Carl Morris,Male,29.0,Portland,OR,2023-02-17
CUST_007991,James Kim,Male,42.0,Chicago,IL,2022-02-20
CUST_007992,Steven Kelly,Male,39.0,Los Angeles,CA,2023-03-13
CUST_007993,Kelly Cruz,Female,37.0,Los Angeles,CA,2024-01-17
CUST_007994,Brian Jones,Male,23.0,Houston,TX,2022-07-18
CUST_007995,Betty Watson,Female,37.0,Miami,FL,2022-09-02
CUST_007996,Susan Lee,Female,31.0,Los Angeles,CA,2024-03-19
CUST_007997,Joyce Anderson,Female,36.0,New York,NY,2023-12-26
CUST_007998,Diane Howard,Female,48.0,Miami,FL,2023-05-21
CUST_007999,Sara Sanchez,Female,30.0,Chicago,IL,2022-07-15
CUST_008000,Ronald Allen,Male,36.0,New York,NY,2022-08-15
CUST_008001,Christopher Hall,Male,45.0,New York,NY,2023-12-31
CUST_008002,Harold Young,Male,35.0,Detroit,MI,2023-08-23
CUST_008003,Grace Turner,Female,71.0,San Diego,CA,2022-12-11
CUST_008004,Kathleen Morgan,Female,42.0,Austin,TX,2022-01-30
CUST_008005,Carl Ortiz,Male,23.0,Austin,TX,2022-05-26
CUST_008006,Ethan Parker,Male,28.0,San Diego,CA,2023-10-01
CUST_008007,Austin Hall,Male,27.0,Boston,MA,2023-08-04
CUST_008008,Eric Lee,Male,28.0,Detroit,MI,2022-12-18
CUST_008009,Thomas Thompson,Male,45.0,San Jose,CA,2023-06-23
CUST_008010,Charles Diaz,Male,25.0,Miami,FL,2023-10-19
CUST_008011,Ethan Martin,Male,34.0,New York,NY,2023-07-31
CUST_008012,Carl Perez,Male,53.0,San Antonio,TX,2022-09-03
CUST_008013,Larry Jones,Male,32.0,Austin,TX,2024-02-28
CUST_008014,Barbara Garcia,Female,47.0,Los Angeles,CA,2022-01-27
CUST_008015,Barbara Cooper,Female,18.0,Los Angeles,CA,2023-05-27
CUST_008016,Diane Ward,Female,34.0,Los Angeles,CA,2022-08-19
CUST_008017,Arthur Nelson,Male,27.0,Chicago,IL,2023-09-15
CUST_008018,Gary Wright,Male,42.0,Atlanta,GA,2023-05-31
CUST_008019,Virginia Torres,Female,26.0,New York,NY,2022-07-24
CUST_008020,Alexander Howard,Male,64.0,Austin,TX,2023-04-18
CUST_008021,Kathryn Harris,Female,18.0,New York,NY,2023-04-28
CUST_008022,Teresa Evans,F,53.0,Austin,TX,2023-02-08
CUST_008023,Donald Hill,Male,49.0,Chicago,IL,2022-02-17
CUST_008024,Kelly Wood,FEMALE,42.0,Los Angeles,CA,2022-08-03
CUST_008025,Sara Ramirez,Female,39.0,Philadelphia,PA,2024-03-11
CUST_008026,Alice Smith,Female,,Chicago,IL,2022-07-17
CUST_008027,Diane Gomez,Female,69.0,Phoenix,AZ,2023-03-11
CUST_008028,Mark Johnson,Male,36.0,San Jose,CA,2022-10-23
CUST_008029,Patrick Murphy,Male,40.0,Portland,OR,2023-10-20
CUST_008030,Adam Lopez,Male,32.0,Austin,TX,2023-06-12
CUST_008031,Kevin Rogers,Male,24.0,San Antonio,TX,2023-09-21
CUST_008032,Sophia Stewart,Female,44.0,Dallas,TX,2023-07-26
CUST_008033,Andrew Nelson,Male,42.0,San Antonio,TX,2023-04-16
CUST_008034,Jean James,Female,18.0,Dallas,TX,2024-03-05
CUST_008035,Pamela Green,Female,44.0,Dallas,TX,2023-09-12
CUST_008036,James Kelly,Male,42.0,San Antonio,TX,2023-09-02
CUST_008037,Janet Ramirez,Female,31.0,Atlanta,GA,2023-09-03
CUST_008038,Olivia Edwards,Female,30.0,Phoenix,AZ,2023-03-18
CUST_008039,Madison Allen,Female,44.0,New York,NY,2023-07-31
CUST_008040,Alexander Edwards,Male,59.0,San Jose,CA,2023-07-02
CUST_008041,Sarah Chavez,Female,43.0,Atlanta,GA,2024-01-18
CUST_008042,Abigail Morales,Female,48.0,Boston,MA,2024-03-17
CUST_008043,Frank Collins,Male,28.0,Chicago,IL,2023-03-31
CUST_008044,Melissa Allen,,33.0,San Jose,CA,2023-06-29
CUST_008045,Sean Carter,Male,46.0,Charlotte,NC,2022-10-19
CUST_008046,Lisa Green,Female,22.0,New York,NY,2023-12-20
CUST_008047,Joseph Nelson,Male,41.0,San Diego,CA,2023-09-18
CUST_008048,Gregory Chavez,,45.0,Chicago,IL,2024-02-10
CUST_008049,Jerry Jackson,Male,38.0,Atlanta,GA,2023-07-03
CUST_008050,Benjamin Mitchell,Male,42.0,Houston,TX,2023-09-16
CUST_008051,Abigail Evans,Female,39.0,Denver,CO,2022-04-14
CUST_008052,Kevin Ramos,Male,31.0,Los Angeles,CA,2023-07-04
CUST_008053,Jordan Perez,Male,24.0,New York,NY,2023-01-02
CUST_008054,John Cruz,Male,37.0,New York,NY,2023-04-19
CUST_008055,Charles Campbell,Male,55.0,Chicago,IL,2022-11-20
CUST_008056,Mark Williams,Male,51.0,Miami,FL,2022-10-17
CUST_008057,Richard Thompson,Male,34.0,Los Angeles,CA,2023-12-03
CUST_008058,Emma Kelly,Female,34.0,New York,NY,2023-05-28
CUST_008059,Carl Carter,Male,33.0,Miami,FL,2022-09-16
CUST_008060,Christian Kelly,Male,33.0,Houston,TX,2023-10-27
CUST_008061,Kyle Moore,Male,42.0,Dallas,TX,2022-03-24
CUST_008062,Mary Mendoza,Female,52.0,New York,NY,2022-10-22
CUST_008063,Carl Kim,Male,67.0,Detroit,MI,2022-11-29
CUST_008064,Gary Howard,Male,28.0,San Antonio,TX,2022-07-06
CUST_008065,Peter Moore,Male,47.0,New York,NY,2023-12-18
CUST_008066,Evelyn Diaz,Female,45.0,San Jose,CA,2023-08-22
CUST_008067,Ashley Thompson,Female,34.0,Houston,TX,2023-08-20
CUST_008068,Debra Richardson,Female,26.0,Houston,TX,2023-06-23
CUST_008069,Abigail Howard,Female,42.0,Phoenix,AZ,2023-01-04
CUST_008070,Kevin Green,Male,65.0,San Antonio,TX,2023-08-11
CUST_008071,Joan Ward,Female,42.0,Austin,TX,2023-10-06
CUST_008072,Dylan Collins,Male,29.0,Los Angeles,CA,2023-05-13
CUST_008073,Kathleen Perez,Female,37.0,Boston,MA,2023-03-21
CUST_008074,Angela Brown,Female,24.0,New York,NY,2022-08-19
CUST_008075,Larry Flores,Male,39.0,Seattle,WA,2022-04-03
CUST_008076,Martha Wilson,Female,47.0,Los Angeles,CA,2022-02-16
CUST_008077,Emma Baker,Female,30.0,Philadelphia,PA,2023-09-20
CUST_008078,Katherine Kim,Female,18.0,Dallas,TX,2022-12-09
CUST_008079,Paul Ward,Male,42.0,San Jose,CA,2023-09-16
CUST_008080,Jordan Howard,Male,32.0,Atlanta,GA,2023-04-19
CUST_008081,Kathryn Gutierrez,female,29.0,San Diego,CA,2023-03-02
CUST_008082,Dennis Rogers,Male,29.0,Minneapolis,MN,2023-07-20
CUST_008083,Judy Ortiz,Female,44.0,Portland,OR,2022-07-12
CUST_008084,Nathan Turner,Male,33.0,Charlotte,NC,2024-03-17
CUST_008085,Judy Miller,Female,50.0,Houston,TX,2022-11-24
CUST_008086,Matthew Morgan,Male,50.0,New York,NY,2023-10-29
CUST_008087,Andrew Sanchez,Male,35.0,Denver,CO,2022-09-11
CUST_008088,Kathryn Lewis,Female,32.0,Chicago,IL,2023-03-18
CUST_008089,Brenda Green,Female,40.0,Boston,MA,2023-04-12
CUST_008090,Amy Morgan,Female,37.0,New York,NY,2022-11-03
CUST_008091,Andrea Cox,Female,18.0,Boston,MA,2022-12-09
CUST_008092,Olivia Thompson,Female,62.0,New York,NY,2023-02-20
CUST_008093,Cynthia Nelson,Female,47.0,Minneapolis,MN,2023-12-14
CUST_008094,Gary Richardson,Male,33.0,San Jose,CA,2023-04-13
CUST_008095,Anna Hernandez,Female,18.0,Los Angeles,CA,2022-04-08
CUST_008096,Christopher Rivera,Male,36.0,San Antonio,TX,2022-08-13
CUST_008097,Michelle Rogers,Female,31.0,San Antonio,TX,2024-03-22
CUST_008098,Alexander Rodriguez,Male,38.0,Minneapolis,MN,2022-04-09
CUST_008099,Hannah Anderson,Female,18.0,San Diego,CA,2023-08-03
CUST_008100,Eric Miller,Male,33.0,San Diego,CA,2022-08-08
CUST_008101,Angela Jones,Female,33.0,Houston,TX,2023-02-17
CUST_008102,Virginia Chavez,Female,36.0,Denver,CO,2022-12-17
CUST_008103,Matthew Mitchell,Male,36.0,New York,NY,2024-03-16
CUST_008104,Jacob Ramirez,Male,39.0,Charlotte,NC,2023-05-23
CUST_008105,Steven Gomez,Male,58.0,Austin,TX,2022-09-13
CUST_008106,Virginia Mendoza,Female,32.0,Miami,FL,2023-07-02
CUST_008107,Karen Ramirez,Female,27.0,Boston,MA,2022-03-20
CUST_008108,Stephen Evans,Male,18.0,Los Angeles,CA,2024-02-12
CUST_008109,Jack Reyes,Male,32.0,Chicago,IL,2022-12-06
CUST_008110,Roger Cruz,Male,21.0,Chicago,IL,2024-01-15
CUST_008111,Evelyn Campbell,Female,51.0,Chicago,IL,2023-11-26
CUST_008112,Julia Young,Female,37.0,New York,NY,2022-07-15
CUST_008113,Nathan Scott,MALE,50.0,Miami,FL,2024-03-06
CUST_008114,Jason Mendoza,Male,57.0,San Diego,CA,2024-03-25
CUST_008115,Michelle Rodriguez,Female,28.0,Dallas,TX,2023-11-23
CUST_008116,William Perez,Male,34.0,San Antonio,TX,2023-03-05
CUST_008117,Brian Mitchell,Male,55.0,Los Angeles,CA,2023-08-21
CUST_008118,Nancy Rodriguez,Female,41.0,Philadelphia,PA,2022-03-30
CUST_008119,Amy Harris,Female,45.0,Chicago,IL,2024-02-08
CUST_008120,Douglas Bennett,Male,51.0,Minneapolis,MN,2022-08-18
CUST_008121,Lauren Morales,Female,50.0,Seattle,WA,2023-09-22
CUST_008122,Ronald Peterson,Male,44.0,Los Angeles,CA,2023-11-20
CUST_008123,Benjamin Rodriguez,Male,56.0,Seattle,WA,2024-03-11
CUST_008124,Donna Smith,Female,38.0,San Diego,CA,2023-12-06
CUST_008125,Benjamin Gutierrez,Male,45.0,New York,NY,2023-12-02
CUST_008126,Debra Stewart,Female,36.0,New York,NY,2023-09-14
CUST_008127,Stephanie Mitchell,Female,51.0,Los Angeles,CA,2023-06-11
CUST_008128,Kenneth Martin,Male,30.0,Atlanta,GA,2022-02-17
CUST_008129,Joe Peterson,Male,18.0,Miami,FL,2024-03-13
CUST_008130,Carolyn Davis,Female,47.0,Austin,TX,2023-03-03
CUST_008131,Patrick Adams,Male,26.0,New York,NY,2023-11-17
CUST_008132,James Lee,Male,25.0,Houston,TX,2023-01-03
CUST_008133,Mark Moore,Male,54.0,Phoenix,AZ,2023-03-09
CUST_008134,Jeffrey Jones,Male,51.0,Chicago,IL,2023-03-14
CUST_008135,Sophia Stewart,Female,34.0,Dallas,TX,2024-03-24
CUST_008136,Sandra Edwards,Female,18.0,New York,NY,2022-08-08
CUST_008137,Timothy Young,Male,45.0,New York,NY,2023-04-14
CUST_008138,Denise Jackson,Female,47.0,Dallas,TX,2022-06-14
CUST_008139,Scott Edwards,Male,45.0,Chicago,IL,2023-04-08
CUST_008140,Sharon Hill,Female,44.0,Seattle,WA,2023-05-19
CUST_008141,Olivia Torres,Female,36.0,Boston,MA,2022-05-27
CUST_008142,Christine Brooks,Female,33.0,Austin,TX,2023-09-09
CUST_008143,Judy Taylor,Female,25.0,Charlotte,NC,2023-12-08
CUST_008144,Jessica Ramirez,Female,30.0,San Jose,CA,2023-11-30
CUST_008145,Harold Mitchell,Male,43.0,Boston,MA,2023-10-01
CUST_008146,Brian Thompson,Male,43.0,San Jose,CA,2022-05-31
CUST_008147,Martha Sanchez,Female,48.0,Atlanta,GA,2023-07-15
CUST_008148,Sara James,Female,21.0,Phoenix,AZ,2023-09-09
CUST_008149,Noah Martin,Male,18.0,Philadelphia,PA,2023-10-22
CUST_008150,Madison Ramirez,Female,34.0,Houston,TX,2023-09-17
CUST_008151,Zachary Mendoza,Male,26.0,Dallas,TX,2023-07-20
CUST_008152,Daniel James,Male,41.0,Houston,TX,2023-09-30
CUST_008153,William Edwards,Male,22.0,Charlotte,NC,2023-12-25
CUST_008154,Jason Edwards,Male,53.0,Austin,TX,2023-06-06
CUST_008155,Brandon Bennett,Male,28.0,Houston,TX,2022-06-05
CUST_008156,Timothy Ortiz,Male,58.0,San Antonio,TX,2023-11-30
CUST_008157,Kyle Miller,,45.0,Boston,MA,2023-08-13
CUST_008158,Evelyn Martin,Female,,Atlanta,GA,2023-08-31
CUST_008159,Sophia Green,Female,65.0,San Jose,CA,2022-10-23
CUST_008160,Anna Young,Female,42.0,New York,NY,2022-06-09
CUST_008161,Hannah Rogers,Female,41.0,Minneapolis,MN,2023-11-06
CUST_008162,Kyle Lopez,Male,38.0,Detroit,MI,2022-02-25
CUST_008163,Denise Baker,Female,44.0,Minneapolis,MN,2023-01-24
CUST_008164,Cheryl Parker,Female,45.0,Seattle,WA,2023-04-20
CUST_008165,Deborah Walker,Female,28.0,New York,NY,2022-01-20
CUST_008166,John Cooper,Male,36.0,Portland,OR,2023-06-27
CUST_008167,Bryan Phillips,Male,40.0,New York,NY,2022-05-10
CUST_008168,Zachary Mendoza,Male,46.0,Los Angeles,CA,2022-09-05
CUST_008169,Gloria Baker,Female,46.0,Austin,TX,2024-03-26
CUST_008170,Jacqueline Johnson,Female,41.0,Philadelphia,PA,2023-05-30
CUST_008171,Peter Taylor,Male,32.0,Boston,MA,2024-03-10
CUST_008172,Walter Walker,Male,31.0,San Jose,CA,2023-04-07
CUST_008173,Lawrence Turner,Male,24.0,New York,NY,2023-11-22
CUST_008174,Arthur Cooper,Male,46.0,San Jose,CA,2022-02-12
CUST_008175,Angela Wilson,Female,31.0,Miami,FL,2022-10-20
CUST_008176,Robert Hill,Male,36.0,Miami,FL,2022-10-13
CUST_008177,Michael Williams,Male,41.0,Los Angeles,CA,2022-03-19
CUST_008178,Stephen Ortiz,Male,39.0,Houston,TX,2024-02-29
CUST_008179,Roger Gutierrez,Male,38.0,New York,NY,2023-04-17
CUST_008180,Sara Brown,Female,27.0,Boston,MA,2023-06-24
CUST_008181,Anna Martin,Female,42.0,Austin,TX,2023-04-29
CUST_008182,Timothy James,Male,35.0,San Antonio,TX,2022-09-11
CUST_008183,Debra Chavez,Female,37.0,Chicago,IL,2024-02-11
CUST_008184,Teresa Johnson,Female,53.0,Atlanta,GA,2023-08-19
CUST_008185,Joyce Brown,Female,45.0,Atlanta,GA,2022-05-14
CUST_008186,Daniel Green,Male,31.0,San Antonio,TX,2023-03-14
CUST_008187,Kathleen Rivera,Female,37.0,Los Angeles,CA,2022-01-02
CUST_008188,Catherine Rodriguez,Female,58.0,Philadelphia,PA,2023-08-23
CUST_008189,Alexander Brown,Male,35.0,Minneapolis,MN,2023-05-01
CUST_008190,Roger Martin,Male,39.0,Dallas,TX,2024-01-28
CUST_008191,Lawrence Wood,Male,47.0,Boston,MA,2024-02-26
CUST_008192,Thomas Chavez,Male,41.0,Chicago,IL,2022-04-18
CUST_008193,Michelle Hall,Female,34.0,Houston,TX,2022-04-09
CUST_008194,Gary Rodriguez,Male,29.0,New York,NY,2024-01-25
CUST_008195,George Nguyen,Male,38.0,Houston,TX,2023-04-23
CUST_008196,Nicholas Hernandez,Male,47.0,Los Angeles,CA,2023-03-20
CUST_008197,Michael Wilson,Male,55.0,San Diego,CA,2023-06-07
CUST_008198,Barbara Flores,Female,20.0,Phoenix,AZ,2023-03-17
CUST_008199,Ann Bennett,Female,61.0,Miami,FL,2023-07-10
CUST_008200,Sarah Brooks,Female,35.0,Phoenix,AZ,2024-02-27
CUST_008201,Teresa Green,Female,50.0,Los Angeles,CA,2023-07-03
CUST_008202,Timothy Gomez,Male,29.0,New York,NY,2022-11-15
CUST_008203,Rebecca Kelly,Female,18.0,Chicago,IL,2022-08-10
CUST_008204,Thomas Bennett,Male,22.0,Seattle,WA,2024-03-09
CUST_008205,Patricia Morales,Female,34.0,Austin,TX,2023-06-13
CUST_008206,Kathleen Watson,Female,45.0,Austin,TX,2023-06-04
CUST_008207,Ann Johnson,Female,39.0,Miami,FL,2022-02-07
CUST_008208,Abigail Bennett,Female,35.0,Chicago,IL,2024-02-07
CUST_008209,William Nelson,Male,52.0,San Antonio,TX,2023-03-20
CUST_008210,Robert Lee,Male,39.0,Los Angeles,CA,2024-03-30
CUST_008211,Margaret Brown,Female,42.0,Los Angeles,CA,2022-06-27
CUST_008212,Ethan Roberts,Male,77.0,Houston,TX,2022-11-20
CUST_008213,Steven Phillips,Male,38.0,Denver,CO,2022-08-07
CUST_008214,Andrew Evans,Male,30.0,Miami,FL,2023-01-04
CUST_008215,Kathryn Green,Female,45.0,Houston,TX,2024-03-16
CUST_008216,Frances Lopez,Female,48.0,Phoenix,AZ,2023-02-03
CUST_008217,Adam White,male,42.0,Minneapolis,MN,2023-12-08
CUST_008218,Anthony Thompson,Male,40.0,Boston,MA,2023-10-19
CUST_008219,Angela Flores,Female,57.0,Seattle,WA,2022-10-26
CUST_008220,Andrew Hall,Male,55.0,Phoenix,AZ,2023-06-14
CUST_008221,Kelly Gray,Female,37.0,Houston,TX,2023-12-24
CUST_008222,Jeremy Kelly,Male,30.0,Denver,CO,2023-07-07
CUST_008223,Betty Murphy,Female,44.0,New York,NY,2022-09-26
CUST_008224,Sean Phillips,Male,30.0,San Diego,CA,2024-01-01
CUST_008225,Helen Rodriguez,Female,50.0,New York,NY,2023-05-27
CUST_008226,Jacqueline Taylor,Female,44.0,Austin,TX,2024-03-18
CUST_008227,William Brooks,Male,72.0,Dallas,TX,2023-08-09
CUST_008228,Kathleen Peterson,Female,57.0,New York,NY,2023-03-03
CUST_008229,John James,M,25.0,Phoenix,AZ,2023-02-21
CUST_008230,Zachary Taylor,Male,32.0,Los Angeles,CA,2024-01-12
CUST_008231,Susan Morgan,Female,18.0,Atlanta,GA,2024-03-18
CUST_008232,Laura Anderson,Female,18.0,Detroit,MI,2023-01-31
CUST_008233,Jeremy Brown,Male,40.0,Houston,TX,2022-06-22
CUST_008234,Kyle Collins,Male,24.0,New York,NY,2022-02-14
CUST_008235,Aaron Adams,Male,59.0,Minneapolis,MN,2022-11-17
CUST_008236,Lauren Gomez,Female,53.0,Miami,FL,2022-12-04
CUST_008237,Jose Flores,Male,35.0,Atlanta,GA,2023-02-12
CUST_008238,Aaron Cruz,Male,34.0,Houston,TX,2022-06-04
CUST_008239,Jason Kim,Male,57.0,New York,NY,2023-04-07
CUST_008240,Jennifer Cox,Female,60.0,Charlotte,NC,2024-02-23
CUST_008241,Emma Nelson,Female,27.0,San Antonio,TX,2022-08-28
CUST_008242,Michael Kim,Male,25.0,Houston,TX,2023-08-30
CUST_008243,Justin Martin,Male,35.0,Boston,MA,2022-02-12
CUST_008244,Helen Bailey,Female,44.0,Seattle,WA,2023-07-31
CUST_008245,Mark Cruz,Male,32.0,New York,NY,2024-02-19
CUST_008246,Hannah Wood,Female,44.0,Portland,OR,2022-10-12
CUST_008247,Christina Brown,Female,63.0,Dallas,TX,2023-11-30
CUST_008248,Catherine Lopez,Female,21.0,Los Angeles,CA,2022-04-01
CUST_008249,Abigail Morales,Female,33.0,New York,NY,2022-12-18
CUST_008250,Deborah Miller,Female,21.0,Dallas,TX,2022-01-08
CUST_008251,Dorothy Stewart,Female,28.0,Austin,TX,2022-12-15
CUST_008252,Ashley Morales,,35.0,New York,NY,2022-11-06
CUST_008253,Alexander Anderson,Male,29.0,San Diego,CA,2023-09-05
CUST_008254,Steven Stewart,Male,45.0,Philadelphia,PA,2022-10-23
CUST_008255,Carl Kim,male,40.0,Philadelphia,PA,2023-12-05
CUST_008256,Stephanie Davis,Female,42.0,Charlotte,NC,2022-10-20
CUST_008257,Brandon Carter,Male,35.0,Chicago,IL,2022-08-19
CUST_008258,Carolyn Thompson,Female,36.0,Minneapolis,MN,2023-04-09
CUST_008259,Timothy James,Male,34.0,Houston,TX,2023-08-10
CUST_008260,Kyle Martin,Male,35.0,Los Angeles,CA,2024-01-18
CUST_008261,Lauren Gomez,Female,44.0,Los Angeles,CA,2023-11-28
CUST_008262,Andrea Cruz,Female,18.0,Portland,OR,2023-05-02
CUST_008263,Dennis Cook,Male,42.0,New York,NY,2024-03-17
CUST_008264,Larry Flores,Male,,Los Angeles,CA,2022-10-25
CUST_008265,Stephen White,Male,34.0,Houston,TX,2024-03-30
CUST_008266,Zachary Turner,Male,19.0,San Jose,CA,2023-01-10
CUST_008267,Jacob Morgan,Male,34.0,Houston,TX,2022-09-24
CUST_008268,Emma Cook,Female,42.0,New York,NY,2023-01-08
CUST_008269,Anthony Young,Male,44.0,San Diego,CA,2023-06-18
CUST_008270,Kelly White,Female,24.0,Minneapolis,MN,2023-03-23
CUST_008271,Susan Martin,Female,44.0,Minneapolis,MN,2022-02-26
CUST_008272,Denise White,Female,53.0,Charlotte,NC,2022-12-16
CUST_008273,Daniel Wilson,Male,32.0,Houston,TX,2023-04-07
CUST_008274,Jacob Scott,Male,39.0,Los Angeles,CA,2023-08-15
CUST_008275,Carol Watson,Female,18.0,New York,NY,2024-02-29
CUST_008276,Deborah Torres,Female,27.0,Miami,FL,2024-03-02
CUST_008277,Sharon Perez,Female,42.0,Boston,MA,2023-04-24
CUST_008278,Zachary Thompson,Male,50.0,Austin,TX,2023-06-05
CUST_008279,Mark Cooper,Male,31.0,San Antonio,TX,2023-09-09
CUST_008280,Dorothy Baker,Female,72.0,Philadelphia,PA,2023-12-13
CUST_008281,Sarah Kim,Female,42.0,San Antonio,TX,2023-10-12
CUST_008282,Edward Torres,Male,23.0,Houston,TX,2023-09-25
CUST_008283,Julia Young,Female,55.0,San Antonio,TX,2023-03-02
CUST_008284,Angela Mitchell,Female,23.0,Los Angeles,CA,2024-01-05
CUST_008285,Hannah Bailey,Female,43.0,New York,NY,2023-08-14
CUST_008286,Helen Gonzalez,Female,27.0,Los Angeles,CA,2022-06-18
CUST_008287,Nicole Torres,Female,22.0,Charlotte,NC,2023-06-28
CUST_008288,Christian Walker,Male,51.0,Charlotte,NC,2022-11-06
CUST_008289,Jennifer Mendoza,Female,35.0,Boston,MA,2022-07-31
CUST_008290,Madison Ramos,Female,60.0,Miami,FL,2023-08-04
CUST_008291,Scott Allen,Male,26.0,New York,NY,2023-07-30
CUST_008292,Jeffrey Rodriguez,Male,19.0,Los Angeles,CA,2024-03-01
CUST_008293,Jean Lee,Female,33.0,New York,NY,2024-03-15
CUST_008294,Laura Martinez,Female,75.0,New York,NY,2023-01-29
CUST_008295,Joe Nelson,Male,49.0,Boston,MA,2022-07-07
CUST_008296,Alice Bailey,Female,45.0,New York,NY,2022-05-31
CUST_008297,Kevin Ramirez,Male,46.0,Portland,OR,2024-03-14
CUST_008298,Laura Gomez,Female,32.0,San Jose,CA,2023-01-19
CUST_008299,Gloria Johnson,Female,73.0,Los Angeles,CA,2022-12-04
CUST_008300,Kimberly Rodriguez,Female,44.0,Atlanta,GA,2023-07-15
CUST_008301,Peter Wood,Male,43.0,Atlanta,GA,2022-03-05
CUST_008302,Lisa Cruz,Female,51.0,Dallas,TX,2023-08-03
CUST_008303,Emily Thompson,Female,23.0,New York,NY,2024-01-09
CUST_008304,Christine Cruz,Female,28.0,Phoenix,AZ,2023-09-27
CUST_008305,Kyle Young,Male,35.0,San Diego,CA,2023-02-05
CUST_008306,Judith Morgan,Female,51.0,Denver,CO,2022-05-06
CUST_008307,Dennis Martinez,Male,22.0,Chicago,IL,2022-09-05
CUST_008308,Kevin Jackson,Male,38.0,Minneapolis,MN,2022-09-27
CUST_008309,Brenda Gray,Female,36.0,Chicago,IL,2023-01-09
CUST_008310,Joshua Cooper,Male,19.0,Charlotte,NC,2022-05-24
CUST_008311,Brian Bennett,Male,32.0,New York,NY,2023-06-10
CUST_008312,Sharon Taylor,Female,45.0,Miami,FL,2022-12-25
CUST_008313,Diane Thomas,Female,20.0,Los Angeles,CA,2023-04-10
CUST_008314,Emily Gonzalez,Female,56.0,Boston,MA,2022-10-15
CUST_008315,Linda Morris,Female,44.0,Miami,FL,2023-03-07
CUST_008316,Henry Hill,Male,43.0,Houston,TX,2023-09-19
CUST_008317,John Flores,Male,39.0,New York,NY,2022-04-07
CUST_008318,Bryan Wilson,Male,25.0,Charlotte,NC,2023-04-21
CUST_008319,Cynthia Ortiz,Female,30.0,Charlotte,NC,2023-07-13
CUST_008320,Mary Kim,Female,43.0,Boston,MA,2023-08-18
CUST_008321,Kathryn Jones,Female,30.0,Phoenix,AZ,2024-02-10
CUST_008322,Jack Reyes,Male,41.0,Los Angeles,CA,2023-11-06
CUST_008323,Gloria Walker,Female,,Phoenix,AZ,2023-10-08
CUST_008324,Jonathan Turner,Male,44.0,Denver,CO,2024-01-04
CUST_008325,Jeffrey King,Male,45.0,Los Angeles,CA,2024-02-04
CUST_008326,Virginia Gomez,Female,18.0,New York,NY,2023-12-16
CUST_008327,Nicholas Peterson,Male,39.0,Detroit,MI,2023-07-09
CUST_008328,Patrick Thompson,Male,19.0,Seattle,WA,2023-12-19
CUST_008329,Brian Phillips,Male,18.0,Seattle,WA,2022-11-20
CUST_008330,Laura Miller,Female,31.0,Portland,OR,2024-02-29
CUST_008331,Susan Miller,Female,73.0,San Diego,CA,2022-07-02
CUST_008332,Jeremy Bennett,Male,48.0,Houston,TX,2022-08-25
CUST_008333,Cynthia Brown,Female,56.0,Detroit,MI,2022-06-18
CUST_008334,Bryan Thompson,Male,46.0,Charlotte,NC,2023-11-03
CUST_008335,Dorothy Hill,Female,41.0,New York,NY,2023-02-19
CUST_008336,Scott Parker,Male,50.0,Houston,TX,2023-10-07
CUST_008337,Timothy Taylor,Male,31.0,Houston,TX,2023-04-21
CUST_008338,Lauren Lopez,Female,44.0,New York,NY,2023-01-25
CUST_008339,Martha Bennett,Female,53.0,Los Angeles,CA,2024-01-23
CUST_008340,Scott King,Male,47.0,New York,NY,2023-02-17
CUST_008341,Amy Garcia,Female,,Seattle,WA,2023-07-13
CUST_008342,Kyle Williams,Male,41.0,New York,NY,2023-12-29
CUST_008343,Donald Watson,Male,60.0,Minneapolis,MN,2022-08-09
CUST_008344,Diane Reyes,Female,36.0,Dallas,TX,2023-01-24
CUST_008345,Peter Torres,Male,65.0,Houston,TX,2022-06-04
CUST_008346,Kevin Reyes,Male,46.0,Atlanta,GA,2023-05-16
CUST_008347,Jose Peterson,male,34.0,San Jose,CA,2023-11-12
CUST_008348,Judith Ramirez,Female,24.0,Boston,MA,2022-03-03
CUST_008349,Karen Cruz,Female,28.0,Minneapolis,MN,2022-03-09
CUST_008350,Sharon Anderson,Female,27.0,Atlanta,GA,2023-10-09
CUST_008351,Nicholas Brown,Male,37.0,Boston,MA,2023-09-17
CUST_008352,Jeremy Green,Male,,Denver,CO,2023-01-24
CUST_008353,Frank Thomas,Male,55.0,Houston,TX,2022-12-20
CUST_008354,Nicole Collins,Female,40.0,San Jose,CA,2022-10-12
CUST_008355,Ronald Richardson,Male,39.0,Dallas,TX,2022-03-10
CUST_008356,James Scott,Male,24.0,Charlotte,NC,2023-04-24
CUST_008357,John Torres,Male,29.0,San Antonio,TX,2023-07-11
CUST_008358,Carol Gray,Female,18.0,Los Angeles,CA,2024-01-03
CUST_008359,Charles Bailey,Male,59.0,Philadelphia,PA,2023-05-16
CUST_008360,Lisa Harris,Female,21.0,Phoenix,AZ,2022-06-11
CUST_008361,Ruth Allen,Female,22.0,Philadelphia,PA,2022-11-04
CUST_008362,Dennis Torres,Male,56.0,Dallas,TX,2023-11-09
CUST_008363,Linda Peterson,Female,43.0,Portland,OR,2023-07-12
CUST_008364,Diane Nguyen,Female,40.0,Chicago,IL,2023-10-30
CUST_008365,Daniel Campbell,Male,43.0,Charlotte,NC,2023-02-02
CUST_008366,Jacob Jackson,Male,50.0,Boston,MA,2022-03-16
CUST_008367,Denise Edwards,Female,40.0,Los Angeles,CA,2024-01-20
CUST_008368,Samuel Allen,Male,19.0,Chicago,IL,2022-12-10
CUST_008369,Jennifer Clark,Female,48.0,Detroit,MI,2022-04-02
CUST_008370,Cynthia Scott,Female,44.0,Atlanta,GA,2023-06-19
CUST_008371,Kelly Wilson,Female,53.0,Los Angeles,CA,2023-10-11
CUST_008372,Paul Thompson,Male,23.0,Dallas,TX,2023-03-27
CUST_008373,Judy Wright,Female,29.0,Chicago,IL,2023-07-09
CUST_008374,Pamela Cruz,,43.0,Austin,TX,2023-02-05
CUST_008375,John Reed,Male,27.0,Los Angeles,CA,2023-11-29
CUST_008376,Alexander Robinson,Male,18.0,Houston,TX,2023-11-08
CUST_008377,Nathan Baker,Male,41.0,Phoenix,AZ,2023-09-24
CUST_008378,Larry Morris,Male,50.0,San Diego,CA,2022-01-23
CUST_008379,Abigail Brooks,Female,37.0,Chicago,IL,2023-04-26
CUST_008380,Janice Adams,Female,45.0,Denver,CO,2023-11-09
CUST_008381,Nancy Cruz,Female,44.0,Atlanta,GA,2022-09-08
CUST_008382,Richard Hernandez,Male,39.0,San Jose,CA,2022-09-21
CUST_008383,Rebecca Jackson,Female,40.0,Detroit,MI,2024-01-28
CUST_008384,Ruth Miller,Female,55.0,Atlanta,GA,2023-12-18
CUST_008385,Ruth Torres,Female,26.0,New York,NY,2024-03-23
CUST_008386,Melissa Hall,FEMALE,48.0,New York,NY,2023-04-11
CUST_008387,Dylan Diaz,Male,24.0,San Jose,CA,2022-05-14
CUST_008388,Timothy Ramirez,Male,29.0,Denver,CO,2022-01-10
CUST_008389,Martha Rivera,Female,53.0,Charlotte,NC,2023-09-14
CUST_008390,Roger Campbell,Male,23.0,New York,NY,2023-12-01
CUST_008391,Joseph Miller,Male,35.0,Chicago,IL,2023-02-14
CUST_008392,Michelle Scott,Female,68.0,Miami,FL,2023-02-12
CUST_008393,Donna Williams,Female,51.0,Minneapolis,MN,2023-12-17
CUST_008394,Arthur White,male,29.0,Philadelphia,PA,2022-07-15
CUST_008395,Cynthia Morgan,Female,31.0,San Antonio,TX,2022-03-12
CUST_008396,Roger James,Male,36.0,Miami,FL,2024-03-08
CUST_008397,Scott Thompson,Male,55.0,Philadelphia,PA,2023-05-16
CUST_008398,Larry Brooks,Male,26.0,Atlanta,GA,2023-10-31
CUST_008399,Austin Allen,Male,25.0,Portland,OR,2024-03-01
CUST_008400,Stephen Collins,Male,47.0,Chicago,IL,2023-11-26
CUST_008401,Megan Kim,Female,18.0,Chicago,IL,2023-03-18
CUST_008402,Pamela Walker,Female,27.0,Portland,OR,2023-08-04
CUST_008403,Thomas Jones,Male,37.0,Phoenix,AZ,2023-07-23
CUST_008404,William Wood,Male,38.0,New York,NY,2024-02-11
CUST_008405,Steven Kelly,Male,21.0,San Antonio,TX,2022-05-31
CUST_008406,Zachary Mitchell,Male,43.0,Austin,TX,2023-09-07
CUST_008407,Amy Mendoza,Female,45.0,Chicago,IL,2024-01-01
CUST_008408,Larry Brooks,Male,30.0,Denver,CO,2022-12-18
CUST_008409,Thomas Kim,Male,59.0,Chicago,IL,2023-09-16
CUST_008410,Jerry White,Male,43.0,New York,NY,2022-09-13
CUST_008411,Keith Morales,Male,26.0,Chicago,IL,2022-04-07
CUST_008412,Olivia Young,Female,59.0,San Diego,CA,2022-01-29
CUST_008413,Joe Diaz,Male,32.0,Miami,FL,2023-05-06
CUST_008414,Patricia Hernandez,Female,41.0,San Diego,CA,2022-02-27
CUST_008415,Patricia Gomez,Female,32.0,Miami,FL,2023-06-23
CUST_008416,Benjamin Moore,Male,46.0,New York,NY,2023-01-01
CUST_008417,Kevin White,Male,32.0,Houston,TX,2022-01-08
CUST_008418,Nathan Walker,male,33.0,Philadelphia,PA,2022-08-22
CUST_008419,Jacqueline Allen,female,37.0,Atlanta,GA,2023-10-07
CUST_008420,Sarah Wilson,Female,32.0,Austin,TX,2023-01-04
CUST_008421,Jean Anderson,Female,52.0,Boston,MA,2023-09-28
CUST_008422,Robert Harris,Male,23.0,Houston,TX,2023-11-29
CUST_008423,Henry Ramirez,Male,38.0,Portland,OR,2023-11-17
CUST_008424,Jacob Young,Male,40.0,Atlanta,GA,2023-08-20
CUST_008425,Victoria Davis,Female,37.0,Detroit,MI,2023-10-13
CUST_008426,Joseph Martin,Male,51.0,Chicago,IL,2023-06-06
CUST_008427,Lawrence Morales,Male,20.0,New York,NY,2023-03-16
CUST_008428,Alice Turner,Female,46.0,Austin,TX,2022-03-10
CUST_008429,Samuel Scott,Male,23.0,San Antonio,TX,2024-03-15
CUST_008430,Benjamin Young,Male,32.0,Boston,MA,2023-12-17
CUST_008431,Olivia Ward,Female,22.0,New York,NY,2023-08-21
CUST_008432,Heather Williams,Female,34.0,Austin,TX,2023-08-01
CUST_008433,Alexander King,Male,31.0,Los Angeles,CA,2023-06-11
CUST_008434,Jack Roberts,Male,59.0,San Diego,CA,2022-04-14
CUST_008435,Gerald Kim,MALE,42.0,Los Angeles,CA,2022-11-14
CUST_008436,Dennis Bennett,Male,44.0,Detroit,MI,2022-12-02
CUST_008437,Kimberly Sanchez,Female,25.0,Los Angeles,CA,2023-11-15
CUST_008438,Arthur Howard,Male,48.0,Dallas,TX,2023-07-03
CUST_008439,Paul Brown,Male,59.0,New York,NY,2023-01-20
CUST_008440,Sandra Reyes,Female,49.0,Los Angeles,CA,2022-11-22
CUST_008441,Jordan Jones,Male,22.0,San Antonio,TX,2023-12-26
CUST_008442,Donna Rodriguez,Female,33.0,New York,NY,2023-11-09
CUST_008443,Sarah Mendoza,Female,40.0,San Diego,CA,2023-11-28
CUST_008444,Catherine Peterson,Female,31.0,Los Angeles,CA,2023-01-18
CUST_008445,Roger Mitchell,Male,70.0,Denver,CO,2023-03-28
CUST_008446,Barbara Johnson,Female,32.0,Minneapolis,MN,2023-06-09
CUST_008447,Katherine Moore,Female,38.0,Boston,MA,2022-07-20
CUST_008448,David James,Male,31.0,New York,NY,2022-12-21
CUST_008449,Pamela Torres,,41.0,San Antonio,TX,2023-04-06
CUST_008450,Jason Moore,Male,56.0,New York,NY,2023-08-20
CUST_008451,Christopher Moore,Male,40.0,Phoenix,AZ,2023-03-04
CUST_008452,Alice Rivera,Female,36.0,Miami,FL,2022-06-14
CUST_008453,Olivia Scott,Female,25.0,New York,NY,2023-02-12
CUST_008454,Noah Collins,Male,54.0,Chicago,IL,2023-05-08
CUST_008455,Jean Reed,Female,37.0,Miami,FL,2023-08-05
CUST_008456,Alice Bailey,Female,36.0,Phoenix,AZ,2023-12-26
CUST_008457,Kyle Bennett,Male,18.0,Chicago,IL,2022-08-28
CUST_008458,Timothy Baker,Male,37.0,Portland,OR,2023-05-29
CUST_008459,Roger Gomez,Male,33.0,Los Angeles,CA,2023-02-05
CUST_008460,Samuel Gutierrez,Male,,Atlanta,GA,2023-09-01
CUST_008461,Kevin Miller,Male,51.0,Los Angeles,CA,2024-01-09
CUST_008462,Jacob Gomez,Male,32.0,Charlotte,NC,2023-03-26
CUST_008463,Timothy Green,Male,62.0,Atlanta,GA,2023-12-19
CUST_008464,Justin Miller,Male,56.0,Chicago,IL,2022-01-03
CUST_008465,Jeremy Flores,Male,30.0,Charlotte,NC,2024-02-03
CUST_008466,Katherine Martinez,Female,56.0,New York,NY,2023-11-11
CUST_008467,Dorothy Ramos,Female,59.0,Miami,FL,2022-05-24
CUST_008468,Jessica Ramirez,Female,32.0,Seattle,WA,2023-08-23
CUST_008469,Gerald Gomez,Male,26.0,Los Angeles,CA,2023-04-24
CUST_008470,Brenda Nelson,Female,18.0,San Diego,CA,2024-03-12
CUST_008471,Emma Rogers,Female,43.0,New York,NY,2022-11-01
CUST_008472,Ethan Scott,Male,26.0,Dallas,TX,2023-07-06
CUST_008473,Sara Harris,Female,44.0,Dallas,TX,2023-05-01
CUST_008474,Debra White,Female,31.0,Phoenix,AZ,2022-08-17
CUST_008475,Olivia Thompson,Female,29.0,Atlanta,GA,2023-11-29
CUST_008476,Carol Hill,Female,31.0,Portland,OR,2023-10-11
CUST_008477,Lawrence Rogers,Male,22.0,San Diego,CA,2023-05-17
CUST_008478,Maria Williams,Female,31.0,Seattle,WA,2024-02-23
CUST_008479,Evelyn Murphy,Female,29.0,Los Angeles,CA,2024-02-12
CUST_008480,Charles Martin,Male,,Charlotte,NC,2023-12-02
CUST_008481,Joyce Rivera,Female,40.0,Miami,FL,2022-06-12
CUST_008482,Amy Sanchez,Female,25.0,Portland,OR,2024-01-22
CUST_008483,Larry Campbell,Male,52.0,Boston,MA,2022-11-02
CUST_008484,Nathan Nelson,Male,37.0,Houston,TX,2023-06-06
CUST_008485,Harold Gray,Male,57.0,Los Angeles,CA,2024-03-14
CUST_008486,Jason Smith,MALE,42.0,San Diego,CA,2022-08-26
CUST_008487,Carl Smith,Male,39.0,New York,NY,2022-07-28
CUST_008488,Donna Cruz,Female,32.0,Dallas,TX,2023-12-25
CUST_008489,Frank Kelly,Male,46.0,Houston,TX,2022-01-15
CUST_008490,Matthew Jones,Male,39.0,Denver,CO,2022-07-03
CUST_008491,Deborah Bailey,Female,49.0,Austin,TX,2022-11-21
CUST_008492,Sean Campbell,Male,59.0,Chicago,IL,2023-10-07
CUST_008493,Mary Sanchez,Female,29.0,Denver,CO,2023-03-29
CUST_008494,Arthur Davis,Male,46.0,Houston,TX,2023-01-16
CUST_008495,Edward Evans,Male,46.0,Chicago,IL,2024-02-07
CUST_008496,Henry Miller,Male,44.0,Phoenix,AZ,2023-10-20
CUST_008497,Jessica Brown,Female,33.0,Los Angeles,CA,2023-07-23
CUST_008498,Aaron Evans,Male,33.0,Houston,TX,2022-12-02
CUST_008499,Austin Gomez,Male,31.0,Chicago,IL,2023-12-29
CUST_008500,Catherine White,Female,31.0,New York,NY,2022-09-16
CUST_008501,Kathleen Clark,Female,28.0,Chicago,IL,2024-02-25
CUST_008502,Harold Wilson,Male,37.0,Philadelphia,PA,2022-09-22
CUST_008503,Joan Morris,Female,29.0,Miami,FL,2023-12-03
CUST_008504,Charles Gonzalez,Male,,Los Angeles,CA,2024-02-04
CUST_008505,Adam Morgan,Male,39.0,Houston,TX,2022-08-22
CUST_008506,Victoria Williams,Female,41.0,New York,NY,2022-08-25
CUST_008507,Walter Gray,Male,35.0,New York,NY,2022-03-28
CUST_008508,Rebecca Harris,Female,39.0,Houston,TX,2022-12-03
CUST_008509,Nicholas Gutierrez,Male,35.0,San Antonio,TX,2023-04-13
CUST_008510,Dylan Cook,Male,48.0,Boston,MA,2022-04-05
CUST_008511,Maria Scott,Female,33.0,Boston,MA,2022-06-06
CUST_008512,Benjamin Baker,Male,43.0,Detroit,MI,2023-02-09
CUST_008513,Grace Miller,Female,22.0,Detroit,MI,2022-07-09
CUST_008514,Andrew Mitchell,Male,47.0,New York,NY,2023-11-01
CUST_008515,Shirley Gomez,F,32.0,New York,NY,2022-11-17
CUST_008516,Walter Reed,Male,27.0,San Antonio,TX,2022-02-21
CUST_008517,Zachary King,Male,24.0,Dallas,TX,2022-06-14
CUST_008518,Sophia Williams,Female,23.0,Austin,TX,2022-11-03
CUST_008519,Jose Hall,Male,32.0,San Antonio,TX,2022-06-05
CUST_008520,Rebecca Cruz,Female,57.0,Charlotte,NC,2022-08-12
CUST_008521,Gary Stewart,Male,30.0,San Antonio,TX,2022-08-03
CUST_008522,Jessica Reyes,Female,18.0,Portland,OR,2023-02-06
CUST_008523,Arthur Gonzalez,male,43.0,Charlotte,NC,2023-05-02
CUST_008524,Lisa Cook,Female,25.0,Philadelphia,PA,2023-07-16
CUST_008525,Janet Jackson,Female,49.0,Los Angeles,CA,2024-02-01
CUST_008526,Nicholas Smith,Male,33.0,Houston,TX,2023-09-02
CUST_008527,Christopher Lewis,Male,35.0,Houston,TX,2022-07-27
CUST_008528,George Clark,Male,53.0,Minneapolis,MN,2023-03-03
CUST_008529,Tyler Garcia,Male,46.0,Charlotte,NC,2023-10-01
CUST_008530,Jennifer White,Female,23.0,Los Angeles,CA,2023-05-26
CUST_008531,Bryan Johnson,Male,25.0,New York,NY,2022-06-28
CUST_008532,Jean Hernandez,Female,18.0,Miami,FL,2023-11-11
CUST_008533,Jessica Anderson,Female,71.0,Dallas,TX,2022-07-25
CUST_008534,Carl Carter,Male,28.0,Boston,MA,2022-12-06
CUST_008535,Edward Miller,male,53.0,Houston,TX,2023-10-04
CUST_008536,Barbara Gutierrez,Female,32.0,Los Angeles,CA,2024-03-11
CUST_008537,Rebecca Anderson,Female,25.0,Chicago,IL,2024-01-19
CUST_008538,Keith Peterson,Male,39.0,New York,NY,2024-03-11
CUST_008539,Victoria Morales,Female,34.0,Phoenix,AZ,2023-01-19
CUST_008540,Carol Williams,Female,49.0,New York,NY,2023-02-21
CUST_008541,Evelyn Brooks,Female,49.0,Philadelphia,PA,2022-06-22
CUST_008542,Joan Perez,Female,31.0,Atlanta,GA,2023-03-22
CUST_008543,Megan Murphy,Female,21.0,New York,NY,2023-11-06
CUST_008544,Alexander Gray,Male,24.0,Minneapolis,MN,2022-03-18
CUST_008545,Gloria Garcia,Female,18.0,Los Angeles,CA,2022-11-14
CUST_008546,Joyce Johnson,Female,35.0,San Jose,CA,2024-02-11
CUST_008547,Christopher Peterson,Male,38.0,Chicago,IL,2022-07-11
CUST_008548,Keith Peterson,Male,24.0,Miami,FL,2022-10-25
CUST_008549,Ronald Edwards,Male,23.0,New York,NY,2024-02-18
CUST_008550,Douglas Moore,Male,38.0,Phoenix,AZ,2022-12-06
CUST_008551,Nathan Wilson,Male,31.0,Charlotte,NC,2023-12-10
CUST_008552,Edward Anderson,Male,36.0,New York,NY,2022-10-16
CUST_008553,Matthew Hall,Male,34.0,Boston,MA,2022-09-19
CUST_008554,Henry Cooper,Male,42.0,Denver,CO,2022-07-16
CUST_008555,Noah Johnson,Male,31.0,Houston,TX,2022-03-11
CUST_008556,Ann Murphy,Female,32.0,New York,NY,2023-02-04
CUST_008557,Tyler Evans,Male,18.0,Miami,FL,2023-09-20
CUST_008558,Andrew King,Male,38.0,Detroit,MI,2023-04-17
CUST_008559,Rebecca Lee,Female,40.0,Los Angeles,CA,2023-01-28
CUST_008560,Walter Sanchez,Male,36.0,Miami,FL,2022-08-01
CUST_008561,Anna Campbell,Female,62.0,Miami,FL,2023-08-29
CUST_008562,Judith Murphy,Female,41.0,Dallas,TX,2022-09-15
CUST_008563,Timothy Chavez,Male,37.0,Boston,MA,2022-02-06
CUST_008564,Mary Perez,Female,45.0,New York,NY,2024-03-08
CUST_008565,Ruth Anderson,Female,65.0,San Antonio,TX,2024-02-22
CUST_008566,Ruth Bailey,Female,42.0,Charlotte,NC,2022-08-11
CUST_008567,Tyler Mendoza,Male,18.0,Boston,MA,2022-09-02
CUST_008568,Dorothy Cox,Female,44.0,Chicago,IL,2023-06-14
CUST_008569,Keith Lewis,Male,28.0,Austin,TX,2023-02-14
CUST_008570,Scott Collins,Male,18.0,Los Angeles,CA,2024-01-18
CUST_008571,Walter James,Male,60.0,Los Angeles,CA,2023-02-13
CUST_008572,Dennis Sanchez,Male,57.0,Los Angeles,CA,2022-05-26
CUST_008573,Eric Wright,Male,27.0,Los Angeles,CA,2023-05-19
CUST_008574,Kelly Peterson,,27.0,San Antonio,TX,2022-05-03
CUST_008575,Frank Johnson,Male,41.0,Houston,TX,2023-03-02
CUST_008576,Benjamin Cruz,Male,27.0,Boston,MA,2023-06-12
CUST_008577,Virginia Clark,Female,37.0,Minneapolis,MN,2024-02-24
CUST_008578,Jessica Wood,Female,30.0,San Antonio,TX,2022-10-22
CUST_008579,Austin Turner,Male,33.0,Los Angeles,CA,2023-08-04
CUST_008580,Laura Scott,Female,21.0,Charlotte,NC,2022-01-01
CUST_008581,Paul Perez,Male,49.0,New York,NY,2024-01-07
CUST_008582,Cheryl Wright,Female,54.0,San Diego,CA,2022-11-12
CUST_008583,Andrew Thomas,Male,37.0,Los Angeles,CA,2022-09-04
CUST_008584,Denise Mendoza,Female,38.0,Portland,OR,2022-04-22
CUST_008585,Eric Martin,Male,46.0,Houston,TX,2023-11-09
CUST_008586,Stephanie Scott,Female,39.0,Portland,OR,2022-03-05
CUST_008587,Barbara Wilson,Female,60.0,Charlotte,NC,2023-07-12
CUST_008588,Linda Diaz,Female,22.0,Portland,OR,2022-11-11
CUST_008589,Sarah Diaz,Female,49.0,Atlanta,GA,2023-09-18
CUST_008590,James Wilson,Male,37.0,Denver,CO,2024-03-09
CUST_008591,Edward Scott,Male,,Portland,OR,2022-10-05
CUST_008592,Rebecca Robinson,Female,67.0,Los Angeles,CA,2023-07-14
CUST_008593,Jonathan Chavez,Male,68.0,Atlanta,GA,2022-12-28
CUST_008594,Michelle Bailey,Female,36.0,New York,NY,2023-04-20
CUST_008595,Barbara Nelson,Female,44.0,Houston,TX,2022-04-02
CUST_008596,David Thompson,Male,33.0,Phoenix,AZ,2022-08-01
CUST_008597,Mark Johnson,Male,35.0,Charlotte,NC,2023-11-15
CUST_008598,Ronald Wilson,Male,24.0,Houston,TX,2022-12-06
CUST_008599,Betty Rogers,female,22.0,Dallas,TX,2022-01-02
CUST_008600,Amy Turner,Female,62.0,San Jose,CA,2022-11-15
CUST_008601,Arthur Scott,Male,38.0,Seattle,WA,2023-08-19
CUST_008602,Dorothy Green,Female,39.0,New York,NY,2024-03-12
CUST_008603,Sandra Lee,Female,28.0,Dallas,TX,2023-12-26
CUST_008604,Adam Peterson,Male,41.0,San Jose,CA,2023-10-20
CUST_008605,Brandon White,Male,20.0,Detroit,MI,2024-02-14
CUST_008606,Elizabeth Hall,Female,29.0,Portland,OR,2023-08-12
CUST_008607,Hannah Richardson,Female,24.0,Chicago,IL,2023-04-28
CUST_008608,Zachary Mitchell,Male,55.0,Los Angeles,CA,2023-05-14
CUST_008609,Grace Martinez,Female,18.0,Seattle,WA,2024-02-24
CUST_008610,Alice Cruz,Female,24.0,San Antonio,TX,2022-01-03
CUST_008611,Heather Kim,Female,,Denver,CO,2023-04-25
CUST_008612,Nathan Sanchez,Male,27.0,Miami,FL,2023-10-29
CUST_008613,Nicholas Rivera,Male,33.0,New York,NY,2022-02-12
CUST_008614,Kathryn Morales,Female,51.0,Minneapolis,MN,2023-12-05
CUST_008615,Janet Thomas,Female,36.0,Chicago,IL,2023-12-19
CUST_008616,Edward Morgan,Male,33.0,Charlotte,NC,2023-05-01
CUST_008617,James Walker,Male,42.0,Philadelphia,PA,2023-12-09
CUST_008618,Raymond Lewis,Male,33.0,Miami,FL,2022-06-02
CUST_008619,Rachel Bennett,Female,69.0,Los Angeles,CA,2024-02-23
CUST_008620,Keith Sanchez,Male,31.0,San Diego,CA,2022-02-24
CUST_008621,Mark Taylor,Male,44.0,New York,NY,2022-02-11
CUST_008622,Christian Rivera,Male,49.0,Denver,CO,2023-05-02
CUST_008623,Patricia Jackson,Female,31.0,Portland,OR,2023-10-05
CUST_008624,Raymond Murphy,Male,41.0,Miami,FL,2023-09-10
CUST_008625,Shirley Stewart,Female,32.0,Seattle,WA,2023-05-22
CUST_008626,Laura Hernandez,Female,42.0,New York,NY,2023-11-08
CUST_008627,Pamela Adams,Female,40.0,Charlotte,NC,2023-07-05
CUST_008628,Paul Ward,Male,37.0,Houston,TX,2023-12-23
CUST_008629,Ashley Ramirez,Female,24.0,San Jose,CA,2022-05-06
CUST_008630,Keith Gomez,Male,62.0,Chicago,IL,2024-03-19
CUST_008631,Michelle Cox,Female,46.0,Miami,FL,2024-01-13
CUST_008632,Peter Nguyen,Male,19.0,Phoenix,AZ,2024-01-22
CUST_008633,Joan Jones,Female,33.0,Phoenix,AZ,2022-12-22
CUST_008634,Robert Lopez,Male,19.0,New York,NY,2024-02-25
CUST_008635,Frances Martinez,Female,48.0,Dallas,TX,2022-06-01
CUST_008636,Jacqueline Reyes,Female,38.0,Chicago,IL,2022-03-27
CUST_008637,Jacqueline Stewart,Female,39.0,Detroit,MI,2023-01-21
CUST_008638,Martha Baker,Female,28.0,Boston,MA,2024-02-16
CUST_008639,Raymond Jones,male,35.0,Portland,OR,2024-03-10
CUST_008640,Denise Gutierrez,Female,48.0,Phoenix,AZ,2023-04-08
CUST_008641,Ashley Young,Female,52.0,San Jose,CA,2023-10-17
CUST_008642,David Murphy,Male,49.0,Philadelphia,PA,2023-05-13
CUST_008643,Christina Morgan,Female,19.0,Detroit,MI,2022-05-03
CUST_008644,Deborah Stewart,Female,36.0,Houston,TX,2023-08-07
CUST_008645,Ruth Hernandez,Female,42.0,Houston,TX,2022-06-06
CUST_008646,Shirley Young,Female,29.0,Houston,TX,2023-08-09
CUST_008647,Edward Taylor,Male,18.0,San Antonio,TX,2022-09-04
CUST_008648,Kathryn Kelly,Female,22.0,Minneapolis,MN,2022-09-25
CUST_008649,Betty Walker,Female,57.0,Los Angeles,CA,2023-08-23
CUST_008650,Donald Williams,Male,24.0,San Jose,CA,2023-03-16
CUST_008651,Victoria Smith,,39.0,Chicago,IL,2023-12-10
CUST_008652,Jeremy Cruz,Male,37.0,New York,NY,2023-08-27
CUST_008653,Roger Robinson,Male,37.0,Portland,OR,2022-10-24
CUST_008654,Michelle Anderson,Female,35.0,Atlanta,GA,2023-11-03
CUST_008655,Frances Watson,Female,48.0,Portland,OR,2022-03-13
CUST_008656,Ruth Evans,Female,39.0,Phoenix,AZ,2023-10-05
CUST_008657,Gloria Morris,Female,31.0,Boston,MA,2023-01-10
CUST_008658,Barbara Lee,Female,39.0,San Jose,CA,2022-10-30
CUST_008659,Jeffrey Taylor,Male,23.0,Austin,TX,2023-05-01
CUST_008660,Rachel Lee,Female,44.0,New York,NY,2024-01-30
CUST_008661,Heather Gonzalez,Female,30.0,New York,NY,2022-09-19
CUST_008662,Sarah Morales,Female,31.0,Los Angeles,CA,2024-03-30
CUST_008663,Alexander Sanchez,Male,45.0,Boston,MA,2023-06-20
CUST_008664,Adam Garcia,Male,33.0,Atlanta,GA,2022-09-15
CUST_008665,Kathleen Gutierrez,F,34.0,San Jose,CA,2023-09-04
CUST_008666,Benjamin Smith,Male,53.0,Los Angeles,CA,2023-10-05
CUST_008667,Deborah Kim,Female,26.0,Boston,MA,2023-05-08
CUST_008668,Carl Howard,Male,45.0,New York,NY,2022-05-21
CUST_008669,Jack Harris,Male,50.0,Minneapolis,MN,2023-11-30
CUST_008670,Patrick Brown,Male,,Phoenix,AZ,2023-11-26
CUST_008671,Julia Cox,Female,66.0,Denver,CO,2023-10-26
CUST_008672,Victoria Moore,Female,30.0,Los Angeles,CA,2023-10-20
CUST_008673,Brian Garcia,Male,28.0,Houston,TX,2023-01-06
CUST_008674,Joyce Kelly,Female,49.0,San Antonio,TX,2023-04-07
CUST_008675,Judy Wright,Female,50.0,San Antonio,TX,2023-08-13
CUST_008676,John Gutierrez,Male,29.0,New York,NY,2022-06-25
CUST_008677,Tyler Davis,Male,45.0,San Diego,CA,2023-07-02
CUST_008678,Matthew Cox,Male,73.0,New York,NY,2022-04-30
CUST_008679,Christian Mitchell,Male,40.0,Detroit,MI,2023-12-22
CUST_008680,Aaron Ramos,Male,50.0,Phoenix,AZ,2022-05-10
CUST_008681,Alice Mendoza,Female,58.0,Philadelphia,PA,2023-10-31
CUST_008682,Adam Kelly,Male,,Dallas,TX,2022-08-18
CUST_008683,John Gray,Male,42.0,Boston,MA,2024-02-13
CUST_008684,Benjamin Davis,Male,54.0,New York,NY,2023-08-11
CUST_008685,Janice Reyes,Female,29.0,Seattle,WA,2023-02-17
CUST_008686,Michelle Reyes,Female,39.0,Detroit,MI,2022-02-18
CUST_008687,Richard Richardson,Male,33.0,Philadelphia,PA,2023-07-04
CUST_008688,Evelyn Rodriguez,Female,18.0,New York,NY,2023-01-04
CUST_008689,Christine James,Female,18.0,Chicago,IL,2023-11-18
CUST_008690,Michael Lopez,Male,44.0,Portland,OR,2023-11-14
CUST_008691,Melissa Gray,Female,44.0,New York,NY,2023-09-01
CUST_008692,Sharon Cruz,Female,,New York,NY,2022-09-29
CUST_008693,Victoria Jackson,Female,58.0,Portland,OR,2022-07-02
CUST_008694,Samantha Rogers,Female,,Miami,FL,2023-04-11
CUST_008695,Scott Hall,Male,42.0,Philadelphia,PA,2023-03-06
CUST_008696,Martha Evans,Female,33.0,New York,NY,2023-08-22
CUST_008697,Melissa Morales,Female,40.0,Dallas,TX,2023-05-09
CUST_008698,Kelly Perez,Female,50.0,Atlanta,GA,2023-04-09
CUST_008699,Amy Cruz,Female,48.0,Chicago,IL,2023-03-29
CUST_008700,Brenda Kelly,Female,47.0,Los Angeles,CA,2023-04-16
CUST_008701,Catherine Robinson,,46.0,Detroit,MI,2024-01-07
CUST_008702,Henry Taylor,Male,23.0,Boston,MA,2022-06-30
CUST_008703,Julia Ward,Female,53.0,Philadelphia,PA,2022-01-22
CUST_008704,Dorothy Flores,Female,25.0,Detroit,MI,2022-08-18
CUST_008705,Sarah Nelson,Female,37.0,Austin,TX,2022-11-06
CUST_008706,Pamela Collins,Female,34.0,Portland,OR,2023-07-08
CUST_008707,Janet Hernandez,Female,43.0,New York,NY,2023-12-18
CUST_008708,Michelle Murphy,Female,32.0,Philadelphia,PA,2023-09-19
CUST_008709,Kathryn Scott,Female,37.0,Seattle,WA,2024-03-29
CUST_008710,Jacqueline Morales,Female,59.0,Phoenix,AZ,2022-01-01
CUST_008711,Brandon Flores,Male,22.0,Houston,TX,2022-07-19
CUST_008712,Nicole Baker,Female,38.0,Seattle,WA,2022-04-06
CUST_008713,Michael Gonzalez,Male,25.0,Austin,TX,2023-08-15
CUST_008714,Gregory Kelly,Male,47.0,Chicago,IL,2023-02-13
CUST_008715,Diane Campbell,Female,29.0,Philadelphia,PA,2022-11-07
CUST_008716,Kathryn Torres,Female,39.0,Denver,CO,2022-11-08
CUST_008717,Christine Adams,Female,22.0,Austin,TX,2024-01-21
CUST_008718,Margaret Campbell,Female,55.0,Philadelphia,PA,2022-03-25
CUST_008719,Mark Thomas,Male,39.0,Chicago,IL,2022-11-09
CUST_008720,Margaret Thompson,Female,40.0,New York,NY,2023-04-13
CUST_008721,Jesse Martin,Male,49.0,Miami,FL,2023-02-01
CUST_008722,Jacqueline Young,Female,23.0,Atlanta,GA,2023-09-01
CUST_008723,Christian Wright,Male,31.0,Austin,TX,2023-07-04
CUST_008724,Noah Gutierrez,Male,41.0,Dallas,TX,2023-11-20
CUST_008725,Sarah Sanchez,Female,18.0,Los Angeles,CA,2023-12-19
CUST_008726,Douglas Ramirez,Male,18.0,Philadelphia,PA,2023-01-22
CUST_008727,Douglas Edwards,Male,28.0,San Antonio,TX,2024-01-03
CUST_008728,Michelle Mendoza,Female,24.0,Philadelphia,PA,2023-07-23
CUST_008729,Katherine Flores,Female,34.0,Chicago,IL,2023-12-30
CUST_008730,Victoria Wilson,Female,45.0,Los Angeles,CA,2023-03-16
CUST_008731,Janice Jones,Female,48.0,Portland,OR,2022-01-29
CUST_008732,Thomas Davis,,61.0,Dallas,TX,2023-08-11
CUST_008733,Kathryn Thomas,Female,38.0,Miami,FL,2024-03-09
CUST_008734,Abigail Ramos,Female,40.0,Seattle,WA,2024-02-15
CUST_008735,Arthur Kelly,Male,38.0,Atlanta,GA,2022-06-11
CUST_008736,Mary Adams,,43.0,Los Angeles,CA,2023-04-05
CUST_008737,Paul Hill,Male,43.0,New York,NY,2024-01-08
CUST_008738,Lauren Perez,Female,50.0,Austin,TX,2023-02-05
CUST_008739,Ronald Anderson,Male,50.0,San Diego,CA,2023-04-27
CUST_008740,William Wright,Male,45.0,New York,NY,2024-03-29
CUST_008741,Andrea Morris,Female,57.0,Austin,TX,2023-03-30
CUST_008742,Robert Roberts,Male,39.0,Los Angeles,CA,2022-07-18
CUST_008743,Emma Cooper,Female,31.0,New York,NY,2022-02-13
CUST_008744,Jesse White,Male,33.0,Charlotte,NC,2023-03-13
CUST_008745,Stephen Ramos,MALE,37.0,Dallas,TX,2023-04-24
CUST_008746,Jean Flores,Female,25.0,Houston,TX,2024-02-08
CUST_008747,Nicholas Taylor,Male,31.0,New York,NY,2023-11-14
CUST_008748,Jason Gomez,Male,24.0,Detroit,MI,2022-03-11
CUST_008749,Thomas Ramirez,Male,43.0,Portland,OR,2023-12-01
CUST_008750,Jeffrey White,Male,43.0,Chicago,IL,2022-03-18
CUST_008751,Edward Kelly,Male,18.0,Philadelphia,PA,2022-01-17
CUST_008752,Ann Anderson,Female,30.0,San Jose,CA,2023-05-20
CUST_008753,Arthur Walker,Male,61.0,New York,NY,2023-05-06
CUST_008754,John Martinez,Male,46.0,San Diego,CA,2022-11-11
CUST_008755,Sarah Brooks,Female,44.0,Los Angeles,CA,2023-03-13
CUST_008756,Joyce Smith,Female,30.0,Chicago,IL,2024-02-08
CUST_008757,Katherine Ramirez,Female,42.0,Austin,TX,2023-08-24
CUST_008758,Stephanie Scott,Female,38.0,Houston,TX,2022-12-04
CUST_008759,Dorothy Nelson,Female,29.0,San Diego,CA,2024-02-17
CUST_008760,Michelle Martin,Female,32.0,Chicago,IL,2022-06-22
CUST_008761,Gregory Hernandez,Male,33.0,San Antonio,TX,2022-07-04
CUST_008762,Patricia Carter,Female,20.0,Portland,OR,2022-08-28
CUST_008763,Judith Green,Female,22.0,San Antonio,TX,2022-08-28
CUST_008764,Timothy Smith,Male,36.0,San Antonio,TX,2022-03-20
CUST_008765,Pamela James,F,28.0,San Antonio,TX,2022-11-06
CUST_008766,Rachel Johnson,Female,35.0,Miami,FL,2023-05-21
CUST_008767,Steven Torres,Male,18.0,Seattle,WA,2022-08-19
CUST_008768,Terry Miller,Male,49.0,New York,NY,2022-04-27
CUST_008769,Nathan Bailey,Male,65.0,New York,NY,2023-08-05
CUST_008770,Madison Johnson,Female,51.0,Dallas,TX,2023-02-08
CUST_008771,Samantha Adams,Female,53.0,Boston,MA,2023-08-07
CUST_008772,Jonathan Cox,Male,46.0,New York,NY,2022-09-11
CUST_008773,Andrew Lee,Male,42.0,San Antonio,TX,2023-10-20
CUST_008774,Alexander Brooks,Male,40.0,San Jose,CA,2024-03-13
CUST_008775,Jack Gomez,Male,27.0,Phoenix,AZ,2022-09-23
CUST_008776,Brenda Martin,Female,47.0,Seattle,WA,2023-07-28
CUST_008777,Betty Wood,Female,46.0,Houston,TX,2023-10-26
CUST_008778,Kevin Wood,Male,33.0,Austin,TX,2023-05-17
CUST_008779,John Clark,Male,45.0,Boston,MA,2022-10-20
CUST_008780,Sharon Collins,Female,30.0,Portland,OR,2022-08-11
CUST_008781,Raymond Green,Male,31.0,San Jose,CA,2023-08-02
CUST_008782,Judy Parker,Female,48.0,Houston,TX,2023-03-28
CUST_008783,Mark Carter,M,44.0,Denver,CO,2023-12-15
CUST_008784,Elizabeth Morris,Female,36.0,Atlanta,GA,2022-04-08
CUST_008785,George Howard,Male,34.0,Phoenix,AZ,2022-02-06
CUST_008786,Margaret Murphy,Female,41.0,Houston,TX,2022-12-28
CUST_008787,Henry Scott,Male,18.0,Los Angeles,CA,2023-03-24
CUST_008788,James Diaz,Male,29.0,Seattle,WA,2023-07-28
CUST_008789,Grace Brown,female,23.0,Philadelphia,PA,2022-05-04
CUST_008790,Gerald Campbell,Male,39.0,Los Angeles,CA,2023-06-19
CUST_008791,Brandon Miller,Male,52.0,Dallas,TX,2023-11-28
CUST_008792,Arthur Gomez,Male,44.0,Charlotte,NC,2024-02-01
CUST_008793,Olivia Morales,Female,32.0,New York,NY,2024-01-25
CUST_008794,Jordan Sanchez,Male,30.0,San Diego,CA,2023-04-27
CUST_008795,Brian Lewis,Male,29.0,Portland,OR,2024-01-25
CUST_008796,Jordan Murphy,Male,63.0,Portland,OR,2023-05-12
CUST_008797,Ashley Ramos,Female,39.0,Houston,TX,2022-03-23
CUST_008798,Jeffrey Bailey,Male,41.0,Los Angeles,CA,2024-03-14
CUST_008799,Alice Martin,Female,18.0,Phoenix,AZ,2022-01-03
CUST_008800,Amy Wood,Female,24.0,Houston,TX,2022-10-15
CUST_008801,Emily Williams,F,38.0,San Antonio,TX,2022-02-21
CUST_008802,Barbara Mitchell,female,32.0,Austin,TX,2023-05-17
CUST_008803,Betty Martin,Female,40.0,Boston,MA,2023-06-04
CUST_008804,Kathleen Wood,Female,40.0,San Jose,CA,2023-07-27
CUST_008805,Eric King,Male,46.0,Minneapolis,MN,2022-05-31
CUST_008806,Alexander Johnson,MALE,18.0,Denver,CO,2022-01-20
CUST_008807,Gloria Watson,Female,25.0,San Diego,CA,2022-09-27
CUST_008808,John Thompson,Male,37.0,New York,NY,2022-02-27
CUST_008809,Noah Morgan,Male,30.0,Atlanta,GA,2022-02-09
CUST_008810,Raymond Brooks,Male,35.0,Denver,CO,2022-09-26
CUST_008811,Walter Adams,Male,40.0,Houston,TX,2024-03-30
CUST_008812,Walter Stewart,Male,29.0,Chicago,IL,2023-11-22
CUST_008813,Austin Sanchez,Male,41.0,San Jose,CA,2022-12-21
CUST_008814,Joseph Brown,Male,45.0,New York,NY,2023-01-02
CUST_008815,Frank Edwards,Male,39.0,Atlanta,GA,2024-02-14
CUST_008816,Jean Carter,Female,48.0,Chicago,IL,2023-08-14
CUST_008817,Zachary Kim,Male,18.0,Austin,TX,2023-12-14
CUST_008818,Joseph Anderson,Male,31.0,Chicago,IL,2024-01-02
CUST_008819,Jerry Gonzalez,Male,50.0,San Antonio,TX,2022-06-28
CUST_008820,Harold Morales,Male,28.0,Atlanta,GA,2022-01-19
CUST_008821,Melissa Martinez,Female,26.0,Chicago,IL,2022-09-29
CUST_008822,Olivia Robinson,Female,37.0,New York,NY,2023-06-25
CUST_008823,Noah Jones,Male,38.0,New York,NY,2024-01-31
CUST_008824,Samuel Davis,MALE,32.0,New York,NY,2022-11-05
CUST_008825,Donald Chavez,Male,62.0,Philadelphia,PA,2023-12-23
CUST_008826,Alexander Stewart,Male,42.0,New York,NY,2023-08-14
CUST_008827,Jack Reed,Male,27.0,Phoenix,AZ,2023-08-08
CUST_008828,Nicholas Howard,Male,21.0,Seattle,WA,2023-09-22
CUST_008829,Kelly Anderson,Female,44.0,Minneapolis,MN,2023-04-22
CUST_008830,Jonathan Bennett,Male,27.0,Los Angeles,CA,2023-08-22
CUST_008831,Frances Reed,Female,65.0,Minneapolis,MN,2023-11-15
CUST_008832,Harold Cruz,Male,44.0,Charlotte,NC,2023-06-21
CUST_008833,Martha Roberts,female,45.0,Austin,TX,2022-02-14
CUST_008834,Gregory Robinson,Male,42.0,Denver,CO,2023-04-21
CUST_008835,Kimberly Miller,female,53.0,San Antonio,TX,2023-06-27
CUST_008836,Evelyn Gomez,Female,18.0,New York,NY,2024-01-09
CUST_008837,David Williams,Male,23.0,Charlotte,NC,2022-01-06
CUST_008838,Samuel Smith,Male,51.0,Portland,OR,2022-02-24
CUST_008839,Elizabeth Robinson,Female,57.0,Houston,TX,2022-12-26
CUST_008840,Gregory Cooper,Male,23.0,Los Angeles,CA,2023-11-21
CUST_008841,Lauren Smith,Female,18.0,New York,NY,2023-04-01
CUST_008842,Brenda Watson,Female,41.0,San Antonio,TX,2022-11-02
CUST_008843,Brenda Wood,Female,45.0,Detroit,MI,2023-09-05
CUST_008844,Charles Miller,Male,40.0,New York,NY,2023-04-16
CUST_008845,Timothy Garcia,Male,38.0,Austin,TX,2023-06-09
CUST_008846,Stephen King,M,18.0,Miami,FL,2023-02-14
CUST_008847,Carl Nelson,Male,34.0,Phoenix,AZ,2023-09-28
CUST_008848,Sean Johnson,Male,36.0,Austin,TX,2022-01-18
CUST_008849,Dylan Perez,Male,32.0,Philadelphia,PA,2022-01-02
CUST_008850,Thomas Lopez,Male,18.0,New York,NY,2023-08-29
CUST_008851,Stephanie Hernandez,Female,46.0,San Antonio,TX,2022-01-31
CUST_008852,Helen Chavez,Female,49.0,New York,NY,2022-11-30
CUST_008853,Joyce Anderson,Female,29.0,Seattle,WA,2022-12-25
CUST_008854,Douglas Hall,Male,36.0,Houston,TX,2023-07-09
CUST_008855,Jeremy Rogers,Male,32.0,Atlanta,GA,2023-10-31
CUST_008856,Christine Wilson,Female,32.0,Dallas,TX,2023-12-04
CUST_008857,Patrick Parker,Male,45.0,Portland,OR,2022-10-10
CUST_008858,Dylan Bennett,Male,45.0,Denver,CO,2022-06-21
CUST_008859,Carol Bailey,Female,52.0,Denver,CO,2024-03-18
CUST_008860,Martha Campbell,Female,52.0,Chicago,IL,2022-02-19
CUST_008861,Joan White,Female,36.0,Philadelphia,PA,2023-11-29
CUST_008862,Nancy Perez,Female,74.0,Boston,MA,2022-01-23
CUST_008863,Lawrence Perez,Male,58.0,Denver,CO,2023-04-01
CUST_008864,Gerald Mendoza,Male,30.0,Seattle,WA,2023-07-30
CUST_008865,Hannah White,Female,40.0,New York,NY,2023-03-26
CUST_008866,Lisa Martin,Female,18.0,New York,NY,2023-06-02
CUST_008867,Nancy Thompson,Female,39.0,New York,NY,2022-01-29
CUST_008868,Lauren Cruz,Female,59.0,New York,NY,2022-06-13
CUST_008869,Karen Brown,Female,73.0,Boston,MA,2023-05-24
CUST_008870,Charles Nelson,Male,37.0,San Diego,CA,2023-12-08
CUST_008871,Nicholas Reed,Male,43.0,San Antonio,TX,2023-05-21
CUST_008872,James Torres,Male,46.0,New York,NY,2023-04-13
CUST_008873,Evelyn Morris,Female,63.0,Boston,MA,2024-03-23
CUST_008874,Alexander Gutierrez,Male,26.0,New York,NY,2023-01-13
CUST_008875,Susan White,Female,72.0,Los Angeles,CA,2023-01-10
CUST_008876,Janet Ramirez,Female,35.0,Atlanta,GA,2022-03-23
CUST_008877,William Hernandez,Male,24.0,Seattle,WA,2023-11-08
CUST_008878,David Martin,Male,35.0,New York,NY,2022-03-17
CUST_008879,Katherine Johnson,Female,28.0,New York,NY,2022-05-26
CUST_008880,Christine Rogers,Female,44.0,Phoenix,AZ,2022-03-05
CUST_008881,Jason Rodriguez,Male,18.0,Austin,TX,2022-07-21
CUST_008882,Jerry Brown,Male,40.0,Chicago,IL,2023-02-23
CUST_008883,Jacob Lee,Male,47.0,Dallas,TX,2022-02-17
CUST_008884,Heather Richardson,Female,57.0,Houston,TX,2023-01-31
CUST_008885,Cynthia Ortiz,Female,47.0,Dallas,TX,2023-03-29
CUST_008886,Joan Brooks,Female,56.0,Denver,CO,2022-05-01
CUST_008887,Heather Rivera,Female,31.0,Miami,FL,2022-03-03
CUST_008888,Matthew Diaz,Male,43.0,Los Angeles,CA,2022-11-10
CUST_008889,Nathan Thompson,Male,18.0,New York,NY,2023-08-05
CUST_008890,Hannah Hill,FEMALE,37.0,New York,NY,2023-07-04
CUST_008891,David Campbell,Male,43.0,Los Angeles,CA,2022-05-17
CUST_008892,Dennis Collins,Male,44.0,Houston,TX,2022-04-11
CUST_008893,Harold Allen,Male,19.0,New York,NY,2022-07-15
CUST_008894,Karen Walker,Female,34.0,Miami,FL,2024-01-09
CUST_008895,Janice Hernandez,Female,35.0,Miami,FL,2024-02-15
CUST_008896,Brenda King,Female,33.0,Denver,CO,2023-04-30
CUST_008897,Judith Clark,Female,48.0,Houston,TX,2024-01-27
CUST_008898,Janice Turner,Female,36.0,Denver,CO,2022-05-22
CUST_008899,Denise Ward,Female,40.0,Dallas,TX,2023-08-10
CUST_008900,Heather Lewis,Female,32.0,San Jose,CA,2023-08-04
CUST_008901,Christina Walker,Female,52.0,New York,NY,2023-03-03
CUST_008902,Kenneth Rogers,Male,53.0,Minneapolis,MN,2023-10-07
CUST_008903,George Ramos,Male,35.0,Houston,TX,2023-03-24
CUST_008904,Sara Gray,Female,74.0,Chicago,IL,2023-12-28
CUST_008905,Gary Johnson,Male,29.0,Phoenix,AZ,2022-05-26
CUST_008906,Gloria Wright,Female,51.0,Chicago,IL,2022-01-20
CUST_008907,Elizabeth Murphy,Female,27.0,Charlotte,NC,2023-01-04
CUST_008908,Paul Kelly,Male,48.0,San Jose,CA,2022-05-19
CUST_008909,Sandra Allen,Female,47.0,Minneapolis,MN,2022-07-08
CUST_008910,Rachel Wilson,Female,26.0,Portland,OR,2022-02-23
CUST_008911,Susan Davis,Female,37.0,Dallas,TX,2023-02-16
CUST_008912,Cynthia Cooper,Female,62.0,Atlanta,GA,2023-10-07
CUST_008913,Joe Edwards,Male,28.0,Detroit,MI,2023-05-27
CUST_008914,Jacqueline Jones,Female,44.0,Los Angeles,CA,2022-12-16
CUST_008915,Andrea Martinez,Female,43.0,Chicago,IL,2022-01-14
CUST_008916,Nancy Clark,Female,38.0,Phoenix,AZ,2023-04-20
CUST_008917,Ryan Lee,Male,18.0,Austin,TX,2022-11-21
CUST_008918,Kelly Cook,Female,49.0,Boston,MA,2022-09-03
CUST_008919,John Cook,Male,39.0,Houston,TX,2023-03-05
CUST_008920,Jonathan Bennett,Male,52.0,Miami,FL,2022-06-29
CUST_008921,Abigail Martinez,Female,41.0,San Jose,CA,2022-11-16
CUST_008922,Richard Cooper,Male,39.0,Houston,TX,2024-02-12
CUST_008923,Jean Hill,Female,43.0,Seattle,WA,2023-07-07
CUST_008924,Kimberly Stewart,Female,26.0,Miami,FL,2024-03-24
CUST_008925,Kimberly Morris,Female,58.0,Houston,TX,2023-07-20
CUST_008926,Kimberly Walker,Female,34.0,Phoenix,AZ,2022-04-16
CUST_008927,Lawrence Morris,Male,34.0,Seattle,WA,2023-08-16
CUST_008928,Dennis Brown,M,55.0,Philadelphia,PA,2024-01-03
CUST_008929,Megan Perez,Female,42.0,Los Angeles,CA,2024-02-03
CUST_008930,Amy Gonzalez,Female,36.0,Miami,FL,2023-05-25
CUST_008931,Carl Jackson,Male,44.0,Los Angeles,CA,2022-05-10
CUST_008932,Heather Davis,,46.0,Chicago,IL,2023-07-31
CUST_008933,Diane Hernandez,Female,37.0,Minneapolis,MN,2022-06-02
CUST_008934,Walter Ortiz,Male,50.0,San Jose,CA,2022-03-04
CUST_008935,Ethan Williams,Male,23.0,Philadelphia,PA,2022-08-08
CUST_008936,Nathan Clark,Male,42.0,Phoenix,AZ,2022-04-16
CUST_008937,Lisa James,Female,49.0,Los Angeles,CA,2023-02-28
CUST_008938,Madison Young,Female,46.0,New York,NY,2024-02-23
CUST_008939,Dorothy Gonzalez,Female,18.0,Detroit,MI,2023-08-12
CUST_008940,Jordan Carter,Male,37.0,New York,NY,2023-09-06
CUST_008941,Angela Sanchez,Female,23.0,New York,NY,2023-11-22
CUST_008942,Lisa Peterson,Female,55.0,Boston,MA,2022-09-03
CUST_008943,Rebecca Lewis,Female,34.0,Minneapolis,MN,2023-06-08
CUST_008944,Frank Scott,Male,53.0,Denver,CO,2023-09-19
CUST_008945,Gary Martin,Male,23.0,Chicago,IL,2022-11-01
CUST_008946,Roger Watson,Male,43.0,Chicago,IL,2023-01-12
CUST_008947,Kelly James,Female,39.0,Charlotte,NC,2023-09-11
CUST_008948,Paul Phillips,Male,73.0,Seattle,WA,2023-11-25
CUST_008949,Carolyn Wilson,Female,53.0,Miami,FL,2022-12-21
CUST_008950,Hannah Scott,Female,52.0,Philadelphia,PA,2023-07-18
CUST_008951,Kathryn Smith,Female,64.0,Boston,MA,2023-08-15
CUST_008952,Shirley Thomas,Female,42.0,Charlotte,NC,2024-02-14
CUST_008953,Abigail Young,Female,37.0,Houston,TX,2023-11-11
CUST_008954,Robert Murphy,Male,36.0,Houston,TX,2022-07-23
CUST_008955,Kelly Ramos,Female,43.0,New York,NY,2023-07-18
CUST_008956,Hannah Garcia,Female,18.0,Denver,CO,2024-03-03
CUST_008957,Jonathan Williams,Male,39.0,Chicago,IL,2023-01-04
CUST_008958,James Anderson,Male,41.0,Chicago,IL,2023-10-26
CUST_008959,Lauren Roberts,Female,37.0,Austin,TX,2023-05-14
CUST_008960,Jason Nelson,Male,19.0,Denver,CO,2023-02-22
CUST_008961,Betty Rivera,Female,37.0,Phoenix,AZ,2023-06-06
CUST_008962,Margaret Jones,Female,19.0,Portland,OR,2023-02-12
CUST_008963,Ethan Jones,Male,61.0,Los Angeles,CA,2022-11-13
CUST_008964,Mark Turner,Male,35.0,San Diego,CA,2023-10-23
CUST_008965,Katherine Gomez,Female,18.0,Austin,TX,2023-05-09
CUST_008966,Sophia Martinez,Female,36.0,Austin,TX,2024-02-17
CUST_008967,Andrea Chavez,Female,50.0,San Jose,CA,2022-01-10
CUST_008968,Janet Bailey,Female,41.0,San Jose,CA,2023-10-29
CUST_008969,Gregory Peterson,Male,27.0,Atlanta,GA,2022-06-17
CUST_008970,Anthony Anderson,Male,30.0,Atlanta,GA,2023-10-23
CUST_008971,Stephen Ramos,Male,35.0,Charlotte,NC,2024-01-06
CUST_008972,Betty Cook,Female,33.0,Portland,OR,2023-11-08
CUST_008973,Richard Flores,Male,23.0,San Diego,CA,2023-06-24
CUST_008974,Karen Martin,Female,38.0,Denver,CO,2022-05-13
CUST_008975,Ruth Jackson,Female,22.0,Phoenix,AZ,2024-03-05
CUST_008976,Kimberly Smith,Female,50.0,San Jose,CA,2022-11-20
CUST_008977,Betty Stewart,Female,52.0,New York,NY,2022-02-01
CUST_008978,Carl Carter,Male,26.0,Houston,TX,2022-01-03
CUST_008979,Charles Morgan,Male,30.0,Detroit,MI,2023-10-08
CUST_008980,Douglas Gonzalez,Male,33.0,Seattle,WA,2023-12-12
CUST_008981,Eric Walker,Male,38.0,New York,NY,2023-11-21
CUST_008982,Raymond Adams,Male,42.0,San Diego,CA,2023-05-29
CUST_008983,John Flores,Male,44.0,Houston,TX,2023-07-23
CUST_008984,James Rodriguez,Male,44.0,Atlanta,GA,2024-01-30
CUST_008985,Christian White,Male,58.0,New York,NY,2023-08-15
CUST_008986,Scott Bennett,Male,39.0,Austin,TX,2022-12-12
CUST_008987,Susan Williams,Female,22.0,Denver,CO,2024-02-28
CUST_008988,Jason Bailey,Male,18.0,Austin,TX,2024-03-08
CUST_008989,Debra Cox,,59.0,Chicago,IL,2023-07-20
CUST_008990,Nancy Cox,Female,45.0,Atlanta,GA,2023-06-03
CUST_008991,Alexander Ramos,Male,41.0,Atlanta,GA,2024-02-19
CUST_008992,Rachel Hill,Female,44.0,Houston,TX,2023-11-04
CUST_008993,Ruth Lewis,Female,41.0,Chicago,IL,2022-05-09
CUST_008994,Martha Ortiz,Female,44.0,Seattle,WA,2024-03-04
CUST_008995,Brenda Gray,Female,34.0,Houston,TX,2023-09-27
CUST_008996,Sean Ortiz,Male,52.0,Houston,TX,2023-10-08
CUST_008997,Justin Johnson,Male,32.0,Philadelphia,PA,2023-01-23
CUST_008998,Nicole Morris,Female,27.0,Philadelphia,PA,2022-01-10
CUST_008999,Jose Rodriguez,Male,18.0,Miami,FL,2022-10-03
CUST_009000,Jerry Scott,Male,36.0,Portland,OR,2022-11-24
CUST_009001,James Smith,Male,54.0,Denver,CO,2023-03-09
CUST_009002,Grace Turner,Female,33.0,New York,NY,2023-09-11
CUST_009003,Julia Cruz,Female,21.0,Houston,TX,2023-03-05
CUST_009004,Melissa Howard,Female,42.0,Los Angeles,CA,2022-12-30
CUST_009005,Catherine Martinez,Female,30.0,San Jose,CA,2022-09-11
CUST_009006,Ethan Diaz,Male,58.0,Austin,TX,2023-10-28
CUST_009007,Abigail Rivera,Female,52.0,Charlotte,NC,2023-11-11
CUST_009008,Raymond Howard,Male,23.0,Philadelphia,PA,2022-12-22
CUST_009009,John Carter,Male,36.0,New York,NY,2022-08-14
CUST_009010,Kelly Morgan,Female,29.0,Austin,TX,2022-08-16
CUST_009011,Jessica Ward,Female,,Houston,TX,2023-08-14
CUST_009012,Adam Gonzalez,Male,38.0,Los Angeles,CA,2023-10-31
CUST_009013,Raymond Baker,Male,49.0,Houston,TX,2023-11-09
CUST_009014,Joyce Hill,Female,37.0,Chicago,IL,2024-01-06
CUST_009015,Donald Edwards,Male,32.0,Los Angeles,CA,2023-10-19
CUST_009016,Brandon Gutierrez,Male,18.0,San Antonio,TX,2023-04-02
CUST_009017,Jerry Gomez,Male,30.0,Atlanta,GA,2022-09-29
CUST_009018,Stephanie Rogers,Female,45.0,Minneapolis,MN,2022-12-31
CUST_009019,Mark Smith,Male,22.0,Chicago,IL,2022-10-13
CUST_009020,Paul James,Male,55.0,Philadelphia,PA,2022-04-19
CUST_009021,Sara Perez,Female,31.0,Miami,FL,2022-06-03
CUST_009022,Justin Lee,Male,41.0,Charlotte,NC,2022-01-15
CUST_009023,Jose Allen,Male,34.0,Miami,FL,2022-07-25
CUST_009024,Debra Evans,Female,24.0,San Antonio,TX,2023-12-13
CUST_009025,Roger Hall,Male,44.0,Minneapolis,MN,2023-05-12
CUST_009026,Benjamin Phillips,Male,31.0,Denver,CO,2023-01-13
CUST_009027,Joseph Ward,Male,28.0,New York,NY,2022-09-01
CUST_009028,Donald Kelly,Male,18.0,New York,NY,2023-06-21
CUST_009029,Patricia Robinson,Female,55.0,Portland,OR,2024-03-13
CUST_009030,Teresa Gomez,Female,39.0,Detroit,MI,2022-12-09
CUST_009031,Victoria King,Female,52.0,Philadelphia,PA,2023-12-22
CUST_009032,Walter Wright,Male,46.0,San Jose,CA,2024-02-20
CUST_009033,Joan Mendoza,Female,52.0,Chicago,IL,2023-11-10
CUST_009034,Christian Robinson,Male,31.0,Seattle,WA,2023-06-22
CUST_009035,Grace Brown,Female,21.0,Philadelphia,PA,2022-10-30
CUST_009036,Virginia Kelly,Female,48.0,Houston,TX,2022-02-07
CUST_009037,Kenneth Diaz,Male,40.0,Philadelphia,PA,2023-10-06
CUST_009038,Thomas Nguyen,Male,33.0,Philadelphia,PA,2024-03-02
CUST_009039,Diane Robinson,Female,48.0,Portland,OR,2023-09-02
CUST_009040,Cheryl Young,Female,,Minneapolis,MN,2022-02-10
CUST_009041,Catherine Ramos,Female,46.0,Los Angeles,CA,2022-05-30
CUST_009042,Stephanie Robinson,Female,26.0,Chicago,IL,2023-01-16
CUST_009043,Evelyn Carter,Female,51.0,Chicago,IL,2024-03-24
CUST_009044,Stephen Lopez,Male,38.0,New York,NY,2022-04-04
CUST_009045,Deborah Hill,Female,52.0,San Diego,CA,2022-11-13
CUST_009046,Ann Lee,Female,51.0,San Antonio,TX,2023-05-23
CUST_009047,Heather Hill,Female,47.0,Los Angeles,CA,2022-05-02
CUST_009048,Deborah Brown,Female,37.0,Charlotte,NC,2022-05-08
CUST_009049,Edward Martin,Male,47.0,Boston,MA,2022-03-18
CUST_009050,Maria Howard,,52.0,Los Angeles,CA,2023-04-15
CUST_009051,Brenda Richardson,Female,46.0,Denver,CO,2022-10-16
CUST_009052,Matthew Ortiz,Male,41.0,Houston,TX,2022-02-14
CUST_009053,Dennis Bailey,Male,47.0,San Jose,CA,2023-04-14
CUST_009054,Henry Brown,Male,32.0,San Antonio,TX,2023-10-02
CUST_009055,James Nelson,Male,57.0,Los Angeles,CA,2023-08-19
CUST_009056,Gregory Howard,Male,18.0,Philadelphia,PA,2023-08-30
CUST_009057,Raymond Turner,Male,39.0,Charlotte,NC,2023-05-22
CUST_009058,Edward Davis,Male,33.0,Boston,MA,2023-11-06
CUST_009059,Laura Morris,Female,30.0,Austin,TX,2022-03-11
CUST_009060,Ronald Ward,Male,42.0,Miami,FL,2022-07-19
CUST_009061,Stephen Green,Male,24.0,Miami,FL,2023-09-12
CUST_009062,Keith Johnson,Male,65.0,Minneapolis,MN,2022-11-28
CUST_009063,Helen Lopez,,22.0,New York,NY,2022-09-02
CUST_009064,Jordan Richardson,Male,27.0,Los Angeles,CA,2022-01-31
CUST_009065,Amy Lee,Female,25.0,Atlanta,GA,2024-01-05
CUST_009066,Henry Roberts,Male,41.0,Charlotte,NC,2023-12-15
CUST_009067,Janet Thompson,Female,51.0,Dallas,TX,2022-03-09
CUST_009068,Walter Kelly,Male,45.0,Charlotte,NC,2022-11-01
CUST_009069,Sean Reed,Male,,San Jose,CA,2022-08-11
CUST_009070,Debra Ramos,Female,28.0,New York,NY,2022-08-03
CUST_009071,Christine Bennett,Female,47.0,Detroit,MI,2022-09-20
CUST_009072,Julia Morales,Female,35.0,Miami,FL,2022-10-25
CUST_009073,Lawrence Brown,Male,41.0,San Diego,CA,2023-09-15
CUST_009074,Jordan Reed,Male,52.0,Denver,CO,2024-03-11
CUST_009075,Matthew Morgan,Male,18.0,Houston,TX,2022-02-20
CUST_009076,Mary Clark,Female,63.0,Austin,TX,2022-11-17
CUST_009077,Jonathan Turner,Male,37.0,Phoenix,AZ,2023-08-18
CUST_009078,Peter Adams,Male,18.0,San Diego,CA,2022-11-02
CUST_009079,Susan Reed,Female,30.0,San Jose,CA,2022-07-19
CUST_009080,Amy Watson,Female,40.0,New York,NY,2022-06-27
CUST_009081,Heather Gutierrez,Female,30.0,New York,NY,2023-06-27
CUST_009082,Donna Flores,Female,18.0,New York,NY,2022-06-10
CUST_009083,Judith Taylor,female,40.0,Austin,TX,2022-04-16
CUST_009084,Michelle Lewis,Female,29.0,Phoenix,AZ,2023-10-15
CUST_009085,Ann Smith,Female,47.0,San Antonio,TX,2022-12-05
CUST_009086,Cynthia Wright,Female,25.0,San Antonio,TX,2024-01-22
CUST_009087,Diane Allen,Female,67.0,New York,NY,2023-04-10
CUST_009088,Alexander Nelson,Male,45.0,Atlanta,GA,2022-05-22
CUST_009089,George Harris,Male,41.0,Seattle,WA,2022-07-21
CUST_009090,Emma Ramos,Female,46.0,Seattle,WA,2024-01-13
CUST_009091,Noah Bennett,Male,18.0,New York,NY,2022-05-16
CUST_009092,Alexander Morales,Male,32.0,San Jose,CA,2022-11-11
CUST_009093,Elizabeth Kelly,Female,61.0,San Antonio,TX,2022-10-31
CUST_009094,Joan Baker,Female,34.0,Boston,MA,2024-03-23
CUST_009095,Ashley Martinez,Female,38.0,New York,NY,2024-03-14
CUST_009096,Scott Garcia,Male,33.0,Boston,MA,2023-09-04
CUST_009097,Helen Mitchell,Female,57.0,Charlotte,NC,2022-08-30
CUST_009098,Katherine Jones,Female,35.0,Miami,FL,2022-07-08
CUST_009099,Robert Ward,Male,23.0,Minneapolis,MN,2022-03-08
CUST_009100,Kevin Morgan,,71.0,New York,NY,2022-03-10
CUST_009101,Elizabeth Miller,Female,21.0,San Diego,CA,2024-02-21
CUST_009102,Eric Johnson,Male,37.0,Chicago,IL,2023-07-01
CUST_009103,Julie Baker,Female,28.0,San Diego,CA,2022-07-26
CUST_009104,Jose Davis,Male,30.0,Denver,CO,2023-11-06
CUST_009105,David Rogers,Male,25.0,Boston,MA,2022-03-26
CUST_009106,Charles Reyes,Male,32.0,Charlotte,NC,2023-05-01
CUST_009107,Victoria Hill,Female,,Portland,OR,2022-07-24
CUST_009108,Carolyn Kim,Female,18.0,Chicago,IL,2023-03-03
CUST_009109,Roger Hill,Male,54.0,Detroit,MI,2022-08-24
CUST_009110,Emily Martin,Female,52.0,Minneapolis,MN,2022-05-27
CUST_009111,Charles Adams,Male,45.0,Denver,CO,2024-02-12
CUST_009112,Kathleen Johnson,Female,40.0,Chicago,IL,2024-02-08
CUST_009113,Joyce Wilson,Female,42.0,Los Angeles,CA,2023-04-08
CUST_009114,Katherine Carter,Female,56.0,Philadelphia,PA,2023-11-10
CUST_009115,Sarah Baker,Female,18.0,New York,NY,2022-07-30
CUST_009116,David Scott,Male,48.0,Chicago,IL,2023-01-19
CUST_009117,Kelly Young,Female,29.0,New York,NY,2022-08-21
CUST_009118,George Gray,,49.0,San Diego,CA,2022-04-03
CUST_009119,Adam White,Male,31.0,Austin,TX,2023-02-11
CUST_009120,George Watson,Male,47.0,New York,NY,2023-10-12
CUST_009121,Ronald Kelly,Male,19.0,Minneapolis,MN,2023-10-12
CUST_009122,Steven Cruz,Male,18.0,New York,NY,2023-02-27
CUST_009123,Joe White,Male,37.0,Phoenix,AZ,2023-03-01
CUST_009124,Patricia Wright,Female,56.0,San Antonio,TX,2023-07-01
CUST_009125,Christopher Ortiz,Male,45.0,Dallas,TX,2024-02-16
CUST_009126,Roger Martinez,Male,45.0,Houston,TX,2022-06-09
CUST_009127,Nancy Walker,FEMALE,49.0,Denver,CO,2023-01-26
CUST_009128,Brian Bennett,Male,34.0,Houston,TX,2024-01-29
CUST_009129,Dorothy Parker,Female,46.0,Chicago,IL,2023-05-21
CUST_009130,Henry Phillips,Male,31.0,Philadelphia,PA,2023-11-14
CUST_009131,Anna Gutierrez,Female,35.0,New York,NY,2023-03-14
CUST_009132,Noah Diaz,MALE,36.0,Charlotte,NC,2024-02-08
CUST_009133,Megan Kelly,Female,32.0,San Diego,CA,2024-01-19
CUST_009134,Gregory Scott,Male,38.0,Los Angeles,CA,2023-03-01
CUST_009135,Amanda Bennett,Female,35.0,Atlanta,GA,2022-01-06
CUST_009136,Harold Stewart,Male,30.0,Denver,CO,2023-06-03
CUST_009137,Madison Nelson,Female,37.0,Philadelphia,PA,2022-08-01
CUST_009138,Roger Nguyen,Male,40.0,Charlotte,NC,2022-09-04
CUST_009139,Elizabeth Cruz,Female,25.0,San Antonio,TX,2023-02-16
CUST_009140,Christina Reed,Female,44.0,Los Angeles,CA,2023-03-04
CUST_009141,Christina Martin,Female,32.0,Atlanta,GA,2023-12-30
CUST_009142,Jesse Rivera,Male,41.0,Portland,OR,2022-02-05
CUST_009143,Dorothy Clark,Female,30.0,Chicago,IL,2022-10-24
CUST_009144,Jeremy Garcia,Male,52.0,New York,NY,2023-07-23
CUST_009145,Lauren Gray,Female,50.0,Austin,TX,2023-07-15
CUST_009146,Terry Allen,Male,25.0,Denver,CO,2022-11-13
CUST_009147,Lauren Thompson,female,45.0,Chicago,IL,2022-07-07
CUST_009148,Sara Evans,Female,57.0,Charlotte,NC,2022-10-07
CUST_009149,Kathleen Bennett,Female,27.0,Los Angeles,CA,2024-01-21
CUST_009150,Margaret Rodriguez,Female,28.0,Atlanta,GA,2022-09-25
CUST_009151,Kathleen Rogers,Female,48.0,Minneapolis,MN,2023-04-06
CUST_009152,Gloria Gonzalez,Female,22.0,Los Angeles,CA,2024-02-22
CUST_009153,Christopher Edwards,Male,29.0,San Antonio,TX,2022-05-09
CUST_009154,Aaron Morales,,26.0,New York,NY,2024-01-06
CUST_009155,Grace Gray,Female,48.0,San Jose,CA,2023-10-11
CUST_009156,Sean Bennett,Male,30.0,San Diego,CA,2023-04-01
CUST_009157,Kelly Cooper,Female,35.0,Boston,MA,2024-02-27
CUST_009158,Jacqueline Mitchell,Female,29.0,San Antonio,TX,2022-03-24
CUST_009159,Karen James,Female,53.0,Houston,TX,2023-12-26
CUST_009160,Christine Gonzalez,Female,28.0,Los Angeles,CA,2022-07-26
CUST_009161,Carolyn Sanchez,Female,21.0,New York,NY,2022-12-14
CUST_009162,Jeremy Ramirez,Male,20.0,San Diego,CA,2022-05-13
CUST_009163,Brian Richardson,Male,47.0,Detroit,MI,2023-04-09
CUST_009164,Thomas Ortiz,Male,48.0,Boston,MA,2022-06-28
CUST_009165,Christina Peterson,Female,54.0,Phoenix,AZ,2022-09-17
CUST_009166,Katherine Morales,Female,23.0,Charlotte,NC,2022-03-08
CUST_009167,Noah Martinez,Male,36.0,Los Angeles,CA,2022-11-01
CUST_009168,Samantha Martinez,Female,69.0,Charlotte,NC,2022-06-23
CUST_009169,Ann Thomas,Female,35.0,Chicago,IL,2023-08-31
CUST_009170,Debra Gomez,Female,31.0,Los Angeles,CA,2023-07-27
CUST_009171,Hannah Ramirez,Female,38.0,Miami,FL,2023-08-16
CUST_009172,Zachary Jackson,Male,45.0,Philadelphia,PA,2023-08-24
CUST_009173,Dorothy Bennett,Female,45.0,Minneapolis,MN,2022-04-23
CUST_009174,Rebecca Stewart,Female,31.0,Boston,MA,2022-08-10
CUST_009175,Sean Brooks,Male,31.0,Los Angeles,CA,2023-10-07
CUST_009176,Andrew Ramirez,Male,35.0,New York,NY,2023-03-30
CUST_009177,Christina Davis,Female,29.0,Philadelphia,PA,2023-07-21
CUST_009178,Betty Watson,Female,23.0,Dallas,TX,2022-03-05
CUST_009179,Walter Bailey,Male,61.0,Phoenix,AZ,2023-01-10
CUST_009180,Donna Adams,Female,33.0,Los Angeles,CA,2023-02-22
CUST_009181,Diane Edwards,Female,34.0,Los Angeles,CA,2023-09-05
CUST_009182,Catherine Bailey,Female,35.0,San Antonio,TX,2024-02-03
CUST_009183,Emily Jones,Female,37.0,New York,NY,2023-06-10
CUST_009184,Brandon King,Male,44.0,Philadelphia,PA,2023-10-23
CUST_009185,Terry Walker,Male,33.0,New York,NY,2023-07-31
CUST_009186,Nathan Harris,Male,53.0,Minneapolis,MN,2024-02-01
CUST_009187,Jordan Young,Male,46.0,Austin,TX,2023-11-27
CUST_009188,Jeremy Watson,Male,,Los Angeles,CA,2022-09-10
CUST_009189,Aaron Ortiz,Male,30.0,Boston,MA,2022-08-18
CUST_009190,Frank Phillips,Male,52.0,San Antonio,TX,2024-02-02
CUST_009191,Alice Williams,Female,36.0,San Diego,CA,2023-06-27
CUST_009192,Rachel Gray,Female,23.0,Chicago,IL,2023-03-04
CUST_009193,Nicholas Kim,Male,51.0,Phoenix,AZ,2023-09-10
CUST_009194,Teresa Martinez,Female,29.0,Minneapolis,MN,2022-10-12
CUST_009195,Alice Hall,Female,49.0,Los Angeles,CA,2023-11-25
CUST_009196,Samantha Jackson,Female,18.0,Austin,TX,2023-05-05
CUST_009197,Christopher Collins,Male,34.0,Los Angeles,CA,2024-01-06
CUST_009198,Ruth Mendoza,Female,53.0,Philadelphia,PA,2023-07-31
CUST_009199,Judith Thomas,Female,39.0,San Diego,CA,2022-09-22
CUST_009200,Amy Cox,Female,46.0,New York,NY,2024-03-08
CUST_009201,Megan Turner,Female,27.0,New York,NY,2023-01-24
CUST_009202,Gregory Gonzalez,Male,43.0,San Antonio,TX,2023-10-27
CUST_009203,Stephanie Roberts,Female,39.0,Phoenix,AZ,2022-09-18
CUST_009204,Olivia Clark,Female,42.0,Detroit,MI,2023-02-05
CUST_009205,Shirley Gutierrez,Female,64.0,Seattle,WA,2023-10-07
CUST_009206,Jeremy Gonzalez,Male,55.0,Minneapolis,MN,2023-09-07
CUST_009207,James Thomas,Male,48.0,Detroit,MI,2024-02-20
CUST_009208,Gloria Lewis,Female,49.0,New York,NY,2023-11-18
CUST_009209,Rebecca Gutierrez,Female,27.0,Minneapolis,MN,2022-11-18
CUST_009210,Dylan Rivera,Male,33.0,Portland,OR,2024-01-01
CUST_009211,Walter Murphy,Male,19.0,Philadelphia,PA,2024-02-08
CUST_009212,Carol Davis,Female,23.0,San Jose,CA,2024-03-01
CUST_009213,Grace Martinez,Female,27.0,Houston,TX,2024-01-26
CUST_009214,Christine Walker,Female,38.0,New York,NY,2023-09-07
CUST_009215,Rachel Carter,Female,23.0,Chicago,IL,2023-11-16
CUST_009216,Austin Jones,Male,38.0,New York,NY,2023-08-03
CUST_009217,Arthur King,Male,37.0,San Antonio,TX,2022-11-14
CUST_009218,Henry Ortiz,Male,24.0,San Jose,CA,2023-11-30
CUST_009219,Joe Morris,Male,58.0,New York,NY,2022-08-23
CUST_009220,Sharon Clark,Female,22.0,Chicago,IL,2023-02-17
CUST_009221,Andrew Reyes,Male,52.0,New York,NY,2022-12-05
CUST_009222,Jennifer Peterson,Female,18.0,Charlotte,NC,2022-07-01
CUST_009223,Cynthia Ward,Female,37.0,Atlanta,GA,2023-11-18
CUST_009224,Dennis Smith,Male,24.0,New York,NY,2023-03-22
CUST_009225,Stephanie Harris,Female,30.0,Atlanta,GA,2023-05-04
CUST_009226,Raymond Nelson,Male,61.0,Miami,FL,2023-04-15
CUST_009227,Michael Lopez,Male,34.0,Atlanta,GA,2023-09-02
CUST_009228,Jeffrey Green,Male,25.0,Minneapolis,MN,2022-07-05
CUST_009229,Kyle Phillips,Male,45.0,Philadelphia,PA,2023-04-14
CUST_009230,Sarah Diaz,Female,34.0,Chicago,IL,2022-09-22
CUST_009231,Joan Mendoza,Female,40.0,Minneapolis,MN,2024-03-12
CUST_009232,Ethan Jones,Male,27.0,Miami,FL,2022-03-08
CUST_009233,Frank Cox,Male,28.0,Chicago,IL,2024-02-13
CUST_009234,Terry Kelly,Male,29.0,Dallas,TX,2022-03-08
CUST_009235,Judy James,Female,48.0,Dallas,TX,2022-04-29
CUST_009236,Jennifer Moore,Female,36.0,San Antonio,TX,2024-01-30
CUST_009237,Kelly Edwards,female,25.0,Austin,TX,2023-08-03
CUST_009238,Andrew Gomez,Male,41.0,New York,NY,2022-11-18
CUST_009239,Nicholas Wood,Male,39.0,Philadelphia,PA,2023-06-20
CUST_009240,Jerry Rogers,Male,46.0,Chicago,IL,2022-06-25
CUST_009241,Joan Ward,Female,32.0,New York,NY,2022-03-13
CUST_009242,Ann Parker,Female,38.0,San Diego,CA,2022-02-25
CUST_009243,Christina Jones,Female,44.0,Houston,TX,2022-10-01
CUST_009244,Hannah Phillips,Female,26.0,Philadelphia,PA,2022-07-08
CUST_009245,Diane Martin,Female,50.0,New York,NY,2023-01-25
CUST_009246,Charles Sanchez,Male,39.0,San Antonio,TX,2024-01-10
CUST_009247,Patricia Gomez,Female,25.0,Chicago,IL,2023-01-04
CUST_009248,Carolyn Rodriguez,FEMALE,25.0,New York,NY,2023-01-21
CUST_009249,Zachary Richardson,Male,37.0,Boston,MA,2022-05-11
CUST_009250,Thomas Johnson,Male,32.0,Austin,TX,2024-03-23
CUST_009251,Pamela Nguyen,Female,48.0,San Diego,CA,2022-06-05
CUST_009252,Amanda Brown,Female,35.0,Austin,TX,2022-12-01
CUST_009253,Frank Lopez,Male,42.0,Houston,TX,2024-02-25
CUST_009254,Gary Edwards,Male,28.0,Los Angeles,CA,2023-03-08
CUST_009255,Steven Gomez,Male,38.0,Houston,TX,2022-11-30
CUST_009256,Mary Howard,Female,55.0,Atlanta,GA,2023-09-21
CUST_009257,Ronald Hall,Male,37.0,Austin,TX,2022-02-07
CUST_009258,Samuel Flores,Male,32.0,Atlanta,GA,2022-11-16
CUST_009259,Abigail Cruz,Female,28.0,Detroit,MI,2023-06-14
CUST_009260,Michelle Roberts,Female,38.0,Chicago,IL,2024-03-25
CUST_009261,Benjamin Campbell,Male,56.0,Detroit,MI,2024-03-10
CUST_009262,Maria Kim,Female,21.0,San Jose,CA,2023-07-18
CUST_009263,Aaron Kim,Male,38.0,Dallas,TX,2022-12-02
CUST_009264,Edward Gomez,Male,18.0,San Antonio,TX,2023-05-22
CUST_009265,Sarah Thompson,Female,33.0,Philadelphia,PA,2024-02-17
CUST_009266,Arthur Carter,Male,42.0,New York,NY,2023-08-17
CUST_009267,Julia Johnson,Female,19.0,New York,NY,2022-06-09
CUST_009268,Stephen Ramos,Male,33.0,Houston,TX,2024-03-12
CUST_009269,Raymond Ramirez,M,42.0,Los Angeles,CA,2024-01-27
CUST_009270,Robert Ramos,Male,40.0,New York,NY,2022-08-13
CUST_009271,Elizabeth Flores,Female,43.0,New York,NY,2023-08-10
CUST_009272,Richard Cruz,Male,26.0,Charlotte,NC,2024-01-11
CUST_009273,Kyle Ramirez,Male,42.0,Los Angeles,CA,2022-08-16
CUST_009274,Andrew Gutierrez,Male,31.0,Charlotte,NC,2024-02-10
CUST_009275,Mark Rivera,Male,47.0,San Diego,CA,2022-07-09
CUST_009276,Mary Evans,F,18.0,Los Angeles,CA,2022-12-17
CUST_009277,John Bailey,Male,35.0,Los Angeles,CA,2024-02-23
CUST_009278,Anna Turner,Female,40.0,Los Angeles,CA,2024-02-25
CUST_009279,Janet Martin,Female,55.0,Houston,TX,2022-01-27
CUST_009280,Raymond Gonzalez,Male,40.0,Los Angeles,CA,2024-01-03
CUST_009281,Larry Cruz,MALE,41.0,Miami,FL,2023-09-06
CUST_009282,Larry Young,Male,43.0,Houston,TX,2024-01-07
CUST_009283,Andrea James,Female,54.0,San Diego,CA,2023-03-14
CUST_009284,Deborah Smith,Female,34.0,San Antonio,TX,2024-03-19
CUST_009285,Carol Williams,Female,21.0,San Jose,CA,2023-10-14
CUST_009286,Sara Morgan,Female,19.0,Charlotte,NC,2023-10-22
CUST_009287,Henry Green,Male,47.0,Philadelphia,PA,2023-02-13
CUST_009288,Scott Allen,male,41.0,Houston,TX,2023-01-16
CUST_009289,Melissa Reed,Female,35.0,Charlotte,NC,2022-08-02
CUST_009290,Nancy Lewis,Female,31.0,Charlotte,NC,2022-03-06
CUST_009291,Linda Martin,F,41.0,Boston,MA,2024-01-27
CUST_009292,Gerald Bailey,Male,41.0,Atlanta,GA,2023-06-22
CUST_009293,Jack Nguyen,Male,44.0,Phoenix,AZ,2023-05-28
CUST_009294,Linda Perez,Female,25.0,San Diego,CA,2022-11-30
CUST_009295,Margaret Rivera,Female,18.0,Houston,TX,2023-10-08
CUST_009296,Melissa Howard,Female,27.0,Austin,TX,2023-01-28
CUST_009297,Dorothy Cook,Female,,Atlanta,GA,2023-11-26
CUST_009298,Alexander Lopez,Male,21.0,Houston,TX,2022-03-29
CUST_009299,Gary Taylor,Male,58.0,San Diego,CA,2022-09-10
CUST_009300,Frances Sanchez,Female,18.0,Boston,MA,2022-10-13
CUST_009301,Zachary Hall,Male,44.0,Los Angeles,CA,2022-01-27
CUST_009302,Jean Phillips,Female,50.0,Austin,TX,2023-08-15
CUST_009303,Madison Hill,Female,51.0,Boston,MA,2023-09-11
CUST_009304,Arthur Richardson,Male,42.0,New York,NY,2023-02-02
CUST_009305,Grace Morris,Female,55.0,Chicago,IL,2023-11-16
CUST_009306,Rebecca Rogers,Female,61.0,New York,NY,2024-03-01
CUST_009307,Steven Wilson,Male,35.0,New York,NY,2023-10-06
CUST_009308,Anthony Gomez,Male,44.0,San Antonio,TX,2023-08-22
CUST_009309,Olivia Lee,Female,54.0,Seattle,WA,2023-03-04
CUST_009310,Nathan Robinson,Male,28.0,Phoenix,AZ,2023-05-25
CUST_009311,Jessica Mendoza,Female,35.0,Austin,TX,2022-10-17
CUST_009312,Christian Cruz,Male,31.0,Los Angeles,CA,2022-09-07
CUST_009313,Hannah Gonzalez,Female,44.0,Miami,FL,2022-01-30
CUST_009314,Tyler Hall,Male,18.0,Houston,TX,2023-03-29
CUST_009315,Emma Jones,Female,56.0,Denver,CO,2022-08-21
CUST_009316,Matthew Allen,MALE,45.0,Los Angeles,CA,2023-03-18
CUST_009317,Benjamin Ortiz,Male,46.0,Atlanta,GA,2023-11-28
CUST_009318,Margaret Cox,Female,18.0,San Diego,CA,2022-12-25
CUST_009319,Dennis Cook,Male,25.0,Charlotte,NC,2022-11-16
CUST_009320,Rebecca Edwards,Female,57.0,Phoenix,AZ,2023-03-01
CUST_009321,Joshua Stewart,Male,36.0,Minneapolis,MN,2023-04-09
CUST_009322,Emma Ortiz,Female,18.0,Phoenix,AZ,2022-10-03
CUST_009323,Heather Nelson,Female,41.0,New York,NY,2023-06-29
CUST_009324,Ryan Davis,Male,47.0,Seattle,WA,2022-02-02
CUST_009325,Judy Moore,Female,45.0,Los Angeles,CA,2023-04-02
CUST_009326,James Nguyen,Male,37.0,Atlanta,GA,2023-08-04
CUST_009327,Arthur Williams,Male,53.0,Houston,TX,2023-03-17
CUST_009328,Mary Wilson,Female,30.0,Boston,MA,2024-03-17
CUST_009329,Donna Jackson,Female,45.0,San Antonio,TX,2022-06-14
CUST_009330,Jordan Davis,Male,40.0,San Diego,CA,2023-03-07
CUST_009331,Peter Garcia,Male,37.0,Denver,CO,2022-10-21
CUST_009332,Joyce Kelly,Female,34.0,Seattle,WA,2024-01-28
CUST_009333,Evelyn Lopez,Female,34.0,Seattle,WA,2022-07-08
CUST_009334,Nicholas Robinson,Male,39.0,San Jose,CA,2023-04-30
CUST_009335,Jeremy Thompson,Male,35.0,Dallas,TX,2023-02-11
CUST_009336,Matthew Phillips,Male,48.0,Atlanta,GA,2024-02-06
CUST_009337,Jacqueline Scott,Female,32.0,Chicago,IL,2023-05-28
CUST_009338,Jesse Chavez,Male,58.0,Los Angeles,CA,2023-03-17
CUST_009339,Gerald Lopez,Male,31.0,Denver,CO,2023-06-19
CUST_009340,Judith Roberts,Female,50.0,San Diego,CA,2023-09-18
CUST_009341,Virginia King,Female,51.0,Detroit,MI,2022-02-06
CUST_009342,Rachel Thompson,Female,41.0,Charlotte,NC,2022-09-10
CUST_009343,Gary Martin,Male,39.0,Miami,FL,2022-08-31
CUST_009344,Madison Scott,Female,29.0,San Diego,CA,2023-02-04
CUST_009345,Aaron Parker,Male,32.0,Boston,MA,2023-06-11
CUST_009346,Jonathan Harris,Male,41.0,Houston,TX,2024-02-05
CUST_009347,Hannah Adams,Female,38.0,New York,NY,2023-06-03
CUST_009348,William Taylor,Male,53.0,Boston,MA,2022-07-10
CUST_009349,Christian Hall,Male,33.0,Boston,MA,2023-05-03
CUST_009350,Martha Cook,Female,34.0,New York,NY,2023-02-15
CUST_009351,Andrew Wright,Male,18.0,Miami,FL,2023-08-02
CUST_009352,Linda Collins,Female,47.0,Minneapolis,MN,2023-07-26
CUST_009353,Joan Ward,Female,45.0,Houston,TX,2023-08-12
CUST_009354,Donald Hall,Male,51.0,New York,NY,2024-03-29
CUST_009355,Jordan Thompson,Male,51.0,Minneapolis,MN,2022-02-01
CUST_009356,Mary Johnson,Female,48.0,New York,NY,2023-10-24
CUST_009357,Andrew Walker,Male,49.0,Chicago,IL,2023-12-27
CUST_009358,Michael Reyes,Male,46.0,San Diego,CA,2022-09-08
CUST_009359,Jeremy Cooper,Male,48.0,Atlanta,GA,2023-10-21
CUST_009360,Heather Lee,Female,18.0,Boston,MA,2022-04-25
CUST_009361,Sara Reyes,Female,25.0,Seattle,WA,2023-05-16
CUST_009362,Judy Cook,Female,23.0,Miami,FL,2022-11-17
CUST_009363,Dennis Hernandez,Male,54.0,Seattle,WA,2022-08-23
CUST_009364,Andrew Morgan,Male,29.0,San Jose,CA,2023-08-03
CUST_009365,Joseph Martin,Male,31.0,Los Angeles,CA,2023-01-24
CUST_009366,Madison Gray,Female,39.0,Philadelphia,PA,2022-06-25
CUST_009367,Joshua Hernandez,Male,23.0,Philadelphia,PA,2023-07-04
CUST_009368,Sean Green,Male,43.0,New York,NY,2023-04-18
CUST_009369,Terry Reed,Male,18.0,Phoenix,AZ,2022-02-17
CUST_009370,Tyler Reed,Male,24.0,Chicago,IL,2023-12-03
CUST_009371,Dennis Sanchez,Male,41.0,New York,NY,2024-03-22
CUST_009372,Julia Baker,Female,23.0,San Diego,CA,2022-12-04
CUST_009373,Walter Flores,Male,55.0,Chicago,IL,2024-03-22
CUST_009374,Nathan Thomas,Male,39.0,Los Angeles,CA,2024-03-28
CUST_009375,Jonathan Flores,Male,53.0,Atlanta,GA,2023-03-16
CUST_009376,Katherine Gutierrez,Female,43.0,Atlanta,GA,2024-02-08
CUST_009377,Gary Garcia,Male,38.0,San Jose,CA,2023-11-07
CUST_009378,Julia James,Female,26.0,Los Angeles,CA,2023-12-13
CUST_009379,Joyce Diaz,Female,50.0,San Jose,CA,2022-05-13
CUST_009380,Hannah White,Female,44.0,Denver,CO,2023-11-06
CUST_009381,Linda Evans,Female,65.0,Chicago,IL,2022-08-31
CUST_009382,Sara Wood,Female,49.0,Los Angeles,CA,2023-10-14
CUST_009383,Brenda Davis,Female,34.0,Philadelphia,PA,2022-08-31
CUST_009384,Peter Rogers,Male,42.0,Phoenix,AZ,2023-11-08
CUST_009385,Linda Anderson,Female,44.0,Los Angeles,CA,2024-01-21
CUST_009386,Sean Gray,Male,53.0,Los Angeles,CA,2023-04-14
CUST_009387,Jose Cook,Male,55.0,San Antonio,TX,2023-02-18
CUST_009388,Larry Stewart,Male,36.0,San Diego,CA,2022-06-05
CUST_009389,Stephanie Stewart,Female,23.0,San Diego,CA,2022-08-31
CUST_009390,Rebecca Davis,Female,18.0,Charlotte,NC,2024-03-26
CUST_009391,Timothy Sanchez,Male,24.0,New York,NY,2023-10-02
CUST_009392,Christopher Adams,Male,31.0,Atlanta,GA,2023-10-29
CUST_009393,Justin Scott,Male,57.0,Houston,TX,2023-11-29
CUST_009394,Nicole Taylor,Female,57.0,Boston,MA,2023-06-17
CUST_009395,Nicholas Reyes,Male,51.0,Denver,CO,2023-02-25
CUST_009396,Douglas Smith,Male,54.0,Austin,TX,2022-12-09
CUST_009397,Eric Gomez,Male,30.0,Austin,TX,2022-01-31
CUST_009398,Joseph Williams,male,20.0,Seattle,WA,2023-11-26
CUST_009399,Gerald Miller,Male,26.0,Boston,MA,2024-01-02
CUST_009400,Jonathan Ramirez,Male,18.0,Los Angeles,CA,2022-12-05
CUST_009401,Jose Morris,Male,25.0,Houston,TX,2023-04-25
CUST_009402,Lawrence Garcia,Male,32.0,Miami,FL,2023-06-12
CUST_009403,Ethan White,Male,41.0,San Diego,CA,2023-08-10
CUST_009404,Carolyn Kelly,Female,40.0,Los Angeles,CA,2023-08-05
CUST_009405,Alexander Anderson,Male,30.0,Charlotte,NC,2022-07-25
CUST_009406,Noah Perez,Male,46.0,Charlotte,NC,2023-09-01
CUST_009407,Teresa Gutierrez,Female,30.0,San Diego,CA,2023-10-17
CUST_009408,Ashley Reed,Female,39.0,San Diego,CA,2022-01-20
CUST_009409,Tyler Williams,Male,25.0,Chicago,IL,2023-07-12
CUST_009410,Carl Diaz,Male,52.0,San Diego,CA,2023-02-05
CUST_009411,Martha Cruz,Female,,Charlotte,NC,2024-01-16
CUST_009412,Lisa Walker,Female,47.0,Chicago,IL,2024-02-23
CUST_009413,Emma Brown,Female,23.0,Chicago,IL,2023-06-17
CUST_009414,Samuel Smith,Male,41.0,Minneapolis,MN,2023-01-22
CUST_009415,Kenneth Scott,Male,46.0,Phoenix,AZ,2024-02-20
CUST_009416,Nathan Evans,Male,18.0,Charlotte,NC,2022-10-01
CUST_009417,Samantha Brown,Female,53.0,Houston,TX,2023-04-07
CUST_009418,George Chavez,Male,23.0,New York,NY,2022-12-13
CUST_009419,Edward Morgan,Male,41.0,Portland,OR,2022-06-13
CUST_009420,Gerald White,Male,61.0,Chicago,IL,2024-01-22
CUST_009421,Madison Young,Female,50.0,Seattle,WA,2022-09-13
CUST_009422,Gloria Edwards,Female,20.0,New York,NY,2023-11-16
CUST_009423,Arthur Bailey,Male,36.0,Boston,MA,2023-10-18
CUST_009424,Julia Carter,Female,54.0,Los Angeles,CA,2023-08-17
CUST_009425,Brandon Garcia,Male,28.0,Atlanta,GA,2022-04-29
CUST_009426,Joseph Wright,Male,34.0,Charlotte,NC,2023-01-22
CUST_009427,Martha Kim,Female,34.0,New York,NY,2024-02-12
CUST_009428,Olivia Rogers,Female,46.0,Houston,TX,2022-12-24
CUST_009429,Jacob Evans,Male,19.0,Denver,CO,2022-01-24
CUST_009430,Joe Stewart,Male,46.0,Charlotte,NC,2023-09-28
CUST_009431,Laura Thompson,Female,31.0,Houston,TX,2023-09-01
CUST_009432,Jean Martinez,Female,38.0,Charlotte,NC,2023-06-14
CUST_009433,Jack Campbell,Male,36.0,Detroit,MI,2022-12-22
CUST_009434,Linda White,Female,46.0,Denver,CO,2022-11-17
CUST_009435,Gerald Peterson,Male,38.0,Phoenix,AZ,2022-08-25
CUST_009436,Walter Walker,Male,57.0,San Diego,CA,2023-06-23
CUST_009437,Joyce Gomez,Female,51.0,Denver,CO,2024-03-28
CUST_009438,Jerry Thomas,Male,29.0,Seattle,WA,2023-11-08
CUST_009439,Paul Anderson,Male,56.0,Chicago,IL,2023-08-08
CUST_009440,Donna Young,Female,42.0,Dallas,TX,2023-06-06
CUST_009441,Robert Watson,Male,41.0,Miami,FL,2023-09-14
CUST_009442,Matthew Richardson,Male,49.0,San Antonio,TX,2023-04-14
CUST_009443,Edward Kim,Male,25.0,Dallas,TX,2023-12-22
CUST_009444,Carolyn Brooks,Female,21.0,Houston,TX,2023-06-15
CUST_009445,Christopher Baker,Male,39.0,Los Angeles,CA,2022-09-10
CUST_009446,Catherine Hill,Female,31.0,New York,NY,2023-06-01
CUST_009447,Kevin Gray,Male,64.0,Phoenix,AZ,2022-09-09
CUST_009448,Kenneth Davis,Male,29.0,Austin,TX,2023-05-11
CUST_009449,Julia Perez,Female,39.0,Boston,MA,2023-11-22
CUST_009450,Denise Wilson,Female,41.0,New York,NY,2023-09-30
CUST_009451,Keith Martinez,Male,54.0,Houston,TX,2022-10-01
CUST_009452,Elizabeth Torres,Female,26.0,Atlanta,GA,2023-10-01
CUST_009453,Peter Diaz,Male,18.0,New York,NY,2022-05-14
CUST_009454,Mark Kelly,Male,56.0,Charlotte,NC,2023-08-01
CUST_009455,Frank Diaz,Male,40.0,San Jose,CA,2022-11-10
CUST_009456,Kathryn Hill,Female,49.0,Portland,OR,2023-07-12
CUST_009457,Angela Nguyen,Female,49.0,Denver,CO,2024-01-01
CUST_009458,Abigail Campbell,Female,51.0,Charlotte,NC,2022-05-24
CUST_009459,Douglas Kim,Male,34.0,Seattle,WA,2023-09-08
CUST_009460,Timothy Davis,Male,30.0,Chicago,IL,2023-08-29
CUST_009461,Joseph Johnson,Male,18.0,Atlanta,GA,2023-10-20
CUST_009462,Gloria Kelly,Female,26.0,Chicago,IL,2024-03-11
CUST_009463,Nicole Martinez,Female,39.0,Dallas,TX,2023-03-30
CUST_009464,Susan Harris,Female,30.0,Houston,TX,2022-05-27
CUST_009465,Thomas King,Male,24.0,Atlanta,GA,2023-09-07
CUST_009466,Sophia Cook,Female,39.0,Boston,MA,2023-05-18
CUST_009467,Carol Nguyen,Female,55.0,Miami,FL,2023-11-27
CUST_009468,Bryan Baker,Male,38.0,Chicago,IL,2023-11-14
CUST_009469,Nathan Anderson,Male,24.0,Charlotte,NC,2023-10-04
CUST_009470,Stephanie Rodriguez,Female,54.0,Atlanta,GA,2023-01-19
CUST_009471,Jacob Hill,Male,29.0,Phoenix,AZ,2023-03-25
CUST_009472,Hannah Thomas,Female,57.0,Los Angeles,CA,2024-02-05
CUST_009473,Emma Reyes,Female,35.0,Houston,TX,2023-02-21
CUST_009474,Susan Torres,Female,40.0,New York,NY,2023-06-19
CUST_009475,Michelle Collins,Female,58.0,Austin,TX,2023-08-29
CUST_009476,Gerald Clark,Male,22.0,New York,NY,2022-05-06
CUST_009477,Henry Cruz,Male,25.0,Philadelphia,PA,2023-10-29
CUST_009478,Benjamin White,Male,34.0,Seattle,WA,2022-01-18
CUST_009479,Carol Johnson,Female,37.0,Philadelphia,PA,2024-03-19
CUST_009480,Justin Peterson,Male,72.0,Minneapolis,MN,2023-06-05
CUST_009481,Harold Parker,Male,27.0,Chicago,IL,2022-06-27
CUST_009482,Susan Chavez,Female,22.0,San Diego,CA,2023-11-08
CUST_009483,Jordan Phillips,Male,27.0,Detroit,MI,2023-12-20
CUST_009484,Gerald Moore,Male,41.0,Houston,TX,2022-08-02
CUST_009485,Ronald Phillips,Male,,San Antonio,TX,2022-02-16
CUST_009486,Madison Morgan,Female,30.0,Portland,OR,2023-05-02
CUST_009487,Nathan Gonzalez,Male,39.0,San Antonio,TX,2023-07-29
CUST_009488,Adam Chavez,Male,63.0,Miami,FL,2022-06-27
CUST_009489,Daniel Carter,Male,39.0,Portland,OR,2023-05-31
CUST_009490,Austin Flores,Male,43.0,Chicago,IL,2023-05-04
CUST_009491,Nicole Peterson,Female,62.0,Atlanta,GA,2024-01-01
CUST_009492,Keith Ramirez,Male,30.0,San Jose,CA,2023-11-30
CUST_009493,George Bennett,Male,29.0,Charlotte,NC,2022-05-22
CUST_009494,Timothy Bailey,Male,33.0,Dallas,TX,2023-09-15
CUST_009495,Judy Reed,Female,32.0,Atlanta,GA,2023-04-15
CUST_009496,Christine Collins,Female,18.0,Houston,TX,2023-03-17
CUST_009497,Barbara Ramirez,Female,40.0,Austin,TX,2022-06-21
CUST_009498,Ann Jones,Female,41.0,Boston,MA,2023-10-14
CUST_009499,Andrew Collins,Male,36.0,Charlotte,NC,2024-01-05
CUST_009500,Frances Carter,Female,42.0,Chicago,IL,2022-08-02
CUST_009501,Arthur Edwards,male,42.0,New York,NY,2022-02-03
CUST_009502,David Hernandez,Male,22.0,Charlotte,NC,2023-07-06
CUST_009503,Raymond Collins,Male,42.0,Austin,TX,2024-03-19
CUST_009504,Grace Stewart,Female,45.0,New York,NY,2023-08-26
CUST_009505,Lawrence Martinez,Male,19.0,San Diego,CA,2022-09-15
CUST_009506,Gregory Garcia,Male,57.0,Portland,OR,2024-01-07
CUST_009507,Nathan Kelly,Male,23.0,Charlotte,NC,2023-05-13
CUST_009508,Ruth Martin,Female,24.0,Houston,TX,2023-04-21
CUST_009509,Steven Richardson,Male,41.0,Boston,MA,2022-03-05
CUST_009510,Virginia Chavez,Female,45.0,Philadelphia,PA,2022-03-09
CUST_009511,Edward Davis,Male,48.0,Phoenix,AZ,2023-06-13
CUST_009512,Laura Ramos,Female,46.0,Boston,MA,2023-11-24
CUST_009513,Brenda Wood,Female,32.0,Chicago,IL,2023-10-18
CUST_009514,Gerald Walker,Male,40.0,Phoenix,AZ,2024-02-21
CUST_009515,Carol Cooper,Female,35.0,Chicago,IL,2023-04-15
CUST_009516,Kenneth Morgan,Male,41.0,Los Angeles,CA,2023-07-14
CUST_009517,James Ward,Male,39.0,Phoenix,AZ,2023-07-19
CUST_009518,Margaret Collins,Female,32.0,Charlotte,NC,2023-01-05
CUST_009519,Grace Reyes,Female,34.0,Phoenix,AZ,2022-01-04
CUST_009520,Pamela Collins,Female,18.0,Seattle,WA,2023-12-16
CUST_009521,Donald Reed,Male,49.0,Chicago,IL,2022-03-16
CUST_009522,Bryan Mitchell,Male,42.0,Miami,FL,2024-03-04
CUST_009523,Jennifer Young,Female,18.0,Austin,TX,2023-12-19
CUST_009524,Scott Hill,Male,48.0,Portland,OR,2022-04-23
CUST_009525,Martha Bailey,Female,38.0,Houston,TX,2022-05-12
CUST_009526,Ethan Robinson,Male,27.0,San Diego,CA,2023-10-06
CUST_009527,Kimberly Gonzalez,Female,26.0,Los Angeles,CA,2023-05-17
CUST_009528,Joan Turner,Female,30.0,Los Angeles,CA,2023-08-04
CUST_009529,Jerry Bailey,Male,27.0,Dallas,TX,2022-10-19
CUST_009530,Kelly Lopez,Female,29.0,Atlanta,GA,2024-01-15
CUST_009531,Kevin Nguyen,Male,60.0,Los Angeles,CA,2023-05-16
CUST_009532,Keith Robinson,Male,43.0,Seattle,WA,2023-06-03
CUST_009533,Patrick Thomas,Male,64.0,Seattle,WA,2024-03-24
CUST_009534,Evelyn Davis,Female,41.0,San Antonio,TX,2023-10-31
CUST_009535,Jesse Wilson,Male,46.0,Boston,MA,2023-09-02
CUST_009536,Sara Cox,Female,27.0,Austin,TX,2024-01-03
CUST_009537,Jeremy Walker,Male,36.0,Portland,OR,2024-03-25
CUST_009538,Deborah Lopez,Female,37.0,Boston,MA,2023-11-28
CUST_009539,William Lopez,Male,46.0,Minneapolis,MN,2023-11-24
CUST_009540,Maria Allen,Female,38.0,Houston,TX,2022-07-20
CUST_009541,Robert Ramos,Male,43.0,Atlanta,GA,2024-01-08
CUST_009542,Zachary Scott,Male,42.0,Charlotte,NC,2024-01-13
CUST_009543,Judith Moore,Female,35.0,Los Angeles,CA,2023-06-27
CUST_009544,Frank Gomez,Male,33.0,San Diego,CA,2023-08-05
CUST_009545,Anthony Hernandez,Male,30.0,Miami,FL,2023-07-17
CUST_009546,Frances Cox,Female,52.0,Phoenix,AZ,2023-05-18
CUST_009547,Jack Flores,Male,35.0,San Antonio,TX,2022-07-12
CUST_009548,Samuel Mitchell,Male,43.0,Boston,MA,2023-08-11
CUST_009549,Frank Morales,Male,37.0,Atlanta,GA,2023-01-05
CUST_009550,Jessica Lopez,Female,52.0,Los Angeles,CA,2023-05-11
CUST_009551,Kyle Howard,Male,18.0,Phoenix,AZ,2024-01-26
CUST_009552,Barbara Moore,Female,42.0,Phoenix,AZ,2022-04-29
CUST_009553,Raymond Martin,Male,23.0,Los Angeles,CA,2024-03-02
CUST_009554,Sandra Phillips,Female,43.0,New York,NY,2023-06-05
CUST_009555,Emily Thomas,Female,37.0,Denver,CO,2024-02-27
CUST_009556,Michelle Hill,Female,20.0,Miami,FL,2022-07-29
CUST_009557,Patricia Green,Female,43.0,Portland,OR,2022-03-02
CUST_009558,Sean Chavez,Male,41.0,Portland,OR,2023-07-15
CUST_009559,Keith Robinson,Male,36.0,Charlotte,NC,2023-05-04
CUST_009560,Robert Mitchell,Male,37.0,New York,NY,2023-10-05
CUST_009561,William Sanchez,Male,41.0,Phoenix,AZ,2023-06-30
CUST_009562,Hannah Morales,Female,53.0,New York,NY,2023-04-24
CUST_009563,Mary Diaz,Female,35.0,Seattle,WA,2024-01-27
CUST_009564,Justin Lee,Male,51.0,Charlotte,NC,2022-11-18
CUST_009565,Thomas Gonzalez,Male,38.0,New York,NY,2022-10-02
CUST_009566,Jack Clark,Male,55.0,San Diego,CA,2023-11-22
CUST_009567,Denise Davis,Female,36.0,San Diego,CA,2022-12-12
CUST_009568,Anthony Green,Male,30.0,Los Angeles,CA,2023-06-01
CUST_009569,Judy Johnson,Female,25.0,Miami,FL,2023-07-09
CUST_009570,Carl Evans,Male,38.0,Phoenix,AZ,2022-10-23
CUST_009571,Grace Morgan,Female,29.0,Phoenix,AZ,2022-12-16
CUST_009572,Ethan Ward,Male,56.0,Charlotte,NC,2022-02-15
CUST_009573,Sara Howard,Female,28.0,Chicago,IL,2022-10-10
CUST_009574,Jack Thompson,Male,30.0,Phoenix,AZ,2022-11-20
CUST_009575,Madison Gray,Female,46.0,Boston,MA,2022-01-20
CUST_009576,Thomas Martinez,Male,53.0,San Antonio,TX,2023-12-05
CUST_009577,Megan Moore,Female,48.0,Austin,TX,2024-01-16
CUST_009578,Tyler Wright,Male,52.0,San Antonio,TX,2022-07-06
CUST_009579,Barbara Gonzalez,Female,,Chicago,IL,2023-07-03
CUST_009580,Deborah Ortiz,Female,38.0,Los Angeles,CA,2023-02-26
CUST_009581,Paul Brown,Male,64.0,Miami,FL,2022-05-18
CUST_009582,Anna Lewis,Female,60.0,Chicago,IL,2022-01-29
CUST_009583,Kimberly Ward,FEMALE,47.0,Charlotte,NC,2023-08-15
CUST_009584,Kevin Turner,Male,52.0,New York,NY,2022-03-29
CUST_009585,George Baker,Male,49.0,Minneapolis,MN,2024-01-20
CUST_009586,Jack Walker,Male,23.0,Portland,OR,2023-11-12
CUST_009587,Nancy Phillips,Female,38.0,New York,NY,2023-09-27
CUST_009588,Joshua Wilson,Male,57.0,Austin,TX,2023-12-18
CUST_009589,Ronald Richardson,Male,48.0,Boston,MA,2022-04-26
CUST_009590,Nicole Gomez,Female,38.0,Austin,TX,2023-07-19
CUST_009591,Michael Young,Male,57.0,Minneapolis,MN,2022-08-03
CUST_009592,Denise Hill,Female,43.0,Los Angeles,CA,2023-04-28
CUST_009593,Timothy Chavez,Male,48.0,Portland,OR,2022-12-18
CUST_009594,Brian Campbell,Male,43.0,San Diego,CA,2022-05-13
CUST_009595,Catherine Brooks,Female,45.0,Houston,TX,2023-10-05
CUST_009596,Sara Watson,Female,46.0,San Diego,CA,2022-10-30
CUST_009597,Nicole Lewis,Female,55.0,Houston,TX,2022-05-13
CUST_009598,Amanda Gomez,Female,,Philadelphia,PA,2024-01-12
CUST_009599,Frank Kelly,Male,33.0,Los Angeles,CA,2022-05-25
CUST_009600,Scott Jackson,Male,,Miami,FL,2022-08-02
CUST_009601,Eric Reed,Male,54.0,Phoenix,AZ,2022-01-27
CUST_009602,Grace Morales,Female,37.0,Philadelphia,PA,2023-04-28
CUST_009603,Jordan Robinson,Male,22.0,Detroit,MI,2023-12-07
CUST_009604,Catherine Torres,Female,27.0,Detroit,MI,2023-12-24
CUST_009605,Barbara Morgan,Female,28.0,Atlanta,GA,2023-10-11
CUST_009606,Frank Morris,Male,33.0,New York,NY,2023-03-21
CUST_009607,Julia Edwards,Female,29.0,Detroit,MI,2024-01-19
CUST_009608,Lawrence Nelson,M,51.0,Los Angeles,CA,2023-10-28
CUST_009609,Paul Roberts,Male,35.0,Philadelphia,PA,2024-01-18
CUST_009610,Kimberly Edwards,Female,54.0,Detroit,MI,2022-09-03
CUST_009611,Matthew Richardson,Male,24.0,New York,NY,2023-06-30
CUST_009612,Christian Baker,Male,34.0,Los Angeles,CA,2022-01-25
CUST_009613,Brandon Smith,Male,40.0,Dallas,TX,2023-04-30
CUST_009614,Laura Hall,Female,49.0,Philadelphia,PA,2024-01-10
CUST_009615,Sharon Reyes,Female,53.0,Phoenix,AZ,2023-10-07
CUST_009616,Melissa Allen,Female,32.0,Atlanta,GA,2023-11-03
CUST_009617,Kathryn Diaz,Female,51.0,Minneapolis,MN,2022-11-12
CUST_009618,Anna Thomas,Female,18.0,Charlotte,NC,2023-01-20
CUST_009619,Joshua Martin,Male,49.0,Los Angeles,CA,2024-03-22
CUST_009620,Douglas Bennett,Male,22.0,Seattle,WA,2022-09-29
CUST_009621,Joyce Wood,Female,44.0,Minneapolis,MN,2022-04-05
CUST_009622,Zachary Collins,Male,53.0,Chicago,IL,2023-01-13
CUST_009623,Christian Edwards,Male,50.0,San Antonio,TX,2023-10-28
CUST_009624,Thomas Lewis,Male,18.0,New York,NY,2023-05-01
CUST_009625,James Nelson,Male,33.0,Los Angeles,CA,2022-02-19
CUST_009626,William Jones,Male,47.0,Los Angeles,CA,2023-08-16
CUST_009627,Joan Miller,Female,47.0,Denver,CO,2023-10-05
CUST_009628,Alice Evans,Female,42.0,Austin,TX,2023-07-01
CUST_009629,Edward Sanchez,Male,18.0,New York,NY,2022-06-30
CUST_009630,Jeremy Baker,Male,53.0,Austin,TX,2022-07-19
CUST_009631,Peter Brooks,Male,56.0,New York,NY,2023-01-28
CUST_009632,Joe Hall,Male,41.0,Los Angeles,CA,2022-12-18
CUST_009633,Samantha Thomas,Female,41.0,Detroit,MI,2022-04-21
CUST_009634,Sandra Perez,Female,45.0,Philadelphia,PA,2023-12-30
CUST_009635,Ethan Wright,Male,57.0,Boston,MA,2024-02-11
CUST_009636,Gloria Lewis,Female,42.0,Houston,TX,2022-06-03
CUST_009637,Douglas Turner,,36.0,New York,NY,2023-05-31
CUST_009638,Carl Perez,Male,43.0,Minneapolis,MN,2023-02-16
CUST_009639,Ryan Moore,Male,38.0,Los Angeles,CA,2023-01-29
CUST_009640,Lauren Morgan,Female,39.0,Houston,TX,2023-06-14
CUST_009641,Kevin Clark,Male,18.0,Seattle,WA,2023-03-08
CUST_009642,Emma Hill,Female,45.0,Dallas,TX,2023-03-05
CUST_009643,Joshua Garcia,Male,53.0,Detroit,MI,2022-06-03
CUST_009644,Margaret Wilson,Female,51.0,Charlotte,NC,2023-09-18
CUST_009645,Robert Young,Male,50.0,Los Angeles,CA,2023-06-14
CUST_009646,Kelly Reyes,F,,Chicago,IL,2022-03-04
CUST_009647,Frances Martin,Female,40.0,San Jose,CA,2023-01-01
CUST_009648,Rebecca Evans,Female,53.0,Los Angeles,CA,2022-08-14
CUST_009649,Pamela Moore,Female,49.0,San Diego,CA,2023-01-14
CUST_009650,Mary James,Female,57.0,Houston,TX,2022-05-09
CUST_009651,Eric Johnson,Male,30.0,Minneapolis,MN,2023-07-07
CUST_009652,Brian Watson,Male,30.0,Detroit,MI,2023-06-15
CUST_009653,Maria Rogers,Female,34.0,Chicago,IL,2023-06-23
CUST_009654,Austin Moore,Male,27.0,New York,NY,2022-12-24
CUST_009655,Benjamin Anderson,Male,22.0,Charlotte,NC,2023-09-26
CUST_009656,Nathan Collins,Male,44.0,Los Angeles,CA,2023-12-18
CUST_009657,Christina Ramos,Female,44.0,Los Angeles,CA,2023-02-05
CUST_009658,Betty Edwards,Female,42.0,Chicago,IL,2023-02-18
CUST_009659,Jason Clark,Male,43.0,Houston,TX,2024-01-25
CUST_009660,Karen Allen,Female,20.0,Los Angeles,CA,2023-07-03
CUST_009661,Emma Rodriguez,Female,32.0,Houston,TX,2023-04-21
CUST_009662,Terry Murphy,Male,35.0,New York,NY,2023-10-06
CUST_009663,Samantha Chavez,Female,39.0,Atlanta,GA,2022-11-06
CUST_009664,Larry Richardson,Male,20.0,Chicago,IL,2022-02-06
CUST_009665,Emily Adams,Female,27.0,Atlanta,GA,2023-09-11
CUST_009666,Timothy Parker,Male,33.0,San Jose,CA,2023-08-02
CUST_009667,Lawrence Nelson,Male,52.0,San Antonio,TX,2023-02-15
CUST_009668,Timothy Carter,Male,42.0,Charlotte,NC,2022-02-21
CUST_009669,Peter Collins,Male,51.0,Phoenix,AZ,2024-02-21
CUST_009670,Michael Turner,Male,37.0,Los Angeles,CA,2023-10-02
CUST_009671,Lisa Martin,Female,39.0,Dallas,TX,2023-01-10
CUST_009672,Timothy James,Male,45.0,Los Angeles,CA,2022-07-29
CUST_009673,Austin Adams,Male,36.0,Chicago,IL,2023-05-26
CUST_009674,Paul Mendoza,Male,31.0,Detroit,MI,2022-01-25
CUST_009675,Evelyn Ramos,Female,20.0,Minneapolis,MN,2023-03-10
CUST_009676,Sandra Diaz,Female,31.0,Philadelphia,PA,2024-03-23
CUST_009677,Jerry Stewart,Male,49.0,San Antonio,TX,2023-10-08
CUST_009678,Raymond Flores,Male,54.0,Dallas,TX,2024-03-21
CUST_009679,Julie Jackson,Female,29.0,New York,NY,2023-01-19
CUST_009680,Deborah Wilson,Female,18.0,Chicago,IL,2022-04-06
CUST_009681,Matthew Baker,Male,50.0,Dallas,TX,2024-03-08
CUST_009682,Kathryn Watson,Female,39.0,Houston,TX,2024-01-02
CUST_009683,Frank Adams,Male,22.0,Los Angeles,CA,2023-06-01
CUST_009684,Donna Sanchez,Female,18.0,San Jose,CA,2022-08-25
CUST_009685,Brenda James,Female,26.0,Dallas,TX,2023-10-08
CUST_009686,Barbara Wood,Female,33.0,Houston,TX,2022-01-22
CUST_009687,Scott Martinez,Male,24.0,Portland,OR,2024-02-04
CUST_009688,Eric Morgan,Male,47.0,Boston,MA,2023-09-08
CUST_009689,Nancy Kelly,Female,28.0,Austin,TX,2022-07-05
CUST_009690,Emma Ramos,Female,39.0,Los Angeles,CA,2022-06-24
CUST_009691,Joyce Sanchez,Female,68.0,San Jose,CA,2022-03-06
CUST_009692,Abigail Morgan,Female,40.0,Seattle,WA,2023-10-30
CUST_009693,Douglas Davis,Male,,Dallas,TX,2022-05-18
CUST_009694,Christine Ramirez,Female,37.0,San Jose,CA,2023-04-29
CUST_009695,Ethan Green,Male,47.0,Los Angeles,CA,2022-12-18
CUST_009696,Melissa Scott,Female,45.0,Houston,TX,2023-05-21
CUST_009697,Victoria Nelson,Female,26.0,Minneapolis,MN,2023-09-06
CUST_009698,Mary Howard,Female,33.0,Los Angeles,CA,2022-08-06
CUST_009699,Susan Gomez,Female,30.0,Dallas,TX,2022-07-28
CUST_009700,Olivia Diaz,Female,35.0,Minneapolis,MN,2022-11-30
CUST_009701,Kimberly Ramos,Female,61.0,New York,NY,2024-02-18
CUST_009702,Lauren Cooper,Female,46.0,Charlotte,NC,2023-02-27
CUST_009703,Tyler Collins,Male,38.0,Minneapolis,MN,2022-09-19
CUST_009704,Barbara Carter,Female,54.0,Denver,CO,2023-04-28
CUST_009705,Shirley Bailey,Female,41.0,Denver,CO,2022-07-09
CUST_009706,Julie Martinez,Female,18.0,Minneapolis,MN,2023-10-26
CUST_009707,Zachary Wood,,59.0,Los Angeles,CA,2022-11-14
CUST_009708,Christian Perez,Male,37.0,Seattle,WA,2024-03-19
CUST_009709,Edward Howard,Male,18.0,Houston,TX,2023-07-21
CUST_009710,Roger Campbell,Male,19.0,Minneapolis,MN,2023-07-07
CUST_009711,Jeffrey Wilson,Male,53.0,San Diego,CA,2022-10-20
CUST_009712,Mary Green,Female,19.0,Boston,MA,2022-07-07
CUST_009713,Dennis Anderson,Male,55.0,Los Angeles,CA,2022-03-27
CUST_009714,Joshua White,Male,40.0,Chicago,IL,2023-12-27
CUST_009715,Lisa Clark,Female,47.0,Miami,FL,2024-03-17
CUST_009716,Amanda Cruz,Female,35.0,Phoenix,AZ,2022-08-11
CUST_009717,Teresa Edwards,Female,,San Diego,CA,2024-03-26
CUST_009718,Jean Nelson,Female,42.0,Denver,CO,2023-07-11
CUST_009719,Dylan Moore,Male,38.0,Los Angeles,CA,2023-11-10
CUST_009720,Stephanie Lewis,Female,25.0,Chicago,IL,2024-03-23
CUST_009721,Larry Gray,Male,43.0,Houston,TX,2024-03-15
CUST_009722,Keith Rogers,Male,18.0,Detroit,MI,2023-06-05
CUST_009723,Sharon Flores,Female,50.0,Los Angeles,CA,2023-05-04
CUST_009724,Angela Baker,Female,41.0,Houston,TX,2023-08-24
CUST_009725,Andrew Torres,Male,44.0,Charlotte,NC,2022-08-16
CUST_009726,Frank Watson,Male,18.0,Miami,FL,2023-01-13
CUST_009727,Victoria Peterson,Female,24.0,Seattle,WA,2023-12-08
CUST_009728,Sharon Young,Female,32.0,San Diego,CA,2022-04-30
CUST_009729,John Gray,Male,47.0,Miami,FL,2023-03-11
CUST_009730,Peter Sanchez,Male,27.0,Portland,OR,2022-11-11
CUST_009731,Julie Carter,Female,70.0,Detroit,MI,2023-06-16
CUST_009732,Donna Johnson,Female,35.0,San Jose,CA,2022-07-18
CUST_009733,Ronald Evans,Male,26.0,Denver,CO,2024-02-13
CUST_009734,Judy Adams,Female,36.0,Boston,MA,2023-11-14
CUST_009735,Olivia Cruz,Female,27.0,Atlanta,GA,2022-03-31
CUST_009736,Jack Moore,Male,24.0,Denver,CO,2022-11-20
CUST_009737,Joyce James,Female,51.0,Los Angeles,CA,2022-02-18
CUST_009738,Judy Cooper,Female,45.0,Boston,MA,2022-05-13
CUST_009739,Jason Richardson,Male,45.0,Phoenix,AZ,2023-02-11
CUST_009740,Brian Clark,Male,54.0,Los Angeles,CA,2022-11-23
CUST_009741,Jacob Ortiz,Male,45.0,New York,NY,2023-04-29
CUST_009742,Martha Reed,Female,25.0,Chicago,IL,2022-10-20
CUST_009743,Charles Collins,Male,47.0,San Antonio,TX,2022-11-25
CUST_009744,Steven Morales,Male,24.0,Chicago,IL,2024-03-04
CUST_009745,Andrew Carter,Male,33.0,Seattle,WA,2024-01-09
CUST_009746,Tyler Garcia,Male,38.0,Charlotte,NC,2022-01-16
CUST_009747,Aaron Flores,Male,37.0,New York,NY,2023-07-01
CUST_009748,Ryan Baker,Male,18.0,Los Angeles,CA,2022-06-01
CUST_009749,Brian Johnson,Male,26.0,Chicago,IL,2023-11-12
CUST_009750,Andrea Cox,Female,38.0,Atlanta,GA,2023-12-14
CUST_009751,Robert Green,Male,31.0,Chicago,IL,2023-08-12
CUST_009752,Kyle Gray,Male,53.0,Los Angeles,CA,2023-08-22
CUST_009753,Emily Johnson,Female,55.0,Los Angeles,CA,2023-12-24
CUST_009754,Janice Anderson,Female,24.0,Los Angeles,CA,2022-04-21
CUST_009755,Eric Wood,Male,39.0,Denver,CO,2023-09-16
CUST_009756,Joyce Thomas,Female,58.0,Denver,CO,2022-05-10
CUST_009757,Charles White,Male,37.0,Houston,TX,2022-02-17
CUST_009758,Kenneth Thompson,Male,33.0,Philadelphia,PA,2023-07-28
CUST_009759,Christina Jones,Female,49.0,Austin,TX,2022-10-03
CUST_009760,Janet Walker,F,35.0,Charlotte,NC,2022-02-21
CUST_009761,Ethan Carter,Male,54.0,Denver,CO,2022-03-12
CUST_009762,Catherine Ortiz,Female,31.0,Atlanta,GA,2024-03-18
CUST_009763,Frank Kelly,Male,33.0,Charlotte,NC,2022-08-19
CUST_009764,Sara Williams,Female,48.0,Phoenix,AZ,2023-01-28
CUST_009765,Pamela Ortiz,Female,40.0,New York,NY,2022-09-28
CUST_009766,Sean Wright,Male,40.0,Boston,MA,2024-02-18
CUST_009767,Amy Nguyen,Female,18.0,New York,NY,2022-03-23
CUST_009768,Edward Cook,Male,34.0,Philadelphia,PA,2023-05-17
CUST_009769,Jeremy Scott,Male,49.0,Denver,CO,2023-03-26
CUST_009770,Mary Martin,Female,29.0,Dallas,TX,2023-09-04
CUST_009771,Sandra Robinson,Female,47.0,Houston,TX,2024-01-24
CUST_009772,David Young,Male,42.0,San Diego,CA,2022-01-01
CUST_009773,Benjamin Phillips,Male,36.0,Chicago,IL,2022-01-19
CUST_009774,Tyler White,Male,55.0,New York,NY,2023-01-03
CUST_009775,James Gonzalez,Male,34.0,Phoenix,AZ,2023-01-23
CUST_009776,Margaret Adams,Female,35.0,New York,NY,2024-01-19
CUST_009777,Stephanie Ramos,Female,36.0,Charlotte,NC,2022-10-09
CUST_009778,George Nguyen,Male,40.0,Philadelphia,PA,2023-12-22
CUST_009779,Joseph Hill,Male,,Minneapolis,MN,2022-04-08
CUST_009780,Anthony Chavez,Male,20.0,Portland,OR,2022-03-27
CUST_009781,Ann Wright,Female,49.0,Philadelphia,PA,2023-10-12
CUST_009782,Douglas Nguyen,Male,39.0,Phoenix,AZ,2023-10-24
CUST_009783,George Miller,M,45.0,Minneapolis,MN,2022-04-14
CUST_009784,Dorothy Gutierrez,Female,68.0,New York,NY,2024-03-26
CUST_009785,Richard Torres,Male,32.0,San Antonio,TX,2022-03-30
CUST_009786,Jason Hall,Male,23.0,Chicago,IL,2024-01-15
CUST_009787,Shirley Ramos,Female,41.0,Boston,MA,2022-07-22
CUST_009788,Janice Reed,Female,43.0,Miami,FL,2022-01-25
CUST_009789,Megan Kelly,Female,49.0,Austin,TX,2023-12-26
CUST_009790,Scott Phillips,Male,32.0,Phoenix,AZ,2022-07-13
CUST_009791,Nancy Davis,Female,28.0,Dallas,TX,2023-05-06
CUST_009792,Virginia King,Female,19.0,Dallas,TX,2023-12-08
CUST_009793,Alice Smith,Female,21.0,San Jose,CA,2022-06-14
CUST_009794,Susan Mendoza,Female,33.0,Detroit,MI,2023-10-09
CUST_009795,Sara Rodriguez,Female,37.0,Chicago,IL,2023-05-08
CUST_009796,Mark Moore,Male,64.0,Los Angeles,CA,2022-09-18
CUST_009797,Christina Taylor,Female,18.0,Los Angeles,CA,2022-02-16
CUST_009798,Ashley Lopez,Female,43.0,Seattle,WA,2022-09-25
CUST_009799,Ruth Wright,Female,29.0,Detroit,MI,2023-02-11
CUST_009800,Carol Mendoza,Female,41.0,Houston,TX,2022-12-26
CUST_009801,Janet Thompson,Female,32.0,Phoenix,AZ,2023-09-22
CUST_009802,Dennis Torres,Male,51.0,Charlotte,NC,2023-01-30
CUST_009803,Jerry Perez,Male,51.0,Los Angeles,CA,2023-01-05
CUST_009804,Nathan Brooks,Male,37.0,Minneapolis,MN,2023-11-28
CUST_009805,Barbara Cook,Female,56.0,Charlotte,NC,2023-03-15
CUST_009806,Douglas Richardson,Male,48.0,Atlanta,GA,2024-03-21
CUST_009807,Matthew Parker,Male,56.0,Houston,TX,2023-06-10
CUST_009808,Kelly Carter,Female,38.0,San Jose,CA,2024-02-19
CUST_009809,Lisa Diaz,Female,50.0,Chicago,IL,2024-01-14
CUST_009810,Scott Brown,Male,,New York,NY,2023-02-03
CUST_009811,Angela Murphy,Female,28.0,New York,NY,2023-07-08
CUST_009812,Sophia Stewart,F,66.0,New York,NY,2022-05-31
CUST_009813,Tyler Ward,Male,25.0,Charlotte,NC,2023-05-04
CUST_009814,Jessica Cook,Female,33.0,San Jose,CA,2023-02-11
CUST_009815,Douglas Davis,Male,18.0,Houston,TX,2023-03-31
CUST_009816,Kimberly Peterson,Female,28.0,Dallas,TX,2022-07-13
CUST_009817,Deborah Evans,Female,26.0,Austin,TX,2024-01-03
CUST_009818,Angela Martinez,Female,30.0,Los Angeles,CA,2022-03-30
CUST_009819,Cheryl Flores,Female,42.0,Chicago,IL,2023-11-06
CUST_009820,Jesse Kim,Male,45.0,San Diego,CA,2024-02-24
CUST_009821,Arthur Martinez,Male,26.0,Miami,FL,2022-04-26
CUST_009822,Anthony Rivera,Male,29.0,Los Angeles,CA,2023-02-19
CUST_009823,William Cruz,Male,52.0,Miami,FL,2023-06-18
CUST_009824,Teresa Green,Female,60.0,Austin,TX,2024-03-25
CUST_009825,Deborah Bennett,Female,54.0,San Antonio,TX,2024-01-03
CUST_009826,Heather Thomas,Female,18.0,Los Angeles,CA,2023-02-03
CUST_009827,Joe Wilson,Male,53.0,San Diego,CA,2024-03-10
CUST_009828,Ashley Lewis,Female,62.0,Houston,TX,2022-11-24
CUST_009829,Amy Lee,Female,18.0,Los Angeles,CA,2022-12-02
CUST_009830,Carl Rogers,Male,52.0,Minneapolis,MN,2023-04-18
CUST_009831,Aaron Cook,Male,41.0,Philadelphia,PA,2023-11-05
CUST_009832,Alice White,Female,34.0,New York,NY,2022-07-20
CUST_009833,Tyler Mendoza,Male,40.0,Chicago,IL,2023-10-10
CUST_009834,Timothy Morgan,Male,44.0,Los Angeles,CA,2022-01-04
CUST_009835,Keith Flores,Male,53.0,Portland,OR,2022-09-24
CUST_009836,Andrea Nguyen,Female,52.0,Chicago,IL,2024-03-14
CUST_009837,Alice Ramos,Female,20.0,San Antonio,TX,2023-08-10
CUST_009838,Samantha Sanchez,Female,30.0,Boston,MA,2023-03-14
CUST_009839,Benjamin King,Male,40.0,Los Angeles,CA,2023-10-03
CUST_009840,Ronald Rogers,Male,58.0,Philadelphia,PA,2023-02-20
CUST_009841,Kevin Lee,Male,18.0,San Jose,CA,2022-04-26
CUST_009842,Denise Ortiz,Female,31.0,Minneapolis,MN,2023-04-11
CUST_009843,Grace Martinez,Female,19.0,San Jose,CA,2024-03-02
CUST_009844,Gregory Williams,Male,21.0,New York,NY,2022-10-03
CUST_009845,Judy Lopez,Female,51.0,Houston,TX,2022-03-01
CUST_009846,Jeffrey Ortiz,Male,32.0,Houston,TX,2023-10-09
CUST_009847,Noah Stewart,Male,18.0,Phoenix,AZ,2023-03-08
CUST_009848,Olivia Martin,Female,37.0,Portland,OR,2022-11-27
CUST_009849,Joan Clark,Female,64.0,New York,NY,2023-04-03
CUST_009850,Evelyn Roberts,Female,18.0,Chicago,IL,2024-02-14
CUST_009851,Joyce Cruz,Female,45.0,San Antonio,TX,2022-09-13
CUST_009852,Gerald Davis,Male,58.0,New York,NY,2022-07-28
CUST_009853,Shirley Thomas,Female,38.0,San Antonio,TX,2023-05-09
CUST_009854,Sara Hall,F,63.0,New York,NY,2023-03-15
CUST_009855,Ashley Parker,Female,30.0,Miami,FL,2022-06-09
CUST_009856,Kimberly Sanchez,Female,,Chicago,IL,2023-06-14
CUST_009857,Zachary Evans,Male,54.0,San Diego,CA,2023-06-10
CUST_009858,Walter Morales,Male,38.0,Austin,TX,2023-07-03
CUST_009859,Austin Morris,Male,20.0,Chicago,IL,2023-02-02
CUST_009860,Melissa Richardson,Female,26.0,Houston,TX,2022-10-19
CUST_009861,Elizabeth Clark,FEMALE,18.0,San Diego,CA,2022-11-22
CUST_009862,Debra White,Female,46.0,Atlanta,GA,2023-12-13
CUST_009863,Frances Edwards,FEMALE,44.0,Philadelphia,PA,2023-07-18
CUST_009864,Bryan Evans,Male,39.0,San Antonio,TX,2023-01-20
CUST_009865,Sara Carter,Female,37.0,Austin,TX,2023-07-09
CUST_009866,Katherine Bailey,Female,55.0,Phoenix,AZ,2022-12-10
CUST_009867,Madison Kim,Female,42.0,Denver,CO,2024-01-01
CUST_009868,Paul Ramirez,Male,32.0,New York,NY,2023-09-30
CUST_009869,Abigail Hernandez,Female,40.0,San Antonio,TX,2022-04-21
CUST_009870,Frank Hill,Male,64.0,Detroit,MI,2022-03-04
CUST_009871,Shirley Harris,Female,46.0,Austin,TX,2022-02-07
CUST_009872,Raymond Scott,Male,34.0,San Antonio,TX,2022-02-01
CUST_009873,Jeremy Thomas,Male,38.0,Boston,MA,2023-04-11
CUST_009874,Carol Wright,Female,44.0,Phoenix,AZ,2022-07-10
CUST_009875,Sarah Johnson,,33.0,Philadelphia,PA,2023-08-23
CUST_009876,Judith White,Female,32.0,Los Angeles,CA,2023-03-30
CUST_009877,Dylan Ramos,Male,38.0,Los Angeles,CA,2022-04-13
CUST_009878,Tyler Clark,Male,57.0,New York,NY,2022-01-07
CUST_009879,Betty White,Female,48.0,Denver,CO,2022-02-11
CUST_009880,Joyce Mitchell,Female,33.0,Philadelphia,PA,2023-05-09
CUST_009881,Karen Gutierrez,Female,49.0,Portland,OR,2023-06-19
CUST_009882,Stephanie Rogers,Female,39.0,Los Angeles,CA,2022-12-13
CUST_009883,Robert Harris,Male,43.0,Chicago,IL,2022-03-28
CUST_009884,Katherine Moore,Female,42.0,San Jose,CA,2024-02-17
CUST_009885,Sharon Taylor,Female,18.0,New York,NY,2023-01-27
CUST_009886,Joseph Campbell,Male,18.0,San Antonio,TX,2023-02-15
CUST_009887,Timothy Cox,Male,41.0,Los Angeles,CA,2023-01-06
CUST_009888,Aaron Gutierrez,Male,28.0,Los Angeles,CA,2022-03-08
CUST_009889,Deborah Gutierrez,Female,18.0,San Diego,CA,2023-09-18
CUST_009890,Daniel Thomas,Male,28.0,Dallas,TX,2023-08-16
CUST_009891,Alexander Lee,Male,50.0,Los Angeles,CA,2022-06-24
CUST_009892,Andrea Diaz,Female,43.0,Chicago,IL,2022-09-30
CUST_009893,Teresa James,Female,48.0,Chicago,IL,2023-05-20
CUST_009894,Justin Young,Male,44.0,Los Angeles,CA,2023-01-02
CUST_009895,Douglas James,Male,27.0,Charlotte,NC,2024-03-29
CUST_009896,Roger Torres,Male,48.0,Seattle,WA,2023-04-10
CUST_009897,Adam Lopez,Male,46.0,New York,NY,2024-01-14
CUST_009898,Gregory Wood,Male,37.0,Houston,TX,2022-08-01
CUST_009899,William Turner,Male,39.0,Los Angeles,CA,2023-05-27
CUST_009900,George Turner,Male,48.0,Chicago,IL,2022-11-16
CUST_009901,Sharon Mendoza,Female,29.0,Portland,OR,2024-02-17
CUST_009902,Shirley Ramirez,Female,52.0,Los Angeles,CA,2023-05-23
CUST_009903,Dylan Morris,Male,46.0,Minneapolis,MN,2023-08-08
CUST_009904,Emily Walker,Female,39.0,Miami,FL,2022-03-25
CUST_009905,Alexander Ortiz,Male,58.0,Denver,CO,2023-04-03
CUST_009906,Jordan Green,Male,22.0,San Antonio,TX,2023-06-13
CUST_009907,Jerry Baker,Male,33.0,Chicago,IL,2022-10-19
CUST_009908,Steven Gray,Male,30.0,Miami,FL,2023-10-06
CUST_009909,Judy Richardson,Female,43.0,Miami,FL,2023-03-17
CUST_009910,Edward Adams,Male,53.0,San Diego,CA,2023-05-31
CUST_009911,Elizabeth Anderson,Female,26.0,New York,NY,2022-12-20
CUST_009912,Jonathan Gray,Male,80.0,Los Angeles,CA,2023-08-24
CUST_009913,Joshua Collins,Male,30.0,New York,NY,2022-04-23
CUST_009914,Gloria Lewis,Female,43.0,Los Angeles,CA,2023-04-18
CUST_009915,Donna Edwards,Female,39.0,San Antonio,TX,2024-01-23
CUST_009916,Gloria Smith,Female,39.0,Miami,FL,2022-08-30
CUST_009917,Robert Davis,Male,29.0,San Jose,CA,2024-01-05
CUST_009918,Abigail Clark,Female,52.0,Austin,TX,2024-01-16
CUST_009919,Linda Cruz,Female,28.0,Boston,MA,2022-08-26
CUST_009920,Jesse Watson,Male,18.0,San Jose,CA,2022-03-30
CUST_009921,Susan Morris,Female,24.0,Philadelphia,PA,2023-10-26
CUST_009922,Carl Johnson,Male,57.0,Atlanta,GA,2024-03-04
CUST_009923,Roger Reed,Male,54.0,Houston,TX,2022-09-18
CUST_009924,Diane Nelson,Female,18.0,Detroit,MI,2024-02-03
CUST_009925,Linda Thomas,Female,49.0,New York,NY,2022-08-05
CUST_009926,Jerry Martin,Male,18.0,San Jose,CA,2022-12-19
CUST_009927,Jerry Scott,Male,38.0,San Antonio,TX,2024-01-16
CUST_009928,Catherine Hill,Female,23.0,Phoenix,AZ,2022-11-01
CUST_009929,Tyler Wood,Male,50.0,Philadelphia,PA,2023-10-20
CUST_009930,Sophia Wood,Female,45.0,New York,NY,2022-06-06
CUST_009931,Denise Diaz,Female,51.0,Boston,MA,2023-01-04
CUST_009932,Samuel Perez,Male,35.0,Houston,TX,2024-02-21
CUST_009933,Jessica Miller,Female,36.0,San Antonio,TX,2022-08-22
CUST_009934,Nancy Lopez,Female,20.0,Miami,FL,2023-09-11
CUST_009935,Zachary Torres,Male,26.0,Dallas,TX,2024-02-07
CUST_009936,Grace Gray,Female,50.0,Miami,FL,2023-11-09
CUST_009937,Emma Thomas,Female,43.0,Los Angeles,CA,2024-02-26
CUST_009938,Sarah Nguyen,Female,40.0,Chicago,IL,2024-02-23
CUST_009939,Jeffrey Brown,Male,54.0,Chicago,IL,2022-05-04
CUST_009940,Jacob Ramos,Male,22.0,Minneapolis,MN,2023-06-30
CUST_009941,Jordan King,Male,48.0,Boston,MA,2023-02-13
CUST_009942,Lauren King,Female,24.0,Miami,FL,2023-08-29
CUST_009943,Charles Gray,Male,57.0,Dallas,TX,2023-10-10
CUST_009944,Edward Hall,Male,45.0,Los Angeles,CA,2022-09-08
CUST_009945,Elizabeth Hernandez,Female,,Houston,TX,2023-11-19
CUST_009946,Virginia Edwards,Female,30.0,San Diego,CA,2023-01-30
CUST_009947,Adam Roberts,Male,66.0,New York,NY,2023-08-10
CUST_009948,Elizabeth Murphy,Female,63.0,San Jose,CA,2023-02-14
CUST_009949,Edward Williams,Male,44.0,Miami,FL,2022-12-07
CUST_009950,Austin Gomez,Male,53.0,Houston,TX,2023-09-06
CUST_009951,Teresa Gray,Female,35.0,Seattle,WA,2023-05-16
CUST_009952,Frank Sanchez,Male,23.0,San Antonio,TX,2023-12-25
CUST_009953,Scott Hernandez,male,48.0,New York,NY,2023-11-10
CUST_009954,Denise Rodriguez,Female,27.0,Chicago,IL,2024-01-05
CUST_009955,Zachary Flores,Male,55.0,San Diego,CA,2023-10-27
CUST_009956,Julia Martinez,Female,52.0,Denver,CO,2024-02-06
CUST_009957,David Campbell,Male,41.0,Phoenix,AZ,2022-06-16
CUST_009958,Donna Allen,Female,41.0,Los Angeles,CA,2023-07-29
CUST_009959,Jennifer Miller,Female,51.0,New York,NY,2022-04-01
CUST_009960,Madison Morales,Female,42.0,Denver,CO,2023-04-13
CUST_009961,Christina Collins,Female,33.0,Houston,TX,2023-12-31
CUST_009962,Ashley Brown,Female,20.0,San Jose,CA,2023-09-28
CUST_009963,Sophia Brown,Female,50.0,Los Angeles,CA,2023-06-16
CUST_009964,Dylan Cook,Male,43.0,Boston,MA,2023-09-06
CUST_009965,Michelle Richardson,Female,73.0,Houston,TX,2022-07-02
CUST_009966,Joyce Rivera,Female,37.0,New York,NY,2024-02-15
CUST_009967,Victoria Rogers,Female,42.0,San Diego,CA,2022-08-09
CUST_009968,James Flores,Male,43.0,Denver,CO,2022-06-26
CUST_009969,Lauren Chavez,Female,47.0,Portland,OR,2022-05-30
CUST_009970,Paul Kelly,Male,26.0,Charlotte,NC,2024-02-18
CUST_009971,Austin Martinez,Male,38.0,Philadelphia,PA,2023-03-13
CUST_009972,Ann Peterson,Female,49.0,Austin,TX,2023-05-09
CUST_009973,Austin Hill,Male,34.0,Dallas,TX,2023-01-04
CUST_009974,Andrea Martin,Female,48.0,San Diego,CA,2022-01-31
CUST_009975,Anthony Baker,Male,40.0,New York,NY,2022-03-15
CUST_009976,Kathleen Murphy,Female,44.0,Seattle,WA,2022-01-18
CUST_009977,Douglas Wilson,Male,53.0,Charlotte,NC,2023-05-13
CUST_009978,Ronald Ortiz,Male,36.0,Los Angeles,CA,2022-07-22
CUST_009979,Joan Bennett,Female,20.0,Houston,TX,2023-01-24
CUST_009980,Laura Johnson,Female,35.0,New York,NY,2023-03-12
CUST_009981,Ashley Bennett,Female,28.0,Phoenix,AZ,2023-05-08
CUST_009982,Rachel Wood,Female,18.0,San Antonio,TX,2024-01-21
CUST_009983,Nathan Reyes,Male,37.0,Houston,TX,2022-02-18
CUST_009984,Samuel Rivera,Male,41.0,San Antonio,TX,2023-04-08
CUST_009985,Aaron Roberts,Male,51.0,Atlanta,GA,2022-05-22
CUST_009986,Stephen Cook,Male,24.0,Los Angeles,CA,2024-02-12
CUST_009987,Jeremy Hill,Male,40.0,Boston,MA,2024-02-06
CUST_009988,Aaron Gutierrez,Male,53.0,Atlanta,GA,2022-05-30
CUST_009989,Maria Green,Female,31.0,Dallas,TX,2022-05-07
CUST_009990,Emma Gomez,Female,45.0,Houston,TX,2022-04-30
CUST_009991,Carolyn Thomas,F,58.0,Portland,OR,2022-04-18
CUST_009992,Elizabeth Hill,Female,18.0,Houston,TX,2022-06-17
CUST_009993,Victoria James,Female,42.0,New York,NY,2022-06-15
CUST_009994,Emily Hernandez,Female,53.0,Los Angeles,CA,2022-06-23
CUST_009995,Madison Gomez,Female,34.0,Minneapolis,MN,2022-06-08
CUST_009996,Gloria Nelson,Female,,Los Angeles,CA,2023-01-03
CUST_009997,Rachel Lopez,Female,46.0,Philadelphia,PA,2022-09-16
CUST_009998,Sara Reed,Female,61.0,Seattle,WA,2023-02-05
CUST_009999,Kelly Perez,F,46.0,Dallas,TX,2024-01-21
CUST_010000,Betty Brown,Female,62.0,San Jose,CA,2022-12-12
CUST_006968,Shirley Reyes,Female,29.0,Detroit,MI,2022-07-06
CUST_006520,Victoria Rodriguez,Female,56.0,Los Angeles,CA,2023-02-03
CUST_006550,Samantha Walker,Female,24.0,New York,NY,2023-09-08
CUST_004235,Kimberly Sanchez,Female,33.0,Chicago,IL,2022-09-22
CUST_007903,Bryan King,Male,32.0,Charlotte,NC,2023-11-05
CUST_006198,Amanda Lopez,Female,20.0,Los Angeles,CA,2022-11-18
CUST_008081,Kathryn Gutierrez,female,29.0,San Diego,CA,2023-03-02
CUST_009797,Christina Taylor,Female,18.0,Los Angeles,CA,2022-02-16
CUST_009237,Kelly Edwards,female,25.0,Austin,TX,2023-08-03
CUST_002299,Emily Torres,Female,42.0,Miami,FL,2023-09-12
CUST_006439,Scott Mendoza,Male,39.0,Portland,OR,2024-01-29
CUST_008305,Kyle Young,Male,35.0,San Diego,CA,2023-02-05
CUST_007894,Donna Martinez,Female,49.0,Denver,CO,2023-02-07
CUST_001058,Amanda Davis,Female,56.0,Philadelphia,PA,2023-05-03
CUST_003288,Sophia Moore,Female,,Denver,CO,2022-06-06
CUST_009179,Walter Bailey,Male,61.0,Phoenix,AZ,2023-01-10
CUST_001946,Tyler King,Male,38.0,Dallas,TX,2022-02-20
CUST_006034,Stephanie Gutierrez,Female,38.0,Chicago,IL,2023-01-21
CUST_000981,Jason Miller,Male,51.0,Chicago,IL,2023-11-11
CUST_001651,Brenda Gomez,Female,25.0,San Jose,CA,2023-03-08
CUST_005107,Helen White,Female,59.0,Portland,OR,2022-04-14
CUST_006685,Anna Smith,Female,32.0,San Antonio,TX,2022-02-08
CUST_004371,Joyce Ramos,Female,55.0,Denver,CO,2023-03-30
CUST_008368,Samuel Allen,Male,19.0,Chicago,IL,2022-12-10
CUST_008978,Carl Carter,Male,26.0,Houston,TX,2022-01-03
CUST_006963,Timothy Morales,Male,40.0,San Jose,CA,2022-05-30
CUST_002792,Betty Gutierrez,Female,25.0,Boston,MA,2022-08-23
CUST_009823,William Cruz,Male,52.0,Miami,FL,2023-06-18
CUST_003814,Victoria Young,Female,47.0,San Jose,CA,2023-09-19
CUST_001263,Janet Adams,,50.0,Denver,CO,2024-01-24
CUST_009869,Abigail Hernandez,Female,40.0,San Antonio,TX,2022-04-21
CUST_000043,Jerry Robinson,Male,60.0,Portland,OR,2023-09-26
CUST_009405,Alexander Anderson,Male,30.0,Charlotte,NC,2022-07-25
CUST_000667,George Mitchell,Male,51.0,Phoenix,AZ,2023-01-23
CUST_009051,Brenda Richardson,Female,46.0,Denver,CO,2022-10-16
CUST_003635,Walter Green,Male,47.0,Seattle,WA,2023-05-27
CUST_003825,Joseph Hernandez,Male,48.0,Charlotte,NC,2022-08-06
CUST_003690,Rebecca Lopez,Female,26.0,Seattle,WA,2022-09-16
CUST_003544,Dorothy Wilson,Female,27.0,Austin,TX,2024-01-19
CUST_000396,Emma Evans,FEMALE,56.0,Houston,TX,2022-07-08
CUST_009090,Emma Ramos,Female,46.0,Seattle,WA,2024-01-13
CUST_000805,Janet Scott,Female,31.0,Los Angeles,CA,2022-12-01
CUST_005749,Samuel Harris,M,39.0,San Jose,CA,2022-10-19
CUST_004617,Kathleen Robinson,Female,60.0,San Antonio,TX,2023-08-28
CUST_007597,Elizabeth Ramos,Female,58.0,Miami,FL,2022-03-05
CUST_006322,Virginia Martin,Female,35.0,Chicago,IL,2022-09-20
CUST_001101,Madison Murphy,Female,29.0,Phoenix,AZ,2022-02-10
CUST_008989,Debra Cox,,59.0,Chicago,IL,2023-07-20
CUST_008447,Katherine Moore,Female,38.0,Boston,MA,2022-07-20
CUST_007174,Kenneth Martin,Male,26.0,Denver,CO,2022-12-07
CUST_000600,Sean Thompson,Male,18.0,Phoenix,AZ,2023-02-08
CUST_004182,Ann Rogers,Female,50.0,Charlotte,NC,2023-08-03
CUST_004218,Victoria Martinez,Female,44.0,Chicago,IL,2022-11-11
CUST_002048,Jacob Rogers,M,41.0,New York,NY,2022-06-27
CUST_002222,Debra Robinson,Female,32.0,Austin,TX,2022-09-08
CUST_002333,Henry Young,male,19.0,New York,NY,2023-10-11
CUST_005685,Lisa Martin,Female,37.0,New York,NY,2023-06-26
CUST_006208,Sharon King,Female,50.0,Los Angeles,CA,2022-11-10
CUST_004408,Olivia Reed,Female,18.0,Los Angeles,CA,2022-01-07
CUST_006096,Rebecca Phillips,Female,45.0,Denver,CO,2023-08-27
CUST_000573,Brenda Diaz,Female,48.0,San Jose,CA,2023-06-30
CUST_003840,Debra Lopez,FEMALE,39.0,New York,NY,2023-12-31
CUST_008427,Lawrence Morales,Male,20.0,New York,NY,2023-03-16
CUST_005695,Terry Stewart,Male,18.0,Denver,CO,2022-09-24
CUST_000049,Dylan James,Male,39.0,New York,NY,2023-12-08
CUST_004956,Amy Miller,Female,36.0,Seattle,WA,2024-01-09
CUST_002853,Daniel Mendoza,Male,50.0,Los Angeles,CA,2023-04-24
CUST_003516,Gerald Lopez,Male,33.0,Phoenix,AZ,2023-03-23
CUST_005115,Jennifer Campbell,Female,33.0,New York,NY,2023-11-17
CUST_002793,Brandon Taylor,Male,37.0,New York,NY,2023-02-18
CUST_004096,Angela Diaz,Female,50.0,Phoenix,AZ,2024-03-29
CUST_001663,Timothy Jones,Male,37.0,New York,NY,2023-09-09
CUST_004489,Rebecca Kelly,Female,32.0,Los Angeles,CA,2023-08-30
CUST_002654,Adam Young,Male,33.0,Minneapolis,MN,2023-03-09
CUST_007221,Cheryl Gutierrez,Female,31.0,Boston,MA,2022-07-19
CUST_007232,Kathryn Walker,Female,58.0,Charlotte,NC,2023-02-12
CUST_000766,Stephanie Hernandez,Female,35.0,San Diego,CA,2023-10-23
CUST_007105,Susan James,Female,,Dallas,TX,2023-09-14
CUST_008639,Raymond Jones,male,35.0,Portland,OR,2024-03-10
CUST_002125,Denise Flores,Female,31.0,Chicago,IL,2022-02-22
